#-----------------------------------------------------------
# Vivado v2024.2 (64-bit)
# SW Build 5239630 on Fri Nov 08 22:34:34 MST 2024
# IP Build 5239520 on Sun Nov 10 16:12:51 MST 2024
# SharedData Build 5239561 on Fri Nov 08 14:39:27 MST 2024
# Start of session at: Fri Nov  7 13:51:36 2025
# Process ID         : 3276694
# Current directory  : /home/linux/ieng6/students/298/jjhan/fa25-cse237c-projects/dft/Q9
# Command line       : vivado
# Log file           : /home/linux/ieng6/students/298/jjhan/fa25-cse237c-projects/dft/Q9/vivado.log
# Journal file       : /home/linux/ieng6/students/298/jjhan/fa25-cse237c-projects/dft/Q9/vivado.jou
# Running On         : ieng6-253.ucsd.edu
# Platform           : Linuxmint
# Operating System   : Linux Mint 22.1
# Processor Detail   : Intel(R) Xeon(R) Gold 5220 CPU @ 2.20GHz
# CPU Frequency      : 2194.843 MHz
# CPU Physical cores : 4
# CPU Logical cores  : 4
# Host memory        : 33655 MB
# Swap memory        : 1023 MB
# Total Virtual      : 34679 MB
# Available Virtual  : 21803 MB
#-----------------------------------------------------------
start_gui
WARNING: [Board 49-26] cannot add Board Part xilinx.com:zcu208ld:part0:2.0 available at /software/common/Xilinx_Vitis/Vivado/2024.2/data/xhub/boards/XilinxBoardStore/boards/Xilinx/zcu208ld/production/2.0/board.xml as part xczu58dr-fsvg1517-2-i specified in board_part file is either invalid or not available
WARNING: [Board 49-26] cannot add Board Part xilinx.com:zcu216ld:part0:2.0 available at /software/common/Xilinx_Vitis/Vivado/2024.2/data/xhub/boards/XilinxBoardStore/boards/Xilinx/zcu216ld/production/2.0/board.xml as part xczu59dr-ffvf1760-2-i specified in board_part file is either invalid or not available
WARNING: [Board 49-26] cannot add Board Part xilinx.com:zcu670ld:part0:1.0 available at /software/common/Xilinx_Vitis/Vivado/2024.2/data/xhub/boards/XilinxBoardStore/boards/Xilinx/zcu670ld/1.0/board.xml as part xczu57dr-fsve1156-2-i specified in board_part file is either invalid or not available
WARNING: [Board 49-26] cannot add Board Part xilinx.com:zcu208ld:part0:2.0 available at /software/common/Xilinx_Vitis/Vivado/2024.2/data/xhub/boards/XilinxBoardStore/boards/Xilinx/zcu208ld/production/2.0/board.xml as part xczu58dr-fsvg1517-2-i specified in board_part file is either invalid or not available
WARNING: [Board 49-26] cannot add Board Part xilinx.com:zcu216ld:part0:2.0 available at /software/common/Xilinx_Vitis/Vivado/2024.2/data/xhub/boards/XilinxBoardStore/boards/Xilinx/zcu216ld/production/2.0/board.xml as part xczu59dr-ffvf1760-2-i specified in board_part file is either invalid or not available
WARNING: [Board 49-26] cannot add Board Part xilinx.com:zcu670ld:part0:1.0 available at /software/common/Xilinx_Vitis/Vivado/2024.2/data/xhub/boards/XilinxBoardStore/boards/Xilinx/zcu670ld/1.0/board.xml as part xczu57dr-fsve1156-2-i specified in board_part file is either invalid or not available
WARNING: [Board 49-26] cannot add Board Part xilinx.com:zcu208ld:part0:2.0 available at /software/common/Xilinx_Vitis/Vivado/2024.2/data/xhub/boards/XilinxBoardStore/boards/Xilinx/zcu208ld/production/2.0/board.xml as part xczu58dr-fsvg1517-2-i specified in board_part file is either invalid or not available
WARNING: [Board 49-26] cannot add Board Part xilinx.com:zcu216ld:part0:2.0 available at /software/common/Xilinx_Vitis/Vivado/2024.2/data/xhub/boards/XilinxBoardStore/boards/Xilinx/zcu216ld/production/2.0/board.xml as part xczu59dr-ffvf1760-2-i specified in board_part file is either invalid or not available
WARNING: [Board 49-26] cannot add Board Part xilinx.com:zcu670ld:part0:1.0 available at /software/common/Xilinx_Vitis/Vivado/2024.2/data/xhub/boards/XilinxBoardStore/boards/Xilinx/zcu670ld/1.0/board.xml as part xczu57dr-fsve1156-2-i specified in board_part file is either invalid or not available
WARNING: [Board 49-26] cannot add Board Part xilinx.com:zcu208ld:part0:2.0 available at /software/common/Xilinx_Vitis/Vivado/2024.2/data/xhub/boards/XilinxBoardStore/boards/Xilinx/zcu208ld/production/2.0/board.xml as part xczu58dr-fsvg1517-2-i specified in board_part file is either invalid or not available
WARNING: [Board 49-26] cannot add Board Part xilinx.com:zcu216ld:part0:2.0 available at /software/common/Xilinx_Vitis/Vivado/2024.2/data/xhub/boards/XilinxBoardStore/boards/Xilinx/zcu216ld/production/2.0/board.xml as part xczu59dr-ffvf1760-2-i specified in board_part file is either invalid or not available
WARNING: [Board 49-26] cannot add Board Part xilinx.com:zcu670ld:part0:1.0 available at /software/common/Xilinx_Vitis/Vivado/2024.2/data/xhub/boards/XilinxBoardStore/boards/Xilinx/zcu670ld/1.0/board.xml as part xczu57dr-fsve1156-2-i specified in board_part file is either invalid or not available
create_project project_3_3 /home/linux/ieng6/students/298/jjhan/Downloads/project_3_3 -part xc7z020clg400-1
INFO: [IP_Flow 19-234] Refreshing IP repositories
INFO: [IP_Flow 19-1704] No user IP repositories specified
INFO: [IP_Flow 19-2313] Loaded Vivado IP repository '/software/common/Xilinx_Vitis/Vivado/2024.2/data/ip'.
create_project: Time (s): cpu = 00:00:10 ; elapsed = 00:00:05 . Memory (MB): peak = 7846.434 ; gain = 187.977 ; free physical = 8152 ; free virtual = 20363
set_property  ip_repo_paths  /home/linux/ieng6/students/298/jjhan/fa25-cse237c-projects/dft/Q9/dft.comp/hls/impl/ip [current_project]
update_ip_catalog
INFO: [IP_Flow 19-234] Refreshing IP repositories
INFO: [IP_Flow 19-1700] Loaded user IP repository '/home/linux/ieng6/students/298/jjhan/fa25-cse237c-projects/dft/Q9/dft.comp/hls/impl/ip'.
create_bd_design "design_1"
Wrote  : </home/linux/ieng6/students/298/jjhan/Downloads/project_3_3/project_3_3.srcs/sources_1/bd/design_1/design_1.bd> 
update_compile_order -fileset sources_1
startgroup
create_bd_cell -type ip -vlnv xilinx.com:ip:processing_system7:5.5 processing_system7_0
endgroup
startgroup
create_bd_cell -type ip -vlnv xilinx.com:ip:axi_dma:7.1 axi_dma_0
endgroup
startgroup
create_bd_cell -type ip -vlnv xilinx.com:ip:axi_dma:7.1 axi_dma_1
endgroup
startgroup
create_bd_cell -type ip -vlnv xilinx.com:hls:dft:1.0 dft_0
endgroup
set_property CONFIG.c_include_sg {0} [get_bd_cells axi_dma_1]
set_property CONFIG.c_include_sg {0} [get_bd_cells axi_dma_0]
WARNING: [IP_Flow 19-474] Invalid Parameter 'Component_Name'
set_property CONFIG.PCW_USE_S_AXI_HP0 {1} [get_bd_cells processing_system7_0]
connect_bd_intf_net [get_bd_intf_pins dft_0/A] [get_bd_intf_pins axi_dma_1/M_AXIS_MM2S]
connect_bd_intf_net [get_bd_intf_pins dft_0/C] [get_bd_intf_pins axi_dma_1/S_AXIS_S2MM]
connect_bd_intf_net [get_bd_intf_pins dft_0/B] [get_bd_intf_pins axi_dma_0/M_AXIS_MM2S]
connect_bd_intf_net [get_bd_intf_pins dft_0/D] [get_bd_intf_pins axi_dma_0/S_AXIS_S2MM]
WARNING: [Boardtcl 53-1] No current board_part set.
apply_bd_automation -rule xilinx.com:bd_rule:processing_system7 -config {make_external "FIXED_IO, DDR" Master "Disable" Slave "Disable" }  [get_bd_cells processing_system7_0]
startgroup
apply_bd_automation -rule xilinx.com:bd_rule:axi4 -config { Clk_master {Auto} Clk_slave {Auto} Clk_xbar {Auto} Master {/processing_system7_0/M_AXI_GP0} Slave {/axi_dma_0/S_AXI_LITE} ddr_seg {Auto} intc_ip {New AXI SmartConnect} master_apm {0}}  [get_bd_intf_pins axi_dma_0/S_AXI_LITE]
Slave segment '/axi_dma_0/S_AXI_LITE/Reg' is being assigned into address space '/processing_system7_0/Data' at <0x41E0_0000 [ 64K ]>.
apply_bd_automation -rule xilinx.com:bd_rule:axi4 -config { Clk_master {Auto} Clk_slave {Auto} Clk_xbar {Auto} Master {/processing_system7_0/M_AXI_GP0} Slave {/axi_dma_1/S_AXI_LITE} ddr_seg {Auto} intc_ip {New AXI SmartConnect} master_apm {0}}  [get_bd_intf_pins axi_dma_1/S_AXI_LITE]
Slave segment '/axi_dma_1/S_AXI_LITE/Reg' is being assigned into address space '/processing_system7_0/Data' at <0x41E1_0000 [ 64K ]>.
apply_bd_automation -rule xilinx.com:bd_rule:axi4 -config { Clk_master {Auto} Clk_slave {Auto} Clk_xbar {Auto} Master {/processing_system7_0/M_AXI_GP0} Slave {/dft_0/s_axi_control} ddr_seg {Auto} intc_ip {New AXI SmartConnect} master_apm {0}}  [get_bd_intf_pins dft_0/s_axi_control]
Slave segment '/dft_0/s_axi_control/Reg' is being assigned into address space '/processing_system7_0/Data' at <0x4000_0000 [ 64K ]>.
apply_bd_automation -rule xilinx.com:bd_rule:axi4 -config { Clk_master {Auto} Clk_slave {Auto} Clk_xbar {Auto} Master {/axi_dma_0/M_AXI_MM2S} Slave {/processing_system7_0/S_AXI_HP0} ddr_seg {Auto} intc_ip {New AXI Interconnect} master_apm {0}}  [get_bd_intf_pins processing_system7_0/S_AXI_HP0]
Slave segment '/processing_system7_0/S_AXI_HP0/HP0_DDR_LOWOCM' is being assigned into address space '/axi_dma_0/Data_MM2S' at <0x0000_0000 [ 512M ]>.
endgroup
startgroup
apply_bd_automation -rule xilinx.com:bd_rule:axi4 -config { Clk_master {Auto} Clk_slave {/processing_system7_0/FCLK_CLK0 (50 MHz)} Clk_xbar {/processing_system7_0/FCLK_CLK0 (50 MHz)} Master {/axi_dma_0/M_AXI_S2MM} Slave {/processing_system7_0/S_AXI_HP0} ddr_seg {Auto} intc_ip {/axi_mem_intercon} master_apm {0}}  [get_bd_intf_pins axi_dma_0/M_AXI_S2MM]
INFO: [BD 41-3093] Triggering Legacy Auto Assign Algorithm
Slave segment '/processing_system7_0/S_AXI_HP0/HP0_DDR_LOWOCM' is being assigned into address space '/axi_dma_0/Data_S2MM' at <0x0000_0000 [ 512M ]>.
apply_bd_automation -rule xilinx.com:bd_rule:axi4 -config { Clk_master {Auto} Clk_slave {/processing_system7_0/FCLK_CLK0 (50 MHz)} Clk_xbar {/processing_system7_0/FCLK_CLK0 (50 MHz)} Master {/axi_dma_1/M_AXI_MM2S} Slave {/processing_system7_0/S_AXI_HP0} ddr_seg {Auto} intc_ip {/axi_mem_intercon} master_apm {0}}  [get_bd_intf_pins axi_dma_1/M_AXI_MM2S]
INFO: [BD 41-3093] Triggering Legacy Auto Assign Algorithm
Slave segment '/processing_system7_0/S_AXI_HP0/HP0_DDR_LOWOCM' is being assigned into address space '/axi_dma_1/Data_MM2S' at <0x0000_0000 [ 512M ]>.
apply_bd_automation -rule xilinx.com:bd_rule:axi4 -config { Clk_master {Auto} Clk_slave {/processing_system7_0/FCLK_CLK0 (50 MHz)} Clk_xbar {/processing_system7_0/FCLK_CLK0 (50 MHz)} Master {/axi_dma_1/M_AXI_S2MM} Slave {/processing_system7_0/S_AXI_HP0} ddr_seg {Auto} intc_ip {/axi_mem_intercon} master_apm {0}}  [get_bd_intf_pins axi_dma_1/M_AXI_S2MM]
INFO: [BD 41-3093] Triggering Legacy Auto Assign Algorithm
Slave segment '/processing_system7_0/S_AXI_HP0/HP0_DDR_LOWOCM' is being assigned into address space '/axi_dma_1/Data_S2MM' at <0x0000_0000 [ 512M ]>.
endgroup
save_bd_design
Wrote  : </home/linux/ieng6/students/298/jjhan/Downloads/project_3_3/project_3_3.srcs/sources_1/bd/design_1/design_1.bd> 
Wrote  : </home/linux/ieng6/students/298/jjhan/Downloads/project_3_3/project_3_3.srcs/sources_1/bd/design_1/ui/bd_1f5defd0.ui> 
validate_bd_design
INFO: [BD 5-943] Reserving offset range <0x41E0_0000 [ 64K ]> from slave interface '/axi_smc/S00_AXI' to master interface '/axi_smc/M00_AXI'. This will be used by smartconnect on path for routing.
INFO: [BD 5-943] Reserving offset range <0x41E1_0000 [ 64K ]> from slave interface '/axi_smc/S00_AXI' to master interface '/axi_smc/M01_AXI'. This will be used by smartconnect on path for routing.
INFO: [BD 5-943] Reserving offset range <0x4000_0000 [ 64K ]> from slave interface '/axi_smc/S00_AXI' to master interface '/axi_smc/M02_AXI'. This will be used by smartconnect on path for routing.
INFO: [xilinx.com:ip:smartconnect:1.0-1] design_1_axi_smc_0: SmartConnect design_1_axi_smc_0 is in Low-Area Mode.
WARNING: [xilinx.com:ip:smartconnect:1.0-1] design_1_axi_smc_0: IP design_1_axi_smc_0 is configured in Low-area mode as all propagated traffic is low-bandwidth (AXI4LITE). SI S00_AXI has property HAS_BURST == 1. WRAP bursts are not supported in Low-area mode and will result in DECERR if received.
WARNING: [xilinx.com:ip:smartconnect:1.0-1] design_1_axi_smc_0: If WRAP transactions are required then turn off Low-area mode using ADVANCED_PROPERTIES. Execute following: set_property CONFIG.ADVANCED_PROPERTIES {__experimental_features__ {disable_low_area_mode 1}} [get_bd_cells /design_1_axi_smc_0]
validate_bd_design: Time (s): cpu = 00:00:13 ; elapsed = 00:00:13 . Memory (MB): peak = 8273.602 ; gain = 135.062 ; free physical = 7603 ; free virtual = 19822
save_bd_design
Wrote  : </home/linux/ieng6/students/298/jjhan/Downloads/project_3_3/project_3_3.srcs/sources_1/bd/design_1/design_1.bd> 
make_wrapper -files [get_files /home/linux/ieng6/students/298/jjhan/Downloads/project_3_3/project_3_3.srcs/sources_1/bd/design_1/design_1.bd] -top
INFO: [BD 41-1662] The design 'design_1.bd' is already validated. Therefore parameter propagation will not be re-run.
WARNING: [BD 41-2384] Width mismatch when connecting pin: '/axi_mem_intercon/m00_couplers/auto_pc/m_axi_rid'(2) to pin: '/axi_mem_intercon/m00_couplers/M_AXI_rid'(6) - Only lower order bits will be connected.
WARNING: [BD 41-2384] Width mismatch when connecting pin: '/axi_mem_intercon/m00_couplers/auto_pc/m_axi_bid'(2) to pin: '/axi_mem_intercon/m00_couplers/M_AXI_bid'(6) - Only lower order bits will be connected.
WARNING: [BD 41-2384] Width mismatch when connecting pin: '/processing_system7_0/S_AXI_HP0_WID'(6) to pin: '/axi_mem_intercon/M00_AXI_wid'(2) - Only lower order bits will be connected.
WARNING: [BD 41-2384] Width mismatch when connecting pin: '/processing_system7_0/S_AXI_HP0_AWID'(6) to pin: '/axi_mem_intercon/M00_AXI_awid'(2) - Only lower order bits will be connected.
WARNING: [BD 41-2384] Width mismatch when connecting pin: '/processing_system7_0/S_AXI_HP0_ARID'(6) to pin: '/axi_mem_intercon/M00_AXI_arid'(2) - Only lower order bits will be connected.
Verilog Output written to : /home/linux/ieng6/students/298/jjhan/Downloads/project_3_3/project_3_3.gen/sources_1/bd/design_1/synth/design_1.v
WARNING: [BD 41-2384] Width mismatch when connecting pin: '/axi_mem_intercon/m00_couplers/auto_pc/m_axi_rid'(2) to pin: '/axi_mem_intercon/m00_couplers/M_AXI_rid'(6) - Only lower order bits will be connected.
WARNING: [BD 41-2384] Width mismatch when connecting pin: '/axi_mem_intercon/m00_couplers/auto_pc/m_axi_bid'(2) to pin: '/axi_mem_intercon/m00_couplers/M_AXI_bid'(6) - Only lower order bits will be connected.
WARNING: [BD 41-2384] Width mismatch when connecting pin: '/processing_system7_0/S_AXI_HP0_WID'(6) to pin: '/axi_mem_intercon/M00_AXI_wid'(2) - Only lower order bits will be connected.
WARNING: [BD 41-2384] Width mismatch when connecting pin: '/processing_system7_0/S_AXI_HP0_AWID'(6) to pin: '/axi_mem_intercon/M00_AXI_awid'(2) - Only lower order bits will be connected.
WARNING: [BD 41-2384] Width mismatch when connecting pin: '/processing_system7_0/S_AXI_HP0_ARID'(6) to pin: '/axi_mem_intercon/M00_AXI_arid'(2) - Only lower order bits will be connected.
Verilog Output written to : /home/linux/ieng6/students/298/jjhan/Downloads/project_3_3/project_3_3.gen/sources_1/bd/design_1/sim/design_1.v
Verilog Output written to : /home/linux/ieng6/students/298/jjhan/Downloads/project_3_3/project_3_3.gen/sources_1/bd/design_1/hdl/design_1_wrapper.v
add_files -norecurse /home/linux/ieng6/students/298/jjhan/Downloads/project_3_3/project_3_3.gen/sources_1/bd/design_1/hdl/design_1_wrapper.v
launch_runs impl_1 -to_step write_bitstream -jobs 4
INFO: [BD 41-1662] The design 'design_1.bd' is already validated. Therefore parameter propagation will not be re-run.
WARNING: [BD 41-2384] Width mismatch when connecting pin: '/axi_mem_intercon/m00_couplers/auto_pc/m_axi_rid'(2) to pin: '/axi_mem_intercon/m00_couplers/M_AXI_rid'(6) - Only lower order bits will be connected.
WARNING: [BD 41-2384] Width mismatch when connecting pin: '/axi_mem_intercon/m00_couplers/auto_pc/m_axi_bid'(2) to pin: '/axi_mem_intercon/m00_couplers/M_AXI_bid'(6) - Only lower order bits will be connected.
WARNING: [BD 41-2384] Width mismatch when connecting pin: '/processing_system7_0/S_AXI_HP0_WID'(6) to pin: '/axi_mem_intercon/M00_AXI_wid'(2) - Only lower order bits will be connected.
WARNING: [BD 41-2384] Width mismatch when connecting pin: '/processing_system7_0/S_AXI_HP0_AWID'(6) to pin: '/axi_mem_intercon/M00_AXI_awid'(2) - Only lower order bits will be connected.
WARNING: [BD 41-2384] Width mismatch when connecting pin: '/processing_system7_0/S_AXI_HP0_ARID'(6) to pin: '/axi_mem_intercon/M00_AXI_arid'(2) - Only lower order bits will be connected.
Verilog Output written to : /home/linux/ieng6/students/298/jjhan/Downloads/project_3_3/project_3_3.gen/sources_1/bd/design_1/synth/design_1.v
WARNING: [BD 41-2384] Width mismatch when connecting pin: '/axi_mem_intercon/m00_couplers/auto_pc/m_axi_rid'(2) to pin: '/axi_mem_intercon/m00_couplers/M_AXI_rid'(6) - Only lower order bits will be connected.
WARNING: [BD 41-2384] Width mismatch when connecting pin: '/axi_mem_intercon/m00_couplers/auto_pc/m_axi_bid'(2) to pin: '/axi_mem_intercon/m00_couplers/M_AXI_bid'(6) - Only lower order bits will be connected.
WARNING: [BD 41-2384] Width mismatch when connecting pin: '/processing_system7_0/S_AXI_HP0_WID'(6) to pin: '/axi_mem_intercon/M00_AXI_wid'(2) - Only lower order bits will be connected.
WARNING: [BD 41-2384] Width mismatch when connecting pin: '/processing_system7_0/S_AXI_HP0_AWID'(6) to pin: '/axi_mem_intercon/M00_AXI_awid'(2) - Only lower order bits will be connected.
WARNING: [BD 41-2384] Width mismatch when connecting pin: '/processing_system7_0/S_AXI_HP0_ARID'(6) to pin: '/axi_mem_intercon/M00_AXI_arid'(2) - Only lower order bits will be connected.
Verilog Output written to : /home/linux/ieng6/students/298/jjhan/Downloads/project_3_3/project_3_3.gen/sources_1/bd/design_1/sim/design_1.v
Verilog Output written to : /home/linux/ieng6/students/298/jjhan/Downloads/project_3_3/project_3_3.gen/sources_1/bd/design_1/hdl/design_1_wrapper.v
INFO: [IP_Flow 19-5611] Unable to find an associated reset port for the interface 'M_AXI_GP0'. A default connection has been created.
INFO: [IP_Flow 19-5611] Unable to find an associated reset port for the interface 'S_AXI_HP0'. A default connection has been created.
INFO: [BD 41-1029] Generation completed for the IP Integrator block processing_system7_0 .
INFO: [BD 41-1029] Generation completed for the IP Integrator block axi_dma_0 .
INFO: [BD 41-1029] Generation completed for the IP Integrator block axi_dma_1 .
INFO: [BD 41-1029] Generation completed for the IP Integrator block dft_0 .
WARNING: [BD 41-2384] Width mismatch when connecting pin: '/s00_nodes/s00_ar_node/s_sc_payld'(146) to pin: '/s00_nodes/S_SC_AR_payld'(142) - Only lower order bits will be connected.
WARNING: [BD 41-2384] Width mismatch when connecting pin: '/s00_nodes/s00_aw_node/s_sc_payld'(146) to pin: '/s00_nodes/S_SC_AW_payld'(142) - Only lower order bits will be connected.
WARNING: [BD 41-2384] Width mismatch when connecting pin: '/m00_nodes/m00_r_node/s_sc_payld'(55) to pin: '/m00_nodes/S_SC_R_payld'(53) - Only lower order bits will be connected.
WARNING: [BD 41-2384] Width mismatch when connecting pin: '/m00_nodes/m00_b_node/s_sc_payld'(9) to pin: '/m00_nodes/S_SC_B_payld'(7) - Only lower order bits will be connected.
WARNING: [BD 41-2384] Width mismatch when connecting pin: '/m01_nodes/m01_r_node/s_sc_payld'(55) to pin: '/m01_nodes/S_SC_R_payld'(53) - Only lower order bits will be connected.
WARNING: [BD 41-2384] Width mismatch when connecting pin: '/m01_nodes/m01_b_node/s_sc_payld'(9) to pin: '/m01_nodes/S_SC_B_payld'(7) - Only lower order bits will be connected.
WARNING: [BD 41-2384] Width mismatch when connecting pin: '/m02_nodes/m02_r_node/s_sc_payld'(55) to pin: '/m02_nodes/S_SC_R_payld'(53) - Only lower order bits will be connected.
WARNING: [BD 41-2384] Width mismatch when connecting pin: '/m02_nodes/m02_b_node/s_sc_payld'(9) to pin: '/m02_nodes/S_SC_B_payld'(7) - Only lower order bits will be connected.
WARNING: [BD 41-2384] Width mismatch when connecting pin: '/s00_axi2sc/s_sc_r_payld'(53) to pin: '/s00_nodes/M_SC_R_payld'(55) - Only lower order bits will be connected.
WARNING: [BD 41-2384] Width mismatch when connecting pin: '/s00_axi2sc/s_sc_b_payld'(7) to pin: '/s00_nodes/M_SC_B_payld'(9) - Only lower order bits will be connected.
WARNING: [BD 41-2384] Width mismatch when connecting pin: '/m00_sc2axi/s_sc_ar_payld'(142) to pin: '/m00_nodes/M_SC_AR_payld'(146) - Only lower order bits will be connected.
WARNING: [BD 41-2384] Width mismatch when connecting pin: '/m00_sc2axi/s_sc_aw_payld'(142) to pin: '/m00_nodes/M_SC_AW_payld'(146) - Only lower order bits will be connected.
WARNING: [BD 41-2384] Width mismatch when connecting pin: '/m01_sc2axi/s_sc_ar_payld'(142) to pin: '/m01_nodes/M_SC_AR_payld'(146) - Only lower order bits will be connected.
WARNING: [BD 41-2384] Width mismatch when connecting pin: '/m01_sc2axi/s_sc_aw_payld'(142) to pin: '/m01_nodes/M_SC_AW_payld'(146) - Only lower order bits will be connected.
WARNING: [BD 41-2384] Width mismatch when connecting pin: '/m02_sc2axi/s_sc_ar_payld'(142) to pin: '/m02_nodes/M_SC_AR_payld'(146) - Only lower order bits will be connected.
WARNING: [BD 41-2384] Width mismatch when connecting pin: '/m02_sc2axi/s_sc_aw_payld'(142) to pin: '/m02_nodes/M_SC_AW_payld'(146) - Only lower order bits will be connected.
WARNING: [BD 41-2384] Width mismatch when connecting pin: '/s00_nodes/s00_ar_node/s_sc_payld'(146) to pin: '/s00_nodes/S_SC_AR_payld'(142) - Only lower order bits will be connected.
WARNING: [BD 41-2384] Width mismatch when connecting pin: '/s00_nodes/s00_aw_node/s_sc_payld'(146) to pin: '/s00_nodes/S_SC_AW_payld'(142) - Only lower order bits will be connected.
WARNING: [BD 41-2384] Width mismatch when connecting pin: '/m00_nodes/m00_r_node/s_sc_payld'(55) to pin: '/m00_nodes/S_SC_R_payld'(53) - Only lower order bits will be connected.
WARNING: [BD 41-2384] Width mismatch when connecting pin: '/m00_nodes/m00_b_node/s_sc_payld'(9) to pin: '/m00_nodes/S_SC_B_payld'(7) - Only lower order bits will be connected.
WARNING: [BD 41-2384] Width mismatch when connecting pin: '/m01_nodes/m01_r_node/s_sc_payld'(55) to pin: '/m01_nodes/S_SC_R_payld'(53) - Only lower order bits will be connected.
WARNING: [BD 41-2384] Width mismatch when connecting pin: '/m01_nodes/m01_b_node/s_sc_payld'(9) to pin: '/m01_nodes/S_SC_B_payld'(7) - Only lower order bits will be connected.
WARNING: [BD 41-2384] Width mismatch when connecting pin: '/m02_nodes/m02_r_node/s_sc_payld'(55) to pin: '/m02_nodes/S_SC_R_payld'(53) - Only lower order bits will be connected.
WARNING: [BD 41-2384] Width mismatch when connecting pin: '/m02_nodes/m02_b_node/s_sc_payld'(9) to pin: '/m02_nodes/S_SC_B_payld'(7) - Only lower order bits will be connected.
WARNING: [BD 41-2384] Width mismatch when connecting pin: '/s00_axi2sc/s_sc_r_payld'(53) to pin: '/s00_nodes/M_SC_R_payld'(55) - Only lower order bits will be connected.
WARNING: [BD 41-2384] Width mismatch when connecting pin: '/s00_axi2sc/s_sc_b_payld'(7) to pin: '/s00_nodes/M_SC_B_payld'(9) - Only lower order bits will be connected.
WARNING: [BD 41-2384] Width mismatch when connecting pin: '/m00_sc2axi/s_sc_ar_payld'(142) to pin: '/m00_nodes/M_SC_AR_payld'(146) - Only lower order bits will be connected.
WARNING: [BD 41-2384] Width mismatch when connecting pin: '/m00_sc2axi/s_sc_aw_payld'(142) to pin: '/m00_nodes/M_SC_AW_payld'(146) - Only lower order bits will be connected.
WARNING: [BD 41-2384] Width mismatch when connecting pin: '/m01_sc2axi/s_sc_ar_payld'(142) to pin: '/m01_nodes/M_SC_AR_payld'(146) - Only lower order bits will be connected.
WARNING: [BD 41-2384] Width mismatch when connecting pin: '/m01_sc2axi/s_sc_aw_payld'(142) to pin: '/m01_nodes/M_SC_AW_payld'(146) - Only lower order bits will be connected.
WARNING: [BD 41-2384] Width mismatch when connecting pin: '/m02_sc2axi/s_sc_ar_payld'(142) to pin: '/m02_nodes/M_SC_AR_payld'(146) - Only lower order bits will be connected.
WARNING: [BD 41-2384] Width mismatch when connecting pin: '/m02_sc2axi/s_sc_aw_payld'(142) to pin: '/m02_nodes/M_SC_AW_payld'(146) - Only lower order bits will be connected.
Exporting to file /home/linux/ieng6/students/298/jjhan/Downloads/project_3_3/project_3_3.gen/sources_1/bd/design_1/ip/design_1_axi_smc_0/bd_0/hw_handoff/design_1_axi_smc_0.hwh
Generated Hardware Definition File /home/linux/ieng6/students/298/jjhan/Downloads/project_3_3/project_3_3.gen/sources_1/bd/design_1/ip/design_1_axi_smc_0/bd_0/synth/design_1_axi_smc_0.hwdef
INFO: [BD 41-1029] Generation completed for the IP Integrator block axi_smc .
INFO: [BD 41-1029] Generation completed for the IP Integrator block rst_ps7_0_50M .
INFO: [BD 41-1029] Generation completed for the IP Integrator block axi_mem_intercon/xbar .
WARNING: [IP_Flow 19-4994] Overwriting existing constraint file '/home/linux/ieng6/students/298/jjhan/Downloads/project_3_3/project_3_3.gen/sources_1/bd/design_1/ip/design_1_axi_mem_intercon_imp_auto_us_0/design_1_axi_mem_intercon_imp_auto_us_0_ooc.xdc'
INFO: [BD 41-1029] Generation completed for the IP Integrator block axi_mem_intercon/s00_couplers/auto_us .
WARNING: [IP_Flow 19-4994] Overwriting existing constraint file '/home/linux/ieng6/students/298/jjhan/Downloads/project_3_3/project_3_3.gen/sources_1/bd/design_1/ip/design_1_axi_mem_intercon_imp_auto_us_1/design_1_axi_mem_intercon_imp_auto_us_1_ooc.xdc'
INFO: [BD 41-1029] Generation completed for the IP Integrator block axi_mem_intercon/s01_couplers/auto_us .
WARNING: [IP_Flow 19-4994] Overwriting existing constraint file '/home/linux/ieng6/students/298/jjhan/Downloads/project_3_3/project_3_3.gen/sources_1/bd/design_1/ip/design_1_axi_mem_intercon_imp_auto_us_2/design_1_axi_mem_intercon_imp_auto_us_2_ooc.xdc'
INFO: [BD 41-1029] Generation completed for the IP Integrator block axi_mem_intercon/s02_couplers/auto_us .
WARNING: [IP_Flow 19-4994] Overwriting existing constraint file '/home/linux/ieng6/students/298/jjhan/Downloads/project_3_3/project_3_3.gen/sources_1/bd/design_1/ip/design_1_axi_mem_intercon_imp_auto_us_3/design_1_axi_mem_intercon_imp_auto_us_3_ooc.xdc'
INFO: [BD 41-1029] Generation completed for the IP Integrator block axi_mem_intercon/s03_couplers/auto_us .
WARNING: [IP_Flow 19-4994] Overwriting existing constraint file '/home/linux/ieng6/students/298/jjhan/Downloads/project_3_3/project_3_3.gen/sources_1/bd/design_1/ip/design_1_axi_mem_intercon_imp_auto_pc_0/design_1_axi_mem_intercon_imp_auto_pc_0_ooc.xdc'
INFO: [BD 41-1029] Generation completed for the IP Integrator block axi_mem_intercon/m00_couplers/auto_pc .
Exporting to file /home/linux/ieng6/students/298/jjhan/Downloads/project_3_3/project_3_3.gen/sources_1/bd/design_1/hw_handoff/design_1.hwh
Generated Hardware Definition File /home/linux/ieng6/students/298/jjhan/Downloads/project_3_3/project_3_3.gen/sources_1/bd/design_1/synth/design_1.hwdef
INFO: [IP_Flow 19-6930] IPCACHE: runCacheChecks() number of threads = 8
INFO: [IP_Flow 19-6921] IPCACHE: Adding cache check func to thread queue for IP design_1_axi_dma_0_0
INFO: [IP_Flow 19-6921] IPCACHE: Adding cache check func to thread queue for IP design_1_axi_dma_1_0
INFO: [IP_Flow 19-6921] IPCACHE: Adding cache check func to thread queue for IP design_1_axi_mem_intercon_imp_auto_pc_0
INFO: [IP_Flow 19-6921] IPCACHE: Adding cache check func to thread queue for IP design_1_axi_mem_intercon_imp_auto_us_0
INFO: [IP_Flow 19-6921] IPCACHE: Adding cache check func to thread queue for IP design_1_axi_mem_intercon_imp_auto_us_1
INFO: [IP_Flow 19-6921] IPCACHE: Adding cache check func to thread queue for IP design_1_axi_mem_intercon_imp_auto_us_2
INFO: [IP_Flow 19-6921] IPCACHE: Adding cache check func to thread queue for IP design_1_axi_mem_intercon_imp_auto_us_3
INFO: [IP_Flow 19-6921] IPCACHE: Adding cache check func to thread queue for IP design_1_axi_mem_intercon_imp_xbar_0
INFO: [IP_Flow 19-6921] IPCACHE: Adding cache check func to thread queue for IP design_1_axi_smc_0
INFO: [IP_Flow 19-6921] IPCACHE: Adding cache check func to thread queue for IP design_1_dft_0_0
INFO: [IP_Flow 19-6921] IPCACHE: Adding cache check func to thread queue for IP design_1_rst_ps7_0_50M_0
INFO: [IP_Flow 19-8020] IPCACHE: runCacheChecks() calling threadPool finishWork()
INFO: [IP_Flow 19-6924] IPCACHE: Running cache check for IP inst: design_1_axi_dma_0_0
INFO: [IP_Flow 19-6924] IPCACHE: Running cache check for IP inst: design_1_axi_dma_1_0
INFO: [IP_Flow 19-6924] IPCACHE: Running cache check for IP inst: design_1_axi_mem_intercon_imp_auto_pc_0
INFO: [IP_Flow 19-6924] IPCACHE: Running cache check for IP inst: design_1_axi_mem_intercon_imp_auto_us_0
INFO: [IP_Flow 19-6924] IPCACHE: Running cache check for IP inst: design_1_axi_mem_intercon_imp_auto_us_1
INFO: [IP_Flow 19-6924] IPCACHE: Running cache check for IP inst: design_1_axi_mem_intercon_imp_auto_us_2
INFO: [IP_Flow 19-6924] IPCACHE: Running cache check for IP inst: design_1_axi_mem_intercon_imp_auto_us_3
INFO: [IP_Flow 19-6924] IPCACHE: Running cache check for IP inst: design_1_axi_mem_intercon_imp_xbar_0
INFO: [IP_Flow 19-6924] IPCACHE: Running cache check for IP inst: design_1_axi_smc_0
INFO: [IP_Flow 19-6924] IPCACHE: Running cache check for IP inst: design_1_dft_0_0
INFO: [IP_Flow 19-6924] IPCACHE: Running cache check for IP inst: design_1_rst_ps7_0_50M_0
[Fri Nov  7 13:57:26 2025] Launched design_1_rst_ps7_0_50M_0_synth_1, design_1_axi_smc_0_synth_1, design_1_dft_0_0_synth_1, design_1_axi_dma_1_0_synth_1, design_1_processing_system7_0_0_synth_1, design_1_axi_dma_0_0_synth_1, design_1_axi_mem_intercon_imp_xbar_0_synth_1, design_1_axi_mem_intercon_imp_auto_pc_0_synth_1, design_1_axi_mem_intercon_imp_auto_us_3_synth_1, design_1_axi_mem_intercon_imp_auto_us_2_synth_1, design_1_axi_mem_intercon_imp_auto_us_1_synth_1, design_1_axi_mem_intercon_imp_auto_us_0_synth_1, synth_1...
Run output will be captured here:
design_1_rst_ps7_0_50M_0_synth_1: /home/linux/ieng6/students/298/jjhan/Downloads/project_3_3/project_3_3.runs/design_1_rst_ps7_0_50M_0_synth_1/runme.log
design_1_axi_smc_0_synth_1: /home/linux/ieng6/students/298/jjhan/Downloads/project_3_3/project_3_3.runs/design_1_axi_smc_0_synth_1/runme.log
design_1_dft_0_0_synth_1: /home/linux/ieng6/students/298/jjhan/Downloads/project_3_3/project_3_3.runs/design_1_dft_0_0_synth_1/runme.log
design_1_axi_dma_1_0_synth_1: /home/linux/ieng6/students/298/jjhan/Downloads/project_3_3/project_3_3.runs/design_1_axi_dma_1_0_synth_1/runme.log
design_1_processing_system7_0_0_synth_1: /home/linux/ieng6/students/298/jjhan/Downloads/project_3_3/project_3_3.runs/design_1_processing_system7_0_0_synth_1/runme.log
design_1_axi_dma_0_0_synth_1: /home/linux/ieng6/students/298/jjhan/Downloads/project_3_3/project_3_3.runs/design_1_axi_dma_0_0_synth_1/runme.log
design_1_axi_mem_intercon_imp_xbar_0_synth_1: /home/linux/ieng6/students/298/jjhan/Downloads/project_3_3/project_3_3.runs/design_1_axi_mem_intercon_imp_xbar_0_synth_1/runme.log
design_1_axi_mem_intercon_imp_auto_pc_0_synth_1: /home/linux/ieng6/students/298/jjhan/Downloads/project_3_3/project_3_3.runs/design_1_axi_mem_intercon_imp_auto_pc_0_synth_1/runme.log
design_1_axi_mem_intercon_imp_auto_us_3_synth_1: /home/linux/ieng6/students/298/jjhan/Downloads/project_3_3/project_3_3.runs/design_1_axi_mem_intercon_imp_auto_us_3_synth_1/runme.log
design_1_axi_mem_intercon_imp_auto_us_2_synth_1: /home/linux/ieng6/students/298/jjhan/Downloads/project_3_3/project_3_3.runs/design_1_axi_mem_intercon_imp_auto_us_2_synth_1/runme.log
design_1_axi_mem_intercon_imp_auto_us_1_synth_1: /home/linux/ieng6/students/298/jjhan/Downloads/project_3_3/project_3_3.runs/design_1_axi_mem_intercon_imp_auto_us_1_synth_1/runme.log
design_1_axi_mem_intercon_imp_auto_us_0_synth_1: /home/linux/ieng6/students/298/jjhan/Downloads/project_3_3/project_3_3.runs/design_1_axi_mem_intercon_imp_auto_us_0_synth_1/runme.log
synth_1: /home/linux/ieng6/students/298/jjhan/Downloads/project_3_3/project_3_3.runs/synth_1/runme.log
[Fri Nov  7 13:57:26 2025] Launched impl_1...
Run output will be captured here: /home/linux/ieng6/students/298/jjhan/Downloads/project_3_3/project_3_3.runs/impl_1/runme.log
launch_runs: Time (s): cpu = 00:00:45 ; elapsed = 00:00:42 . Memory (MB): peak = 8879.059 ; gain = 390.895 ; free physical = 7639 ; free virtual = 19909
open_run impl_1
INFO: [Device 21-403] Loading part xc7z020clg400-1
Netlist sorting complete. Time (s): cpu = 00:00:00.32 ; elapsed = 00:00:00.38 . Memory (MB): peak = 8959.348 ; gain = 0.000 ; free physical = 6361 ; free virtual = 18734
INFO: [Netlist 29-17] Analyzing 162 Unisim elements for replacement
INFO: [Netlist 29-28] Unisim Transformation completed in 0 CPU seconds
INFO: [Project 1-479] Netlist was created with Vivado 2024.2
INFO: [Project 1-570] Preparing netlist for logic optimization
Read ShapeDB Complete: Time (s): cpu = 00:00:00.05 ; elapsed = 00:00:00.06 . Memory (MB): peak = 9078.910 ; gain = 4.000 ; free physical = 6008 ; free virtual = 18381
INFO: [Timing 38-478] Restoring timing data from binary archive.
INFO: [Timing 38-479] Binary timing data restore complete.
INFO: [Project 1-856] Restoring constraints from binary archive.
INFO: [Project 1-853] Binary constraint restore complete.
INFO: [Designutils 20-5722] Start Reading Physical Databases.
Reading placement.
Read Netlist Cache: Time (s): cpu = 00:00:00.01 ; elapsed = 00:00:00.02 . Memory (MB): peak = 9638.723 ; gain = 0.000 ; free physical = 5200 ; free virtual = 17591
Reading placer database...
Read Device Cache: Time (s): cpu = 00:00:00.01 ; elapsed = 00:00:00.02 . Memory (MB): peak = 9638.723 ; gain = 0.000 ; free physical = 5200 ; free virtual = 17591
Read PlaceDB: Time (s): cpu = 00:00:00.69 ; elapsed = 00:00:00.7 . Memory (MB): peak = 9648.723 ; gain = 10.000 ; free physical = 5199 ; free virtual = 17591
Read PulsedLatchDB: Time (s): cpu = 00:00:00 ; elapsed = 00:00:00 . Memory (MB): peak = 9648.723 ; gain = 0.000 ; free physical = 5199 ; free virtual = 17591
Reading routing.
Read RouteStorage: Time (s): cpu = 00:00:00.27 ; elapsed = 00:00:00.21 . Memory (MB): peak = 9655.723 ; gain = 7.000 ; free physical = 5192 ; free virtual = 17583
Read Physdb Files: Time (s): cpu = 00:00:01 ; elapsed = 00:00:00.96 . Memory (MB): peak = 9655.723 ; gain = 17.000 ; free physical = 5192 ; free virtual = 17583
Restored from archive | CPU: 1.020000 secs | Memory: 15.557877 MB |
Finished XDEF File Restore: Time (s): cpu = 00:00:01 ; elapsed = 00:00:00.96 . Memory (MB): peak = 9655.723 ; gain = 17.000 ; free physical = 5192 ; free virtual = 17583
Netlist sorting complete. Time (s): cpu = 00:00:00 ; elapsed = 00:00:00 . Memory (MB): peak = 9655.723 ; gain = 0.000 ; free physical = 5201 ; free virtual = 17593
INFO: [Project 1-111] Unisim Transformation Summary:
  A total of 13 instances were transformed.
  RAM32M => RAM32M (RAMD32(x6), RAMS32(x2)): 6 instances
  RAM32X1D => RAM32X1D (RAMD32(x2)): 1 instance 
  SRLC32E => SRL16E: 6 instances

open_run: Time (s): cpu = 00:00:35 ; elapsed = 00:00:36 . Memory (MB): peak = 9959.891 ; gain = 1080.832 ; free physical = 5003 ; free virtual = 17395
open_report: Time (s): cpu = 00:00:06 ; elapsed = 00:00:06 . Memory (MB): peak = 9986.188 ; gain = 26.297 ; free physical = 4837 ; free virtual = 17230
WARNING: [IP_Flow 19-4318] IP-XACT file does not exist: /home/linux/ieng6/students/298/jjhan/fa25-cse237c-projects/dft/Q9/dft.comp/hls/impl/ip/component.xml. It will be created.
update_ip_catalog -rebuild -scan_changes
INFO: [IP_Flow 19-234] Refreshing IP repositories
INFO: [IP_Flow 19-1700] Loaded user IP repository '/home/linux/ieng6/students/298/jjhan/fa25-cse237c-projects/dft/Q9/dft.comp/hls/impl/ip'.
report_ip_status -name ip_status
upgrade_ip -vlnv xilinx.com:hls:dft:1.0 [get_ips  design_1_dft_0_0] -log ip_upgrade.log
Upgrading '/home/linux/ieng6/students/298/jjhan/Downloads/project_3_3/project_3_3.srcs/sources_1/bd/design_1/design_1.bd'
INFO: [IP_Flow 19-3422] Upgraded design_1_dft_0_0 (Dft 1.0) from revision 2114337830 to revision 2114337881
Wrote  : </home/linux/ieng6/students/298/jjhan/Downloads/project_3_3/project_3_3.srcs/sources_1/bd/design_1/design_1.bd> 
INFO: [Coretcl 2-1525] Wrote upgrade log to '/home/linux/ieng6/students/298/jjhan/Downloads/project_3_3/ip_upgrade.log'.
upgrade_ip: Time (s): cpu = 00:00:08 ; elapsed = 00:00:05 . Memory (MB): peak = 10019.121 ; gain = 18.934 ; free physical = 5502 ; free virtual = 17880
export_ip_user_files -of_objects [get_ips design_1_dft_0_0] -no_script -sync -force -quiet
generate_target all [get_files  /home/linux/ieng6/students/298/jjhan/Downloads/project_3_3/project_3_3.srcs/sources_1/bd/design_1/design_1.bd]
INFO: [BD 5-943] Reserving offset range <0x41E0_0000 [ 64K ]> from slave interface '/axi_smc/S00_AXI' to master interface '/axi_smc/M00_AXI'. This will be used by smartconnect on path for routing.
INFO: [BD 5-943] Reserving offset range <0x41E1_0000 [ 64K ]> from slave interface '/axi_smc/S00_AXI' to master interface '/axi_smc/M01_AXI'. This will be used by smartconnect on path for routing.
INFO: [BD 5-943] Reserving offset range <0x4000_0000 [ 64K ]> from slave interface '/axi_smc/S00_AXI' to master interface '/axi_smc/M02_AXI'. This will be used by smartconnect on path for routing.
INFO: [xilinx.com:ip:smartconnect:1.0-1] design_1_axi_smc_0: SmartConnect design_1_axi_smc_0 is in Low-Area Mode.
WARNING: [xilinx.com:ip:smartconnect:1.0-1] design_1_axi_smc_0: IP design_1_axi_smc_0 is configured in Low-area mode as all propagated traffic is low-bandwidth (AXI4LITE). SI S00_AXI has property HAS_BURST == 1. WRAP bursts are not supported in Low-area mode and will result in DECERR if received.
WARNING: [xilinx.com:ip:smartconnect:1.0-1] design_1_axi_smc_0: If WRAP transactions are required then turn off Low-area mode using ADVANCED_PROPERTIES. Execute following: set_property CONFIG.ADVANCED_PROPERTIES {__experimental_features__ {disable_low_area_mode 1}} [get_bd_cells /design_1_axi_smc_0]
Wrote  : </home/linux/ieng6/students/298/jjhan/Downloads/project_3_3/project_3_3.srcs/sources_1/bd/design_1/design_1.bd> 
WARNING: [BD 41-2384] Width mismatch when connecting pin: '/axi_mem_intercon/m00_couplers/auto_pc/m_axi_rid'(2) to pin: '/axi_mem_intercon/m00_couplers/M_AXI_rid'(6) - Only lower order bits will be connected.
WARNING: [BD 41-2384] Width mismatch when connecting pin: '/axi_mem_intercon/m00_couplers/auto_pc/m_axi_bid'(2) to pin: '/axi_mem_intercon/m00_couplers/M_AXI_bid'(6) - Only lower order bits will be connected.
WARNING: [BD 41-2384] Width mismatch when connecting pin: '/processing_system7_0/S_AXI_HP0_WID'(6) to pin: '/axi_mem_intercon/M00_AXI_wid'(2) - Only lower order bits will be connected.
WARNING: [BD 41-2384] Width mismatch when connecting pin: '/processing_system7_0/S_AXI_HP0_AWID'(6) to pin: '/axi_mem_intercon/M00_AXI_awid'(2) - Only lower order bits will be connected.
WARNING: [BD 41-2384] Width mismatch when connecting pin: '/processing_system7_0/S_AXI_HP0_ARID'(6) to pin: '/axi_mem_intercon/M00_AXI_arid'(2) - Only lower order bits will be connected.
Verilog Output written to : /home/linux/ieng6/students/298/jjhan/Downloads/project_3_3/project_3_3.gen/sources_1/bd/design_1/synth/design_1.v
WARNING: [BD 41-2384] Width mismatch when connecting pin: '/axi_mem_intercon/m00_couplers/auto_pc/m_axi_rid'(2) to pin: '/axi_mem_intercon/m00_couplers/M_AXI_rid'(6) - Only lower order bits will be connected.
WARNING: [BD 41-2384] Width mismatch when connecting pin: '/axi_mem_intercon/m00_couplers/auto_pc/m_axi_bid'(2) to pin: '/axi_mem_intercon/m00_couplers/M_AXI_bid'(6) - Only lower order bits will be connected.
WARNING: [BD 41-2384] Width mismatch when connecting pin: '/processing_system7_0/S_AXI_HP0_WID'(6) to pin: '/axi_mem_intercon/M00_AXI_wid'(2) - Only lower order bits will be connected.
WARNING: [BD 41-2384] Width mismatch when connecting pin: '/processing_system7_0/S_AXI_HP0_AWID'(6) to pin: '/axi_mem_intercon/M00_AXI_awid'(2) - Only lower order bits will be connected.
WARNING: [BD 41-2384] Width mismatch when connecting pin: '/processing_system7_0/S_AXI_HP0_ARID'(6) to pin: '/axi_mem_intercon/M00_AXI_arid'(2) - Only lower order bits will be connected.
Verilog Output written to : /home/linux/ieng6/students/298/jjhan/Downloads/project_3_3/project_3_3.gen/sources_1/bd/design_1/sim/design_1.v
Verilog Output written to : /home/linux/ieng6/students/298/jjhan/Downloads/project_3_3/project_3_3.gen/sources_1/bd/design_1/hdl/design_1_wrapper.v
INFO: [BD 41-1029] Generation completed for the IP Integrator block dft_0 .
WARNING: [BD 41-2384] Width mismatch when connecting pin: '/s00_nodes/s00_ar_node/s_sc_payld'(146) to pin: '/s00_nodes/S_SC_AR_payld'(142) - Only lower order bits will be connected.
WARNING: [BD 41-2384] Width mismatch when connecting pin: '/s00_nodes/s00_aw_node/s_sc_payld'(146) to pin: '/s00_nodes/S_SC_AW_payld'(142) - Only lower order bits will be connected.
WARNING: [BD 41-2384] Width mismatch when connecting pin: '/m00_nodes/m00_r_node/s_sc_payld'(55) to pin: '/m00_nodes/S_SC_R_payld'(53) - Only lower order bits will be connected.
WARNING: [BD 41-2384] Width mismatch when connecting pin: '/m00_nodes/m00_b_node/s_sc_payld'(9) to pin: '/m00_nodes/S_SC_B_payld'(7) - Only lower order bits will be connected.
WARNING: [BD 41-2384] Width mismatch when connecting pin: '/m01_nodes/m01_r_node/s_sc_payld'(55) to pin: '/m01_nodes/S_SC_R_payld'(53) - Only lower order bits will be connected.
WARNING: [BD 41-2384] Width mismatch when connecting pin: '/m01_nodes/m01_b_node/s_sc_payld'(9) to pin: '/m01_nodes/S_SC_B_payld'(7) - Only lower order bits will be connected.
WARNING: [BD 41-2384] Width mismatch when connecting pin: '/m02_nodes/m02_r_node/s_sc_payld'(55) to pin: '/m02_nodes/S_SC_R_payld'(53) - Only lower order bits will be connected.
WARNING: [BD 41-2384] Width mismatch when connecting pin: '/m02_nodes/m02_b_node/s_sc_payld'(9) to pin: '/m02_nodes/S_SC_B_payld'(7) - Only lower order bits will be connected.
WARNING: [BD 41-2384] Width mismatch when connecting pin: '/s00_axi2sc/s_sc_r_payld'(53) to pin: '/s00_nodes/M_SC_R_payld'(55) - Only lower order bits will be connected.
WARNING: [BD 41-2384] Width mismatch when connecting pin: '/s00_axi2sc/s_sc_b_payld'(7) to pin: '/s00_nodes/M_SC_B_payld'(9) - Only lower order bits will be connected.
WARNING: [BD 41-2384] Width mismatch when connecting pin: '/m00_sc2axi/s_sc_ar_payld'(142) to pin: '/m00_nodes/M_SC_AR_payld'(146) - Only lower order bits will be connected.
WARNING: [BD 41-2384] Width mismatch when connecting pin: '/m00_sc2axi/s_sc_aw_payld'(142) to pin: '/m00_nodes/M_SC_AW_payld'(146) - Only lower order bits will be connected.
WARNING: [BD 41-2384] Width mismatch when connecting pin: '/m01_sc2axi/s_sc_ar_payld'(142) to pin: '/m01_nodes/M_SC_AR_payld'(146) - Only lower order bits will be connected.
WARNING: [BD 41-2384] Width mismatch when connecting pin: '/m01_sc2axi/s_sc_aw_payld'(142) to pin: '/m01_nodes/M_SC_AW_payld'(146) - Only lower order bits will be connected.
WARNING: [BD 41-2384] Width mismatch when connecting pin: '/m02_sc2axi/s_sc_ar_payld'(142) to pin: '/m02_nodes/M_SC_AR_payld'(146) - Only lower order bits will be connected.
WARNING: [BD 41-2384] Width mismatch when connecting pin: '/m02_sc2axi/s_sc_aw_payld'(142) to pin: '/m02_nodes/M_SC_AW_payld'(146) - Only lower order bits will be connected.
WARNING: [BD 41-2384] Width mismatch when connecting pin: '/s00_nodes/s00_ar_node/s_sc_payld'(146) to pin: '/s00_nodes/S_SC_AR_payld'(142) - Only lower order bits will be connected.
WARNING: [BD 41-2384] Width mismatch when connecting pin: '/s00_nodes/s00_aw_node/s_sc_payld'(146) to pin: '/s00_nodes/S_SC_AW_payld'(142) - Only lower order bits will be connected.
WARNING: [BD 41-2384] Width mismatch when connecting pin: '/m00_nodes/m00_r_node/s_sc_payld'(55) to pin: '/m00_nodes/S_SC_R_payld'(53) - Only lower order bits will be connected.
WARNING: [BD 41-2384] Width mismatch when connecting pin: '/m00_nodes/m00_b_node/s_sc_payld'(9) to pin: '/m00_nodes/S_SC_B_payld'(7) - Only lower order bits will be connected.
WARNING: [BD 41-2384] Width mismatch when connecting pin: '/m01_nodes/m01_r_node/s_sc_payld'(55) to pin: '/m01_nodes/S_SC_R_payld'(53) - Only lower order bits will be connected.
WARNING: [BD 41-2384] Width mismatch when connecting pin: '/m01_nodes/m01_b_node/s_sc_payld'(9) to pin: '/m01_nodes/S_SC_B_payld'(7) - Only lower order bits will be connected.
WARNING: [BD 41-2384] Width mismatch when connecting pin: '/m02_nodes/m02_r_node/s_sc_payld'(55) to pin: '/m02_nodes/S_SC_R_payld'(53) - Only lower order bits will be connected.
WARNING: [BD 41-2384] Width mismatch when connecting pin: '/m02_nodes/m02_b_node/s_sc_payld'(9) to pin: '/m02_nodes/S_SC_B_payld'(7) - Only lower order bits will be connected.
WARNING: [BD 41-2384] Width mismatch when connecting pin: '/s00_axi2sc/s_sc_r_payld'(53) to pin: '/s00_nodes/M_SC_R_payld'(55) - Only lower order bits will be connected.
WARNING: [BD 41-2384] Width mismatch when connecting pin: '/s00_axi2sc/s_sc_b_payld'(7) to pin: '/s00_nodes/M_SC_B_payld'(9) - Only lower order bits will be connected.
WARNING: [BD 41-2384] Width mismatch when connecting pin: '/m00_sc2axi/s_sc_ar_payld'(142) to pin: '/m00_nodes/M_SC_AR_payld'(146) - Only lower order bits will be connected.
WARNING: [BD 41-2384] Width mismatch when connecting pin: '/m00_sc2axi/s_sc_aw_payld'(142) to pin: '/m00_nodes/M_SC_AW_payld'(146) - Only lower order bits will be connected.
WARNING: [BD 41-2384] Width mismatch when connecting pin: '/m01_sc2axi/s_sc_ar_payld'(142) to pin: '/m01_nodes/M_SC_AR_payld'(146) - Only lower order bits will be connected.
WARNING: [BD 41-2384] Width mismatch when connecting pin: '/m01_sc2axi/s_sc_aw_payld'(142) to pin: '/m01_nodes/M_SC_AW_payld'(146) - Only lower order bits will be connected.
WARNING: [BD 41-2384] Width mismatch when connecting pin: '/m02_sc2axi/s_sc_ar_payld'(142) to pin: '/m02_nodes/M_SC_AR_payld'(146) - Only lower order bits will be connected.
WARNING: [BD 41-2384] Width mismatch when connecting pin: '/m02_sc2axi/s_sc_aw_payld'(142) to pin: '/m02_nodes/M_SC_AW_payld'(146) - Only lower order bits will be connected.
Exporting to file /home/linux/ieng6/students/298/jjhan/Downloads/project_3_3/project_3_3.gen/sources_1/bd/design_1/ip/design_1_axi_smc_0/bd_0/hw_handoff/design_1_axi_smc_0.hwh
Generated Hardware Definition File /home/linux/ieng6/students/298/jjhan/Downloads/project_3_3/project_3_3.gen/sources_1/bd/design_1/ip/design_1_axi_smc_0/bd_0/synth/design_1_axi_smc_0.hwdef
INFO: [BD 41-1029] Generation completed for the IP Integrator block axi_smc .
WARNING: [IP_Flow 19-4994] Overwriting existing constraint file '/home/linux/ieng6/students/298/jjhan/Downloads/project_3_3/project_3_3.gen/sources_1/bd/design_1/ip/design_1_axi_mem_intercon_imp_auto_us_0/design_1_axi_mem_intercon_imp_auto_us_0_ooc.xdc'
INFO: [BD 41-1029] Generation completed for the IP Integrator block axi_mem_intercon/s00_couplers/auto_us .
WARNING: [IP_Flow 19-4994] Overwriting existing constraint file '/home/linux/ieng6/students/298/jjhan/Downloads/project_3_3/project_3_3.gen/sources_1/bd/design_1/ip/design_1_axi_mem_intercon_imp_auto_us_1/design_1_axi_mem_intercon_imp_auto_us_1_ooc.xdc'
INFO: [BD 41-1029] Generation completed for the IP Integrator block axi_mem_intercon/s01_couplers/auto_us .
WARNING: [IP_Flow 19-4994] Overwriting existing constraint file '/home/linux/ieng6/students/298/jjhan/Downloads/project_3_3/project_3_3.gen/sources_1/bd/design_1/ip/design_1_axi_mem_intercon_imp_auto_us_2/design_1_axi_mem_intercon_imp_auto_us_2_ooc.xdc'
INFO: [BD 41-1029] Generation completed for the IP Integrator block axi_mem_intercon/s02_couplers/auto_us .
WARNING: [IP_Flow 19-4994] Overwriting existing constraint file '/home/linux/ieng6/students/298/jjhan/Downloads/project_3_3/project_3_3.gen/sources_1/bd/design_1/ip/design_1_axi_mem_intercon_imp_auto_us_3/design_1_axi_mem_intercon_imp_auto_us_3_ooc.xdc'
INFO: [BD 41-1029] Generation completed for the IP Integrator block axi_mem_intercon/s03_couplers/auto_us .
WARNING: [IP_Flow 19-4994] Overwriting existing constraint file '/home/linux/ieng6/students/298/jjhan/Downloads/project_3_3/project_3_3.gen/sources_1/bd/design_1/ip/design_1_axi_mem_intercon_imp_auto_pc_0/design_1_axi_mem_intercon_imp_auto_pc_0_ooc.xdc'
INFO: [BD 41-1029] Generation completed for the IP Integrator block axi_mem_intercon/m00_couplers/auto_pc .
Exporting to file /home/linux/ieng6/students/298/jjhan/Downloads/project_3_3/project_3_3.gen/sources_1/bd/design_1/hw_handoff/design_1.hwh
Generated Hardware Definition File /home/linux/ieng6/students/298/jjhan/Downloads/project_3_3/project_3_3.gen/sources_1/bd/design_1/synth/design_1.hwdef
generate_target: Time (s): cpu = 00:00:58 ; elapsed = 00:01:04 . Memory (MB): peak = 10019.121 ; gain = 0.000 ; free physical = 5631 ; free virtual = 18013
catch { config_ip_cache -export [get_ips -all design_1_dft_0_0] }
INFO: [IP_Flow 19-6924] IPCACHE: Running cache check for IP inst: design_1_dft_0_0
catch { config_ip_cache -export [get_ips -all design_1_axi_smc_0] }
INFO: [IP_Flow 19-6924] IPCACHE: Running cache check for IP inst: design_1_axi_smc_0
INFO: [IP_Flow 19-6922] IPCACHE: Exporting cached entry 8aa41e5d37746b9f to dir: /home/linux/ieng6/students/298/jjhan/Downloads/project_3_3/project_3_3.gen/sources_1/bd/design_1/ip/design_1_axi_smc_0
INFO: [IP_Flow 19-6928] IPCACHE: copied cached file /home/linux/ieng6/students/298/jjhan/Downloads/project_3_3/project_3_3.cache/ip/2024.2/8/a/8aa41e5d37746b9f/design_1_axi_smc_0.dcp to /home/linux/ieng6/students/298/jjhan/Downloads/project_3_3/project_3_3.gen/sources_1/bd/design_1/ip/design_1_axi_smc_0/design_1_axi_smc_0.dcp.
INFO: [IP_Flow 19-6926] IPCACHE: added file to list for BOM: /home/linux/ieng6/students/298/jjhan/Downloads/project_3_3/project_3_3.gen/sources_1/bd/design_1/ip/design_1_axi_smc_0/design_1_axi_smc_0.dcp
INFO: [IP_Flow 19-6928] IPCACHE: copied cached file /home/linux/ieng6/students/298/jjhan/Downloads/project_3_3/project_3_3.cache/ip/2024.2/8/a/8aa41e5d37746b9f/design_1_axi_smc_0_stub.v to /home/linux/ieng6/students/298/jjhan/Downloads/project_3_3/project_3_3.gen/sources_1/bd/design_1/ip/design_1_axi_smc_0/design_1_axi_smc_0_stub.v.
INFO: [IP_Flow 19-6926] IPCACHE: added file to list for BOM: /home/linux/ieng6/students/298/jjhan/Downloads/project_3_3/project_3_3.gen/sources_1/bd/design_1/ip/design_1_axi_smc_0/design_1_axi_smc_0_stub.v
INFO: [IP_Flow 19-6928] IPCACHE: copied cached file /home/linux/ieng6/students/298/jjhan/Downloads/project_3_3/project_3_3.cache/ip/2024.2/8/a/8aa41e5d37746b9f/design_1_axi_smc_0_stub.vhdl to /home/linux/ieng6/students/298/jjhan/Downloads/project_3_3/project_3_3.gen/sources_1/bd/design_1/ip/design_1_axi_smc_0/design_1_axi_smc_0_stub.vhdl.
INFO: [IP_Flow 19-6926] IPCACHE: added file to list for BOM: /home/linux/ieng6/students/298/jjhan/Downloads/project_3_3/project_3_3.gen/sources_1/bd/design_1/ip/design_1_axi_smc_0/design_1_axi_smc_0_stub.vhdl
INFO: [IP_Flow 19-6928] IPCACHE: copied cached file /home/linux/ieng6/students/298/jjhan/Downloads/project_3_3/project_3_3.cache/ip/2024.2/8/a/8aa41e5d37746b9f/design_1_axi_smc_0_sim_netlist.v to /home/linux/ieng6/students/298/jjhan/Downloads/project_3_3/project_3_3.gen/sources_1/bd/design_1/ip/design_1_axi_smc_0/design_1_axi_smc_0_sim_netlist.v.
INFO: [IP_Flow 19-6926] IPCACHE: added file to list for BOM: /home/linux/ieng6/students/298/jjhan/Downloads/project_3_3/project_3_3.gen/sources_1/bd/design_1/ip/design_1_axi_smc_0/design_1_axi_smc_0_sim_netlist.v
INFO: [IP_Flow 19-6928] IPCACHE: copied cached file /home/linux/ieng6/students/298/jjhan/Downloads/project_3_3/project_3_3.cache/ip/2024.2/8/a/8aa41e5d37746b9f/design_1_axi_smc_0_sim_netlist.vhdl to /home/linux/ieng6/students/298/jjhan/Downloads/project_3_3/project_3_3.gen/sources_1/bd/design_1/ip/design_1_axi_smc_0/design_1_axi_smc_0_sim_netlist.vhdl.
INFO: [IP_Flow 19-6926] IPCACHE: added file to list for BOM: /home/linux/ieng6/students/298/jjhan/Downloads/project_3_3/project_3_3.gen/sources_1/bd/design_1/ip/design_1_axi_smc_0/design_1_axi_smc_0_sim_netlist.vhdl
INFO: [IP_Flow 19-4993] Using cached IP synthesis design for IP design_1_axi_smc_0, cache-ID = 8aa41e5d37746b9f; cache size = 19.028 MB.
catch { [ delete_ip_run [get_ips -all design_1_axi_smc_0] ] }
catch { config_ip_cache -export [get_ips -all design_1_axi_mem_intercon_imp_auto_us_0] }
INFO: [IP_Flow 19-6924] IPCACHE: Running cache check for IP inst: design_1_axi_mem_intercon_imp_auto_us_0
INFO: [IP_Flow 19-6922] IPCACHE: Exporting cached entry a1f4e854dde34f3e to dir: /home/linux/ieng6/students/298/jjhan/Downloads/project_3_3/project_3_3.gen/sources_1/bd/design_1/ip/design_1_axi_mem_intercon_imp_auto_us_0
INFO: [IP_Flow 19-6928] IPCACHE: copied cached file /home/linux/ieng6/students/298/jjhan/Downloads/project_3_3/project_3_3.cache/ip/2024.2/a/1/a1f4e854dde34f3e/design_1_axi_mem_intercon_imp_auto_us_2.dcp to /home/linux/ieng6/students/298/jjhan/Downloads/project_3_3/project_3_3.gen/sources_1/bd/design_1/ip/design_1_axi_mem_intercon_imp_auto_us_0/design_1_axi_mem_intercon_imp_auto_us_0.dcp.
INFO: [IP_Flow 19-6926] IPCACHE: added file to list for BOM: /home/linux/ieng6/students/298/jjhan/Downloads/project_3_3/project_3_3.gen/sources_1/bd/design_1/ip/design_1_axi_mem_intercon_imp_auto_us_0/design_1_axi_mem_intercon_imp_auto_us_0.dcp
INFO: [IP_Flow 19-6928] IPCACHE: copied cached file /home/linux/ieng6/students/298/jjhan/Downloads/project_3_3/project_3_3.cache/ip/2024.2/a/1/a1f4e854dde34f3e/design_1_axi_mem_intercon_imp_auto_us_2_stub.v to /home/linux/ieng6/students/298/jjhan/Downloads/project_3_3/project_3_3.gen/sources_1/bd/design_1/ip/design_1_axi_mem_intercon_imp_auto_us_0/design_1_axi_mem_intercon_imp_auto_us_0_stub.v.
INFO: [IP_Flow 19-6926] IPCACHE: added file to list for BOM: /home/linux/ieng6/students/298/jjhan/Downloads/project_3_3/project_3_3.gen/sources_1/bd/design_1/ip/design_1_axi_mem_intercon_imp_auto_us_0/design_1_axi_mem_intercon_imp_auto_us_0_stub.v
INFO: [IP_Flow 19-6928] IPCACHE: copied cached file /home/linux/ieng6/students/298/jjhan/Downloads/project_3_3/project_3_3.cache/ip/2024.2/a/1/a1f4e854dde34f3e/design_1_axi_mem_intercon_imp_auto_us_2_stub.vhdl to /home/linux/ieng6/students/298/jjhan/Downloads/project_3_3/project_3_3.gen/sources_1/bd/design_1/ip/design_1_axi_mem_intercon_imp_auto_us_0/design_1_axi_mem_intercon_imp_auto_us_0_stub.vhdl.
INFO: [IP_Flow 19-6926] IPCACHE: added file to list for BOM: /home/linux/ieng6/students/298/jjhan/Downloads/project_3_3/project_3_3.gen/sources_1/bd/design_1/ip/design_1_axi_mem_intercon_imp_auto_us_0/design_1_axi_mem_intercon_imp_auto_us_0_stub.vhdl
INFO: [IP_Flow 19-6928] IPCACHE: copied cached file /home/linux/ieng6/students/298/jjhan/Downloads/project_3_3/project_3_3.cache/ip/2024.2/a/1/a1f4e854dde34f3e/design_1_axi_mem_intercon_imp_auto_us_2_sim_netlist.v to /home/linux/ieng6/students/298/jjhan/Downloads/project_3_3/project_3_3.gen/sources_1/bd/design_1/ip/design_1_axi_mem_intercon_imp_auto_us_0/design_1_axi_mem_intercon_imp_auto_us_0_sim_netlist.v.
INFO: [IP_Flow 19-6926] IPCACHE: added file to list for BOM: /home/linux/ieng6/students/298/jjhan/Downloads/project_3_3/project_3_3.gen/sources_1/bd/design_1/ip/design_1_axi_mem_intercon_imp_auto_us_0/design_1_axi_mem_intercon_imp_auto_us_0_sim_netlist.v
INFO: [IP_Flow 19-6928] IPCACHE: copied cached file /home/linux/ieng6/students/298/jjhan/Downloads/project_3_3/project_3_3.cache/ip/2024.2/a/1/a1f4e854dde34f3e/design_1_axi_mem_intercon_imp_auto_us_2_sim_netlist.vhdl to /home/linux/ieng6/students/298/jjhan/Downloads/project_3_3/project_3_3.gen/sources_1/bd/design_1/ip/design_1_axi_mem_intercon_imp_auto_us_0/design_1_axi_mem_intercon_imp_auto_us_0_sim_netlist.vhdl.
INFO: [IP_Flow 19-6926] IPCACHE: added file to list for BOM: /home/linux/ieng6/students/298/jjhan/Downloads/project_3_3/project_3_3.gen/sources_1/bd/design_1/ip/design_1_axi_mem_intercon_imp_auto_us_0/design_1_axi_mem_intercon_imp_auto_us_0_sim_netlist.vhdl
INFO: [IP_Flow 19-4993] Using cached IP synthesis design for IP design_1_axi_mem_intercon_imp_auto_us_0, cache-ID = a1f4e854dde34f3e; cache size = 19.028 MB.
catch { config_ip_cache -export [get_ips -all design_1_axi_mem_intercon_imp_auto_us_1] }
INFO: [IP_Flow 19-6924] IPCACHE: Running cache check for IP inst: design_1_axi_mem_intercon_imp_auto_us_1
INFO: [IP_Flow 19-6922] IPCACHE: Exporting cached entry aaaeba6229806ef7 to dir: /home/linux/ieng6/students/298/jjhan/Downloads/project_3_3/project_3_3.gen/sources_1/bd/design_1/ip/design_1_axi_mem_intercon_imp_auto_us_1
INFO: [IP_Flow 19-6928] IPCACHE: copied cached file /home/linux/ieng6/students/298/jjhan/Downloads/project_3_3/project_3_3.cache/ip/2024.2/a/a/aaaeba6229806ef7/design_1_axi_mem_intercon_imp_auto_us_3.dcp to /home/linux/ieng6/students/298/jjhan/Downloads/project_3_3/project_3_3.gen/sources_1/bd/design_1/ip/design_1_axi_mem_intercon_imp_auto_us_1/design_1_axi_mem_intercon_imp_auto_us_1.dcp.
INFO: [IP_Flow 19-6926] IPCACHE: added file to list for BOM: /home/linux/ieng6/students/298/jjhan/Downloads/project_3_3/project_3_3.gen/sources_1/bd/design_1/ip/design_1_axi_mem_intercon_imp_auto_us_1/design_1_axi_mem_intercon_imp_auto_us_1.dcp
INFO: [IP_Flow 19-6928] IPCACHE: copied cached file /home/linux/ieng6/students/298/jjhan/Downloads/project_3_3/project_3_3.cache/ip/2024.2/a/a/aaaeba6229806ef7/design_1_axi_mem_intercon_imp_auto_us_3_stub.v to /home/linux/ieng6/students/298/jjhan/Downloads/project_3_3/project_3_3.gen/sources_1/bd/design_1/ip/design_1_axi_mem_intercon_imp_auto_us_1/design_1_axi_mem_intercon_imp_auto_us_1_stub.v.
INFO: [IP_Flow 19-6926] IPCACHE: added file to list for BOM: /home/linux/ieng6/students/298/jjhan/Downloads/project_3_3/project_3_3.gen/sources_1/bd/design_1/ip/design_1_axi_mem_intercon_imp_auto_us_1/design_1_axi_mem_intercon_imp_auto_us_1_stub.v
INFO: [IP_Flow 19-6928] IPCACHE: copied cached file /home/linux/ieng6/students/298/jjhan/Downloads/project_3_3/project_3_3.cache/ip/2024.2/a/a/aaaeba6229806ef7/design_1_axi_mem_intercon_imp_auto_us_3_stub.vhdl to /home/linux/ieng6/students/298/jjhan/Downloads/project_3_3/project_3_3.gen/sources_1/bd/design_1/ip/design_1_axi_mem_intercon_imp_auto_us_1/design_1_axi_mem_intercon_imp_auto_us_1_stub.vhdl.
INFO: [IP_Flow 19-6926] IPCACHE: added file to list for BOM: /home/linux/ieng6/students/298/jjhan/Downloads/project_3_3/project_3_3.gen/sources_1/bd/design_1/ip/design_1_axi_mem_intercon_imp_auto_us_1/design_1_axi_mem_intercon_imp_auto_us_1_stub.vhdl
INFO: [IP_Flow 19-6928] IPCACHE: copied cached file /home/linux/ieng6/students/298/jjhan/Downloads/project_3_3/project_3_3.cache/ip/2024.2/a/a/aaaeba6229806ef7/design_1_axi_mem_intercon_imp_auto_us_3_sim_netlist.v to /home/linux/ieng6/students/298/jjhan/Downloads/project_3_3/project_3_3.gen/sources_1/bd/design_1/ip/design_1_axi_mem_intercon_imp_auto_us_1/design_1_axi_mem_intercon_imp_auto_us_1_sim_netlist.v.
INFO: [IP_Flow 19-6926] IPCACHE: added file to list for BOM: /home/linux/ieng6/students/298/jjhan/Downloads/project_3_3/project_3_3.gen/sources_1/bd/design_1/ip/design_1_axi_mem_intercon_imp_auto_us_1/design_1_axi_mem_intercon_imp_auto_us_1_sim_netlist.v
INFO: [IP_Flow 19-6928] IPCACHE: copied cached file /home/linux/ieng6/students/298/jjhan/Downloads/project_3_3/project_3_3.cache/ip/2024.2/a/a/aaaeba6229806ef7/design_1_axi_mem_intercon_imp_auto_us_3_sim_netlist.vhdl to /home/linux/ieng6/students/298/jjhan/Downloads/project_3_3/project_3_3.gen/sources_1/bd/design_1/ip/design_1_axi_mem_intercon_imp_auto_us_1/design_1_axi_mem_intercon_imp_auto_us_1_sim_netlist.vhdl.
INFO: [IP_Flow 19-6926] IPCACHE: added file to list for BOM: /home/linux/ieng6/students/298/jjhan/Downloads/project_3_3/project_3_3.gen/sources_1/bd/design_1/ip/design_1_axi_mem_intercon_imp_auto_us_1/design_1_axi_mem_intercon_imp_auto_us_1_sim_netlist.vhdl
INFO: [IP_Flow 19-4993] Using cached IP synthesis design for IP design_1_axi_mem_intercon_imp_auto_us_1, cache-ID = aaaeba6229806ef7; cache size = 19.028 MB.
catch { config_ip_cache -export [get_ips -all design_1_axi_mem_intercon_imp_auto_us_2] }
INFO: [IP_Flow 19-6924] IPCACHE: Running cache check for IP inst: design_1_axi_mem_intercon_imp_auto_us_2
INFO: [IP_Flow 19-6922] IPCACHE: Exporting cached entry a1f4e854dde34f3e to dir: /home/linux/ieng6/students/298/jjhan/Downloads/project_3_3/project_3_3.gen/sources_1/bd/design_1/ip/design_1_axi_mem_intercon_imp_auto_us_2
INFO: [IP_Flow 19-6928] IPCACHE: copied cached file /home/linux/ieng6/students/298/jjhan/Downloads/project_3_3/project_3_3.cache/ip/2024.2/a/1/a1f4e854dde34f3e/design_1_axi_mem_intercon_imp_auto_us_2.dcp to /home/linux/ieng6/students/298/jjhan/Downloads/project_3_3/project_3_3.gen/sources_1/bd/design_1/ip/design_1_axi_mem_intercon_imp_auto_us_2/design_1_axi_mem_intercon_imp_auto_us_2.dcp.
INFO: [IP_Flow 19-6926] IPCACHE: added file to list for BOM: /home/linux/ieng6/students/298/jjhan/Downloads/project_3_3/project_3_3.gen/sources_1/bd/design_1/ip/design_1_axi_mem_intercon_imp_auto_us_2/design_1_axi_mem_intercon_imp_auto_us_2.dcp
INFO: [IP_Flow 19-6928] IPCACHE: copied cached file /home/linux/ieng6/students/298/jjhan/Downloads/project_3_3/project_3_3.cache/ip/2024.2/a/1/a1f4e854dde34f3e/design_1_axi_mem_intercon_imp_auto_us_2_stub.v to /home/linux/ieng6/students/298/jjhan/Downloads/project_3_3/project_3_3.gen/sources_1/bd/design_1/ip/design_1_axi_mem_intercon_imp_auto_us_2/design_1_axi_mem_intercon_imp_auto_us_2_stub.v.
INFO: [IP_Flow 19-6926] IPCACHE: added file to list for BOM: /home/linux/ieng6/students/298/jjhan/Downloads/project_3_3/project_3_3.gen/sources_1/bd/design_1/ip/design_1_axi_mem_intercon_imp_auto_us_2/design_1_axi_mem_intercon_imp_auto_us_2_stub.v
INFO: [IP_Flow 19-6928] IPCACHE: copied cached file /home/linux/ieng6/students/298/jjhan/Downloads/project_3_3/project_3_3.cache/ip/2024.2/a/1/a1f4e854dde34f3e/design_1_axi_mem_intercon_imp_auto_us_2_stub.vhdl to /home/linux/ieng6/students/298/jjhan/Downloads/project_3_3/project_3_3.gen/sources_1/bd/design_1/ip/design_1_axi_mem_intercon_imp_auto_us_2/design_1_axi_mem_intercon_imp_auto_us_2_stub.vhdl.
INFO: [IP_Flow 19-6926] IPCACHE: added file to list for BOM: /home/linux/ieng6/students/298/jjhan/Downloads/project_3_3/project_3_3.gen/sources_1/bd/design_1/ip/design_1_axi_mem_intercon_imp_auto_us_2/design_1_axi_mem_intercon_imp_auto_us_2_stub.vhdl
INFO: [IP_Flow 19-6928] IPCACHE: copied cached file /home/linux/ieng6/students/298/jjhan/Downloads/project_3_3/project_3_3.cache/ip/2024.2/a/1/a1f4e854dde34f3e/design_1_axi_mem_intercon_imp_auto_us_2_sim_netlist.v to /home/linux/ieng6/students/298/jjhan/Downloads/project_3_3/project_3_3.gen/sources_1/bd/design_1/ip/design_1_axi_mem_intercon_imp_auto_us_2/design_1_axi_mem_intercon_imp_auto_us_2_sim_netlist.v.
INFO: [IP_Flow 19-6926] IPCACHE: added file to list for BOM: /home/linux/ieng6/students/298/jjhan/Downloads/project_3_3/project_3_3.gen/sources_1/bd/design_1/ip/design_1_axi_mem_intercon_imp_auto_us_2/design_1_axi_mem_intercon_imp_auto_us_2_sim_netlist.v
INFO: [IP_Flow 19-6928] IPCACHE: copied cached file /home/linux/ieng6/students/298/jjhan/Downloads/project_3_3/project_3_3.cache/ip/2024.2/a/1/a1f4e854dde34f3e/design_1_axi_mem_intercon_imp_auto_us_2_sim_netlist.vhdl to /home/linux/ieng6/students/298/jjhan/Downloads/project_3_3/project_3_3.gen/sources_1/bd/design_1/ip/design_1_axi_mem_intercon_imp_auto_us_2/design_1_axi_mem_intercon_imp_auto_us_2_sim_netlist.vhdl.
INFO: [IP_Flow 19-6926] IPCACHE: added file to list for BOM: /home/linux/ieng6/students/298/jjhan/Downloads/project_3_3/project_3_3.gen/sources_1/bd/design_1/ip/design_1_axi_mem_intercon_imp_auto_us_2/design_1_axi_mem_intercon_imp_auto_us_2_sim_netlist.vhdl
INFO: [IP_Flow 19-4993] Using cached IP synthesis design for IP design_1_axi_mem_intercon_imp_auto_us_2, cache-ID = a1f4e854dde34f3e; cache size = 19.028 MB.
catch { config_ip_cache -export [get_ips -all design_1_axi_mem_intercon_imp_auto_us_3] }
INFO: [IP_Flow 19-6924] IPCACHE: Running cache check for IP inst: design_1_axi_mem_intercon_imp_auto_us_3
INFO: [IP_Flow 19-6922] IPCACHE: Exporting cached entry aaaeba6229806ef7 to dir: /home/linux/ieng6/students/298/jjhan/Downloads/project_3_3/project_3_3.gen/sources_1/bd/design_1/ip/design_1_axi_mem_intercon_imp_auto_us_3
INFO: [IP_Flow 19-6928] IPCACHE: copied cached file /home/linux/ieng6/students/298/jjhan/Downloads/project_3_3/project_3_3.cache/ip/2024.2/a/a/aaaeba6229806ef7/design_1_axi_mem_intercon_imp_auto_us_3.dcp to /home/linux/ieng6/students/298/jjhan/Downloads/project_3_3/project_3_3.gen/sources_1/bd/design_1/ip/design_1_axi_mem_intercon_imp_auto_us_3/design_1_axi_mem_intercon_imp_auto_us_3.dcp.
INFO: [IP_Flow 19-6926] IPCACHE: added file to list for BOM: /home/linux/ieng6/students/298/jjhan/Downloads/project_3_3/project_3_3.gen/sources_1/bd/design_1/ip/design_1_axi_mem_intercon_imp_auto_us_3/design_1_axi_mem_intercon_imp_auto_us_3.dcp
INFO: [IP_Flow 19-6928] IPCACHE: copied cached file /home/linux/ieng6/students/298/jjhan/Downloads/project_3_3/project_3_3.cache/ip/2024.2/a/a/aaaeba6229806ef7/design_1_axi_mem_intercon_imp_auto_us_3_stub.v to /home/linux/ieng6/students/298/jjhan/Downloads/project_3_3/project_3_3.gen/sources_1/bd/design_1/ip/design_1_axi_mem_intercon_imp_auto_us_3/design_1_axi_mem_intercon_imp_auto_us_3_stub.v.
INFO: [IP_Flow 19-6926] IPCACHE: added file to list for BOM: /home/linux/ieng6/students/298/jjhan/Downloads/project_3_3/project_3_3.gen/sources_1/bd/design_1/ip/design_1_axi_mem_intercon_imp_auto_us_3/design_1_axi_mem_intercon_imp_auto_us_3_stub.v
INFO: [IP_Flow 19-6928] IPCACHE: copied cached file /home/linux/ieng6/students/298/jjhan/Downloads/project_3_3/project_3_3.cache/ip/2024.2/a/a/aaaeba6229806ef7/design_1_axi_mem_intercon_imp_auto_us_3_stub.vhdl to /home/linux/ieng6/students/298/jjhan/Downloads/project_3_3/project_3_3.gen/sources_1/bd/design_1/ip/design_1_axi_mem_intercon_imp_auto_us_3/design_1_axi_mem_intercon_imp_auto_us_3_stub.vhdl.
INFO: [IP_Flow 19-6926] IPCACHE: added file to list for BOM: /home/linux/ieng6/students/298/jjhan/Downloads/project_3_3/project_3_3.gen/sources_1/bd/design_1/ip/design_1_axi_mem_intercon_imp_auto_us_3/design_1_axi_mem_intercon_imp_auto_us_3_stub.vhdl
INFO: [IP_Flow 19-6928] IPCACHE: copied cached file /home/linux/ieng6/students/298/jjhan/Downloads/project_3_3/project_3_3.cache/ip/2024.2/a/a/aaaeba6229806ef7/design_1_axi_mem_intercon_imp_auto_us_3_sim_netlist.v to /home/linux/ieng6/students/298/jjhan/Downloads/project_3_3/project_3_3.gen/sources_1/bd/design_1/ip/design_1_axi_mem_intercon_imp_auto_us_3/design_1_axi_mem_intercon_imp_auto_us_3_sim_netlist.v.
INFO: [IP_Flow 19-6926] IPCACHE: added file to list for BOM: /home/linux/ieng6/students/298/jjhan/Downloads/project_3_3/project_3_3.gen/sources_1/bd/design_1/ip/design_1_axi_mem_intercon_imp_auto_us_3/design_1_axi_mem_intercon_imp_auto_us_3_sim_netlist.v
INFO: [IP_Flow 19-6928] IPCACHE: copied cached file /home/linux/ieng6/students/298/jjhan/Downloads/project_3_3/project_3_3.cache/ip/2024.2/a/a/aaaeba6229806ef7/design_1_axi_mem_intercon_imp_auto_us_3_sim_netlist.vhdl to /home/linux/ieng6/students/298/jjhan/Downloads/project_3_3/project_3_3.gen/sources_1/bd/design_1/ip/design_1_axi_mem_intercon_imp_auto_us_3/design_1_axi_mem_intercon_imp_auto_us_3_sim_netlist.vhdl.
INFO: [IP_Flow 19-6926] IPCACHE: added file to list for BOM: /home/linux/ieng6/students/298/jjhan/Downloads/project_3_3/project_3_3.gen/sources_1/bd/design_1/ip/design_1_axi_mem_intercon_imp_auto_us_3/design_1_axi_mem_intercon_imp_auto_us_3_sim_netlist.vhdl
INFO: [IP_Flow 19-4993] Using cached IP synthesis design for IP design_1_axi_mem_intercon_imp_auto_us_3, cache-ID = aaaeba6229806ef7; cache size = 19.028 MB.
catch { config_ip_cache -export [get_ips -all design_1_axi_mem_intercon_imp_auto_pc_0] }
INFO: [IP_Flow 19-6924] IPCACHE: Running cache check for IP inst: design_1_axi_mem_intercon_imp_auto_pc_0
INFO: [IP_Flow 19-6922] IPCACHE: Exporting cached entry eee36533d4c97dbe to dir: /home/linux/ieng6/students/298/jjhan/Downloads/project_3_3/project_3_3.gen/sources_1/bd/design_1/ip/design_1_axi_mem_intercon_imp_auto_pc_0
INFO: [IP_Flow 19-6928] IPCACHE: copied cached file /home/linux/ieng6/students/298/jjhan/Downloads/project_3_3/project_3_3.cache/ip/2024.2/e/e/eee36533d4c97dbe/design_1_axi_mem_intercon_imp_auto_pc_0.dcp to /home/linux/ieng6/students/298/jjhan/Downloads/project_3_3/project_3_3.gen/sources_1/bd/design_1/ip/design_1_axi_mem_intercon_imp_auto_pc_0/design_1_axi_mem_intercon_imp_auto_pc_0.dcp.
INFO: [IP_Flow 19-6926] IPCACHE: added file to list for BOM: /home/linux/ieng6/students/298/jjhan/Downloads/project_3_3/project_3_3.gen/sources_1/bd/design_1/ip/design_1_axi_mem_intercon_imp_auto_pc_0/design_1_axi_mem_intercon_imp_auto_pc_0.dcp
INFO: [IP_Flow 19-6928] IPCACHE: copied cached file /home/linux/ieng6/students/298/jjhan/Downloads/project_3_3/project_3_3.cache/ip/2024.2/e/e/eee36533d4c97dbe/design_1_axi_mem_intercon_imp_auto_pc_0_stub.v to /home/linux/ieng6/students/298/jjhan/Downloads/project_3_3/project_3_3.gen/sources_1/bd/design_1/ip/design_1_axi_mem_intercon_imp_auto_pc_0/design_1_axi_mem_intercon_imp_auto_pc_0_stub.v.
INFO: [IP_Flow 19-6926] IPCACHE: added file to list for BOM: /home/linux/ieng6/students/298/jjhan/Downloads/project_3_3/project_3_3.gen/sources_1/bd/design_1/ip/design_1_axi_mem_intercon_imp_auto_pc_0/design_1_axi_mem_intercon_imp_auto_pc_0_stub.v
INFO: [IP_Flow 19-6928] IPCACHE: copied cached file /home/linux/ieng6/students/298/jjhan/Downloads/project_3_3/project_3_3.cache/ip/2024.2/e/e/eee36533d4c97dbe/design_1_axi_mem_intercon_imp_auto_pc_0_stub.vhdl to /home/linux/ieng6/students/298/jjhan/Downloads/project_3_3/project_3_3.gen/sources_1/bd/design_1/ip/design_1_axi_mem_intercon_imp_auto_pc_0/design_1_axi_mem_intercon_imp_auto_pc_0_stub.vhdl.
INFO: [IP_Flow 19-6926] IPCACHE: added file to list for BOM: /home/linux/ieng6/students/298/jjhan/Downloads/project_3_3/project_3_3.gen/sources_1/bd/design_1/ip/design_1_axi_mem_intercon_imp_auto_pc_0/design_1_axi_mem_intercon_imp_auto_pc_0_stub.vhdl
INFO: [IP_Flow 19-6928] IPCACHE: copied cached file /home/linux/ieng6/students/298/jjhan/Downloads/project_3_3/project_3_3.cache/ip/2024.2/e/e/eee36533d4c97dbe/design_1_axi_mem_intercon_imp_auto_pc_0_sim_netlist.v to /home/linux/ieng6/students/298/jjhan/Downloads/project_3_3/project_3_3.gen/sources_1/bd/design_1/ip/design_1_axi_mem_intercon_imp_auto_pc_0/design_1_axi_mem_intercon_imp_auto_pc_0_sim_netlist.v.
INFO: [IP_Flow 19-6926] IPCACHE: added file to list for BOM: /home/linux/ieng6/students/298/jjhan/Downloads/project_3_3/project_3_3.gen/sources_1/bd/design_1/ip/design_1_axi_mem_intercon_imp_auto_pc_0/design_1_axi_mem_intercon_imp_auto_pc_0_sim_netlist.v
INFO: [IP_Flow 19-6928] IPCACHE: copied cached file /home/linux/ieng6/students/298/jjhan/Downloads/project_3_3/project_3_3.cache/ip/2024.2/e/e/eee36533d4c97dbe/design_1_axi_mem_intercon_imp_auto_pc_0_sim_netlist.vhdl to /home/linux/ieng6/students/298/jjhan/Downloads/project_3_3/project_3_3.gen/sources_1/bd/design_1/ip/design_1_axi_mem_intercon_imp_auto_pc_0/design_1_axi_mem_intercon_imp_auto_pc_0_sim_netlist.vhdl.
INFO: [IP_Flow 19-6926] IPCACHE: added file to list for BOM: /home/linux/ieng6/students/298/jjhan/Downloads/project_3_3/project_3_3.gen/sources_1/bd/design_1/ip/design_1_axi_mem_intercon_imp_auto_pc_0/design_1_axi_mem_intercon_imp_auto_pc_0_sim_netlist.vhdl
INFO: [IP_Flow 19-4993] Using cached IP synthesis design for IP design_1_axi_mem_intercon_imp_auto_pc_0, cache-ID = eee36533d4c97dbe; cache size = 19.028 MB.
export_ip_user_files -of_objects [get_files /home/linux/ieng6/students/298/jjhan/Downloads/project_3_3/project_3_3.srcs/sources_1/bd/design_1/design_1.bd] -no_script -sync -force -quiet
create_ip_run [get_files -of_objects [get_fileset sources_1] /home/linux/ieng6/students/298/jjhan/Downloads/project_3_3/project_3_3.srcs/sources_1/bd/design_1/design_1.bd]
launch_runs design_1_dft_0_0_synth_1 -jobs 4
INFO: [IP_Flow 19-6924] IPCACHE: Running cache check for IP inst: design_1_dft_0_0
[Fri Nov  7 14:44:20 2025] Launched design_1_dft_0_0_synth_1...
Run output will be captured here: /home/linux/ieng6/students/298/jjhan/Downloads/project_3_3/project_3_3.runs/design_1_dft_0_0_synth_1/runme.log
export_simulation -lib_map_path [list {modelsim=/home/linux/ieng6/students/298/jjhan/Downloads/project_3_3/project_3_3.cache/compile_simlib/modelsim} {questa=/home/linux/ieng6/students/298/jjhan/Downloads/project_3_3/project_3_3.cache/compile_simlib/questa} {xcelium=/home/linux/ieng6/students/298/jjhan/Downloads/project_3_3/project_3_3.cache/compile_simlib/xcelium} {vcs=/home/linux/ieng6/students/298/jjhan/Downloads/project_3_3/project_3_3.cache/compile_simlib/vcs} {riviera=/home/linux/ieng6/students/298/jjhan/Downloads/project_3_3/project_3_3.cache/compile_simlib/riviera}] -of_objects [get_files /home/linux/ieng6/students/298/jjhan/Downloads/project_3_3/project_3_3.srcs/sources_1/bd/design_1/design_1.bd] -directory /home/linux/ieng6/students/298/jjhan/Downloads/project_3_3/project_3_3.ip_user_files/sim_scripts -ip_user_files_dir /home/linux/ieng6/students/298/jjhan/Downloads/project_3_3/project_3_3.ip_user_files -ipstatic_source_dir /home/linux/ieng6/students/298/jjhan/Downloads/project_3_3/project_3_3.ip_user_files/ipstatic -use_ip_compiled_libs -force -quiet
reset_run synth_1
INFO: [Project 1-1160] Copying file /home/linux/ieng6/students/298/jjhan/Downloads/project_3_3/project_3_3.runs/synth_1/design_1_wrapper.dcp to /home/linux/ieng6/students/298/jjhan/Downloads/project_3_3/project_3_3.srcs/utils_1/imports/synth_1 and adding it to utils fileset
WARNING: [Vivado 12-1017] Problems encountered:
1. Failed to delete one or more files in run directory /home/linux/ieng6/students/298/jjhan/Downloads/project_3_3/project_3_3.runs/synth_1

launch_runs impl_1 -to_step write_bitstream -jobs 4
INFO: [IP_Flow 19-6924] IPCACHE: Running cache check for IP inst: design_1_dft_0_0
[Fri Nov  7 14:44:54 2025] Launched design_1_dft_0_0_synth_1, synth_1...
Run output will be captured here:
design_1_dft_0_0_synth_1: /home/linux/ieng6/students/298/jjhan/Downloads/project_3_3/project_3_3.runs/design_1_dft_0_0_synth_1/runme.log
synth_1: /home/linux/ieng6/students/298/jjhan/Downloads/project_3_3/project_3_3.runs/synth_1/runme.log
[Fri Nov  7 14:44:54 2025] Launched impl_1...
Run output will be captured here: /home/linux/ieng6/students/298/jjhan/Downloads/project_3_3/project_3_3.runs/impl_1/runme.log
launch_runs: Time (s): cpu = 00:00:07 ; elapsed = 00:00:06 . Memory (MB): peak = 10401.953 ; gain = 0.000 ; free physical = 5570 ; free virtual = 17955
WARNING: [IP_Flow 19-4318] IP-XACT file does not exist: /home/linux/ieng6/students/298/jjhan/fa25-cse237c-projects/dft/Q9/dft.comp/hls/impl/ip/component.xml. It will be created.
update_ip_catalog -rebuild -scan_changes
INFO: [IP_Flow 19-234] Refreshing IP repositories
INFO: [IP_Flow 19-1700] Loaded user IP repository '/home/linux/ieng6/students/298/jjhan/fa25-cse237c-projects/dft/Q9/dft.comp/hls/impl/ip'.
report_ip_status -name ip_status
set_property USER_LOCKED 1 [get_ips design_1_dft_0_0]
INFO: [IP_Flow 19-8015] Moving outputs for IP 'design_1_dft_0_0' to '/home/linux/ieng6/students/298/jjhan/Downloads/project_3_3/project_3_3.srcs/sources_1/bd/design_1/ip/design_1_dft_0_0'
WARNING: [IP_Flow 19-2162] IP 'design_1_dft_0_0' is locked:
* IP definition 'dft (1.0)' for IP 'design_1_dft_0_0' (customized with software release 2024.2) was not found in the IP Catalog. * Detected changes to IP definition 'dft (1.0)' file(s).
WARNING: [BD 41-2028] Locking dft to version 1.0. If the latest driver for the IP is not backwards compatible, software flow will assign a generic driver or no driver for this IP
delete_bd_objs [get_bd_intf_nets axi_smc_M02_AXI] [get_bd_intf_nets axi_dma_1_M_AXIS_MM2S] [get_bd_intf_nets axi_dma_0_M_AXIS_MM2S] [get_bd_intf_nets dft_0_C] [get_bd_intf_nets dft_0_D] [get_bd_cells dft_0]
set_property  ip_repo_paths  {} [current_project]
update_ip_catalog
INFO: [IP_Flow 19-234] Refreshing IP repositories
INFO: [IP_Flow 19-1704] No user IP repositories specified
set_property  ip_repo_paths  /home/linux/ieng6/students/298/jjhan/fa25-cse237c-projects/dft/Q9/dft.comp/hls/impl/ip [current_project]
update_ip_catalog
INFO: [IP_Flow 19-234] Refreshing IP repositories
INFO: [IP_Flow 19-1700] Loaded user IP repository '/home/linux/ieng6/students/298/jjhan/fa25-cse237c-projects/dft/Q9/dft.comp/hls/impl/ip'.
startgroup
create_bd_cell -type ip -vlnv xilinx.com:hls:dft:1.0 dft_0
endgroup
connect_bd_intf_net [get_bd_intf_pins dft_0/A] [get_bd_intf_pins axi_dma_0/M_AXIS_MM2S]
connect_bd_intf_net [get_bd_intf_pins dft_0/C] [get_bd_intf_pins axi_dma_0/S_AXIS_S2MM]
connect_bd_intf_net [get_bd_intf_pins dft_0/B] [get_bd_intf_pins axi_dma_1/M_AXIS_MM2S]
connect_bd_intf_net [get_bd_intf_pins dft_0/D] [get_bd_intf_pins axi_dma_1/S_AXIS_S2MM]
apply_bd_automation -rule xilinx.com:bd_rule:axi4 -config { Clk_master {/processing_system7_0/FCLK_CLK0 (50 MHz)} Clk_slave {Auto} Clk_xbar {/processing_system7_0/FCLK_CLK0 (50 MHz)} Master {/processing_system7_0/M_AXI_GP0} Slave {/dft_0/s_axi_control} ddr_seg {Auto} intc_ip {/axi_smc} master_apm {0}}  [get_bd_intf_pins dft_0/s_axi_control]
Slave segment '/dft_0/s_axi_control/Reg' is being assigned into address space '/processing_system7_0/Data' at <0x4000_0000 [ 64K ]>.
save_bd_design
Wrote  : </home/linux/ieng6/students/298/jjhan/Downloads/project_3_3/project_3_3.srcs/sources_1/bd/design_1/design_1.bd> 
Wrote  : </home/linux/ieng6/students/298/jjhan/Downloads/project_3_3/project_3_3.srcs/sources_1/bd/design_1/ui/bd_1f5defd0.ui> 
validate_bd_design
INFO: [BD 5-943] Reserving offset range <0x41E0_0000 [ 64K ]> from slave interface '/axi_smc/S00_AXI' to master interface '/axi_smc/M00_AXI'. This will be used by smartconnect on path for routing.
INFO: [BD 5-943] Reserving offset range <0x41E1_0000 [ 64K ]> from slave interface '/axi_smc/S00_AXI' to master interface '/axi_smc/M01_AXI'. This will be used by smartconnect on path for routing.
INFO: [BD 5-943] Reserving offset range <0x4000_0000 [ 64K ]> from slave interface '/axi_smc/S00_AXI' to master interface '/axi_smc/M02_AXI'. This will be used by smartconnect on path for routing.
INFO: [xilinx.com:ip:smartconnect:1.0-1] design_1_axi_smc_0: SmartConnect design_1_axi_smc_0 is in Low-Area Mode.
WARNING: [xilinx.com:ip:smartconnect:1.0-1] design_1_axi_smc_0: IP design_1_axi_smc_0 is configured in Low-area mode as all propagated traffic is low-bandwidth (AXI4LITE). SI S00_AXI has property HAS_BURST == 1. WRAP bursts are not supported in Low-area mode and will result in DECERR if received.
WARNING: [xilinx.com:ip:smartconnect:1.0-1] design_1_axi_smc_0: If WRAP transactions are required then turn off Low-area mode using ADVANCED_PROPERTIES. Execute following: set_property CONFIG.ADVANCED_PROPERTIES {__experimental_features__ {disable_low_area_mode 1}} [get_bd_cells /design_1_axi_smc_0]
validate_bd_design: Time (s): cpu = 00:00:09 ; elapsed = 00:00:11 . Memory (MB): peak = 10422.875 ; gain = 0.000 ; free physical = 4917 ; free virtual = 17321
save_bd_design
Wrote  : </home/linux/ieng6/students/298/jjhan/Downloads/project_3_3/project_3_3.srcs/sources_1/bd/design_1/design_1.bd> 
Wrote  : </home/linux/ieng6/students/298/jjhan/Downloads/project_3_3/project_3_3.srcs/sources_1/bd/design_1/ui/bd_1f5defd0.ui> 
reset_run synth_1
INFO: [Project 1-1161] Replacing file /home/linux/ieng6/students/298/jjhan/Downloads/project_3_3/project_3_3.srcs/utils_1/imports/synth_1/design_1_wrapper.dcp with file /home/linux/ieng6/students/298/jjhan/Downloads/project_3_3/project_3_3.runs/synth_1/design_1_wrapper.dcp
launch_runs impl_1 -to_step write_bitstream -jobs 4
INFO: [BD 41-1662] The design 'design_1.bd' is already validated. Therefore parameter propagation will not be re-run.
WARNING: [BD 41-2384] Width mismatch when connecting pin: '/axi_mem_intercon/m00_couplers/auto_pc/m_axi_rid'(2) to pin: '/axi_mem_intercon/m00_couplers/M_AXI_rid'(6) - Only lower order bits will be connected.
WARNING: [BD 41-2384] Width mismatch when connecting pin: '/axi_mem_intercon/m00_couplers/auto_pc/m_axi_bid'(2) to pin: '/axi_mem_intercon/m00_couplers/M_AXI_bid'(6) - Only lower order bits will be connected.
WARNING: [BD 41-2384] Width mismatch when connecting pin: '/processing_system7_0/S_AXI_HP0_WID'(6) to pin: '/axi_mem_intercon/M00_AXI_wid'(2) - Only lower order bits will be connected.
WARNING: [BD 41-2384] Width mismatch when connecting pin: '/processing_system7_0/S_AXI_HP0_AWID'(6) to pin: '/axi_mem_intercon/M00_AXI_awid'(2) - Only lower order bits will be connected.
WARNING: [BD 41-2384] Width mismatch when connecting pin: '/processing_system7_0/S_AXI_HP0_ARID'(6) to pin: '/axi_mem_intercon/M00_AXI_arid'(2) - Only lower order bits will be connected.
Verilog Output written to : /home/linux/ieng6/students/298/jjhan/Downloads/project_3_3/project_3_3.gen/sources_1/bd/design_1/synth/design_1.v
WARNING: [BD 41-2384] Width mismatch when connecting pin: '/axi_mem_intercon/m00_couplers/auto_pc/m_axi_rid'(2) to pin: '/axi_mem_intercon/m00_couplers/M_AXI_rid'(6) - Only lower order bits will be connected.
WARNING: [BD 41-2384] Width mismatch when connecting pin: '/axi_mem_intercon/m00_couplers/auto_pc/m_axi_bid'(2) to pin: '/axi_mem_intercon/m00_couplers/M_AXI_bid'(6) - Only lower order bits will be connected.
WARNING: [BD 41-2384] Width mismatch when connecting pin: '/processing_system7_0/S_AXI_HP0_WID'(6) to pin: '/axi_mem_intercon/M00_AXI_wid'(2) - Only lower order bits will be connected.
WARNING: [BD 41-2384] Width mismatch when connecting pin: '/processing_system7_0/S_AXI_HP0_AWID'(6) to pin: '/axi_mem_intercon/M00_AXI_awid'(2) - Only lower order bits will be connected.
WARNING: [BD 41-2384] Width mismatch when connecting pin: '/processing_system7_0/S_AXI_HP0_ARID'(6) to pin: '/axi_mem_intercon/M00_AXI_arid'(2) - Only lower order bits will be connected.
Verilog Output written to : /home/linux/ieng6/students/298/jjhan/Downloads/project_3_3/project_3_3.gen/sources_1/bd/design_1/sim/design_1.v
Verilog Output written to : /home/linux/ieng6/students/298/jjhan/Downloads/project_3_3/project_3_3.gen/sources_1/bd/design_1/hdl/design_1_wrapper.v
WARNING: [BD 41-2384] Width mismatch when connecting pin: '/s00_nodes/s00_ar_node/s_sc_payld'(146) to pin: '/s00_nodes/S_SC_AR_payld'(142) - Only lower order bits will be connected.
WARNING: [BD 41-2384] Width mismatch when connecting pin: '/s00_nodes/s00_aw_node/s_sc_payld'(146) to pin: '/s00_nodes/S_SC_AW_payld'(142) - Only lower order bits will be connected.
WARNING: [BD 41-2384] Width mismatch when connecting pin: '/m00_nodes/m00_r_node/s_sc_payld'(55) to pin: '/m00_nodes/S_SC_R_payld'(53) - Only lower order bits will be connected.
WARNING: [BD 41-2384] Width mismatch when connecting pin: '/m00_nodes/m00_b_node/s_sc_payld'(9) to pin: '/m00_nodes/S_SC_B_payld'(7) - Only lower order bits will be connected.
WARNING: [BD 41-2384] Width mismatch when connecting pin: '/m01_nodes/m01_r_node/s_sc_payld'(55) to pin: '/m01_nodes/S_SC_R_payld'(53) - Only lower order bits will be connected.
WARNING: [BD 41-2384] Width mismatch when connecting pin: '/m01_nodes/m01_b_node/s_sc_payld'(9) to pin: '/m01_nodes/S_SC_B_payld'(7) - Only lower order bits will be connected.
WARNING: [BD 41-2384] Width mismatch when connecting pin: '/m02_nodes/m02_r_node/s_sc_payld'(55) to pin: '/m02_nodes/S_SC_R_payld'(53) - Only lower order bits will be connected.
WARNING: [BD 41-2384] Width mismatch when connecting pin: '/m02_nodes/m02_b_node/s_sc_payld'(9) to pin: '/m02_nodes/S_SC_B_payld'(7) - Only lower order bits will be connected.
WARNING: [BD 41-2384] Width mismatch when connecting pin: '/s00_axi2sc/s_sc_r_payld'(53) to pin: '/s00_nodes/M_SC_R_payld'(55) - Only lower order bits will be connected.
WARNING: [BD 41-2384] Width mismatch when connecting pin: '/s00_axi2sc/s_sc_b_payld'(7) to pin: '/s00_nodes/M_SC_B_payld'(9) - Only lower order bits will be connected.
WARNING: [BD 41-2384] Width mismatch when connecting pin: '/m00_sc2axi/s_sc_ar_payld'(142) to pin: '/m00_nodes/M_SC_AR_payld'(146) - Only lower order bits will be connected.
WARNING: [BD 41-2384] Width mismatch when connecting pin: '/m00_sc2axi/s_sc_aw_payld'(142) to pin: '/m00_nodes/M_SC_AW_payld'(146) - Only lower order bits will be connected.
WARNING: [BD 41-2384] Width mismatch when connecting pin: '/m01_sc2axi/s_sc_ar_payld'(142) to pin: '/m01_nodes/M_SC_AR_payld'(146) - Only lower order bits will be connected.
WARNING: [BD 41-2384] Width mismatch when connecting pin: '/m01_sc2axi/s_sc_aw_payld'(142) to pin: '/m01_nodes/M_SC_AW_payld'(146) - Only lower order bits will be connected.
WARNING: [BD 41-2384] Width mismatch when connecting pin: '/m02_sc2axi/s_sc_ar_payld'(142) to pin: '/m02_nodes/M_SC_AR_payld'(146) - Only lower order bits will be connected.
WARNING: [BD 41-2384] Width mismatch when connecting pin: '/m02_sc2axi/s_sc_aw_payld'(142) to pin: '/m02_nodes/M_SC_AW_payld'(146) - Only lower order bits will be connected.
WARNING: [BD 41-2384] Width mismatch when connecting pin: '/s00_nodes/s00_ar_node/s_sc_payld'(146) to pin: '/s00_nodes/S_SC_AR_payld'(142) - Only lower order bits will be connected.
WARNING: [BD 41-2384] Width mismatch when connecting pin: '/s00_nodes/s00_aw_node/s_sc_payld'(146) to pin: '/s00_nodes/S_SC_AW_payld'(142) - Only lower order bits will be connected.
WARNING: [BD 41-2384] Width mismatch when connecting pin: '/m00_nodes/m00_r_node/s_sc_payld'(55) to pin: '/m00_nodes/S_SC_R_payld'(53) - Only lower order bits will be connected.
WARNING: [BD 41-2384] Width mismatch when connecting pin: '/m00_nodes/m00_b_node/s_sc_payld'(9) to pin: '/m00_nodes/S_SC_B_payld'(7) - Only lower order bits will be connected.
WARNING: [BD 41-2384] Width mismatch when connecting pin: '/m01_nodes/m01_r_node/s_sc_payld'(55) to pin: '/m01_nodes/S_SC_R_payld'(53) - Only lower order bits will be connected.
WARNING: [BD 41-2384] Width mismatch when connecting pin: '/m01_nodes/m01_b_node/s_sc_payld'(9) to pin: '/m01_nodes/S_SC_B_payld'(7) - Only lower order bits will be connected.
WARNING: [BD 41-2384] Width mismatch when connecting pin: '/m02_nodes/m02_r_node/s_sc_payld'(55) to pin: '/m02_nodes/S_SC_R_payld'(53) - Only lower order bits will be connected.
WARNING: [BD 41-2384] Width mismatch when connecting pin: '/m02_nodes/m02_b_node/s_sc_payld'(9) to pin: '/m02_nodes/S_SC_B_payld'(7) - Only lower order bits will be connected.
WARNING: [BD 41-2384] Width mismatch when connecting pin: '/s00_axi2sc/s_sc_r_payld'(53) to pin: '/s00_nodes/M_SC_R_payld'(55) - Only lower order bits will be connected.
WARNING: [BD 41-2384] Width mismatch when connecting pin: '/s00_axi2sc/s_sc_b_payld'(7) to pin: '/s00_nodes/M_SC_B_payld'(9) - Only lower order bits will be connected.
WARNING: [BD 41-2384] Width mismatch when connecting pin: '/m00_sc2axi/s_sc_ar_payld'(142) to pin: '/m00_nodes/M_SC_AR_payld'(146) - Only lower order bits will be connected.
WARNING: [BD 41-2384] Width mismatch when connecting pin: '/m00_sc2axi/s_sc_aw_payld'(142) to pin: '/m00_nodes/M_SC_AW_payld'(146) - Only lower order bits will be connected.
WARNING: [BD 41-2384] Width mismatch when connecting pin: '/m01_sc2axi/s_sc_ar_payld'(142) to pin: '/m01_nodes/M_SC_AR_payld'(146) - Only lower order bits will be connected.
WARNING: [BD 41-2384] Width mismatch when connecting pin: '/m01_sc2axi/s_sc_aw_payld'(142) to pin: '/m01_nodes/M_SC_AW_payld'(146) - Only lower order bits will be connected.
WARNING: [BD 41-2384] Width mismatch when connecting pin: '/m02_sc2axi/s_sc_ar_payld'(142) to pin: '/m02_nodes/M_SC_AR_payld'(146) - Only lower order bits will be connected.
WARNING: [BD 41-2384] Width mismatch when connecting pin: '/m02_sc2axi/s_sc_aw_payld'(142) to pin: '/m02_nodes/M_SC_AW_payld'(146) - Only lower order bits will be connected.
Exporting to file /home/linux/ieng6/students/298/jjhan/Downloads/project_3_3/project_3_3.gen/sources_1/bd/design_1/ip/design_1_axi_smc_0/bd_0/hw_handoff/design_1_axi_smc_0.hwh
Generated Hardware Definition File /home/linux/ieng6/students/298/jjhan/Downloads/project_3_3/project_3_3.gen/sources_1/bd/design_1/ip/design_1_axi_smc_0/bd_0/synth/design_1_axi_smc_0.hwdef
INFO: [BD 41-1029] Generation completed for the IP Integrator block axi_smc .
INFO: [BD 41-1029] Generation completed for the IP Integrator block dft_0 .
WARNING: [IP_Flow 19-4994] Overwriting existing constraint file '/home/linux/ieng6/students/298/jjhan/Downloads/project_3_3/project_3_3.gen/sources_1/bd/design_1/ip/design_1_axi_mem_intercon_imp_auto_us_0/design_1_axi_mem_intercon_imp_auto_us_0_ooc.xdc'
INFO: [BD 41-1029] Generation completed for the IP Integrator block axi_mem_intercon/s00_couplers/auto_us .
WARNING: [IP_Flow 19-4994] Overwriting existing constraint file '/home/linux/ieng6/students/298/jjhan/Downloads/project_3_3/project_3_3.gen/sources_1/bd/design_1/ip/design_1_axi_mem_intercon_imp_auto_us_1/design_1_axi_mem_intercon_imp_auto_us_1_ooc.xdc'
INFO: [BD 41-1029] Generation completed for the IP Integrator block axi_mem_intercon/s01_couplers/auto_us .
WARNING: [IP_Flow 19-4994] Overwriting existing constraint file '/home/linux/ieng6/students/298/jjhan/Downloads/project_3_3/project_3_3.gen/sources_1/bd/design_1/ip/design_1_axi_mem_intercon_imp_auto_us_2/design_1_axi_mem_intercon_imp_auto_us_2_ooc.xdc'
INFO: [BD 41-1029] Generation completed for the IP Integrator block axi_mem_intercon/s02_couplers/auto_us .
WARNING: [IP_Flow 19-4994] Overwriting existing constraint file '/home/linux/ieng6/students/298/jjhan/Downloads/project_3_3/project_3_3.gen/sources_1/bd/design_1/ip/design_1_axi_mem_intercon_imp_auto_us_3/design_1_axi_mem_intercon_imp_auto_us_3_ooc.xdc'
INFO: [BD 41-1029] Generation completed for the IP Integrator block axi_mem_intercon/s03_couplers/auto_us .
WARNING: [IP_Flow 19-4994] Overwriting existing constraint file '/home/linux/ieng6/students/298/jjhan/Downloads/project_3_3/project_3_3.gen/sources_1/bd/design_1/ip/design_1_axi_mem_intercon_imp_auto_pc_0/design_1_axi_mem_intercon_imp_auto_pc_0_ooc.xdc'
INFO: [BD 41-1029] Generation completed for the IP Integrator block axi_mem_intercon/m00_couplers/auto_pc .
Exporting to file /home/linux/ieng6/students/298/jjhan/Downloads/project_3_3/project_3_3.gen/sources_1/bd/design_1/hw_handoff/design_1.hwh
Generated Hardware Definition File /home/linux/ieng6/students/298/jjhan/Downloads/project_3_3/project_3_3.gen/sources_1/bd/design_1/synth/design_1.hwdef
INFO: [IP_Flow 19-6930] IPCACHE: runCacheChecks() number of threads = 8
INFO: [IP_Flow 19-6921] IPCACHE: Adding cache check func to thread queue for IP design_1_axi_mem_intercon_imp_auto_pc_0
INFO: [IP_Flow 19-6921] IPCACHE: Adding cache check func to thread queue for IP design_1_axi_mem_intercon_imp_auto_us_0
INFO: [IP_Flow 19-6921] IPCACHE: Adding cache check func to thread queue for IP design_1_axi_mem_intercon_imp_auto_us_1
INFO: [IP_Flow 19-6921] IPCACHE: Adding cache check func to thread queue for IP design_1_axi_mem_intercon_imp_auto_us_2
INFO: [IP_Flow 19-6921] IPCACHE: Adding cache check func to thread queue for IP design_1_axi_mem_intercon_imp_auto_us_3
INFO: [IP_Flow 19-6921] IPCACHE: Adding cache check func to thread queue for IP design_1_axi_smc_0
INFO: [IP_Flow 19-6921] IPCACHE: Adding cache check func to thread queue for IP design_1_dft_0_1
INFO: [IP_Flow 19-8020] IPCACHE: runCacheChecks() calling threadPool finishWork()
INFO: [IP_Flow 19-6924] IPCACHE: Running cache check for IP inst: design_1_axi_mem_intercon_imp_auto_pc_0
INFO: [IP_Flow 19-6922] IPCACHE: Exporting cached entry eee36533d4c97dbe to dir: /home/linux/ieng6/students/298/jjhan/Downloads/project_3_3/project_3_3.gen/sources_1/bd/design_1/ip/design_1_axi_mem_intercon_imp_auto_pc_0
INFO: [IP_Flow 19-6928] IPCACHE: copied cached file /home/linux/ieng6/students/298/jjhan/Downloads/project_3_3/project_3_3.cache/ip/2024.2/e/e/eee36533d4c97dbe/design_1_axi_mem_intercon_imp_auto_pc_0.dcp to /home/linux/ieng6/students/298/jjhan/Downloads/project_3_3/project_3_3.gen/sources_1/bd/design_1/ip/design_1_axi_mem_intercon_imp_auto_pc_0/design_1_axi_mem_intercon_imp_auto_pc_0.dcp.
INFO: [IP_Flow 19-6926] IPCACHE: added file to list for BOM: /home/linux/ieng6/students/298/jjhan/Downloads/project_3_3/project_3_3.gen/sources_1/bd/design_1/ip/design_1_axi_mem_intercon_imp_auto_pc_0/design_1_axi_mem_intercon_imp_auto_pc_0.dcp
INFO: [IP_Flow 19-6928] IPCACHE: copied cached file /home/linux/ieng6/students/298/jjhan/Downloads/project_3_3/project_3_3.cache/ip/2024.2/e/e/eee36533d4c97dbe/design_1_axi_mem_intercon_imp_auto_pc_0_stub.v to /home/linux/ieng6/students/298/jjhan/Downloads/project_3_3/project_3_3.gen/sources_1/bd/design_1/ip/design_1_axi_mem_intercon_imp_auto_pc_0/design_1_axi_mem_intercon_imp_auto_pc_0_stub.v.
INFO: [IP_Flow 19-6926] IPCACHE: added file to list for BOM: /home/linux/ieng6/students/298/jjhan/Downloads/project_3_3/project_3_3.gen/sources_1/bd/design_1/ip/design_1_axi_mem_intercon_imp_auto_pc_0/design_1_axi_mem_intercon_imp_auto_pc_0_stub.v
INFO: [IP_Flow 19-6928] IPCACHE: copied cached file /home/linux/ieng6/students/298/jjhan/Downloads/project_3_3/project_3_3.cache/ip/2024.2/e/e/eee36533d4c97dbe/design_1_axi_mem_intercon_imp_auto_pc_0_stub.vhdl to /home/linux/ieng6/students/298/jjhan/Downloads/project_3_3/project_3_3.gen/sources_1/bd/design_1/ip/design_1_axi_mem_intercon_imp_auto_pc_0/design_1_axi_mem_intercon_imp_auto_pc_0_stub.vhdl.
INFO: [IP_Flow 19-6926] IPCACHE: added file to list for BOM: /home/linux/ieng6/students/298/jjhan/Downloads/project_3_3/project_3_3.gen/sources_1/bd/design_1/ip/design_1_axi_mem_intercon_imp_auto_pc_0/design_1_axi_mem_intercon_imp_auto_pc_0_stub.vhdl
INFO: [IP_Flow 19-6928] IPCACHE: copied cached file /home/linux/ieng6/students/298/jjhan/Downloads/project_3_3/project_3_3.cache/ip/2024.2/e/e/eee36533d4c97dbe/design_1_axi_mem_intercon_imp_auto_pc_0_sim_netlist.v to /home/linux/ieng6/students/298/jjhan/Downloads/project_3_3/project_3_3.gen/sources_1/bd/design_1/ip/design_1_axi_mem_intercon_imp_auto_pc_0/design_1_axi_mem_intercon_imp_auto_pc_0_sim_netlist.v.
INFO: [IP_Flow 19-6926] IPCACHE: added file to list for BOM: /home/linux/ieng6/students/298/jjhan/Downloads/project_3_3/project_3_3.gen/sources_1/bd/design_1/ip/design_1_axi_mem_intercon_imp_auto_pc_0/design_1_axi_mem_intercon_imp_auto_pc_0_sim_netlist.v
INFO: [IP_Flow 19-6928] IPCACHE: copied cached file /home/linux/ieng6/students/298/jjhan/Downloads/project_3_3/project_3_3.cache/ip/2024.2/e/e/eee36533d4c97dbe/design_1_axi_mem_intercon_imp_auto_pc_0_sim_netlist.vhdl to /home/linux/ieng6/students/298/jjhan/Downloads/project_3_3/project_3_3.gen/sources_1/bd/design_1/ip/design_1_axi_mem_intercon_imp_auto_pc_0/design_1_axi_mem_intercon_imp_auto_pc_0_sim_netlist.vhdl.
INFO: [IP_Flow 19-6926] IPCACHE: added file to list for BOM: /home/linux/ieng6/students/298/jjhan/Downloads/project_3_3/project_3_3.gen/sources_1/bd/design_1/ip/design_1_axi_mem_intercon_imp_auto_pc_0/design_1_axi_mem_intercon_imp_auto_pc_0_sim_netlist.vhdl
INFO: [IP_Flow 19-4993] Using cached IP synthesis design for IP design_1_axi_mem_intercon_imp_auto_pc_0, cache-ID = eee36533d4c97dbe; cache size = 21.413 MB.
INFO: [IP_Flow 19-6924] IPCACHE: Running cache check for IP inst: design_1_axi_mem_intercon_imp_auto_us_0
INFO: [IP_Flow 19-6922] IPCACHE: Exporting cached entry a1f4e854dde34f3e to dir: /home/linux/ieng6/students/298/jjhan/Downloads/project_3_3/project_3_3.gen/sources_1/bd/design_1/ip/design_1_axi_mem_intercon_imp_auto_us_0
INFO: [IP_Flow 19-6928] IPCACHE: copied cached file /home/linux/ieng6/students/298/jjhan/Downloads/project_3_3/project_3_3.cache/ip/2024.2/a/1/a1f4e854dde34f3e/design_1_axi_mem_intercon_imp_auto_us_2.dcp to /home/linux/ieng6/students/298/jjhan/Downloads/project_3_3/project_3_3.gen/sources_1/bd/design_1/ip/design_1_axi_mem_intercon_imp_auto_us_0/design_1_axi_mem_intercon_imp_auto_us_0.dcp.
INFO: [IP_Flow 19-6926] IPCACHE: added file to list for BOM: /home/linux/ieng6/students/298/jjhan/Downloads/project_3_3/project_3_3.gen/sources_1/bd/design_1/ip/design_1_axi_mem_intercon_imp_auto_us_0/design_1_axi_mem_intercon_imp_auto_us_0.dcp
INFO: [IP_Flow 19-6928] IPCACHE: copied cached file /home/linux/ieng6/students/298/jjhan/Downloads/project_3_3/project_3_3.cache/ip/2024.2/a/1/a1f4e854dde34f3e/design_1_axi_mem_intercon_imp_auto_us_2_stub.v to /home/linux/ieng6/students/298/jjhan/Downloads/project_3_3/project_3_3.gen/sources_1/bd/design_1/ip/design_1_axi_mem_intercon_imp_auto_us_0/design_1_axi_mem_intercon_imp_auto_us_0_stub.v.
INFO: [IP_Flow 19-6926] IPCACHE: added file to list for BOM: /home/linux/ieng6/students/298/jjhan/Downloads/project_3_3/project_3_3.gen/sources_1/bd/design_1/ip/design_1_axi_mem_intercon_imp_auto_us_0/design_1_axi_mem_intercon_imp_auto_us_0_stub.v
INFO: [IP_Flow 19-6928] IPCACHE: copied cached file /home/linux/ieng6/students/298/jjhan/Downloads/project_3_3/project_3_3.cache/ip/2024.2/a/1/a1f4e854dde34f3e/design_1_axi_mem_intercon_imp_auto_us_2_stub.vhdl to /home/linux/ieng6/students/298/jjhan/Downloads/project_3_3/project_3_3.gen/sources_1/bd/design_1/ip/design_1_axi_mem_intercon_imp_auto_us_0/design_1_axi_mem_intercon_imp_auto_us_0_stub.vhdl.
INFO: [IP_Flow 19-6926] IPCACHE: added file to list for BOM: /home/linux/ieng6/students/298/jjhan/Downloads/project_3_3/project_3_3.gen/sources_1/bd/design_1/ip/design_1_axi_mem_intercon_imp_auto_us_0/design_1_axi_mem_intercon_imp_auto_us_0_stub.vhdl
INFO: [IP_Flow 19-6928] IPCACHE: copied cached file /home/linux/ieng6/students/298/jjhan/Downloads/project_3_3/project_3_3.cache/ip/2024.2/a/1/a1f4e854dde34f3e/design_1_axi_mem_intercon_imp_auto_us_2_sim_netlist.v to /home/linux/ieng6/students/298/jjhan/Downloads/project_3_3/project_3_3.gen/sources_1/bd/design_1/ip/design_1_axi_mem_intercon_imp_auto_us_0/design_1_axi_mem_intercon_imp_auto_us_0_sim_netlist.v.
INFO: [IP_Flow 19-6926] IPCACHE: added file to list for BOM: /home/linux/ieng6/students/298/jjhan/Downloads/project_3_3/project_3_3.gen/sources_1/bd/design_1/ip/design_1_axi_mem_intercon_imp_auto_us_0/design_1_axi_mem_intercon_imp_auto_us_0_sim_netlist.v
INFO: [IP_Flow 19-6928] IPCACHE: copied cached file /home/linux/ieng6/students/298/jjhan/Downloads/project_3_3/project_3_3.cache/ip/2024.2/a/1/a1f4e854dde34f3e/design_1_axi_mem_intercon_imp_auto_us_2_sim_netlist.vhdl to /home/linux/ieng6/students/298/jjhan/Downloads/project_3_3/project_3_3.gen/sources_1/bd/design_1/ip/design_1_axi_mem_intercon_imp_auto_us_0/design_1_axi_mem_intercon_imp_auto_us_0_sim_netlist.vhdl.
INFO: [IP_Flow 19-6926] IPCACHE: added file to list for BOM: /home/linux/ieng6/students/298/jjhan/Downloads/project_3_3/project_3_3.gen/sources_1/bd/design_1/ip/design_1_axi_mem_intercon_imp_auto_us_0/design_1_axi_mem_intercon_imp_auto_us_0_sim_netlist.vhdl
INFO: [IP_Flow 19-4993] Using cached IP synthesis design for IP design_1_axi_mem_intercon_imp_auto_us_0, cache-ID = a1f4e854dde34f3e; cache size = 21.413 MB.
INFO: [IP_Flow 19-6924] IPCACHE: Running cache check for IP inst: design_1_axi_mem_intercon_imp_auto_us_1
INFO: [IP_Flow 19-6922] IPCACHE: Exporting cached entry aaaeba6229806ef7 to dir: /home/linux/ieng6/students/298/jjhan/Downloads/project_3_3/project_3_3.gen/sources_1/bd/design_1/ip/design_1_axi_mem_intercon_imp_auto_us_1
INFO: [IP_Flow 19-6928] IPCACHE: copied cached file /home/linux/ieng6/students/298/jjhan/Downloads/project_3_3/project_3_3.cache/ip/2024.2/a/a/aaaeba6229806ef7/design_1_axi_mem_intercon_imp_auto_us_3.dcp to /home/linux/ieng6/students/298/jjhan/Downloads/project_3_3/project_3_3.gen/sources_1/bd/design_1/ip/design_1_axi_mem_intercon_imp_auto_us_1/design_1_axi_mem_intercon_imp_auto_us_1.dcp.
INFO: [IP_Flow 19-6926] IPCACHE: added file to list for BOM: /home/linux/ieng6/students/298/jjhan/Downloads/project_3_3/project_3_3.gen/sources_1/bd/design_1/ip/design_1_axi_mem_intercon_imp_auto_us_1/design_1_axi_mem_intercon_imp_auto_us_1.dcp
INFO: [IP_Flow 19-6928] IPCACHE: copied cached file /home/linux/ieng6/students/298/jjhan/Downloads/project_3_3/project_3_3.cache/ip/2024.2/a/a/aaaeba6229806ef7/design_1_axi_mem_intercon_imp_auto_us_3_stub.v to /home/linux/ieng6/students/298/jjhan/Downloads/project_3_3/project_3_3.gen/sources_1/bd/design_1/ip/design_1_axi_mem_intercon_imp_auto_us_1/design_1_axi_mem_intercon_imp_auto_us_1_stub.v.
INFO: [IP_Flow 19-6926] IPCACHE: added file to list for BOM: /home/linux/ieng6/students/298/jjhan/Downloads/project_3_3/project_3_3.gen/sources_1/bd/design_1/ip/design_1_axi_mem_intercon_imp_auto_us_1/design_1_axi_mem_intercon_imp_auto_us_1_stub.v
INFO: [IP_Flow 19-6928] IPCACHE: copied cached file /home/linux/ieng6/students/298/jjhan/Downloads/project_3_3/project_3_3.cache/ip/2024.2/a/a/aaaeba6229806ef7/design_1_axi_mem_intercon_imp_auto_us_3_stub.vhdl to /home/linux/ieng6/students/298/jjhan/Downloads/project_3_3/project_3_3.gen/sources_1/bd/design_1/ip/design_1_axi_mem_intercon_imp_auto_us_1/design_1_axi_mem_intercon_imp_auto_us_1_stub.vhdl.
INFO: [IP_Flow 19-6926] IPCACHE: added file to list for BOM: /home/linux/ieng6/students/298/jjhan/Downloads/project_3_3/project_3_3.gen/sources_1/bd/design_1/ip/design_1_axi_mem_intercon_imp_auto_us_1/design_1_axi_mem_intercon_imp_auto_us_1_stub.vhdl
INFO: [IP_Flow 19-6928] IPCACHE: copied cached file /home/linux/ieng6/students/298/jjhan/Downloads/project_3_3/project_3_3.cache/ip/2024.2/a/a/aaaeba6229806ef7/design_1_axi_mem_intercon_imp_auto_us_3_sim_netlist.v to /home/linux/ieng6/students/298/jjhan/Downloads/project_3_3/project_3_3.gen/sources_1/bd/design_1/ip/design_1_axi_mem_intercon_imp_auto_us_1/design_1_axi_mem_intercon_imp_auto_us_1_sim_netlist.v.
INFO: [IP_Flow 19-6926] IPCACHE: added file to list for BOM: /home/linux/ieng6/students/298/jjhan/Downloads/project_3_3/project_3_3.gen/sources_1/bd/design_1/ip/design_1_axi_mem_intercon_imp_auto_us_1/design_1_axi_mem_intercon_imp_auto_us_1_sim_netlist.v
INFO: [IP_Flow 19-6928] IPCACHE: copied cached file /home/linux/ieng6/students/298/jjhan/Downloads/project_3_3/project_3_3.cache/ip/2024.2/a/a/aaaeba6229806ef7/design_1_axi_mem_intercon_imp_auto_us_3_sim_netlist.vhdl to /home/linux/ieng6/students/298/jjhan/Downloads/project_3_3/project_3_3.gen/sources_1/bd/design_1/ip/design_1_axi_mem_intercon_imp_auto_us_1/design_1_axi_mem_intercon_imp_auto_us_1_sim_netlist.vhdl.
INFO: [IP_Flow 19-6926] IPCACHE: added file to list for BOM: /home/linux/ieng6/students/298/jjhan/Downloads/project_3_3/project_3_3.gen/sources_1/bd/design_1/ip/design_1_axi_mem_intercon_imp_auto_us_1/design_1_axi_mem_intercon_imp_auto_us_1_sim_netlist.vhdl
INFO: [IP_Flow 19-4993] Using cached IP synthesis design for IP design_1_axi_mem_intercon_imp_auto_us_1, cache-ID = aaaeba6229806ef7; cache size = 21.413 MB.
INFO: [IP_Flow 19-6924] IPCACHE: Running cache check for IP inst: design_1_axi_mem_intercon_imp_auto_us_2
INFO: [IP_Flow 19-6922] IPCACHE: Exporting cached entry a1f4e854dde34f3e to dir: /home/linux/ieng6/students/298/jjhan/Downloads/project_3_3/project_3_3.gen/sources_1/bd/design_1/ip/design_1_axi_mem_intercon_imp_auto_us_2
INFO: [IP_Flow 19-6928] IPCACHE: copied cached file /home/linux/ieng6/students/298/jjhan/Downloads/project_3_3/project_3_3.cache/ip/2024.2/a/1/a1f4e854dde34f3e/design_1_axi_mem_intercon_imp_auto_us_2.dcp to /home/linux/ieng6/students/298/jjhan/Downloads/project_3_3/project_3_3.gen/sources_1/bd/design_1/ip/design_1_axi_mem_intercon_imp_auto_us_2/design_1_axi_mem_intercon_imp_auto_us_2.dcp.
INFO: [IP_Flow 19-6926] IPCACHE: added file to list for BOM: /home/linux/ieng6/students/298/jjhan/Downloads/project_3_3/project_3_3.gen/sources_1/bd/design_1/ip/design_1_axi_mem_intercon_imp_auto_us_2/design_1_axi_mem_intercon_imp_auto_us_2.dcp
INFO: [IP_Flow 19-6928] IPCACHE: copied cached file /home/linux/ieng6/students/298/jjhan/Downloads/project_3_3/project_3_3.cache/ip/2024.2/a/1/a1f4e854dde34f3e/design_1_axi_mem_intercon_imp_auto_us_2_stub.v to /home/linux/ieng6/students/298/jjhan/Downloads/project_3_3/project_3_3.gen/sources_1/bd/design_1/ip/design_1_axi_mem_intercon_imp_auto_us_2/design_1_axi_mem_intercon_imp_auto_us_2_stub.v.
INFO: [IP_Flow 19-6926] IPCACHE: added file to list for BOM: /home/linux/ieng6/students/298/jjhan/Downloads/project_3_3/project_3_3.gen/sources_1/bd/design_1/ip/design_1_axi_mem_intercon_imp_auto_us_2/design_1_axi_mem_intercon_imp_auto_us_2_stub.v
INFO: [IP_Flow 19-6928] IPCACHE: copied cached file /home/linux/ieng6/students/298/jjhan/Downloads/project_3_3/project_3_3.cache/ip/2024.2/a/1/a1f4e854dde34f3e/design_1_axi_mem_intercon_imp_auto_us_2_stub.vhdl to /home/linux/ieng6/students/298/jjhan/Downloads/project_3_3/project_3_3.gen/sources_1/bd/design_1/ip/design_1_axi_mem_intercon_imp_auto_us_2/design_1_axi_mem_intercon_imp_auto_us_2_stub.vhdl.
INFO: [IP_Flow 19-6926] IPCACHE: added file to list for BOM: /home/linux/ieng6/students/298/jjhan/Downloads/project_3_3/project_3_3.gen/sources_1/bd/design_1/ip/design_1_axi_mem_intercon_imp_auto_us_2/design_1_axi_mem_intercon_imp_auto_us_2_stub.vhdl
INFO: [IP_Flow 19-6928] IPCACHE: copied cached file /home/linux/ieng6/students/298/jjhan/Downloads/project_3_3/project_3_3.cache/ip/2024.2/a/1/a1f4e854dde34f3e/design_1_axi_mem_intercon_imp_auto_us_2_sim_netlist.v to /home/linux/ieng6/students/298/jjhan/Downloads/project_3_3/project_3_3.gen/sources_1/bd/design_1/ip/design_1_axi_mem_intercon_imp_auto_us_2/design_1_axi_mem_intercon_imp_auto_us_2_sim_netlist.v.
INFO: [IP_Flow 19-6926] IPCACHE: added file to list for BOM: /home/linux/ieng6/students/298/jjhan/Downloads/project_3_3/project_3_3.gen/sources_1/bd/design_1/ip/design_1_axi_mem_intercon_imp_auto_us_2/design_1_axi_mem_intercon_imp_auto_us_2_sim_netlist.v
INFO: [IP_Flow 19-6928] IPCACHE: copied cached file /home/linux/ieng6/students/298/jjhan/Downloads/project_3_3/project_3_3.cache/ip/2024.2/a/1/a1f4e854dde34f3e/design_1_axi_mem_intercon_imp_auto_us_2_sim_netlist.vhdl to /home/linux/ieng6/students/298/jjhan/Downloads/project_3_3/project_3_3.gen/sources_1/bd/design_1/ip/design_1_axi_mem_intercon_imp_auto_us_2/design_1_axi_mem_intercon_imp_auto_us_2_sim_netlist.vhdl.
INFO: [IP_Flow 19-6926] IPCACHE: added file to list for BOM: /home/linux/ieng6/students/298/jjhan/Downloads/project_3_3/project_3_3.gen/sources_1/bd/design_1/ip/design_1_axi_mem_intercon_imp_auto_us_2/design_1_axi_mem_intercon_imp_auto_us_2_sim_netlist.vhdl
INFO: [IP_Flow 19-4993] Using cached IP synthesis design for IP design_1_axi_mem_intercon_imp_auto_us_2, cache-ID = a1f4e854dde34f3e; cache size = 21.413 MB.
INFO: [IP_Flow 19-6924] IPCACHE: Running cache check for IP inst: design_1_axi_mem_intercon_imp_auto_us_3
INFO: [IP_Flow 19-6922] IPCACHE: Exporting cached entry aaaeba6229806ef7 to dir: /home/linux/ieng6/students/298/jjhan/Downloads/project_3_3/project_3_3.gen/sources_1/bd/design_1/ip/design_1_axi_mem_intercon_imp_auto_us_3
INFO: [IP_Flow 19-6928] IPCACHE: copied cached file /home/linux/ieng6/students/298/jjhan/Downloads/project_3_3/project_3_3.cache/ip/2024.2/a/a/aaaeba6229806ef7/design_1_axi_mem_intercon_imp_auto_us_3.dcp to /home/linux/ieng6/students/298/jjhan/Downloads/project_3_3/project_3_3.gen/sources_1/bd/design_1/ip/design_1_axi_mem_intercon_imp_auto_us_3/design_1_axi_mem_intercon_imp_auto_us_3.dcp.
INFO: [IP_Flow 19-6926] IPCACHE: added file to list for BOM: /home/linux/ieng6/students/298/jjhan/Downloads/project_3_3/project_3_3.gen/sources_1/bd/design_1/ip/design_1_axi_mem_intercon_imp_auto_us_3/design_1_axi_mem_intercon_imp_auto_us_3.dcp
INFO: [IP_Flow 19-6928] IPCACHE: copied cached file /home/linux/ieng6/students/298/jjhan/Downloads/project_3_3/project_3_3.cache/ip/2024.2/a/a/aaaeba6229806ef7/design_1_axi_mem_intercon_imp_auto_us_3_stub.v to /home/linux/ieng6/students/298/jjhan/Downloads/project_3_3/project_3_3.gen/sources_1/bd/design_1/ip/design_1_axi_mem_intercon_imp_auto_us_3/design_1_axi_mem_intercon_imp_auto_us_3_stub.v.
INFO: [IP_Flow 19-6926] IPCACHE: added file to list for BOM: /home/linux/ieng6/students/298/jjhan/Downloads/project_3_3/project_3_3.gen/sources_1/bd/design_1/ip/design_1_axi_mem_intercon_imp_auto_us_3/design_1_axi_mem_intercon_imp_auto_us_3_stub.v
INFO: [IP_Flow 19-6928] IPCACHE: copied cached file /home/linux/ieng6/students/298/jjhan/Downloads/project_3_3/project_3_3.cache/ip/2024.2/a/a/aaaeba6229806ef7/design_1_axi_mem_intercon_imp_auto_us_3_stub.vhdl to /home/linux/ieng6/students/298/jjhan/Downloads/project_3_3/project_3_3.gen/sources_1/bd/design_1/ip/design_1_axi_mem_intercon_imp_auto_us_3/design_1_axi_mem_intercon_imp_auto_us_3_stub.vhdl.
INFO: [IP_Flow 19-6926] IPCACHE: added file to list for BOM: /home/linux/ieng6/students/298/jjhan/Downloads/project_3_3/project_3_3.gen/sources_1/bd/design_1/ip/design_1_axi_mem_intercon_imp_auto_us_3/design_1_axi_mem_intercon_imp_auto_us_3_stub.vhdl
INFO: [IP_Flow 19-6928] IPCACHE: copied cached file /home/linux/ieng6/students/298/jjhan/Downloads/project_3_3/project_3_3.cache/ip/2024.2/a/a/aaaeba6229806ef7/design_1_axi_mem_intercon_imp_auto_us_3_sim_netlist.v to /home/linux/ieng6/students/298/jjhan/Downloads/project_3_3/project_3_3.gen/sources_1/bd/design_1/ip/design_1_axi_mem_intercon_imp_auto_us_3/design_1_axi_mem_intercon_imp_auto_us_3_sim_netlist.v.
INFO: [IP_Flow 19-6926] IPCACHE: added file to list for BOM: /home/linux/ieng6/students/298/jjhan/Downloads/project_3_3/project_3_3.gen/sources_1/bd/design_1/ip/design_1_axi_mem_intercon_imp_auto_us_3/design_1_axi_mem_intercon_imp_auto_us_3_sim_netlist.v
INFO: [IP_Flow 19-6928] IPCACHE: copied cached file /home/linux/ieng6/students/298/jjhan/Downloads/project_3_3/project_3_3.cache/ip/2024.2/a/a/aaaeba6229806ef7/design_1_axi_mem_intercon_imp_auto_us_3_sim_netlist.vhdl to /home/linux/ieng6/students/298/jjhan/Downloads/project_3_3/project_3_3.gen/sources_1/bd/design_1/ip/design_1_axi_mem_intercon_imp_auto_us_3/design_1_axi_mem_intercon_imp_auto_us_3_sim_netlist.vhdl.
INFO: [IP_Flow 19-6926] IPCACHE: added file to list for BOM: /home/linux/ieng6/students/298/jjhan/Downloads/project_3_3/project_3_3.gen/sources_1/bd/design_1/ip/design_1_axi_mem_intercon_imp_auto_us_3/design_1_axi_mem_intercon_imp_auto_us_3_sim_netlist.vhdl
INFO: [IP_Flow 19-4993] Using cached IP synthesis design for IP design_1_axi_mem_intercon_imp_auto_us_3, cache-ID = aaaeba6229806ef7; cache size = 21.413 MB.
INFO: [IP_Flow 19-6924] IPCACHE: Running cache check for IP inst: design_1_axi_smc_0
INFO: [IP_Flow 19-6922] IPCACHE: Exporting cached entry 8aa41e5d37746b9f to dir: /home/linux/ieng6/students/298/jjhan/Downloads/project_3_3/project_3_3.gen/sources_1/bd/design_1/ip/design_1_axi_smc_0
INFO: [IP_Flow 19-6928] IPCACHE: copied cached file /home/linux/ieng6/students/298/jjhan/Downloads/project_3_3/project_3_3.cache/ip/2024.2/8/a/8aa41e5d37746b9f/design_1_axi_smc_0.dcp to /home/linux/ieng6/students/298/jjhan/Downloads/project_3_3/project_3_3.gen/sources_1/bd/design_1/ip/design_1_axi_smc_0/design_1_axi_smc_0.dcp.
INFO: [IP_Flow 19-6926] IPCACHE: added file to list for BOM: /home/linux/ieng6/students/298/jjhan/Downloads/project_3_3/project_3_3.gen/sources_1/bd/design_1/ip/design_1_axi_smc_0/design_1_axi_smc_0.dcp
INFO: [IP_Flow 19-6928] IPCACHE: copied cached file /home/linux/ieng6/students/298/jjhan/Downloads/project_3_3/project_3_3.cache/ip/2024.2/8/a/8aa41e5d37746b9f/design_1_axi_smc_0_stub.v to /home/linux/ieng6/students/298/jjhan/Downloads/project_3_3/project_3_3.gen/sources_1/bd/design_1/ip/design_1_axi_smc_0/design_1_axi_smc_0_stub.v.
INFO: [IP_Flow 19-6926] IPCACHE: added file to list for BOM: /home/linux/ieng6/students/298/jjhan/Downloads/project_3_3/project_3_3.gen/sources_1/bd/design_1/ip/design_1_axi_smc_0/design_1_axi_smc_0_stub.v
INFO: [IP_Flow 19-6928] IPCACHE: copied cached file /home/linux/ieng6/students/298/jjhan/Downloads/project_3_3/project_3_3.cache/ip/2024.2/8/a/8aa41e5d37746b9f/design_1_axi_smc_0_stub.vhdl to /home/linux/ieng6/students/298/jjhan/Downloads/project_3_3/project_3_3.gen/sources_1/bd/design_1/ip/design_1_axi_smc_0/design_1_axi_smc_0_stub.vhdl.
INFO: [IP_Flow 19-6926] IPCACHE: added file to list for BOM: /home/linux/ieng6/students/298/jjhan/Downloads/project_3_3/project_3_3.gen/sources_1/bd/design_1/ip/design_1_axi_smc_0/design_1_axi_smc_0_stub.vhdl
INFO: [IP_Flow 19-6928] IPCACHE: copied cached file /home/linux/ieng6/students/298/jjhan/Downloads/project_3_3/project_3_3.cache/ip/2024.2/8/a/8aa41e5d37746b9f/design_1_axi_smc_0_sim_netlist.v to /home/linux/ieng6/students/298/jjhan/Downloads/project_3_3/project_3_3.gen/sources_1/bd/design_1/ip/design_1_axi_smc_0/design_1_axi_smc_0_sim_netlist.v.
INFO: [IP_Flow 19-6926] IPCACHE: added file to list for BOM: /home/linux/ieng6/students/298/jjhan/Downloads/project_3_3/project_3_3.gen/sources_1/bd/design_1/ip/design_1_axi_smc_0/design_1_axi_smc_0_sim_netlist.v
INFO: [IP_Flow 19-6928] IPCACHE: copied cached file /home/linux/ieng6/students/298/jjhan/Downloads/project_3_3/project_3_3.cache/ip/2024.2/8/a/8aa41e5d37746b9f/design_1_axi_smc_0_sim_netlist.vhdl to /home/linux/ieng6/students/298/jjhan/Downloads/project_3_3/project_3_3.gen/sources_1/bd/design_1/ip/design_1_axi_smc_0/design_1_axi_smc_0_sim_netlist.vhdl.
INFO: [IP_Flow 19-6926] IPCACHE: added file to list for BOM: /home/linux/ieng6/students/298/jjhan/Downloads/project_3_3/project_3_3.gen/sources_1/bd/design_1/ip/design_1_axi_smc_0/design_1_axi_smc_0_sim_netlist.vhdl
INFO: [IP_Flow 19-4993] Using cached IP synthesis design for IP design_1_axi_smc_0, cache-ID = 8aa41e5d37746b9f; cache size = 21.413 MB.
INFO: [IP_Flow 19-6924] IPCACHE: Running cache check for IP inst: design_1_dft_0_1
[Fri Nov  7 15:04:38 2025] Launched design_1_dft_0_1_synth_1, synth_1...
Run output will be captured here:
design_1_dft_0_1_synth_1: /home/linux/ieng6/students/298/jjhan/Downloads/project_3_3/project_3_3.runs/design_1_dft_0_1_synth_1/runme.log
synth_1: /home/linux/ieng6/students/298/jjhan/Downloads/project_3_3/project_3_3.runs/synth_1/runme.log
[Fri Nov  7 15:04:38 2025] Launched impl_1...
Run output will be captured here: /home/linux/ieng6/students/298/jjhan/Downloads/project_3_3/project_3_3.runs/impl_1/runme.log
launch_runs: Time (s): cpu = 00:00:25 ; elapsed = 00:00:29 . Memory (MB): peak = 10711.207 ; gain = 288.332 ; free physical = 4886 ; free virtual = 17283
WARNING: [IP_Flow 19-4318] IP-XACT file does not exist: /home/linux/ieng6/students/298/jjhan/fa25-cse237c-projects/dft/Q9/dft.comp/hls/impl/ip/component.xml. It will be created.
update_ip_catalog -rebuild -scan_changes
INFO: [IP_Flow 19-234] Refreshing IP repositories
INFO: [IP_Flow 19-1700] Loaded user IP repository '/home/linux/ieng6/students/298/jjhan/fa25-cse237c-projects/dft/Q9/dft.comp/hls/impl/ip'.
report_ip_status -name ip_status
upgrade_ip -vlnv xilinx.com:hls:dft:1.0 [get_ips  design_1_dft_0_1] -log ip_upgrade.log
Upgrading '/home/linux/ieng6/students/298/jjhan/Downloads/project_3_3/project_3_3.srcs/sources_1/bd/design_1/design_1.bd'
INFO: [IP_Flow 19-3422] Upgraded design_1_dft_0_1 (Dft 1.0) from revision 2114337899 to revision 2114337963
Wrote  : </home/linux/ieng6/students/298/jjhan/Downloads/project_3_3/project_3_3.srcs/sources_1/bd/design_1/design_1.bd> 
INFO: [Coretcl 2-1525] Wrote upgrade log to '/home/linux/ieng6/students/298/jjhan/Downloads/project_3_3/ip_upgrade.log'.
export_ip_user_files -of_objects [get_ips design_1_dft_0_1] -no_script -sync -force -quiet
generate_target all [get_files  /home/linux/ieng6/students/298/jjhan/Downloads/project_3_3/project_3_3.srcs/sources_1/bd/design_1/design_1.bd]
INFO: [BD 5-943] Reserving offset range <0x41E0_0000 [ 64K ]> from slave interface '/axi_smc/S00_AXI' to master interface '/axi_smc/M00_AXI'. This will be used by smartconnect on path for routing.
INFO: [BD 5-943] Reserving offset range <0x41E1_0000 [ 64K ]> from slave interface '/axi_smc/S00_AXI' to master interface '/axi_smc/M01_AXI'. This will be used by smartconnect on path for routing.
INFO: [BD 5-943] Reserving offset range <0x4000_0000 [ 64K ]> from slave interface '/axi_smc/S00_AXI' to master interface '/axi_smc/M02_AXI'. This will be used by smartconnect on path for routing.
INFO: [xilinx.com:ip:smartconnect:1.0-1] design_1_axi_smc_0: SmartConnect design_1_axi_smc_0 is in Low-Area Mode.
WARNING: [xilinx.com:ip:smartconnect:1.0-1] design_1_axi_smc_0: IP design_1_axi_smc_0 is configured in Low-area mode as all propagated traffic is low-bandwidth (AXI4LITE). SI S00_AXI has property HAS_BURST == 1. WRAP bursts are not supported in Low-area mode and will result in DECERR if received.
WARNING: [xilinx.com:ip:smartconnect:1.0-1] design_1_axi_smc_0: If WRAP transactions are required then turn off Low-area mode using ADVANCED_PROPERTIES. Execute following: set_property CONFIG.ADVANCED_PROPERTIES {__experimental_features__ {disable_low_area_mode 1}} [get_bd_cells /design_1_axi_smc_0]
Wrote  : </home/linux/ieng6/students/298/jjhan/Downloads/project_3_3/project_3_3.srcs/sources_1/bd/design_1/design_1.bd> 
WARNING: [BD 41-2384] Width mismatch when connecting pin: '/axi_mem_intercon/m00_couplers/auto_pc/m_axi_rid'(2) to pin: '/axi_mem_intercon/m00_couplers/M_AXI_rid'(6) - Only lower order bits will be connected.
WARNING: [BD 41-2384] Width mismatch when connecting pin: '/axi_mem_intercon/m00_couplers/auto_pc/m_axi_bid'(2) to pin: '/axi_mem_intercon/m00_couplers/M_AXI_bid'(6) - Only lower order bits will be connected.
WARNING: [BD 41-2384] Width mismatch when connecting pin: '/processing_system7_0/S_AXI_HP0_WID'(6) to pin: '/axi_mem_intercon/M00_AXI_wid'(2) - Only lower order bits will be connected.
WARNING: [BD 41-2384] Width mismatch when connecting pin: '/processing_system7_0/S_AXI_HP0_AWID'(6) to pin: '/axi_mem_intercon/M00_AXI_awid'(2) - Only lower order bits will be connected.
WARNING: [BD 41-2384] Width mismatch when connecting pin: '/processing_system7_0/S_AXI_HP0_ARID'(6) to pin: '/axi_mem_intercon/M00_AXI_arid'(2) - Only lower order bits will be connected.
Verilog Output written to : /home/linux/ieng6/students/298/jjhan/Downloads/project_3_3/project_3_3.gen/sources_1/bd/design_1/synth/design_1.v
WARNING: [BD 41-2384] Width mismatch when connecting pin: '/axi_mem_intercon/m00_couplers/auto_pc/m_axi_rid'(2) to pin: '/axi_mem_intercon/m00_couplers/M_AXI_rid'(6) - Only lower order bits will be connected.
WARNING: [BD 41-2384] Width mismatch when connecting pin: '/axi_mem_intercon/m00_couplers/auto_pc/m_axi_bid'(2) to pin: '/axi_mem_intercon/m00_couplers/M_AXI_bid'(6) - Only lower order bits will be connected.
WARNING: [BD 41-2384] Width mismatch when connecting pin: '/processing_system7_0/S_AXI_HP0_WID'(6) to pin: '/axi_mem_intercon/M00_AXI_wid'(2) - Only lower order bits will be connected.
WARNING: [BD 41-2384] Width mismatch when connecting pin: '/processing_system7_0/S_AXI_HP0_AWID'(6) to pin: '/axi_mem_intercon/M00_AXI_awid'(2) - Only lower order bits will be connected.
WARNING: [BD 41-2384] Width mismatch when connecting pin: '/processing_system7_0/S_AXI_HP0_ARID'(6) to pin: '/axi_mem_intercon/M00_AXI_arid'(2) - Only lower order bits will be connected.
Verilog Output written to : /home/linux/ieng6/students/298/jjhan/Downloads/project_3_3/project_3_3.gen/sources_1/bd/design_1/sim/design_1.v
Verilog Output written to : /home/linux/ieng6/students/298/jjhan/Downloads/project_3_3/project_3_3.gen/sources_1/bd/design_1/hdl/design_1_wrapper.v
WARNING: [BD 41-2384] Width mismatch when connecting pin: '/s00_nodes/s00_ar_node/s_sc_payld'(146) to pin: '/s00_nodes/S_SC_AR_payld'(142) - Only lower order bits will be connected.
WARNING: [BD 41-2384] Width mismatch when connecting pin: '/s00_nodes/s00_aw_node/s_sc_payld'(146) to pin: '/s00_nodes/S_SC_AW_payld'(142) - Only lower order bits will be connected.
WARNING: [BD 41-2384] Width mismatch when connecting pin: '/m00_nodes/m00_r_node/s_sc_payld'(55) to pin: '/m00_nodes/S_SC_R_payld'(53) - Only lower order bits will be connected.
WARNING: [BD 41-2384] Width mismatch when connecting pin: '/m00_nodes/m00_b_node/s_sc_payld'(9) to pin: '/m00_nodes/S_SC_B_payld'(7) - Only lower order bits will be connected.
WARNING: [BD 41-2384] Width mismatch when connecting pin: '/m01_nodes/m01_r_node/s_sc_payld'(55) to pin: '/m01_nodes/S_SC_R_payld'(53) - Only lower order bits will be connected.
WARNING: [BD 41-2384] Width mismatch when connecting pin: '/m01_nodes/m01_b_node/s_sc_payld'(9) to pin: '/m01_nodes/S_SC_B_payld'(7) - Only lower order bits will be connected.
WARNING: [BD 41-2384] Width mismatch when connecting pin: '/m02_nodes/m02_r_node/s_sc_payld'(55) to pin: '/m02_nodes/S_SC_R_payld'(53) - Only lower order bits will be connected.
WARNING: [BD 41-2384] Width mismatch when connecting pin: '/m02_nodes/m02_b_node/s_sc_payld'(9) to pin: '/m02_nodes/S_SC_B_payld'(7) - Only lower order bits will be connected.
WARNING: [BD 41-2384] Width mismatch when connecting pin: '/s00_axi2sc/s_sc_r_payld'(53) to pin: '/s00_nodes/M_SC_R_payld'(55) - Only lower order bits will be connected.
WARNING: [BD 41-2384] Width mismatch when connecting pin: '/s00_axi2sc/s_sc_b_payld'(7) to pin: '/s00_nodes/M_SC_B_payld'(9) - Only lower order bits will be connected.
WARNING: [BD 41-2384] Width mismatch when connecting pin: '/m00_sc2axi/s_sc_ar_payld'(142) to pin: '/m00_nodes/M_SC_AR_payld'(146) - Only lower order bits will be connected.
WARNING: [BD 41-2384] Width mismatch when connecting pin: '/m00_sc2axi/s_sc_aw_payld'(142) to pin: '/m00_nodes/M_SC_AW_payld'(146) - Only lower order bits will be connected.
WARNING: [BD 41-2384] Width mismatch when connecting pin: '/m01_sc2axi/s_sc_ar_payld'(142) to pin: '/m01_nodes/M_SC_AR_payld'(146) - Only lower order bits will be connected.
WARNING: [BD 41-2384] Width mismatch when connecting pin: '/m01_sc2axi/s_sc_aw_payld'(142) to pin: '/m01_nodes/M_SC_AW_payld'(146) - Only lower order bits will be connected.
WARNING: [BD 41-2384] Width mismatch when connecting pin: '/m02_sc2axi/s_sc_ar_payld'(142) to pin: '/m02_nodes/M_SC_AR_payld'(146) - Only lower order bits will be connected.
WARNING: [BD 41-2384] Width mismatch when connecting pin: '/m02_sc2axi/s_sc_aw_payld'(142) to pin: '/m02_nodes/M_SC_AW_payld'(146) - Only lower order bits will be connected.
WARNING: [BD 41-2384] Width mismatch when connecting pin: '/s00_nodes/s00_ar_node/s_sc_payld'(146) to pin: '/s00_nodes/S_SC_AR_payld'(142) - Only lower order bits will be connected.
WARNING: [BD 41-2384] Width mismatch when connecting pin: '/s00_nodes/s00_aw_node/s_sc_payld'(146) to pin: '/s00_nodes/S_SC_AW_payld'(142) - Only lower order bits will be connected.
WARNING: [BD 41-2384] Width mismatch when connecting pin: '/m00_nodes/m00_r_node/s_sc_payld'(55) to pin: '/m00_nodes/S_SC_R_payld'(53) - Only lower order bits will be connected.
WARNING: [BD 41-2384] Width mismatch when connecting pin: '/m00_nodes/m00_b_node/s_sc_payld'(9) to pin: '/m00_nodes/S_SC_B_payld'(7) - Only lower order bits will be connected.
WARNING: [BD 41-2384] Width mismatch when connecting pin: '/m01_nodes/m01_r_node/s_sc_payld'(55) to pin: '/m01_nodes/S_SC_R_payld'(53) - Only lower order bits will be connected.
WARNING: [BD 41-2384] Width mismatch when connecting pin: '/m01_nodes/m01_b_node/s_sc_payld'(9) to pin: '/m01_nodes/S_SC_B_payld'(7) - Only lower order bits will be connected.
WARNING: [BD 41-2384] Width mismatch when connecting pin: '/m02_nodes/m02_r_node/s_sc_payld'(55) to pin: '/m02_nodes/S_SC_R_payld'(53) - Only lower order bits will be connected.
WARNING: [BD 41-2384] Width mismatch when connecting pin: '/m02_nodes/m02_b_node/s_sc_payld'(9) to pin: '/m02_nodes/S_SC_B_payld'(7) - Only lower order bits will be connected.
WARNING: [BD 41-2384] Width mismatch when connecting pin: '/s00_axi2sc/s_sc_r_payld'(53) to pin: '/s00_nodes/M_SC_R_payld'(55) - Only lower order bits will be connected.
WARNING: [BD 41-2384] Width mismatch when connecting pin: '/s00_axi2sc/s_sc_b_payld'(7) to pin: '/s00_nodes/M_SC_B_payld'(9) - Only lower order bits will be connected.
WARNING: [BD 41-2384] Width mismatch when connecting pin: '/m00_sc2axi/s_sc_ar_payld'(142) to pin: '/m00_nodes/M_SC_AR_payld'(146) - Only lower order bits will be connected.
WARNING: [BD 41-2384] Width mismatch when connecting pin: '/m00_sc2axi/s_sc_aw_payld'(142) to pin: '/m00_nodes/M_SC_AW_payld'(146) - Only lower order bits will be connected.
WARNING: [BD 41-2384] Width mismatch when connecting pin: '/m01_sc2axi/s_sc_ar_payld'(142) to pin: '/m01_nodes/M_SC_AR_payld'(146) - Only lower order bits will be connected.
WARNING: [BD 41-2384] Width mismatch when connecting pin: '/m01_sc2axi/s_sc_aw_payld'(142) to pin: '/m01_nodes/M_SC_AW_payld'(146) - Only lower order bits will be connected.
WARNING: [BD 41-2384] Width mismatch when connecting pin: '/m02_sc2axi/s_sc_ar_payld'(142) to pin: '/m02_nodes/M_SC_AR_payld'(146) - Only lower order bits will be connected.
WARNING: [BD 41-2384] Width mismatch when connecting pin: '/m02_sc2axi/s_sc_aw_payld'(142) to pin: '/m02_nodes/M_SC_AW_payld'(146) - Only lower order bits will be connected.
Exporting to file /home/linux/ieng6/students/298/jjhan/Downloads/project_3_3/project_3_3.gen/sources_1/bd/design_1/ip/design_1_axi_smc_0/bd_0/hw_handoff/design_1_axi_smc_0.hwh
Generated Hardware Definition File /home/linux/ieng6/students/298/jjhan/Downloads/project_3_3/project_3_3.gen/sources_1/bd/design_1/ip/design_1_axi_smc_0/bd_0/synth/design_1_axi_smc_0.hwdef
INFO: [BD 41-1029] Generation completed for the IP Integrator block axi_smc .
INFO: [BD 41-1029] Generation completed for the IP Integrator block dft_0 .
WARNING: [IP_Flow 19-4994] Overwriting existing constraint file '/home/linux/ieng6/students/298/jjhan/Downloads/project_3_3/project_3_3.gen/sources_1/bd/design_1/ip/design_1_axi_mem_intercon_imp_auto_us_0/design_1_axi_mem_intercon_imp_auto_us_0_ooc.xdc'
INFO: [BD 41-1029] Generation completed for the IP Integrator block axi_mem_intercon/s00_couplers/auto_us .
WARNING: [IP_Flow 19-4994] Overwriting existing constraint file '/home/linux/ieng6/students/298/jjhan/Downloads/project_3_3/project_3_3.gen/sources_1/bd/design_1/ip/design_1_axi_mem_intercon_imp_auto_us_1/design_1_axi_mem_intercon_imp_auto_us_1_ooc.xdc'
INFO: [BD 41-1029] Generation completed for the IP Integrator block axi_mem_intercon/s01_couplers/auto_us .
WARNING: [IP_Flow 19-4994] Overwriting existing constraint file '/home/linux/ieng6/students/298/jjhan/Downloads/project_3_3/project_3_3.gen/sources_1/bd/design_1/ip/design_1_axi_mem_intercon_imp_auto_us_2/design_1_axi_mem_intercon_imp_auto_us_2_ooc.xdc'
INFO: [BD 41-1029] Generation completed for the IP Integrator block axi_mem_intercon/s02_couplers/auto_us .
WARNING: [IP_Flow 19-4994] Overwriting existing constraint file '/home/linux/ieng6/students/298/jjhan/Downloads/project_3_3/project_3_3.gen/sources_1/bd/design_1/ip/design_1_axi_mem_intercon_imp_auto_us_3/design_1_axi_mem_intercon_imp_auto_us_3_ooc.xdc'
INFO: [BD 41-1029] Generation completed for the IP Integrator block axi_mem_intercon/s03_couplers/auto_us .
WARNING: [IP_Flow 19-4994] Overwriting existing constraint file '/home/linux/ieng6/students/298/jjhan/Downloads/project_3_3/project_3_3.gen/sources_1/bd/design_1/ip/design_1_axi_mem_intercon_imp_auto_pc_0/design_1_axi_mem_intercon_imp_auto_pc_0_ooc.xdc'
INFO: [BD 41-1029] Generation completed for the IP Integrator block axi_mem_intercon/m00_couplers/auto_pc .
Exporting to file /home/linux/ieng6/students/298/jjhan/Downloads/project_3_3/project_3_3.gen/sources_1/bd/design_1/hw_handoff/design_1.hwh
Generated Hardware Definition File /home/linux/ieng6/students/298/jjhan/Downloads/project_3_3/project_3_3.gen/sources_1/bd/design_1/synth/design_1.hwdef
generate_target: Time (s): cpu = 00:00:57 ; elapsed = 00:01:03 . Memory (MB): peak = 10711.207 ; gain = 0.000 ; free physical = 5026 ; free virtual = 17888
catch { config_ip_cache -export [get_ips -all design_1_axi_smc_0] }
INFO: [IP_Flow 19-6924] IPCACHE: Running cache check for IP inst: design_1_axi_smc_0
INFO: [IP_Flow 19-6922] IPCACHE: Exporting cached entry 8aa41e5d37746b9f to dir: /home/linux/ieng6/students/298/jjhan/Downloads/project_3_3/project_3_3.gen/sources_1/bd/design_1/ip/design_1_axi_smc_0
INFO: [IP_Flow 19-6928] IPCACHE: copied cached file /home/linux/ieng6/students/298/jjhan/Downloads/project_3_3/project_3_3.cache/ip/2024.2/8/a/8aa41e5d37746b9f/design_1_axi_smc_0.dcp to /home/linux/ieng6/students/298/jjhan/Downloads/project_3_3/project_3_3.gen/sources_1/bd/design_1/ip/design_1_axi_smc_0/design_1_axi_smc_0.dcp.
INFO: [IP_Flow 19-6926] IPCACHE: added file to list for BOM: /home/linux/ieng6/students/298/jjhan/Downloads/project_3_3/project_3_3.gen/sources_1/bd/design_1/ip/design_1_axi_smc_0/design_1_axi_smc_0.dcp
INFO: [IP_Flow 19-6928] IPCACHE: copied cached file /home/linux/ieng6/students/298/jjhan/Downloads/project_3_3/project_3_3.cache/ip/2024.2/8/a/8aa41e5d37746b9f/design_1_axi_smc_0_stub.v to /home/linux/ieng6/students/298/jjhan/Downloads/project_3_3/project_3_3.gen/sources_1/bd/design_1/ip/design_1_axi_smc_0/design_1_axi_smc_0_stub.v.
INFO: [IP_Flow 19-6926] IPCACHE: added file to list for BOM: /home/linux/ieng6/students/298/jjhan/Downloads/project_3_3/project_3_3.gen/sources_1/bd/design_1/ip/design_1_axi_smc_0/design_1_axi_smc_0_stub.v
INFO: [IP_Flow 19-6928] IPCACHE: copied cached file /home/linux/ieng6/students/298/jjhan/Downloads/project_3_3/project_3_3.cache/ip/2024.2/8/a/8aa41e5d37746b9f/design_1_axi_smc_0_stub.vhdl to /home/linux/ieng6/students/298/jjhan/Downloads/project_3_3/project_3_3.gen/sources_1/bd/design_1/ip/design_1_axi_smc_0/design_1_axi_smc_0_stub.vhdl.
INFO: [IP_Flow 19-6926] IPCACHE: added file to list for BOM: /home/linux/ieng6/students/298/jjhan/Downloads/project_3_3/project_3_3.gen/sources_1/bd/design_1/ip/design_1_axi_smc_0/design_1_axi_smc_0_stub.vhdl
INFO: [IP_Flow 19-6928] IPCACHE: copied cached file /home/linux/ieng6/students/298/jjhan/Downloads/project_3_3/project_3_3.cache/ip/2024.2/8/a/8aa41e5d37746b9f/design_1_axi_smc_0_sim_netlist.v to /home/linux/ieng6/students/298/jjhan/Downloads/project_3_3/project_3_3.gen/sources_1/bd/design_1/ip/design_1_axi_smc_0/design_1_axi_smc_0_sim_netlist.v.
INFO: [IP_Flow 19-6926] IPCACHE: added file to list for BOM: /home/linux/ieng6/students/298/jjhan/Downloads/project_3_3/project_3_3.gen/sources_1/bd/design_1/ip/design_1_axi_smc_0/design_1_axi_smc_0_sim_netlist.v
INFO: [IP_Flow 19-6928] IPCACHE: copied cached file /home/linux/ieng6/students/298/jjhan/Downloads/project_3_3/project_3_3.cache/ip/2024.2/8/a/8aa41e5d37746b9f/design_1_axi_smc_0_sim_netlist.vhdl to /home/linux/ieng6/students/298/jjhan/Downloads/project_3_3/project_3_3.gen/sources_1/bd/design_1/ip/design_1_axi_smc_0/design_1_axi_smc_0_sim_netlist.vhdl.
INFO: [IP_Flow 19-6926] IPCACHE: added file to list for BOM: /home/linux/ieng6/students/298/jjhan/Downloads/project_3_3/project_3_3.gen/sources_1/bd/design_1/ip/design_1_axi_smc_0/design_1_axi_smc_0_sim_netlist.vhdl
INFO: [IP_Flow 19-4993] Using cached IP synthesis design for IP design_1_axi_smc_0, cache-ID = 8aa41e5d37746b9f; cache size = 23.796 MB.
catch { config_ip_cache -export [get_ips -all design_1_dft_0_1] }
INFO: [IP_Flow 19-6924] IPCACHE: Running cache check for IP inst: design_1_dft_0_1
catch { config_ip_cache -export [get_ips -all design_1_axi_mem_intercon_imp_auto_us_0] }
INFO: [IP_Flow 19-6924] IPCACHE: Running cache check for IP inst: design_1_axi_mem_intercon_imp_auto_us_0
INFO: [IP_Flow 19-6922] IPCACHE: Exporting cached entry a1f4e854dde34f3e to dir: /home/linux/ieng6/students/298/jjhan/Downloads/project_3_3/project_3_3.gen/sources_1/bd/design_1/ip/design_1_axi_mem_intercon_imp_auto_us_0
INFO: [IP_Flow 19-6928] IPCACHE: copied cached file /home/linux/ieng6/students/298/jjhan/Downloads/project_3_3/project_3_3.cache/ip/2024.2/a/1/a1f4e854dde34f3e/design_1_axi_mem_intercon_imp_auto_us_2.dcp to /home/linux/ieng6/students/298/jjhan/Downloads/project_3_3/project_3_3.gen/sources_1/bd/design_1/ip/design_1_axi_mem_intercon_imp_auto_us_0/design_1_axi_mem_intercon_imp_auto_us_0.dcp.
INFO: [IP_Flow 19-6926] IPCACHE: added file to list for BOM: /home/linux/ieng6/students/298/jjhan/Downloads/project_3_3/project_3_3.gen/sources_1/bd/design_1/ip/design_1_axi_mem_intercon_imp_auto_us_0/design_1_axi_mem_intercon_imp_auto_us_0.dcp
INFO: [IP_Flow 19-6928] IPCACHE: copied cached file /home/linux/ieng6/students/298/jjhan/Downloads/project_3_3/project_3_3.cache/ip/2024.2/a/1/a1f4e854dde34f3e/design_1_axi_mem_intercon_imp_auto_us_2_stub.v to /home/linux/ieng6/students/298/jjhan/Downloads/project_3_3/project_3_3.gen/sources_1/bd/design_1/ip/design_1_axi_mem_intercon_imp_auto_us_0/design_1_axi_mem_intercon_imp_auto_us_0_stub.v.
INFO: [IP_Flow 19-6926] IPCACHE: added file to list for BOM: /home/linux/ieng6/students/298/jjhan/Downloads/project_3_3/project_3_3.gen/sources_1/bd/design_1/ip/design_1_axi_mem_intercon_imp_auto_us_0/design_1_axi_mem_intercon_imp_auto_us_0_stub.v
INFO: [IP_Flow 19-6928] IPCACHE: copied cached file /home/linux/ieng6/students/298/jjhan/Downloads/project_3_3/project_3_3.cache/ip/2024.2/a/1/a1f4e854dde34f3e/design_1_axi_mem_intercon_imp_auto_us_2_stub.vhdl to /home/linux/ieng6/students/298/jjhan/Downloads/project_3_3/project_3_3.gen/sources_1/bd/design_1/ip/design_1_axi_mem_intercon_imp_auto_us_0/design_1_axi_mem_intercon_imp_auto_us_0_stub.vhdl.
INFO: [IP_Flow 19-6926] IPCACHE: added file to list for BOM: /home/linux/ieng6/students/298/jjhan/Downloads/project_3_3/project_3_3.gen/sources_1/bd/design_1/ip/design_1_axi_mem_intercon_imp_auto_us_0/design_1_axi_mem_intercon_imp_auto_us_0_stub.vhdl
INFO: [IP_Flow 19-6928] IPCACHE: copied cached file /home/linux/ieng6/students/298/jjhan/Downloads/project_3_3/project_3_3.cache/ip/2024.2/a/1/a1f4e854dde34f3e/design_1_axi_mem_intercon_imp_auto_us_2_sim_netlist.v to /home/linux/ieng6/students/298/jjhan/Downloads/project_3_3/project_3_3.gen/sources_1/bd/design_1/ip/design_1_axi_mem_intercon_imp_auto_us_0/design_1_axi_mem_intercon_imp_auto_us_0_sim_netlist.v.
INFO: [IP_Flow 19-6926] IPCACHE: added file to list for BOM: /home/linux/ieng6/students/298/jjhan/Downloads/project_3_3/project_3_3.gen/sources_1/bd/design_1/ip/design_1_axi_mem_intercon_imp_auto_us_0/design_1_axi_mem_intercon_imp_auto_us_0_sim_netlist.v
INFO: [IP_Flow 19-6928] IPCACHE: copied cached file /home/linux/ieng6/students/298/jjhan/Downloads/project_3_3/project_3_3.cache/ip/2024.2/a/1/a1f4e854dde34f3e/design_1_axi_mem_intercon_imp_auto_us_2_sim_netlist.vhdl to /home/linux/ieng6/students/298/jjhan/Downloads/project_3_3/project_3_3.gen/sources_1/bd/design_1/ip/design_1_axi_mem_intercon_imp_auto_us_0/design_1_axi_mem_intercon_imp_auto_us_0_sim_netlist.vhdl.
INFO: [IP_Flow 19-6926] IPCACHE: added file to list for BOM: /home/linux/ieng6/students/298/jjhan/Downloads/project_3_3/project_3_3.gen/sources_1/bd/design_1/ip/design_1_axi_mem_intercon_imp_auto_us_0/design_1_axi_mem_intercon_imp_auto_us_0_sim_netlist.vhdl
INFO: [IP_Flow 19-4993] Using cached IP synthesis design for IP design_1_axi_mem_intercon_imp_auto_us_0, cache-ID = a1f4e854dde34f3e; cache size = 23.796 MB.
catch { config_ip_cache -export [get_ips -all design_1_axi_mem_intercon_imp_auto_us_1] }
INFO: [IP_Flow 19-6924] IPCACHE: Running cache check for IP inst: design_1_axi_mem_intercon_imp_auto_us_1
INFO: [IP_Flow 19-6922] IPCACHE: Exporting cached entry aaaeba6229806ef7 to dir: /home/linux/ieng6/students/298/jjhan/Downloads/project_3_3/project_3_3.gen/sources_1/bd/design_1/ip/design_1_axi_mem_intercon_imp_auto_us_1
INFO: [IP_Flow 19-6928] IPCACHE: copied cached file /home/linux/ieng6/students/298/jjhan/Downloads/project_3_3/project_3_3.cache/ip/2024.2/a/a/aaaeba6229806ef7/design_1_axi_mem_intercon_imp_auto_us_3.dcp to /home/linux/ieng6/students/298/jjhan/Downloads/project_3_3/project_3_3.gen/sources_1/bd/design_1/ip/design_1_axi_mem_intercon_imp_auto_us_1/design_1_axi_mem_intercon_imp_auto_us_1.dcp.
INFO: [IP_Flow 19-6926] IPCACHE: added file to list for BOM: /home/linux/ieng6/students/298/jjhan/Downloads/project_3_3/project_3_3.gen/sources_1/bd/design_1/ip/design_1_axi_mem_intercon_imp_auto_us_1/design_1_axi_mem_intercon_imp_auto_us_1.dcp
INFO: [IP_Flow 19-6928] IPCACHE: copied cached file /home/linux/ieng6/students/298/jjhan/Downloads/project_3_3/project_3_3.cache/ip/2024.2/a/a/aaaeba6229806ef7/design_1_axi_mem_intercon_imp_auto_us_3_stub.v to /home/linux/ieng6/students/298/jjhan/Downloads/project_3_3/project_3_3.gen/sources_1/bd/design_1/ip/design_1_axi_mem_intercon_imp_auto_us_1/design_1_axi_mem_intercon_imp_auto_us_1_stub.v.
INFO: [IP_Flow 19-6926] IPCACHE: added file to list for BOM: /home/linux/ieng6/students/298/jjhan/Downloads/project_3_3/project_3_3.gen/sources_1/bd/design_1/ip/design_1_axi_mem_intercon_imp_auto_us_1/design_1_axi_mem_intercon_imp_auto_us_1_stub.v
INFO: [IP_Flow 19-6928] IPCACHE: copied cached file /home/linux/ieng6/students/298/jjhan/Downloads/project_3_3/project_3_3.cache/ip/2024.2/a/a/aaaeba6229806ef7/design_1_axi_mem_intercon_imp_auto_us_3_stub.vhdl to /home/linux/ieng6/students/298/jjhan/Downloads/project_3_3/project_3_3.gen/sources_1/bd/design_1/ip/design_1_axi_mem_intercon_imp_auto_us_1/design_1_axi_mem_intercon_imp_auto_us_1_stub.vhdl.
INFO: [IP_Flow 19-6926] IPCACHE: added file to list for BOM: /home/linux/ieng6/students/298/jjhan/Downloads/project_3_3/project_3_3.gen/sources_1/bd/design_1/ip/design_1_axi_mem_intercon_imp_auto_us_1/design_1_axi_mem_intercon_imp_auto_us_1_stub.vhdl
INFO: [IP_Flow 19-6928] IPCACHE: copied cached file /home/linux/ieng6/students/298/jjhan/Downloads/project_3_3/project_3_3.cache/ip/2024.2/a/a/aaaeba6229806ef7/design_1_axi_mem_intercon_imp_auto_us_3_sim_netlist.v to /home/linux/ieng6/students/298/jjhan/Downloads/project_3_3/project_3_3.gen/sources_1/bd/design_1/ip/design_1_axi_mem_intercon_imp_auto_us_1/design_1_axi_mem_intercon_imp_auto_us_1_sim_netlist.v.
INFO: [IP_Flow 19-6926] IPCACHE: added file to list for BOM: /home/linux/ieng6/students/298/jjhan/Downloads/project_3_3/project_3_3.gen/sources_1/bd/design_1/ip/design_1_axi_mem_intercon_imp_auto_us_1/design_1_axi_mem_intercon_imp_auto_us_1_sim_netlist.v
INFO: [IP_Flow 19-6928] IPCACHE: copied cached file /home/linux/ieng6/students/298/jjhan/Downloads/project_3_3/project_3_3.cache/ip/2024.2/a/a/aaaeba6229806ef7/design_1_axi_mem_intercon_imp_auto_us_3_sim_netlist.vhdl to /home/linux/ieng6/students/298/jjhan/Downloads/project_3_3/project_3_3.gen/sources_1/bd/design_1/ip/design_1_axi_mem_intercon_imp_auto_us_1/design_1_axi_mem_intercon_imp_auto_us_1_sim_netlist.vhdl.
INFO: [IP_Flow 19-6926] IPCACHE: added file to list for BOM: /home/linux/ieng6/students/298/jjhan/Downloads/project_3_3/project_3_3.gen/sources_1/bd/design_1/ip/design_1_axi_mem_intercon_imp_auto_us_1/design_1_axi_mem_intercon_imp_auto_us_1_sim_netlist.vhdl
INFO: [IP_Flow 19-4993] Using cached IP synthesis design for IP design_1_axi_mem_intercon_imp_auto_us_1, cache-ID = aaaeba6229806ef7; cache size = 23.796 MB.
catch { config_ip_cache -export [get_ips -all design_1_axi_mem_intercon_imp_auto_us_2] }
INFO: [IP_Flow 19-6924] IPCACHE: Running cache check for IP inst: design_1_axi_mem_intercon_imp_auto_us_2
INFO: [IP_Flow 19-6922] IPCACHE: Exporting cached entry a1f4e854dde34f3e to dir: /home/linux/ieng6/students/298/jjhan/Downloads/project_3_3/project_3_3.gen/sources_1/bd/design_1/ip/design_1_axi_mem_intercon_imp_auto_us_2
INFO: [IP_Flow 19-6928] IPCACHE: copied cached file /home/linux/ieng6/students/298/jjhan/Downloads/project_3_3/project_3_3.cache/ip/2024.2/a/1/a1f4e854dde34f3e/design_1_axi_mem_intercon_imp_auto_us_2.dcp to /home/linux/ieng6/students/298/jjhan/Downloads/project_3_3/project_3_3.gen/sources_1/bd/design_1/ip/design_1_axi_mem_intercon_imp_auto_us_2/design_1_axi_mem_intercon_imp_auto_us_2.dcp.
INFO: [IP_Flow 19-6926] IPCACHE: added file to list for BOM: /home/linux/ieng6/students/298/jjhan/Downloads/project_3_3/project_3_3.gen/sources_1/bd/design_1/ip/design_1_axi_mem_intercon_imp_auto_us_2/design_1_axi_mem_intercon_imp_auto_us_2.dcp
INFO: [IP_Flow 19-6928] IPCACHE: copied cached file /home/linux/ieng6/students/298/jjhan/Downloads/project_3_3/project_3_3.cache/ip/2024.2/a/1/a1f4e854dde34f3e/design_1_axi_mem_intercon_imp_auto_us_2_stub.v to /home/linux/ieng6/students/298/jjhan/Downloads/project_3_3/project_3_3.gen/sources_1/bd/design_1/ip/design_1_axi_mem_intercon_imp_auto_us_2/design_1_axi_mem_intercon_imp_auto_us_2_stub.v.
INFO: [IP_Flow 19-6926] IPCACHE: added file to list for BOM: /home/linux/ieng6/students/298/jjhan/Downloads/project_3_3/project_3_3.gen/sources_1/bd/design_1/ip/design_1_axi_mem_intercon_imp_auto_us_2/design_1_axi_mem_intercon_imp_auto_us_2_stub.v
INFO: [IP_Flow 19-6928] IPCACHE: copied cached file /home/linux/ieng6/students/298/jjhan/Downloads/project_3_3/project_3_3.cache/ip/2024.2/a/1/a1f4e854dde34f3e/design_1_axi_mem_intercon_imp_auto_us_2_stub.vhdl to /home/linux/ieng6/students/298/jjhan/Downloads/project_3_3/project_3_3.gen/sources_1/bd/design_1/ip/design_1_axi_mem_intercon_imp_auto_us_2/design_1_axi_mem_intercon_imp_auto_us_2_stub.vhdl.
INFO: [IP_Flow 19-6926] IPCACHE: added file to list for BOM: /home/linux/ieng6/students/298/jjhan/Downloads/project_3_3/project_3_3.gen/sources_1/bd/design_1/ip/design_1_axi_mem_intercon_imp_auto_us_2/design_1_axi_mem_intercon_imp_auto_us_2_stub.vhdl
INFO: [IP_Flow 19-6928] IPCACHE: copied cached file /home/linux/ieng6/students/298/jjhan/Downloads/project_3_3/project_3_3.cache/ip/2024.2/a/1/a1f4e854dde34f3e/design_1_axi_mem_intercon_imp_auto_us_2_sim_netlist.v to /home/linux/ieng6/students/298/jjhan/Downloads/project_3_3/project_3_3.gen/sources_1/bd/design_1/ip/design_1_axi_mem_intercon_imp_auto_us_2/design_1_axi_mem_intercon_imp_auto_us_2_sim_netlist.v.
INFO: [IP_Flow 19-6926] IPCACHE: added file to list for BOM: /home/linux/ieng6/students/298/jjhan/Downloads/project_3_3/project_3_3.gen/sources_1/bd/design_1/ip/design_1_axi_mem_intercon_imp_auto_us_2/design_1_axi_mem_intercon_imp_auto_us_2_sim_netlist.v
INFO: [IP_Flow 19-6928] IPCACHE: copied cached file /home/linux/ieng6/students/298/jjhan/Downloads/project_3_3/project_3_3.cache/ip/2024.2/a/1/a1f4e854dde34f3e/design_1_axi_mem_intercon_imp_auto_us_2_sim_netlist.vhdl to /home/linux/ieng6/students/298/jjhan/Downloads/project_3_3/project_3_3.gen/sources_1/bd/design_1/ip/design_1_axi_mem_intercon_imp_auto_us_2/design_1_axi_mem_intercon_imp_auto_us_2_sim_netlist.vhdl.
INFO: [IP_Flow 19-6926] IPCACHE: added file to list for BOM: /home/linux/ieng6/students/298/jjhan/Downloads/project_3_3/project_3_3.gen/sources_1/bd/design_1/ip/design_1_axi_mem_intercon_imp_auto_us_2/design_1_axi_mem_intercon_imp_auto_us_2_sim_netlist.vhdl
INFO: [IP_Flow 19-4993] Using cached IP synthesis design for IP design_1_axi_mem_intercon_imp_auto_us_2, cache-ID = a1f4e854dde34f3e; cache size = 23.796 MB.
catch { config_ip_cache -export [get_ips -all design_1_axi_mem_intercon_imp_auto_us_3] }
INFO: [IP_Flow 19-6924] IPCACHE: Running cache check for IP inst: design_1_axi_mem_intercon_imp_auto_us_3
INFO: [IP_Flow 19-6922] IPCACHE: Exporting cached entry aaaeba6229806ef7 to dir: /home/linux/ieng6/students/298/jjhan/Downloads/project_3_3/project_3_3.gen/sources_1/bd/design_1/ip/design_1_axi_mem_intercon_imp_auto_us_3
INFO: [IP_Flow 19-6928] IPCACHE: copied cached file /home/linux/ieng6/students/298/jjhan/Downloads/project_3_3/project_3_3.cache/ip/2024.2/a/a/aaaeba6229806ef7/design_1_axi_mem_intercon_imp_auto_us_3.dcp to /home/linux/ieng6/students/298/jjhan/Downloads/project_3_3/project_3_3.gen/sources_1/bd/design_1/ip/design_1_axi_mem_intercon_imp_auto_us_3/design_1_axi_mem_intercon_imp_auto_us_3.dcp.
INFO: [IP_Flow 19-6926] IPCACHE: added file to list for BOM: /home/linux/ieng6/students/298/jjhan/Downloads/project_3_3/project_3_3.gen/sources_1/bd/design_1/ip/design_1_axi_mem_intercon_imp_auto_us_3/design_1_axi_mem_intercon_imp_auto_us_3.dcp
INFO: [IP_Flow 19-6928] IPCACHE: copied cached file /home/linux/ieng6/students/298/jjhan/Downloads/project_3_3/project_3_3.cache/ip/2024.2/a/a/aaaeba6229806ef7/design_1_axi_mem_intercon_imp_auto_us_3_stub.v to /home/linux/ieng6/students/298/jjhan/Downloads/project_3_3/project_3_3.gen/sources_1/bd/design_1/ip/design_1_axi_mem_intercon_imp_auto_us_3/design_1_axi_mem_intercon_imp_auto_us_3_stub.v.
INFO: [IP_Flow 19-6926] IPCACHE: added file to list for BOM: /home/linux/ieng6/students/298/jjhan/Downloads/project_3_3/project_3_3.gen/sources_1/bd/design_1/ip/design_1_axi_mem_intercon_imp_auto_us_3/design_1_axi_mem_intercon_imp_auto_us_3_stub.v
INFO: [IP_Flow 19-6928] IPCACHE: copied cached file /home/linux/ieng6/students/298/jjhan/Downloads/project_3_3/project_3_3.cache/ip/2024.2/a/a/aaaeba6229806ef7/design_1_axi_mem_intercon_imp_auto_us_3_stub.vhdl to /home/linux/ieng6/students/298/jjhan/Downloads/project_3_3/project_3_3.gen/sources_1/bd/design_1/ip/design_1_axi_mem_intercon_imp_auto_us_3/design_1_axi_mem_intercon_imp_auto_us_3_stub.vhdl.
INFO: [IP_Flow 19-6926] IPCACHE: added file to list for BOM: /home/linux/ieng6/students/298/jjhan/Downloads/project_3_3/project_3_3.gen/sources_1/bd/design_1/ip/design_1_axi_mem_intercon_imp_auto_us_3/design_1_axi_mem_intercon_imp_auto_us_3_stub.vhdl
INFO: [IP_Flow 19-6928] IPCACHE: copied cached file /home/linux/ieng6/students/298/jjhan/Downloads/project_3_3/project_3_3.cache/ip/2024.2/a/a/aaaeba6229806ef7/design_1_axi_mem_intercon_imp_auto_us_3_sim_netlist.v to /home/linux/ieng6/students/298/jjhan/Downloads/project_3_3/project_3_3.gen/sources_1/bd/design_1/ip/design_1_axi_mem_intercon_imp_auto_us_3/design_1_axi_mem_intercon_imp_auto_us_3_sim_netlist.v.
INFO: [IP_Flow 19-6926] IPCACHE: added file to list for BOM: /home/linux/ieng6/students/298/jjhan/Downloads/project_3_3/project_3_3.gen/sources_1/bd/design_1/ip/design_1_axi_mem_intercon_imp_auto_us_3/design_1_axi_mem_intercon_imp_auto_us_3_sim_netlist.v
INFO: [IP_Flow 19-6928] IPCACHE: copied cached file /home/linux/ieng6/students/298/jjhan/Downloads/project_3_3/project_3_3.cache/ip/2024.2/a/a/aaaeba6229806ef7/design_1_axi_mem_intercon_imp_auto_us_3_sim_netlist.vhdl to /home/linux/ieng6/students/298/jjhan/Downloads/project_3_3/project_3_3.gen/sources_1/bd/design_1/ip/design_1_axi_mem_intercon_imp_auto_us_3/design_1_axi_mem_intercon_imp_auto_us_3_sim_netlist.vhdl.
INFO: [IP_Flow 19-6926] IPCACHE: added file to list for BOM: /home/linux/ieng6/students/298/jjhan/Downloads/project_3_3/project_3_3.gen/sources_1/bd/design_1/ip/design_1_axi_mem_intercon_imp_auto_us_3/design_1_axi_mem_intercon_imp_auto_us_3_sim_netlist.vhdl
INFO: [IP_Flow 19-4993] Using cached IP synthesis design for IP design_1_axi_mem_intercon_imp_auto_us_3, cache-ID = aaaeba6229806ef7; cache size = 23.796 MB.
catch { config_ip_cache -export [get_ips -all design_1_axi_mem_intercon_imp_auto_pc_0] }
INFO: [IP_Flow 19-6924] IPCACHE: Running cache check for IP inst: design_1_axi_mem_intercon_imp_auto_pc_0
INFO: [IP_Flow 19-6922] IPCACHE: Exporting cached entry eee36533d4c97dbe to dir: /home/linux/ieng6/students/298/jjhan/Downloads/project_3_3/project_3_3.gen/sources_1/bd/design_1/ip/design_1_axi_mem_intercon_imp_auto_pc_0
INFO: [IP_Flow 19-6928] IPCACHE: copied cached file /home/linux/ieng6/students/298/jjhan/Downloads/project_3_3/project_3_3.cache/ip/2024.2/e/e/eee36533d4c97dbe/design_1_axi_mem_intercon_imp_auto_pc_0.dcp to /home/linux/ieng6/students/298/jjhan/Downloads/project_3_3/project_3_3.gen/sources_1/bd/design_1/ip/design_1_axi_mem_intercon_imp_auto_pc_0/design_1_axi_mem_intercon_imp_auto_pc_0.dcp.
INFO: [IP_Flow 19-6926] IPCACHE: added file to list for BOM: /home/linux/ieng6/students/298/jjhan/Downloads/project_3_3/project_3_3.gen/sources_1/bd/design_1/ip/design_1_axi_mem_intercon_imp_auto_pc_0/design_1_axi_mem_intercon_imp_auto_pc_0.dcp
INFO: [IP_Flow 19-6928] IPCACHE: copied cached file /home/linux/ieng6/students/298/jjhan/Downloads/project_3_3/project_3_3.cache/ip/2024.2/e/e/eee36533d4c97dbe/design_1_axi_mem_intercon_imp_auto_pc_0_stub.v to /home/linux/ieng6/students/298/jjhan/Downloads/project_3_3/project_3_3.gen/sources_1/bd/design_1/ip/design_1_axi_mem_intercon_imp_auto_pc_0/design_1_axi_mem_intercon_imp_auto_pc_0_stub.v.
INFO: [IP_Flow 19-6926] IPCACHE: added file to list for BOM: /home/linux/ieng6/students/298/jjhan/Downloads/project_3_3/project_3_3.gen/sources_1/bd/design_1/ip/design_1_axi_mem_intercon_imp_auto_pc_0/design_1_axi_mem_intercon_imp_auto_pc_0_stub.v
INFO: [IP_Flow 19-6928] IPCACHE: copied cached file /home/linux/ieng6/students/298/jjhan/Downloads/project_3_3/project_3_3.cache/ip/2024.2/e/e/eee36533d4c97dbe/design_1_axi_mem_intercon_imp_auto_pc_0_stub.vhdl to /home/linux/ieng6/students/298/jjhan/Downloads/project_3_3/project_3_3.gen/sources_1/bd/design_1/ip/design_1_axi_mem_intercon_imp_auto_pc_0/design_1_axi_mem_intercon_imp_auto_pc_0_stub.vhdl.
INFO: [IP_Flow 19-6926] IPCACHE: added file to list for BOM: /home/linux/ieng6/students/298/jjhan/Downloads/project_3_3/project_3_3.gen/sources_1/bd/design_1/ip/design_1_axi_mem_intercon_imp_auto_pc_0/design_1_axi_mem_intercon_imp_auto_pc_0_stub.vhdl
INFO: [IP_Flow 19-6928] IPCACHE: copied cached file /home/linux/ieng6/students/298/jjhan/Downloads/project_3_3/project_3_3.cache/ip/2024.2/e/e/eee36533d4c97dbe/design_1_axi_mem_intercon_imp_auto_pc_0_sim_netlist.v to /home/linux/ieng6/students/298/jjhan/Downloads/project_3_3/project_3_3.gen/sources_1/bd/design_1/ip/design_1_axi_mem_intercon_imp_auto_pc_0/design_1_axi_mem_intercon_imp_auto_pc_0_sim_netlist.v.
INFO: [IP_Flow 19-6926] IPCACHE: added file to list for BOM: /home/linux/ieng6/students/298/jjhan/Downloads/project_3_3/project_3_3.gen/sources_1/bd/design_1/ip/design_1_axi_mem_intercon_imp_auto_pc_0/design_1_axi_mem_intercon_imp_auto_pc_0_sim_netlist.v
INFO: [IP_Flow 19-6928] IPCACHE: copied cached file /home/linux/ieng6/students/298/jjhan/Downloads/project_3_3/project_3_3.cache/ip/2024.2/e/e/eee36533d4c97dbe/design_1_axi_mem_intercon_imp_auto_pc_0_sim_netlist.vhdl to /home/linux/ieng6/students/298/jjhan/Downloads/project_3_3/project_3_3.gen/sources_1/bd/design_1/ip/design_1_axi_mem_intercon_imp_auto_pc_0/design_1_axi_mem_intercon_imp_auto_pc_0_sim_netlist.vhdl.
INFO: [IP_Flow 19-6926] IPCACHE: added file to list for BOM: /home/linux/ieng6/students/298/jjhan/Downloads/project_3_3/project_3_3.gen/sources_1/bd/design_1/ip/design_1_axi_mem_intercon_imp_auto_pc_0/design_1_axi_mem_intercon_imp_auto_pc_0_sim_netlist.vhdl
INFO: [IP_Flow 19-4993] Using cached IP synthesis design for IP design_1_axi_mem_intercon_imp_auto_pc_0, cache-ID = eee36533d4c97dbe; cache size = 23.796 MB.
export_ip_user_files -of_objects [get_files /home/linux/ieng6/students/298/jjhan/Downloads/project_3_3/project_3_3.srcs/sources_1/bd/design_1/design_1.bd] -no_script -sync -force -quiet
create_ip_run [get_files -of_objects [get_fileset sources_1] /home/linux/ieng6/students/298/jjhan/Downloads/project_3_3/project_3_3.srcs/sources_1/bd/design_1/design_1.bd]
launch_runs design_1_dft_0_1_synth_1 -jobs 4
INFO: [IP_Flow 19-6924] IPCACHE: Running cache check for IP inst: design_1_dft_0_1
[Fri Nov  7 16:06:43 2025] Launched design_1_dft_0_1_synth_1...
Run output will be captured here: /home/linux/ieng6/students/298/jjhan/Downloads/project_3_3/project_3_3.runs/design_1_dft_0_1_synth_1/runme.log
export_simulation -lib_map_path [list {modelsim=/home/linux/ieng6/students/298/jjhan/Downloads/project_3_3/project_3_3.cache/compile_simlib/modelsim} {questa=/home/linux/ieng6/students/298/jjhan/Downloads/project_3_3/project_3_3.cache/compile_simlib/questa} {xcelium=/home/linux/ieng6/students/298/jjhan/Downloads/project_3_3/project_3_3.cache/compile_simlib/xcelium} {vcs=/home/linux/ieng6/students/298/jjhan/Downloads/project_3_3/project_3_3.cache/compile_simlib/vcs} {riviera=/home/linux/ieng6/students/298/jjhan/Downloads/project_3_3/project_3_3.cache/compile_simlib/riviera}] -of_objects [get_files /home/linux/ieng6/students/298/jjhan/Downloads/project_3_3/project_3_3.srcs/sources_1/bd/design_1/design_1.bd] -directory /home/linux/ieng6/students/298/jjhan/Downloads/project_3_3/project_3_3.ip_user_files/sim_scripts -ip_user_files_dir /home/linux/ieng6/students/298/jjhan/Downloads/project_3_3/project_3_3.ip_user_files -ipstatic_source_dir /home/linux/ieng6/students/298/jjhan/Downloads/project_3_3/project_3_3.ip_user_files/ipstatic -use_ip_compiled_libs -force -quiet
reset_run synth_1
INFO: [Project 1-1161] Replacing file /home/linux/ieng6/students/298/jjhan/Downloads/project_3_3/project_3_3.srcs/utils_1/imports/synth_1/design_1_wrapper.dcp with file /home/linux/ieng6/students/298/jjhan/Downloads/project_3_3/project_3_3.runs/synth_1/design_1_wrapper.dcp
WARNING: [Vivado 12-1017] Problems encountered:
1. Failed to delete one or more files in run directory /home/linux/ieng6/students/298/jjhan/Downloads/project_3_3/project_3_3.runs/synth_1

launch_runs impl_1 -to_step write_bitstream -jobs 4
INFO: [IP_Flow 19-6924] IPCACHE: Running cache check for IP inst: design_1_dft_0_1
[Fri Nov  7 16:07:20 2025] Launched design_1_dft_0_1_synth_1, synth_1...
Run output will be captured here:
design_1_dft_0_1_synth_1: /home/linux/ieng6/students/298/jjhan/Downloads/project_3_3/project_3_3.runs/design_1_dft_0_1_synth_1/runme.log
synth_1: /home/linux/ieng6/students/298/jjhan/Downloads/project_3_3/project_3_3.runs/synth_1/runme.log
[Fri Nov  7 16:07:20 2025] Launched impl_1...
Run output will be captured here: /home/linux/ieng6/students/298/jjhan/Downloads/project_3_3/project_3_3.runs/impl_1/runme.log
launch_runs: Time (s): cpu = 00:00:07 ; elapsed = 00:00:06 . Memory (MB): peak = 10893.223 ; gain = 0.000 ; free physical = 5046 ; free virtual = 17884
WARNING: [IP_Flow 19-4318] IP-XACT file does not exist: /home/linux/ieng6/students/298/jjhan/fa25-cse237c-projects/dft/Q9/dft.comp/hls/impl/ip/component.xml. It will be created.
update_ip_catalog -rebuild -scan_changes
INFO: [IP_Flow 19-234] Refreshing IP repositories
INFO: [IP_Flow 19-1700] Loaded user IP repository '/home/linux/ieng6/students/298/jjhan/fa25-cse237c-projects/dft/Q9/dft.comp/hls/impl/ip'.
report_ip_status -name ip_status
delete_bd_objs [get_bd_intf_nets axi_smc_M02_AXI] [get_bd_intf_nets axi_dma_1_M_AXIS_MM2S] [get_bd_intf_nets axi_dma_0_M_AXIS_MM2S] [get_bd_intf_nets dft_0_D] [get_bd_intf_nets dft_0_C] [get_bd_cells dft_0]
set_property  ip_repo_paths  {} [current_project]
update_ip_catalog
INFO: [IP_Flow 19-234] Refreshing IP repositories
INFO: [IP_Flow 19-1704] No user IP repositories specified
set_property  ip_repo_paths  /home/linux/ieng6/students/298/jjhan/fa25-cse237c-projects/dft/Q9/dft.comp/hls/impl/ip [current_project]
update_ip_catalog
INFO: [IP_Flow 19-234] Refreshing IP repositories
INFO: [IP_Flow 19-1700] Loaded user IP repository '/home/linux/ieng6/students/298/jjhan/fa25-cse237c-projects/dft/Q9/dft.comp/hls/impl/ip'.
startgroup
create_bd_cell -type ip -vlnv xilinx.com:hls:dft:1.0 dft_0
endgroup
set_property location {1 161 -577} [get_bd_cells dft_0]
connect_bd_intf_net [get_bd_intf_pins dft_0/A] [get_bd_intf_pins axi_dma_0/M_AXIS_MM2S]
connect_bd_intf_net [get_bd_intf_pins dft_0/C] [get_bd_intf_pins axi_dma_0/S_AXIS_S2MM]
connect_bd_intf_net [get_bd_intf_pins dft_0/B] [get_bd_intf_pins axi_dma_1/M_AXIS_MM2S]
connect_bd_intf_net [get_bd_intf_pins dft_0/D] [get_bd_intf_pins axi_dma_1/S_AXIS_S2MM]
apply_bd_automation -rule xilinx.com:bd_rule:axi4 -config { Clk_master {/processing_system7_0/FCLK_CLK0 (50 MHz)} Clk_slave {Auto} Clk_xbar {/processing_system7_0/FCLK_CLK0 (50 MHz)} Master {/processing_system7_0/M_AXI_GP0} Slave {/dft_0/s_axi_control} ddr_seg {Auto} intc_ip {/axi_smc} master_apm {0}}  [get_bd_intf_pins dft_0/s_axi_control]
Slave segment '/dft_0/s_axi_control/Reg' is being assigned into address space '/processing_system7_0/Data' at <0x4000_0000 [ 64K ]>.
save_bd_design
Wrote  : </home/linux/ieng6/students/298/jjhan/Downloads/project_3_3/project_3_3.srcs/sources_1/bd/design_1/design_1.bd> 
Wrote  : </home/linux/ieng6/students/298/jjhan/Downloads/project_3_3/project_3_3.srcs/sources_1/bd/design_1/ui/bd_1f5defd0.ui> 
validate_bd_design
INFO: [BD 5-943] Reserving offset range <0x41E0_0000 [ 64K ]> from slave interface '/axi_smc/S00_AXI' to master interface '/axi_smc/M00_AXI'. This will be used by smartconnect on path for routing.
INFO: [BD 5-943] Reserving offset range <0x41E1_0000 [ 64K ]> from slave interface '/axi_smc/S00_AXI' to master interface '/axi_smc/M01_AXI'. This will be used by smartconnect on path for routing.
INFO: [BD 5-943] Reserving offset range <0x4000_0000 [ 64K ]> from slave interface '/axi_smc/S00_AXI' to master interface '/axi_smc/M02_AXI'. This will be used by smartconnect on path for routing.
INFO: [xilinx.com:ip:smartconnect:1.0-1] design_1_axi_smc_0: SmartConnect design_1_axi_smc_0 is in Low-Area Mode.
WARNING: [xilinx.com:ip:smartconnect:1.0-1] design_1_axi_smc_0: IP design_1_axi_smc_0 is configured in Low-area mode as all propagated traffic is low-bandwidth (AXI4LITE). SI S00_AXI has property HAS_BURST == 1. WRAP bursts are not supported in Low-area mode and will result in DECERR if received.
WARNING: [xilinx.com:ip:smartconnect:1.0-1] design_1_axi_smc_0: If WRAP transactions are required then turn off Low-area mode using ADVANCED_PROPERTIES. Execute following: set_property CONFIG.ADVANCED_PROPERTIES {__experimental_features__ {disable_low_area_mode 1}} [get_bd_cells /design_1_axi_smc_0]
validate_bd_design: Time (s): cpu = 00:00:11 ; elapsed = 00:00:11 . Memory (MB): peak = 10893.223 ; gain = 0.000 ; free physical = 5437 ; free virtual = 18277
save_bd_design
Wrote  : </home/linux/ieng6/students/298/jjhan/Downloads/project_3_3/project_3_3.srcs/sources_1/bd/design_1/design_1.bd> 
reset_run synth_1
INFO: [Project 1-1161] Replacing file /home/linux/ieng6/students/298/jjhan/Downloads/project_3_3/project_3_3.srcs/utils_1/imports/synth_1/design_1_wrapper.dcp with file /home/linux/ieng6/students/298/jjhan/Downloads/project_3_3/project_3_3.runs/synth_1/design_1_wrapper.dcp
launch_runs impl_1 -to_step write_bitstream -jobs 4
INFO: [BD 41-1662] The design 'design_1.bd' is already validated. Therefore parameter propagation will not be re-run.
WARNING: [BD 41-2384] Width mismatch when connecting pin: '/axi_mem_intercon/m00_couplers/auto_pc/m_axi_rid'(2) to pin: '/axi_mem_intercon/m00_couplers/M_AXI_rid'(6) - Only lower order bits will be connected.
WARNING: [BD 41-2384] Width mismatch when connecting pin: '/axi_mem_intercon/m00_couplers/auto_pc/m_axi_bid'(2) to pin: '/axi_mem_intercon/m00_couplers/M_AXI_bid'(6) - Only lower order bits will be connected.
WARNING: [BD 41-2384] Width mismatch when connecting pin: '/processing_system7_0/S_AXI_HP0_WID'(6) to pin: '/axi_mem_intercon/M00_AXI_wid'(2) - Only lower order bits will be connected.
WARNING: [BD 41-2384] Width mismatch when connecting pin: '/processing_system7_0/S_AXI_HP0_AWID'(6) to pin: '/axi_mem_intercon/M00_AXI_awid'(2) - Only lower order bits will be connected.
WARNING: [BD 41-2384] Width mismatch when connecting pin: '/processing_system7_0/S_AXI_HP0_ARID'(6) to pin: '/axi_mem_intercon/M00_AXI_arid'(2) - Only lower order bits will be connected.
Verilog Output written to : /home/linux/ieng6/students/298/jjhan/Downloads/project_3_3/project_3_3.gen/sources_1/bd/design_1/synth/design_1.v
WARNING: [BD 41-2384] Width mismatch when connecting pin: '/axi_mem_intercon/m00_couplers/auto_pc/m_axi_rid'(2) to pin: '/axi_mem_intercon/m00_couplers/M_AXI_rid'(6) - Only lower order bits will be connected.
WARNING: [BD 41-2384] Width mismatch when connecting pin: '/axi_mem_intercon/m00_couplers/auto_pc/m_axi_bid'(2) to pin: '/axi_mem_intercon/m00_couplers/M_AXI_bid'(6) - Only lower order bits will be connected.
WARNING: [BD 41-2384] Width mismatch when connecting pin: '/processing_system7_0/S_AXI_HP0_WID'(6) to pin: '/axi_mem_intercon/M00_AXI_wid'(2) - Only lower order bits will be connected.
WARNING: [BD 41-2384] Width mismatch when connecting pin: '/processing_system7_0/S_AXI_HP0_AWID'(6) to pin: '/axi_mem_intercon/M00_AXI_awid'(2) - Only lower order bits will be connected.
WARNING: [BD 41-2384] Width mismatch when connecting pin: '/processing_system7_0/S_AXI_HP0_ARID'(6) to pin: '/axi_mem_intercon/M00_AXI_arid'(2) - Only lower order bits will be connected.
Verilog Output written to : /home/linux/ieng6/students/298/jjhan/Downloads/project_3_3/project_3_3.gen/sources_1/bd/design_1/sim/design_1.v
Verilog Output written to : /home/linux/ieng6/students/298/jjhan/Downloads/project_3_3/project_3_3.gen/sources_1/bd/design_1/hdl/design_1_wrapper.v
WARNING: [BD 41-2384] Width mismatch when connecting pin: '/s00_nodes/s00_ar_node/s_sc_payld'(146) to pin: '/s00_nodes/S_SC_AR_payld'(142) - Only lower order bits will be connected.
WARNING: [BD 41-2384] Width mismatch when connecting pin: '/s00_nodes/s00_aw_node/s_sc_payld'(146) to pin: '/s00_nodes/S_SC_AW_payld'(142) - Only lower order bits will be connected.
WARNING: [BD 41-2384] Width mismatch when connecting pin: '/m00_nodes/m00_r_node/s_sc_payld'(55) to pin: '/m00_nodes/S_SC_R_payld'(53) - Only lower order bits will be connected.
WARNING: [BD 41-2384] Width mismatch when connecting pin: '/m00_nodes/m00_b_node/s_sc_payld'(9) to pin: '/m00_nodes/S_SC_B_payld'(7) - Only lower order bits will be connected.
WARNING: [BD 41-2384] Width mismatch when connecting pin: '/m01_nodes/m01_r_node/s_sc_payld'(55) to pin: '/m01_nodes/S_SC_R_payld'(53) - Only lower order bits will be connected.
WARNING: [BD 41-2384] Width mismatch when connecting pin: '/m01_nodes/m01_b_node/s_sc_payld'(9) to pin: '/m01_nodes/S_SC_B_payld'(7) - Only lower order bits will be connected.
WARNING: [BD 41-2384] Width mismatch when connecting pin: '/m02_nodes/m02_r_node/s_sc_payld'(55) to pin: '/m02_nodes/S_SC_R_payld'(53) - Only lower order bits will be connected.
WARNING: [BD 41-2384] Width mismatch when connecting pin: '/m02_nodes/m02_b_node/s_sc_payld'(9) to pin: '/m02_nodes/S_SC_B_payld'(7) - Only lower order bits will be connected.
WARNING: [BD 41-2384] Width mismatch when connecting pin: '/s00_axi2sc/s_sc_r_payld'(53) to pin: '/s00_nodes/M_SC_R_payld'(55) - Only lower order bits will be connected.
WARNING: [BD 41-2384] Width mismatch when connecting pin: '/s00_axi2sc/s_sc_b_payld'(7) to pin: '/s00_nodes/M_SC_B_payld'(9) - Only lower order bits will be connected.
WARNING: [BD 41-2384] Width mismatch when connecting pin: '/m00_sc2axi/s_sc_ar_payld'(142) to pin: '/m00_nodes/M_SC_AR_payld'(146) - Only lower order bits will be connected.
WARNING: [BD 41-2384] Width mismatch when connecting pin: '/m00_sc2axi/s_sc_aw_payld'(142) to pin: '/m00_nodes/M_SC_AW_payld'(146) - Only lower order bits will be connected.
WARNING: [BD 41-2384] Width mismatch when connecting pin: '/m01_sc2axi/s_sc_ar_payld'(142) to pin: '/m01_nodes/M_SC_AR_payld'(146) - Only lower order bits will be connected.
WARNING: [BD 41-2384] Width mismatch when connecting pin: '/m01_sc2axi/s_sc_aw_payld'(142) to pin: '/m01_nodes/M_SC_AW_payld'(146) - Only lower order bits will be connected.
WARNING: [BD 41-2384] Width mismatch when connecting pin: '/m02_sc2axi/s_sc_ar_payld'(142) to pin: '/m02_nodes/M_SC_AR_payld'(146) - Only lower order bits will be connected.
WARNING: [BD 41-2384] Width mismatch when connecting pin: '/m02_sc2axi/s_sc_aw_payld'(142) to pin: '/m02_nodes/M_SC_AW_payld'(146) - Only lower order bits will be connected.
WARNING: [BD 41-2384] Width mismatch when connecting pin: '/s00_nodes/s00_ar_node/s_sc_payld'(146) to pin: '/s00_nodes/S_SC_AR_payld'(142) - Only lower order bits will be connected.
WARNING: [BD 41-2384] Width mismatch when connecting pin: '/s00_nodes/s00_aw_node/s_sc_payld'(146) to pin: '/s00_nodes/S_SC_AW_payld'(142) - Only lower order bits will be connected.
WARNING: [BD 41-2384] Width mismatch when connecting pin: '/m00_nodes/m00_r_node/s_sc_payld'(55) to pin: '/m00_nodes/S_SC_R_payld'(53) - Only lower order bits will be connected.
WARNING: [BD 41-2384] Width mismatch when connecting pin: '/m00_nodes/m00_b_node/s_sc_payld'(9) to pin: '/m00_nodes/S_SC_B_payld'(7) - Only lower order bits will be connected.
WARNING: [BD 41-2384] Width mismatch when connecting pin: '/m01_nodes/m01_r_node/s_sc_payld'(55) to pin: '/m01_nodes/S_SC_R_payld'(53) - Only lower order bits will be connected.
WARNING: [BD 41-2384] Width mismatch when connecting pin: '/m01_nodes/m01_b_node/s_sc_payld'(9) to pin: '/m01_nodes/S_SC_B_payld'(7) - Only lower order bits will be connected.
WARNING: [BD 41-2384] Width mismatch when connecting pin: '/m02_nodes/m02_r_node/s_sc_payld'(55) to pin: '/m02_nodes/S_SC_R_payld'(53) - Only lower order bits will be connected.
WARNING: [BD 41-2384] Width mismatch when connecting pin: '/m02_nodes/m02_b_node/s_sc_payld'(9) to pin: '/m02_nodes/S_SC_B_payld'(7) - Only lower order bits will be connected.
WARNING: [BD 41-2384] Width mismatch when connecting pin: '/s00_axi2sc/s_sc_r_payld'(53) to pin: '/s00_nodes/M_SC_R_payld'(55) - Only lower order bits will be connected.
WARNING: [BD 41-2384] Width mismatch when connecting pin: '/s00_axi2sc/s_sc_b_payld'(7) to pin: '/s00_nodes/M_SC_B_payld'(9) - Only lower order bits will be connected.
WARNING: [BD 41-2384] Width mismatch when connecting pin: '/m00_sc2axi/s_sc_ar_payld'(142) to pin: '/m00_nodes/M_SC_AR_payld'(146) - Only lower order bits will be connected.
WARNING: [BD 41-2384] Width mismatch when connecting pin: '/m00_sc2axi/s_sc_aw_payld'(142) to pin: '/m00_nodes/M_SC_AW_payld'(146) - Only lower order bits will be connected.
WARNING: [BD 41-2384] Width mismatch when connecting pin: '/m01_sc2axi/s_sc_ar_payld'(142) to pin: '/m01_nodes/M_SC_AR_payld'(146) - Only lower order bits will be connected.
WARNING: [BD 41-2384] Width mismatch when connecting pin: '/m01_sc2axi/s_sc_aw_payld'(142) to pin: '/m01_nodes/M_SC_AW_payld'(146) - Only lower order bits will be connected.
WARNING: [BD 41-2384] Width mismatch when connecting pin: '/m02_sc2axi/s_sc_ar_payld'(142) to pin: '/m02_nodes/M_SC_AR_payld'(146) - Only lower order bits will be connected.
WARNING: [BD 41-2384] Width mismatch when connecting pin: '/m02_sc2axi/s_sc_aw_payld'(142) to pin: '/m02_nodes/M_SC_AW_payld'(146) - Only lower order bits will be connected.
Exporting to file /home/linux/ieng6/students/298/jjhan/Downloads/project_3_3/project_3_3.gen/sources_1/bd/design_1/ip/design_1_axi_smc_0/bd_0/hw_handoff/design_1_axi_smc_0.hwh
Generated Hardware Definition File /home/linux/ieng6/students/298/jjhan/Downloads/project_3_3/project_3_3.gen/sources_1/bd/design_1/ip/design_1_axi_smc_0/bd_0/synth/design_1_axi_smc_0.hwdef
INFO: [BD 41-1029] Generation completed for the IP Integrator block axi_smc .
INFO: [BD 41-1029] Generation completed for the IP Integrator block dft_0 .
WARNING: [IP_Flow 19-4994] Overwriting existing constraint file '/home/linux/ieng6/students/298/jjhan/Downloads/project_3_3/project_3_3.gen/sources_1/bd/design_1/ip/design_1_axi_mem_intercon_imp_auto_us_0/design_1_axi_mem_intercon_imp_auto_us_0_ooc.xdc'
INFO: [BD 41-1029] Generation completed for the IP Integrator block axi_mem_intercon/s00_couplers/auto_us .
WARNING: [IP_Flow 19-4994] Overwriting existing constraint file '/home/linux/ieng6/students/298/jjhan/Downloads/project_3_3/project_3_3.gen/sources_1/bd/design_1/ip/design_1_axi_mem_intercon_imp_auto_us_1/design_1_axi_mem_intercon_imp_auto_us_1_ooc.xdc'
INFO: [BD 41-1029] Generation completed for the IP Integrator block axi_mem_intercon/s01_couplers/auto_us .
WARNING: [IP_Flow 19-4994] Overwriting existing constraint file '/home/linux/ieng6/students/298/jjhan/Downloads/project_3_3/project_3_3.gen/sources_1/bd/design_1/ip/design_1_axi_mem_intercon_imp_auto_us_2/design_1_axi_mem_intercon_imp_auto_us_2_ooc.xdc'
INFO: [BD 41-1029] Generation completed for the IP Integrator block axi_mem_intercon/s02_couplers/auto_us .
WARNING: [IP_Flow 19-4994] Overwriting existing constraint file '/home/linux/ieng6/students/298/jjhan/Downloads/project_3_3/project_3_3.gen/sources_1/bd/design_1/ip/design_1_axi_mem_intercon_imp_auto_us_3/design_1_axi_mem_intercon_imp_auto_us_3_ooc.xdc'
INFO: [BD 41-1029] Generation completed for the IP Integrator block axi_mem_intercon/s03_couplers/auto_us .
WARNING: [IP_Flow 19-4994] Overwriting existing constraint file '/home/linux/ieng6/students/298/jjhan/Downloads/project_3_3/project_3_3.gen/sources_1/bd/design_1/ip/design_1_axi_mem_intercon_imp_auto_pc_0/design_1_axi_mem_intercon_imp_auto_pc_0_ooc.xdc'
INFO: [BD 41-1029] Generation completed for the IP Integrator block axi_mem_intercon/m00_couplers/auto_pc .
Exporting to file /home/linux/ieng6/students/298/jjhan/Downloads/project_3_3/project_3_3.gen/sources_1/bd/design_1/hw_handoff/design_1.hwh
Generated Hardware Definition File /home/linux/ieng6/students/298/jjhan/Downloads/project_3_3/project_3_3.gen/sources_1/bd/design_1/synth/design_1.hwdef
INFO: [IP_Flow 19-6930] IPCACHE: runCacheChecks() number of threads = 8
INFO: [IP_Flow 19-6921] IPCACHE: Adding cache check func to thread queue for IP design_1_axi_mem_intercon_imp_auto_pc_0
INFO: [IP_Flow 19-6921] IPCACHE: Adding cache check func to thread queue for IP design_1_axi_mem_intercon_imp_auto_us_0
INFO: [IP_Flow 19-6921] IPCACHE: Adding cache check func to thread queue for IP design_1_axi_mem_intercon_imp_auto_us_1
INFO: [IP_Flow 19-6921] IPCACHE: Adding cache check func to thread queue for IP design_1_axi_mem_intercon_imp_auto_us_2
INFO: [IP_Flow 19-6921] IPCACHE: Adding cache check func to thread queue for IP design_1_axi_mem_intercon_imp_auto_us_3
INFO: [IP_Flow 19-6921] IPCACHE: Adding cache check func to thread queue for IP design_1_axi_smc_0
INFO: [IP_Flow 19-6921] IPCACHE: Adding cache check func to thread queue for IP design_1_dft_0_2
INFO: [IP_Flow 19-8020] IPCACHE: runCacheChecks() calling threadPool finishWork()
INFO: [IP_Flow 19-6924] IPCACHE: Running cache check for IP inst: design_1_axi_mem_intercon_imp_auto_pc_0
INFO: [IP_Flow 19-6922] IPCACHE: Exporting cached entry eee36533d4c97dbe to dir: /home/linux/ieng6/students/298/jjhan/Downloads/project_3_3/project_3_3.gen/sources_1/bd/design_1/ip/design_1_axi_mem_intercon_imp_auto_pc_0
INFO: [IP_Flow 19-6928] IPCACHE: copied cached file /home/linux/ieng6/students/298/jjhan/Downloads/project_3_3/project_3_3.cache/ip/2024.2/e/e/eee36533d4c97dbe/design_1_axi_mem_intercon_imp_auto_pc_0.dcp to /home/linux/ieng6/students/298/jjhan/Downloads/project_3_3/project_3_3.gen/sources_1/bd/design_1/ip/design_1_axi_mem_intercon_imp_auto_pc_0/design_1_axi_mem_intercon_imp_auto_pc_0.dcp.
INFO: [IP_Flow 19-6926] IPCACHE: added file to list for BOM: /home/linux/ieng6/students/298/jjhan/Downloads/project_3_3/project_3_3.gen/sources_1/bd/design_1/ip/design_1_axi_mem_intercon_imp_auto_pc_0/design_1_axi_mem_intercon_imp_auto_pc_0.dcp
INFO: [IP_Flow 19-6928] IPCACHE: copied cached file /home/linux/ieng6/students/298/jjhan/Downloads/project_3_3/project_3_3.cache/ip/2024.2/e/e/eee36533d4c97dbe/design_1_axi_mem_intercon_imp_auto_pc_0_stub.v to /home/linux/ieng6/students/298/jjhan/Downloads/project_3_3/project_3_3.gen/sources_1/bd/design_1/ip/design_1_axi_mem_intercon_imp_auto_pc_0/design_1_axi_mem_intercon_imp_auto_pc_0_stub.v.
INFO: [IP_Flow 19-6926] IPCACHE: added file to list for BOM: /home/linux/ieng6/students/298/jjhan/Downloads/project_3_3/project_3_3.gen/sources_1/bd/design_1/ip/design_1_axi_mem_intercon_imp_auto_pc_0/design_1_axi_mem_intercon_imp_auto_pc_0_stub.v
INFO: [IP_Flow 19-6928] IPCACHE: copied cached file /home/linux/ieng6/students/298/jjhan/Downloads/project_3_3/project_3_3.cache/ip/2024.2/e/e/eee36533d4c97dbe/design_1_axi_mem_intercon_imp_auto_pc_0_stub.vhdl to /home/linux/ieng6/students/298/jjhan/Downloads/project_3_3/project_3_3.gen/sources_1/bd/design_1/ip/design_1_axi_mem_intercon_imp_auto_pc_0/design_1_axi_mem_intercon_imp_auto_pc_0_stub.vhdl.
INFO: [IP_Flow 19-6926] IPCACHE: added file to list for BOM: /home/linux/ieng6/students/298/jjhan/Downloads/project_3_3/project_3_3.gen/sources_1/bd/design_1/ip/design_1_axi_mem_intercon_imp_auto_pc_0/design_1_axi_mem_intercon_imp_auto_pc_0_stub.vhdl
INFO: [IP_Flow 19-6928] IPCACHE: copied cached file /home/linux/ieng6/students/298/jjhan/Downloads/project_3_3/project_3_3.cache/ip/2024.2/e/e/eee36533d4c97dbe/design_1_axi_mem_intercon_imp_auto_pc_0_sim_netlist.v to /home/linux/ieng6/students/298/jjhan/Downloads/project_3_3/project_3_3.gen/sources_1/bd/design_1/ip/design_1_axi_mem_intercon_imp_auto_pc_0/design_1_axi_mem_intercon_imp_auto_pc_0_sim_netlist.v.
INFO: [IP_Flow 19-6926] IPCACHE: added file to list for BOM: /home/linux/ieng6/students/298/jjhan/Downloads/project_3_3/project_3_3.gen/sources_1/bd/design_1/ip/design_1_axi_mem_intercon_imp_auto_pc_0/design_1_axi_mem_intercon_imp_auto_pc_0_sim_netlist.v
INFO: [IP_Flow 19-6928] IPCACHE: copied cached file /home/linux/ieng6/students/298/jjhan/Downloads/project_3_3/project_3_3.cache/ip/2024.2/e/e/eee36533d4c97dbe/design_1_axi_mem_intercon_imp_auto_pc_0_sim_netlist.vhdl to /home/linux/ieng6/students/298/jjhan/Downloads/project_3_3/project_3_3.gen/sources_1/bd/design_1/ip/design_1_axi_mem_intercon_imp_auto_pc_0/design_1_axi_mem_intercon_imp_auto_pc_0_sim_netlist.vhdl.
INFO: [IP_Flow 19-6926] IPCACHE: added file to list for BOM: /home/linux/ieng6/students/298/jjhan/Downloads/project_3_3/project_3_3.gen/sources_1/bd/design_1/ip/design_1_axi_mem_intercon_imp_auto_pc_0/design_1_axi_mem_intercon_imp_auto_pc_0_sim_netlist.vhdl
INFO: [IP_Flow 19-4993] Using cached IP synthesis design for IP design_1_axi_mem_intercon_imp_auto_pc_0, cache-ID = eee36533d4c97dbe; cache size = 26.716 MB.
INFO: [IP_Flow 19-6924] IPCACHE: Running cache check for IP inst: design_1_axi_mem_intercon_imp_auto_us_0
INFO: [IP_Flow 19-6922] IPCACHE: Exporting cached entry a1f4e854dde34f3e to dir: /home/linux/ieng6/students/298/jjhan/Downloads/project_3_3/project_3_3.gen/sources_1/bd/design_1/ip/design_1_axi_mem_intercon_imp_auto_us_0
INFO: [IP_Flow 19-6928] IPCACHE: copied cached file /home/linux/ieng6/students/298/jjhan/Downloads/project_3_3/project_3_3.cache/ip/2024.2/a/1/a1f4e854dde34f3e/design_1_axi_mem_intercon_imp_auto_us_2.dcp to /home/linux/ieng6/students/298/jjhan/Downloads/project_3_3/project_3_3.gen/sources_1/bd/design_1/ip/design_1_axi_mem_intercon_imp_auto_us_0/design_1_axi_mem_intercon_imp_auto_us_0.dcp.
INFO: [IP_Flow 19-6926] IPCACHE: added file to list for BOM: /home/linux/ieng6/students/298/jjhan/Downloads/project_3_3/project_3_3.gen/sources_1/bd/design_1/ip/design_1_axi_mem_intercon_imp_auto_us_0/design_1_axi_mem_intercon_imp_auto_us_0.dcp
INFO: [IP_Flow 19-6928] IPCACHE: copied cached file /home/linux/ieng6/students/298/jjhan/Downloads/project_3_3/project_3_3.cache/ip/2024.2/a/1/a1f4e854dde34f3e/design_1_axi_mem_intercon_imp_auto_us_2_stub.v to /home/linux/ieng6/students/298/jjhan/Downloads/project_3_3/project_3_3.gen/sources_1/bd/design_1/ip/design_1_axi_mem_intercon_imp_auto_us_0/design_1_axi_mem_intercon_imp_auto_us_0_stub.v.
INFO: [IP_Flow 19-6926] IPCACHE: added file to list for BOM: /home/linux/ieng6/students/298/jjhan/Downloads/project_3_3/project_3_3.gen/sources_1/bd/design_1/ip/design_1_axi_mem_intercon_imp_auto_us_0/design_1_axi_mem_intercon_imp_auto_us_0_stub.v
INFO: [IP_Flow 19-6928] IPCACHE: copied cached file /home/linux/ieng6/students/298/jjhan/Downloads/project_3_3/project_3_3.cache/ip/2024.2/a/1/a1f4e854dde34f3e/design_1_axi_mem_intercon_imp_auto_us_2_stub.vhdl to /home/linux/ieng6/students/298/jjhan/Downloads/project_3_3/project_3_3.gen/sources_1/bd/design_1/ip/design_1_axi_mem_intercon_imp_auto_us_0/design_1_axi_mem_intercon_imp_auto_us_0_stub.vhdl.
INFO: [IP_Flow 19-6926] IPCACHE: added file to list for BOM: /home/linux/ieng6/students/298/jjhan/Downloads/project_3_3/project_3_3.gen/sources_1/bd/design_1/ip/design_1_axi_mem_intercon_imp_auto_us_0/design_1_axi_mem_intercon_imp_auto_us_0_stub.vhdl
INFO: [IP_Flow 19-6928] IPCACHE: copied cached file /home/linux/ieng6/students/298/jjhan/Downloads/project_3_3/project_3_3.cache/ip/2024.2/a/1/a1f4e854dde34f3e/design_1_axi_mem_intercon_imp_auto_us_2_sim_netlist.v to /home/linux/ieng6/students/298/jjhan/Downloads/project_3_3/project_3_3.gen/sources_1/bd/design_1/ip/design_1_axi_mem_intercon_imp_auto_us_0/design_1_axi_mem_intercon_imp_auto_us_0_sim_netlist.v.
INFO: [IP_Flow 19-6926] IPCACHE: added file to list for BOM: /home/linux/ieng6/students/298/jjhan/Downloads/project_3_3/project_3_3.gen/sources_1/bd/design_1/ip/design_1_axi_mem_intercon_imp_auto_us_0/design_1_axi_mem_intercon_imp_auto_us_0_sim_netlist.v
INFO: [IP_Flow 19-6928] IPCACHE: copied cached file /home/linux/ieng6/students/298/jjhan/Downloads/project_3_3/project_3_3.cache/ip/2024.2/a/1/a1f4e854dde34f3e/design_1_axi_mem_intercon_imp_auto_us_2_sim_netlist.vhdl to /home/linux/ieng6/students/298/jjhan/Downloads/project_3_3/project_3_3.gen/sources_1/bd/design_1/ip/design_1_axi_mem_intercon_imp_auto_us_0/design_1_axi_mem_intercon_imp_auto_us_0_sim_netlist.vhdl.
INFO: [IP_Flow 19-6926] IPCACHE: added file to list for BOM: /home/linux/ieng6/students/298/jjhan/Downloads/project_3_3/project_3_3.gen/sources_1/bd/design_1/ip/design_1_axi_mem_intercon_imp_auto_us_0/design_1_axi_mem_intercon_imp_auto_us_0_sim_netlist.vhdl
INFO: [IP_Flow 19-4993] Using cached IP synthesis design for IP design_1_axi_mem_intercon_imp_auto_us_0, cache-ID = a1f4e854dde34f3e; cache size = 26.716 MB.
INFO: [IP_Flow 19-6924] IPCACHE: Running cache check for IP inst: design_1_axi_mem_intercon_imp_auto_us_1
INFO: [IP_Flow 19-6922] IPCACHE: Exporting cached entry aaaeba6229806ef7 to dir: /home/linux/ieng6/students/298/jjhan/Downloads/project_3_3/project_3_3.gen/sources_1/bd/design_1/ip/design_1_axi_mem_intercon_imp_auto_us_1
INFO: [IP_Flow 19-6928] IPCACHE: copied cached file /home/linux/ieng6/students/298/jjhan/Downloads/project_3_3/project_3_3.cache/ip/2024.2/a/a/aaaeba6229806ef7/design_1_axi_mem_intercon_imp_auto_us_3.dcp to /home/linux/ieng6/students/298/jjhan/Downloads/project_3_3/project_3_3.gen/sources_1/bd/design_1/ip/design_1_axi_mem_intercon_imp_auto_us_1/design_1_axi_mem_intercon_imp_auto_us_1.dcp.
INFO: [IP_Flow 19-6926] IPCACHE: added file to list for BOM: /home/linux/ieng6/students/298/jjhan/Downloads/project_3_3/project_3_3.gen/sources_1/bd/design_1/ip/design_1_axi_mem_intercon_imp_auto_us_1/design_1_axi_mem_intercon_imp_auto_us_1.dcp
INFO: [IP_Flow 19-6928] IPCACHE: copied cached file /home/linux/ieng6/students/298/jjhan/Downloads/project_3_3/project_3_3.cache/ip/2024.2/a/a/aaaeba6229806ef7/design_1_axi_mem_intercon_imp_auto_us_3_stub.v to /home/linux/ieng6/students/298/jjhan/Downloads/project_3_3/project_3_3.gen/sources_1/bd/design_1/ip/design_1_axi_mem_intercon_imp_auto_us_1/design_1_axi_mem_intercon_imp_auto_us_1_stub.v.
INFO: [IP_Flow 19-6926] IPCACHE: added file to list for BOM: /home/linux/ieng6/students/298/jjhan/Downloads/project_3_3/project_3_3.gen/sources_1/bd/design_1/ip/design_1_axi_mem_intercon_imp_auto_us_1/design_1_axi_mem_intercon_imp_auto_us_1_stub.v
INFO: [IP_Flow 19-6928] IPCACHE: copied cached file /home/linux/ieng6/students/298/jjhan/Downloads/project_3_3/project_3_3.cache/ip/2024.2/a/a/aaaeba6229806ef7/design_1_axi_mem_intercon_imp_auto_us_3_stub.vhdl to /home/linux/ieng6/students/298/jjhan/Downloads/project_3_3/project_3_3.gen/sources_1/bd/design_1/ip/design_1_axi_mem_intercon_imp_auto_us_1/design_1_axi_mem_intercon_imp_auto_us_1_stub.vhdl.
INFO: [IP_Flow 19-6926] IPCACHE: added file to list for BOM: /home/linux/ieng6/students/298/jjhan/Downloads/project_3_3/project_3_3.gen/sources_1/bd/design_1/ip/design_1_axi_mem_intercon_imp_auto_us_1/design_1_axi_mem_intercon_imp_auto_us_1_stub.vhdl
INFO: [IP_Flow 19-6928] IPCACHE: copied cached file /home/linux/ieng6/students/298/jjhan/Downloads/project_3_3/project_3_3.cache/ip/2024.2/a/a/aaaeba6229806ef7/design_1_axi_mem_intercon_imp_auto_us_3_sim_netlist.v to /home/linux/ieng6/students/298/jjhan/Downloads/project_3_3/project_3_3.gen/sources_1/bd/design_1/ip/design_1_axi_mem_intercon_imp_auto_us_1/design_1_axi_mem_intercon_imp_auto_us_1_sim_netlist.v.
INFO: [IP_Flow 19-6926] IPCACHE: added file to list for BOM: /home/linux/ieng6/students/298/jjhan/Downloads/project_3_3/project_3_3.gen/sources_1/bd/design_1/ip/design_1_axi_mem_intercon_imp_auto_us_1/design_1_axi_mem_intercon_imp_auto_us_1_sim_netlist.v
INFO: [IP_Flow 19-6928] IPCACHE: copied cached file /home/linux/ieng6/students/298/jjhan/Downloads/project_3_3/project_3_3.cache/ip/2024.2/a/a/aaaeba6229806ef7/design_1_axi_mem_intercon_imp_auto_us_3_sim_netlist.vhdl to /home/linux/ieng6/students/298/jjhan/Downloads/project_3_3/project_3_3.gen/sources_1/bd/design_1/ip/design_1_axi_mem_intercon_imp_auto_us_1/design_1_axi_mem_intercon_imp_auto_us_1_sim_netlist.vhdl.
INFO: [IP_Flow 19-6926] IPCACHE: added file to list for BOM: /home/linux/ieng6/students/298/jjhan/Downloads/project_3_3/project_3_3.gen/sources_1/bd/design_1/ip/design_1_axi_mem_intercon_imp_auto_us_1/design_1_axi_mem_intercon_imp_auto_us_1_sim_netlist.vhdl
INFO: [IP_Flow 19-4993] Using cached IP synthesis design for IP design_1_axi_mem_intercon_imp_auto_us_1, cache-ID = aaaeba6229806ef7; cache size = 26.716 MB.
INFO: [IP_Flow 19-6924] IPCACHE: Running cache check for IP inst: design_1_axi_mem_intercon_imp_auto_us_2
INFO: [IP_Flow 19-6922] IPCACHE: Exporting cached entry a1f4e854dde34f3e to dir: /home/linux/ieng6/students/298/jjhan/Downloads/project_3_3/project_3_3.gen/sources_1/bd/design_1/ip/design_1_axi_mem_intercon_imp_auto_us_2
INFO: [IP_Flow 19-6928] IPCACHE: copied cached file /home/linux/ieng6/students/298/jjhan/Downloads/project_3_3/project_3_3.cache/ip/2024.2/a/1/a1f4e854dde34f3e/design_1_axi_mem_intercon_imp_auto_us_2.dcp to /home/linux/ieng6/students/298/jjhan/Downloads/project_3_3/project_3_3.gen/sources_1/bd/design_1/ip/design_1_axi_mem_intercon_imp_auto_us_2/design_1_axi_mem_intercon_imp_auto_us_2.dcp.
INFO: [IP_Flow 19-6926] IPCACHE: added file to list for BOM: /home/linux/ieng6/students/298/jjhan/Downloads/project_3_3/project_3_3.gen/sources_1/bd/design_1/ip/design_1_axi_mem_intercon_imp_auto_us_2/design_1_axi_mem_intercon_imp_auto_us_2.dcp
INFO: [IP_Flow 19-6928] IPCACHE: copied cached file /home/linux/ieng6/students/298/jjhan/Downloads/project_3_3/project_3_3.cache/ip/2024.2/a/1/a1f4e854dde34f3e/design_1_axi_mem_intercon_imp_auto_us_2_stub.v to /home/linux/ieng6/students/298/jjhan/Downloads/project_3_3/project_3_3.gen/sources_1/bd/design_1/ip/design_1_axi_mem_intercon_imp_auto_us_2/design_1_axi_mem_intercon_imp_auto_us_2_stub.v.
INFO: [IP_Flow 19-6926] IPCACHE: added file to list for BOM: /home/linux/ieng6/students/298/jjhan/Downloads/project_3_3/project_3_3.gen/sources_1/bd/design_1/ip/design_1_axi_mem_intercon_imp_auto_us_2/design_1_axi_mem_intercon_imp_auto_us_2_stub.v
INFO: [IP_Flow 19-6928] IPCACHE: copied cached file /home/linux/ieng6/students/298/jjhan/Downloads/project_3_3/project_3_3.cache/ip/2024.2/a/1/a1f4e854dde34f3e/design_1_axi_mem_intercon_imp_auto_us_2_stub.vhdl to /home/linux/ieng6/students/298/jjhan/Downloads/project_3_3/project_3_3.gen/sources_1/bd/design_1/ip/design_1_axi_mem_intercon_imp_auto_us_2/design_1_axi_mem_intercon_imp_auto_us_2_stub.vhdl.
INFO: [IP_Flow 19-6926] IPCACHE: added file to list for BOM: /home/linux/ieng6/students/298/jjhan/Downloads/project_3_3/project_3_3.gen/sources_1/bd/design_1/ip/design_1_axi_mem_intercon_imp_auto_us_2/design_1_axi_mem_intercon_imp_auto_us_2_stub.vhdl
INFO: [IP_Flow 19-6928] IPCACHE: copied cached file /home/linux/ieng6/students/298/jjhan/Downloads/project_3_3/project_3_3.cache/ip/2024.2/a/1/a1f4e854dde34f3e/design_1_axi_mem_intercon_imp_auto_us_2_sim_netlist.v to /home/linux/ieng6/students/298/jjhan/Downloads/project_3_3/project_3_3.gen/sources_1/bd/design_1/ip/design_1_axi_mem_intercon_imp_auto_us_2/design_1_axi_mem_intercon_imp_auto_us_2_sim_netlist.v.
INFO: [IP_Flow 19-6926] IPCACHE: added file to list for BOM: /home/linux/ieng6/students/298/jjhan/Downloads/project_3_3/project_3_3.gen/sources_1/bd/design_1/ip/design_1_axi_mem_intercon_imp_auto_us_2/design_1_axi_mem_intercon_imp_auto_us_2_sim_netlist.v
INFO: [IP_Flow 19-6928] IPCACHE: copied cached file /home/linux/ieng6/students/298/jjhan/Downloads/project_3_3/project_3_3.cache/ip/2024.2/a/1/a1f4e854dde34f3e/design_1_axi_mem_intercon_imp_auto_us_2_sim_netlist.vhdl to /home/linux/ieng6/students/298/jjhan/Downloads/project_3_3/project_3_3.gen/sources_1/bd/design_1/ip/design_1_axi_mem_intercon_imp_auto_us_2/design_1_axi_mem_intercon_imp_auto_us_2_sim_netlist.vhdl.
INFO: [IP_Flow 19-6926] IPCACHE: added file to list for BOM: /home/linux/ieng6/students/298/jjhan/Downloads/project_3_3/project_3_3.gen/sources_1/bd/design_1/ip/design_1_axi_mem_intercon_imp_auto_us_2/design_1_axi_mem_intercon_imp_auto_us_2_sim_netlist.vhdl
INFO: [IP_Flow 19-4993] Using cached IP synthesis design for IP design_1_axi_mem_intercon_imp_auto_us_2, cache-ID = a1f4e854dde34f3e; cache size = 26.716 MB.
INFO: [IP_Flow 19-6924] IPCACHE: Running cache check for IP inst: design_1_axi_mem_intercon_imp_auto_us_3
INFO: [IP_Flow 19-6922] IPCACHE: Exporting cached entry aaaeba6229806ef7 to dir: /home/linux/ieng6/students/298/jjhan/Downloads/project_3_3/project_3_3.gen/sources_1/bd/design_1/ip/design_1_axi_mem_intercon_imp_auto_us_3
INFO: [IP_Flow 19-6928] IPCACHE: copied cached file /home/linux/ieng6/students/298/jjhan/Downloads/project_3_3/project_3_3.cache/ip/2024.2/a/a/aaaeba6229806ef7/design_1_axi_mem_intercon_imp_auto_us_3.dcp to /home/linux/ieng6/students/298/jjhan/Downloads/project_3_3/project_3_3.gen/sources_1/bd/design_1/ip/design_1_axi_mem_intercon_imp_auto_us_3/design_1_axi_mem_intercon_imp_auto_us_3.dcp.
INFO: [IP_Flow 19-6926] IPCACHE: added file to list for BOM: /home/linux/ieng6/students/298/jjhan/Downloads/project_3_3/project_3_3.gen/sources_1/bd/design_1/ip/design_1_axi_mem_intercon_imp_auto_us_3/design_1_axi_mem_intercon_imp_auto_us_3.dcp
INFO: [IP_Flow 19-6928] IPCACHE: copied cached file /home/linux/ieng6/students/298/jjhan/Downloads/project_3_3/project_3_3.cache/ip/2024.2/a/a/aaaeba6229806ef7/design_1_axi_mem_intercon_imp_auto_us_3_stub.v to /home/linux/ieng6/students/298/jjhan/Downloads/project_3_3/project_3_3.gen/sources_1/bd/design_1/ip/design_1_axi_mem_intercon_imp_auto_us_3/design_1_axi_mem_intercon_imp_auto_us_3_stub.v.
INFO: [IP_Flow 19-6926] IPCACHE: added file to list for BOM: /home/linux/ieng6/students/298/jjhan/Downloads/project_3_3/project_3_3.gen/sources_1/bd/design_1/ip/design_1_axi_mem_intercon_imp_auto_us_3/design_1_axi_mem_intercon_imp_auto_us_3_stub.v
INFO: [IP_Flow 19-6928] IPCACHE: copied cached file /home/linux/ieng6/students/298/jjhan/Downloads/project_3_3/project_3_3.cache/ip/2024.2/a/a/aaaeba6229806ef7/design_1_axi_mem_intercon_imp_auto_us_3_stub.vhdl to /home/linux/ieng6/students/298/jjhan/Downloads/project_3_3/project_3_3.gen/sources_1/bd/design_1/ip/design_1_axi_mem_intercon_imp_auto_us_3/design_1_axi_mem_intercon_imp_auto_us_3_stub.vhdl.
INFO: [IP_Flow 19-6926] IPCACHE: added file to list for BOM: /home/linux/ieng6/students/298/jjhan/Downloads/project_3_3/project_3_3.gen/sources_1/bd/design_1/ip/design_1_axi_mem_intercon_imp_auto_us_3/design_1_axi_mem_intercon_imp_auto_us_3_stub.vhdl
INFO: [IP_Flow 19-6928] IPCACHE: copied cached file /home/linux/ieng6/students/298/jjhan/Downloads/project_3_3/project_3_3.cache/ip/2024.2/a/a/aaaeba6229806ef7/design_1_axi_mem_intercon_imp_auto_us_3_sim_netlist.v to /home/linux/ieng6/students/298/jjhan/Downloads/project_3_3/project_3_3.gen/sources_1/bd/design_1/ip/design_1_axi_mem_intercon_imp_auto_us_3/design_1_axi_mem_intercon_imp_auto_us_3_sim_netlist.v.
INFO: [IP_Flow 19-6926] IPCACHE: added file to list for BOM: /home/linux/ieng6/students/298/jjhan/Downloads/project_3_3/project_3_3.gen/sources_1/bd/design_1/ip/design_1_axi_mem_intercon_imp_auto_us_3/design_1_axi_mem_intercon_imp_auto_us_3_sim_netlist.v
INFO: [IP_Flow 19-6928] IPCACHE: copied cached file /home/linux/ieng6/students/298/jjhan/Downloads/project_3_3/project_3_3.cache/ip/2024.2/a/a/aaaeba6229806ef7/design_1_axi_mem_intercon_imp_auto_us_3_sim_netlist.vhdl to /home/linux/ieng6/students/298/jjhan/Downloads/project_3_3/project_3_3.gen/sources_1/bd/design_1/ip/design_1_axi_mem_intercon_imp_auto_us_3/design_1_axi_mem_intercon_imp_auto_us_3_sim_netlist.vhdl.
INFO: [IP_Flow 19-6926] IPCACHE: added file to list for BOM: /home/linux/ieng6/students/298/jjhan/Downloads/project_3_3/project_3_3.gen/sources_1/bd/design_1/ip/design_1_axi_mem_intercon_imp_auto_us_3/design_1_axi_mem_intercon_imp_auto_us_3_sim_netlist.vhdl
INFO: [IP_Flow 19-4993] Using cached IP synthesis design for IP design_1_axi_mem_intercon_imp_auto_us_3, cache-ID = aaaeba6229806ef7; cache size = 26.716 MB.
INFO: [IP_Flow 19-6924] IPCACHE: Running cache check for IP inst: design_1_axi_smc_0
INFO: [IP_Flow 19-6922] IPCACHE: Exporting cached entry 8aa41e5d37746b9f to dir: /home/linux/ieng6/students/298/jjhan/Downloads/project_3_3/project_3_3.gen/sources_1/bd/design_1/ip/design_1_axi_smc_0
INFO: [IP_Flow 19-6928] IPCACHE: copied cached file /home/linux/ieng6/students/298/jjhan/Downloads/project_3_3/project_3_3.cache/ip/2024.2/8/a/8aa41e5d37746b9f/design_1_axi_smc_0.dcp to /home/linux/ieng6/students/298/jjhan/Downloads/project_3_3/project_3_3.gen/sources_1/bd/design_1/ip/design_1_axi_smc_0/design_1_axi_smc_0.dcp.
INFO: [IP_Flow 19-6926] IPCACHE: added file to list for BOM: /home/linux/ieng6/students/298/jjhan/Downloads/project_3_3/project_3_3.gen/sources_1/bd/design_1/ip/design_1_axi_smc_0/design_1_axi_smc_0.dcp
INFO: [IP_Flow 19-6928] IPCACHE: copied cached file /home/linux/ieng6/students/298/jjhan/Downloads/project_3_3/project_3_3.cache/ip/2024.2/8/a/8aa41e5d37746b9f/design_1_axi_smc_0_stub.v to /home/linux/ieng6/students/298/jjhan/Downloads/project_3_3/project_3_3.gen/sources_1/bd/design_1/ip/design_1_axi_smc_0/design_1_axi_smc_0_stub.v.
INFO: [IP_Flow 19-6926] IPCACHE: added file to list for BOM: /home/linux/ieng6/students/298/jjhan/Downloads/project_3_3/project_3_3.gen/sources_1/bd/design_1/ip/design_1_axi_smc_0/design_1_axi_smc_0_stub.v
INFO: [IP_Flow 19-6928] IPCACHE: copied cached file /home/linux/ieng6/students/298/jjhan/Downloads/project_3_3/project_3_3.cache/ip/2024.2/8/a/8aa41e5d37746b9f/design_1_axi_smc_0_stub.vhdl to /home/linux/ieng6/students/298/jjhan/Downloads/project_3_3/project_3_3.gen/sources_1/bd/design_1/ip/design_1_axi_smc_0/design_1_axi_smc_0_stub.vhdl.
INFO: [IP_Flow 19-6926] IPCACHE: added file to list for BOM: /home/linux/ieng6/students/298/jjhan/Downloads/project_3_3/project_3_3.gen/sources_1/bd/design_1/ip/design_1_axi_smc_0/design_1_axi_smc_0_stub.vhdl
INFO: [IP_Flow 19-6928] IPCACHE: copied cached file /home/linux/ieng6/students/298/jjhan/Downloads/project_3_3/project_3_3.cache/ip/2024.2/8/a/8aa41e5d37746b9f/design_1_axi_smc_0_sim_netlist.v to /home/linux/ieng6/students/298/jjhan/Downloads/project_3_3/project_3_3.gen/sources_1/bd/design_1/ip/design_1_axi_smc_0/design_1_axi_smc_0_sim_netlist.v.
INFO: [IP_Flow 19-6926] IPCACHE: added file to list for BOM: /home/linux/ieng6/students/298/jjhan/Downloads/project_3_3/project_3_3.gen/sources_1/bd/design_1/ip/design_1_axi_smc_0/design_1_axi_smc_0_sim_netlist.v
INFO: [IP_Flow 19-6928] IPCACHE: copied cached file /home/linux/ieng6/students/298/jjhan/Downloads/project_3_3/project_3_3.cache/ip/2024.2/8/a/8aa41e5d37746b9f/design_1_axi_smc_0_sim_netlist.vhdl to /home/linux/ieng6/students/298/jjhan/Downloads/project_3_3/project_3_3.gen/sources_1/bd/design_1/ip/design_1_axi_smc_0/design_1_axi_smc_0_sim_netlist.vhdl.
INFO: [IP_Flow 19-6926] IPCACHE: added file to list for BOM: /home/linux/ieng6/students/298/jjhan/Downloads/project_3_3/project_3_3.gen/sources_1/bd/design_1/ip/design_1_axi_smc_0/design_1_axi_smc_0_sim_netlist.vhdl
INFO: [IP_Flow 19-4993] Using cached IP synthesis design for IP design_1_axi_smc_0, cache-ID = 8aa41e5d37746b9f; cache size = 26.716 MB.
INFO: [IP_Flow 19-6924] IPCACHE: Running cache check for IP inst: design_1_dft_0_2
[Fri Nov  7 16:33:42 2025] Launched design_1_dft_0_2_synth_1, synth_1...
Run output will be captured here:
design_1_dft_0_2_synth_1: /home/linux/ieng6/students/298/jjhan/Downloads/project_3_3/project_3_3.runs/design_1_dft_0_2_synth_1/runme.log
synth_1: /home/linux/ieng6/students/298/jjhan/Downloads/project_3_3/project_3_3.runs/synth_1/runme.log
[Fri Nov  7 16:33:42 2025] Launched impl_1...
Run output will be captured here: /home/linux/ieng6/students/298/jjhan/Downloads/project_3_3/project_3_3.runs/impl_1/runme.log
launch_runs: Time (s): cpu = 00:00:23 ; elapsed = 00:00:27 . Memory (MB): peak = 11133.223 ; gain = 240.000 ; free physical = 5368 ; free virtual = 18206
