#-----------------------------------------------------------
# Vivado v2024.2 (64-bit)
# SW Build 5239630 on Fri Nov 08 22:34:34 MST 2024
# IP Build 5239520 on Sun Nov 10 16:12:51 MST 2024
# SharedData Build 5239561 on Fri Nov 08 14:39:27 MST 2024
# Start of session at: Fri Nov 21 13:59:40 2025
# Process ID         : 2562372
# Current directory  : /home/linux/ieng6/students/298/jjhan/fa25-cse237c-projects
# Command line       : vivado
# Log file           : /home/linux/ieng6/students/298/jjhan/fa25-cse237c-projects/vivado.log
# Journal file       : /home/linux/ieng6/students/298/jjhan/fa25-cse237c-projects/vivado.jou
# Running On         : ieng6-302.ucsd.edu
# Platform           : Linuxmint
# Operating System   : Linux Mint 22.1
# Processor Detail   : Intel(R) Xeon(R) Gold 5220 CPU @ 2.20GHz
# CPU Frequency      : 2194.843 MHz
# CPU Physical cores : 4
# CPU Logical cores  : 4
# Host memory        : 33655 MB
# Swap memory        : 1023 MB
# Total Virtual      : 34679 MB
# Available Virtual  : 17214 MB
#-----------------------------------------------------------
start_gui
WARNING: [Board 49-26] cannot add Board Part xilinx.com:zcu208ld:part0:2.0 available at /software/common/Xilinx_Vitis/Vivado/2024.2/data/xhub/boards/XilinxBoardStore/boards/Xilinx/zcu208ld/production/2.0/board.xml as part xczu58dr-fsvg1517-2-i specified in board_part file is either invalid or not available
WARNING: [Board 49-26] cannot add Board Part xilinx.com:zcu216ld:part0:2.0 available at /software/common/Xilinx_Vitis/Vivado/2024.2/data/xhub/boards/XilinxBoardStore/boards/Xilinx/zcu216ld/production/2.0/board.xml as part xczu59dr-ffvf1760-2-i specified in board_part file is either invalid or not available
WARNING: [Board 49-26] cannot add Board Part xilinx.com:zcu670ld:part0:1.0 available at /software/common/Xilinx_Vitis/Vivado/2024.2/data/xhub/boards/XilinxBoardStore/boards/Xilinx/zcu670ld/1.0/board.xml as part xczu57dr-fsve1156-2-i specified in board_part file is either invalid or not available
open_project /home/linux/ieng6/students/298/jjhan/fa25-cse237c-projects/guitar_pedal/base/base.xpr
INFO: [Project 1-313] Project file moved from 'C:/Users/james/PYNQ/boards/Pynq-Z2/base/base' since last save.
WARNING: [filemgmt 56-2] IP Repository Path: Could not find the directory '/home/linux/ieng6/students/298/jjhan/ip', nor could it be found using path '/home/linux/ieng6/students/298/jjhan/fa25-cse237c-projects/C:/Users/james/PYNQ/boards/ip'.
WARNING: [filemgmt 56-3] IPUserFilesDir: Could not find the directory '/home/linux/ieng6/students/298/jjhan/fa25-cse237c-projects/guitar_pedal/base/base.ip_user_files'.
Scanning sources...
Finished scanning sources
INFO: [IP_Flow 19-234] Refreshing IP repositories
WARNING: [IP_Flow 19-2248] Failed to load user IP repository '/home/linux/ieng6/students/298/jjhan/ip'; Can't find the specified path.
If this directory should no longer be in your list of user repositories, go to the IP Settings dialog and remove it.
INFO: [IP_Flow 19-2313] Loaded Vivado IP repository '/software/common/Xilinx_Vitis/Vivado/2024.2/data/ip'.
WARNING: [BD 41-1661] One or more IPs have been locked in the design 'base.bd'. Please run report_ip_status for more details and recommendations on how to fix this issue.
List of locked IPs:
base_pmoda_rpi_t_sel_0
base_distributor_rpi_0
base_distributor_pmoda_0
base_pixel_unpack_0
base_vtc_out_0
base_color_swap_0_1
base_axi_dynclk_0
base_color_convert_1
base_pixel_pack_0
base_dvi2rgb_0_0
base_color_swap_0_0
base_s00_regslice_11
base_pmoda_rpi_o_sel_0
base_xbar_4
base_lmb_bram_if_cntlr_1
base_mdm_1_0
base_microblaze_0_axi_periph_1
base_m02_regslice_9
base_btns_gpio_0
base_mb_3
base_m07_regslice_11
base_m05_regslice_10
base_xadc_0
base_rst_ps7_0_fclk3_0
base_s00_regslice_10
base_m08_regslice_4
base_mb_bram_ctrl_1
base_intr_1
base_lmb_bram_if_cntlr_0
base_m12_regslice_0
base_spi_0
base_mb_0
base_dff_en_reset_vector_0_1
base_uartlite_0
base_timer_4_0
base_mb_bram_ctrl_0
base_m01_regslice_10
base_m03_regslice_11
base_dff_en_reset_vector_0_0
base_m02_regslice_12
base_m00_regslice_11
base_intc_0
base_lmb_bram_2
base_m05_regslice_7
base_gpio_0
base_m08_regslice_3
base_axi_gpio_hdmiin_0
base_intr_3
base_arduino_gpio_0
base_auto_us_0
base_m01_regslice_9
base_xbar_3
base_uartlite_1
base_timer_5_0
base_xbar_0
base_timer_2_0
base_intr_0
base_color_convert_0
base_lmb_bram_if_cntlr_3
base_m06_regslice_11
base_timer_6
base_mb_1
base_mb_bram_ctrl_2
base_timer_1_0
base_spi_1
base_m05_regslice_6
base_auto_us_1
base_m10_regslice_3
base_xbar_1
base_spi_shared_0
base_m03_regslice_13
base_m01_regslice_12
base_axi_protocol_convert_0_0
base_clk_wiz_10MHz_0
base_rst_clk_wiz_1_100M_1
base_io_switch_0
base_m14_regslice_0
base_m00_regslice_10
base_m02_regslice_11
base_collector_pmoda_rpi_0
base_m04_regslice_7
base_m07_regslice_8
base_rgb2dvi_0_0
base_auto_pc_1
base_auto_cc_1
base_io_switch_2
base_timer_0_0
base_collector_rpi_27_8_0
base_s00_regslice_12
base_dff_en_reset_vector_0_2
base_m00_regslice_13
base_lmb_bram_0
base_s00_regslice_8
base_axi_dma_0_0
base_xbar_2
base_spi_direct_0
base_vtc_in_0
base_m01_regslice_13
base_m03_regslice_10
base_lmb_bram_1
base_iic_direct_0
base_ps7_0_axi_periph_0
base_timer_3_0
base_dff_en_reset_vector_0_3
base_leds_gpio_0
base_axi_vdma_0
base_auto_pc_11
base_m11_regslice_2
base_axis_register_slice_0_1
base_iic_0
base_m06_regslice_7
base_intc_2
base_m04_regslice_6
base_m07_regslice_7
base_auto_pc_0
base_auto_cc_0
base_m13_regslice_0
base_m00_regslice_12
base_m02_regslice_13
base_m05_regslice_11
base_axi_dma_0_1
base_m10_regslice_2
base_address_remap_0_0
base_s00_regslice_9
base_switches_gpio_0
base_m15_regslice_0
base_m07_regslice_10
base_microblaze_0_axi_periph_0
base_m05_regslice_9
base_m02_regslice_8
base_io_switch_1
base_rst_clk_wiz_1_100M_0
base_microblaze_0_axi_periph_2
base_rst_clk_wiz_1_100M_2
base_mb_2
base_timer_7
base_intr_2
base_trace_cntrl_32_0_0
base_iic_0_0
base_axi_mem_intercon_0
base_iic_1_0
base_axi_interconnect_0_0
base_intc_3
base_io_switch_3
base_intc_1
base_lmb_bram_3
base_m03_regslice_9
base_m00_regslice_8
base_v_vid_in_axi4s_0_0
base_timer_1_1
base_m09_regslice_3
base_mb_bram_ctrl_3
base_gpio_1
base_m05_regslice_8
base_m02_regslice_7
base_xbar_5
base_m01_regslice_11
base_m03_regslice_12
base_lmb_bram_if_cntlr_2
base_m06_regslice_10
base_m04_regslice_10
base_m09_regslice_4
base_m11_regslice_3
base_microblaze_0_axi_periph_3
base_m08_regslice_5
base_rpi_gpio_0
base_rst_clk_wiz_1_100M_3
base_trace_cntrl_64_0_0
base_spi_0_0
base_spi_1_0
base_timer_0_1
base_s00_regslice_13
base_xbar_6
base_s00_regslice_7
base_v_axi4s_vid_out_0_0
base_auto_pc_8
base_auto_cc_2
base_auto_pc_2
base_m04_regslice_8
base_m07_regslice_9
base_m01_regslice_7
base_iic_1
base_m06_regslice_8
base_m03_regslice_7
base_ps7_0_axi_periph_1_0
base_auto_pc_4
base_auto_pc_5
base_axis_register_slice_0_0
base_m06_regslice_6
base_ps7_0_axi_periph1_0
base_m07_regslice_6
base_auto_pc_7
base_xbar_7
base_m04_regslice_9
base_m01_regslice_8
base_proc_sys_reset_pixelclk_0
base_m06_regslice_9
base_m00_regslice_7
base_m03_regslice_8
base_xbar_8
base_auto_pc_9
base_xbar_9
base_rgbleds_gpio_0
base_rst_ps7_0_fclk0_0
base_axi_interconnect_0_1
base_m00_regslice_9
base_rst_ps7_0_fclk1_0
base_auto_pc_6
base_slice_pmodb_gpio_0
base_system_interrupts_0
base_axis_data_fifo_0_0
base_axis_data_fifo_0_1
base_auto_pc_10
base_m02_regslice_10
base_m04_regslice_11
base_auto_pc_3
base_auto_cc_3
base_hdmi_out_hpd_video_0
base_m09_regslice_5
base_audio_codec_ctrl_0_0
base_xbar_10
base_axi_mem_intercon_1

INFO: [Project 1-230] Project 'base.xpr' upgraded for this version of Vivado.
INFO: [Project 1-5579] Found utility IPs instantiated in one or more block designs which have equivalent inline hdl with improved performance and reduced diskspace. It is recommended to migrate these utility IPs to inline hdl using the command upgrade_project -migrate_to_inline_hdl. The utility IPs may be deprecated in future releases. More information on inline hdl is available in UG994.
open_project: Time (s): cpu = 00:00:56 ; elapsed = 00:01:05 . Memory (MB): peak = 12800.883 ; gain = 5141.750 ; free physical = 8800 ; free virtual = 15735
report_ip_status -name ip_status 
update_compile_order -fileset sources_1
set_property USER_LOCKED 1 [get_ips base_pmoda_rpi_t_sel_0]
INFO: [IP_Flow 19-8015] Moving outputs for IP 'base_pmoda_rpi_t_sel_0' to '/home/linux/ieng6/students/298/jjhan/fa25-cse237c-projects/guitar_pedal/base/base.srcs/sources_1/bd/base/ip/base_pmoda_rpi_t_sel_0'
WARNING: [IP_Flow 19-2162] IP 'base_pmoda_rpi_t_sel_0' is locked:
* IP definition 'mux_vector (1.0)' for IP 'base_pmoda_rpi_t_sel_0' (customized with software release 2024.1) was not found in the IP Catalog.
set_property USER_LOCKED 1 [get_ips base_distributor_pmoda_0]
INFO: [IP_Flow 19-8015] Moving outputs for IP 'base_distributor_pmoda_0' to '/home/linux/ieng6/students/298/jjhan/fa25-cse237c-projects/guitar_pedal/base/base.srcs/sources_1/bd/base/ip/base_distributor_pmoda_0'
WARNING: [IP_Flow 19-2162] IP 'base_distributor_pmoda_0' is locked:
* IP definition 'wire_distributor (1.0)' for IP 'base_distributor_pmoda_0' (customized with software release 2024.1) was not found in the IP Catalog.
set_property USER_LOCKED 1 [get_ips base_color_convert_1]
INFO: [IP_Flow 19-8015] Moving outputs for IP 'base_color_convert_1' to '/home/linux/ieng6/students/298/jjhan/fa25-cse237c-projects/guitar_pedal/base/base.srcs/sources_1/bd/base/ip/base_color_convert_1'
WARNING: [IP_Flow 19-2162] IP 'base_color_convert_1' is locked:
* IP definition 'color_convert (1.0)' for IP 'base_color_convert_1' (customized with software release 2024.1) was not found in the IP Catalog.
set_property USER_LOCKED 1 [get_ips base_io_switch_0]
INFO: [IP_Flow 19-8015] Moving outputs for IP 'base_io_switch_0' to '/home/linux/ieng6/students/298/jjhan/fa25-cse237c-projects/guitar_pedal/base/base.srcs/sources_1/bd/base/ip/base_io_switch_0'
WARNING: [IP_Flow 19-2162] IP 'base_io_switch_0' is locked:
* IP definition 'io_switch (1.1)' for IP 'base_io_switch_0' (customized with software release 2024.1) was not found in the IP Catalog.
set_property USER_LOCKED 1 [get_ips base_dff_en_reset_vector_0_1]
INFO: [IP_Flow 19-8015] Moving outputs for IP 'base_dff_en_reset_vector_0_1' to '/home/linux/ieng6/students/298/jjhan/fa25-cse237c-projects/guitar_pedal/base/base.srcs/sources_1/bd/base/ip/base_dff_en_reset_vector_0_1'
WARNING: [IP_Flow 19-2162] IP 'base_dff_en_reset_vector_0_1' is locked:
* IP definition 'dff_en_reset_vector (1.0)' for IP 'base_dff_en_reset_vector_0_1' (customized with software release 2024.1) was not found in the IP Catalog.
set_property USER_LOCKED 1 [get_ips base_distributor_rpi_0]
INFO: [IP_Flow 19-8015] Moving outputs for IP 'base_distributor_rpi_0' to '/home/linux/ieng6/students/298/jjhan/fa25-cse237c-projects/guitar_pedal/base/base.srcs/sources_1/bd/base/ip/base_distributor_rpi_0'
WARNING: [IP_Flow 19-2162] IP 'base_distributor_rpi_0' is locked:
* IP definition 'wire_distributor (1.0)' for IP 'base_distributor_rpi_0' (customized with software release 2024.1) was not found in the IP Catalog.
set_property USER_LOCKED 1 [get_ips base_trace_cntrl_64_0_0]
INFO: [IP_Flow 19-8015] Moving outputs for IP 'base_trace_cntrl_64_0_0' to '/home/linux/ieng6/students/298/jjhan/fa25-cse237c-projects/guitar_pedal/base/base.srcs/sources_1/bd/base/ip/base_trace_cntrl_64_0_0'
WARNING: [IP_Flow 19-2162] IP 'base_trace_cntrl_64_0_0' is locked:
* IP definition 'trace_cntrl_64 (1.4)' for IP 'base_trace_cntrl_64_0_0' (customized with software release 2024.1) was not found in the IP Catalog.
set_property USER_LOCKED 1 [get_ips base_dff_en_reset_vector_0_2]
INFO: [IP_Flow 19-8015] Moving outputs for IP 'base_dff_en_reset_vector_0_2' to '/home/linux/ieng6/students/298/jjhan/fa25-cse237c-projects/guitar_pedal/base/base.srcs/sources_1/bd/base/ip/base_dff_en_reset_vector_0_2'
WARNING: [IP_Flow 19-2162] IP 'base_dff_en_reset_vector_0_2' is locked:
* IP definition 'dff_en_reset_vector (1.0)' for IP 'base_dff_en_reset_vector_0_2' (customized with software release 2024.1) was not found in the IP Catalog.
set_property USER_LOCKED 1 [get_ips base_io_switch_3]
INFO: [IP_Flow 19-8015] Moving outputs for IP 'base_io_switch_3' to '/home/linux/ieng6/students/298/jjhan/fa25-cse237c-projects/guitar_pedal/base/base.srcs/sources_1/bd/base/ip/base_io_switch_3'
WARNING: [IP_Flow 19-2162] IP 'base_io_switch_3' is locked:
* IP definition 'io_switch (1.1)' for IP 'base_io_switch_3' (customized with software release 2024.1) was not found in the IP Catalog.
set_property USER_LOCKED 1 [get_ips base_collector_rpi_27_8_0]
INFO: [IP_Flow 19-8015] Moving outputs for IP 'base_collector_rpi_27_8_0' to '/home/linux/ieng6/students/298/jjhan/fa25-cse237c-projects/guitar_pedal/base/base.srcs/sources_1/bd/base/ip/base_collector_rpi_27_8_0'
WARNING: [IP_Flow 19-2162] IP 'base_collector_rpi_27_8_0' is locked:
* IP definition 'wire_distributor (1.0)' for IP 'base_collector_rpi_27_8_0' (customized with software release 2024.1) was not found in the IP Catalog.
set_property USER_LOCKED 1 [get_ips base_axi_dynclk_0]
INFO: [IP_Flow 19-8015] Moving outputs for IP 'base_axi_dynclk_0' to '/home/linux/ieng6/students/298/jjhan/fa25-cse237c-projects/guitar_pedal/base/base.srcs/sources_1/bd/base/ip/base_axi_dynclk_0'
WARNING: [IP_Flow 19-2162] IP 'base_axi_dynclk_0' is locked:
* IP definition 'axi_dynclk (1.0)' for IP 'base_axi_dynclk_0' (customized with software release 2024.1) was not found in the IP Catalog.
set_property USER_LOCKED 1 [get_ips base_rgb2dvi_0_0]
INFO: [IP_Flow 19-8015] Moving outputs for IP 'base_rgb2dvi_0_0' to '/home/linux/ieng6/students/298/jjhan/fa25-cse237c-projects/guitar_pedal/base/base.srcs/sources_1/bd/base/ip/base_rgb2dvi_0_0'
WARNING: [IP_Flow 19-2162] IP 'base_rgb2dvi_0_0' is locked:
* IP definition 'rgb2dvi (1.2)' for IP 'base_rgb2dvi_0_0' (customized with software release 2024.1) was not found in the IP Catalog.
set_property USER_LOCKED 1 [get_ips base_audio_codec_ctrl_0_0]
INFO: [IP_Flow 19-8015] Moving outputs for IP 'base_audio_codec_ctrl_0_0' to '/home/linux/ieng6/students/298/jjhan/fa25-cse237c-projects/guitar_pedal/base/base.srcs/sources_1/bd/base/ip/base_audio_codec_ctrl_0_0'
WARNING: [IP_Flow 19-2162] IP 'base_audio_codec_ctrl_0_0' is locked:
* IP definition 'audio_codec_ctrl (1.0)' for IP 'base_audio_codec_ctrl_0_0' (customized with software release 2024.1) was not found in the IP Catalog.
set_property USER_LOCKED 1 [get_ips base_color_swap_0_0]
INFO: [IP_Flow 19-8015] Moving outputs for IP 'base_color_swap_0_0' to '/home/linux/ieng6/students/298/jjhan/fa25-cse237c-projects/guitar_pedal/base/base.srcs/sources_1/bd/base/ip/base_color_swap_0_0'
WARNING: [IP_Flow 19-2162] IP 'base_color_swap_0_0' is locked:
* IP definition 'color_swap (1.1)' for IP 'base_color_swap_0_0' (customized with software release 2024.1) was not found in the IP Catalog.
set_property USER_LOCKED 1 [get_ips base_pixel_unpack_0]
INFO: [IP_Flow 19-8015] Moving outputs for IP 'base_pixel_unpack_0' to '/home/linux/ieng6/students/298/jjhan/fa25-cse237c-projects/guitar_pedal/base/base.srcs/sources_1/bd/base/ip/base_pixel_unpack_0'
WARNING: [IP_Flow 19-2162] IP 'base_pixel_unpack_0' is locked:
* IP definition 'pixel_unpack (1.0)' for IP 'base_pixel_unpack_0' (customized with software release 2024.1) was not found in the IP Catalog.
set_property USER_LOCKED 1 [get_ips base_trace_cntrl_32_0_0]
INFO: [IP_Flow 19-8015] Moving outputs for IP 'base_trace_cntrl_32_0_0' to '/home/linux/ieng6/students/298/jjhan/fa25-cse237c-projects/guitar_pedal/base/base.srcs/sources_1/bd/base/ip/base_trace_cntrl_32_0_0'
WARNING: [IP_Flow 19-2162] IP 'base_trace_cntrl_32_0_0' is locked:
* IP definition 'trace_cntrl_32 (1.4)' for IP 'base_trace_cntrl_32_0_0' (customized with software release 2024.1) was not found in the IP Catalog.
set_property USER_LOCKED 1 [get_ips base_dff_en_reset_vector_0_3]
INFO: [IP_Flow 19-8015] Moving outputs for IP 'base_dff_en_reset_vector_0_3' to '/home/linux/ieng6/students/298/jjhan/fa25-cse237c-projects/guitar_pedal/base/base.srcs/sources_1/bd/base/ip/base_dff_en_reset_vector_0_3'
WARNING: [IP_Flow 19-2162] IP 'base_dff_en_reset_vector_0_3' is locked:
* IP definition 'dff_en_reset_vector (1.0)' for IP 'base_dff_en_reset_vector_0_3' (customized with software release 2024.1) was not found in the IP Catalog.
set_property USER_LOCKED 1 [get_ips base_io_switch_2]
INFO: [IP_Flow 19-8015] Moving outputs for IP 'base_io_switch_2' to '/home/linux/ieng6/students/298/jjhan/fa25-cse237c-projects/guitar_pedal/base/base.srcs/sources_1/bd/base/ip/base_io_switch_2'
WARNING: [IP_Flow 19-2162] IP 'base_io_switch_2' is locked:
* IP definition 'io_switch (1.1)' for IP 'base_io_switch_2' (customized with software release 2024.1) was not found in the IP Catalog.
set_property USER_LOCKED 1 [get_ips base_dff_en_reset_vector_0_0]
INFO: [IP_Flow 19-8015] Moving outputs for IP 'base_dff_en_reset_vector_0_0' to '/home/linux/ieng6/students/298/jjhan/fa25-cse237c-projects/guitar_pedal/base/base.srcs/sources_1/bd/base/ip/base_dff_en_reset_vector_0_0'
WARNING: [IP_Flow 19-2162] IP 'base_dff_en_reset_vector_0_0' is locked:
* IP definition 'dff_en_reset_vector (1.0)' for IP 'base_dff_en_reset_vector_0_0' (customized with software release 2024.1) was not found in the IP Catalog.
set_property USER_LOCKED 1 [get_ips base_io_switch_1]
INFO: [IP_Flow 19-8015] Moving outputs for IP 'base_io_switch_1' to '/home/linux/ieng6/students/298/jjhan/fa25-cse237c-projects/guitar_pedal/base/base.srcs/sources_1/bd/base/ip/base_io_switch_1'
WARNING: [IP_Flow 19-2162] IP 'base_io_switch_1' is locked:
* IP definition 'io_switch (1.1)' for IP 'base_io_switch_1' (customized with software release 2024.1) was not found in the IP Catalog.
set_property USER_LOCKED 1 [get_ips base_collector_pmoda_rpi_0]
INFO: [IP_Flow 19-8015] Moving outputs for IP 'base_collector_pmoda_rpi_0' to '/home/linux/ieng6/students/298/jjhan/fa25-cse237c-projects/guitar_pedal/base/base.srcs/sources_1/bd/base/ip/base_collector_pmoda_rpi_0'
WARNING: [IP_Flow 19-2162] IP 'base_collector_pmoda_rpi_0' is locked:
* IP definition 'wire_distributor (1.0)' for IP 'base_collector_pmoda_rpi_0' (customized with software release 2024.1) was not found in the IP Catalog.
set_property USER_LOCKED 1 [get_ips base_pmoda_rpi_o_sel_0]
INFO: [IP_Flow 19-8015] Moving outputs for IP 'base_pmoda_rpi_o_sel_0' to '/home/linux/ieng6/students/298/jjhan/fa25-cse237c-projects/guitar_pedal/base/base.srcs/sources_1/bd/base/ip/base_pmoda_rpi_o_sel_0'
WARNING: [IP_Flow 19-2162] IP 'base_pmoda_rpi_o_sel_0' is locked:
* IP definition 'mux_vector (1.0)' for IP 'base_pmoda_rpi_o_sel_0' (customized with software release 2024.1) was not found in the IP Catalog.
set_property USER_LOCKED 1 [get_ips base_color_swap_0_1]
INFO: [IP_Flow 19-8015] Moving outputs for IP 'base_color_swap_0_1' to '/home/linux/ieng6/students/298/jjhan/fa25-cse237c-projects/guitar_pedal/base/base.srcs/sources_1/bd/base/ip/base_color_swap_0_1'
WARNING: [IP_Flow 19-2162] IP 'base_color_swap_0_1' is locked:
* IP definition 'color_swap (1.1)' for IP 'base_color_swap_0_1' (customized with software release 2024.1) was not found in the IP Catalog.
set_property USER_LOCKED 1 [get_ips base_address_remap_0_0]
INFO: [IP_Flow 19-8015] Moving outputs for IP 'base_address_remap_0_0' to '/home/linux/ieng6/students/298/jjhan/fa25-cse237c-projects/guitar_pedal/base/base.srcs/sources_1/bd/base/ip/base_address_remap_0_0'
WARNING: [IP_Flow 19-2162] IP 'base_address_remap_0_0' is locked:
* IP definition 'address_remap (1.0)' for IP 'base_address_remap_0_0' (customized with software release 2024.1) was not found in the IP Catalog.
set_property USER_LOCKED 1 [get_ips base_dvi2rgb_0_0]
INFO: [IP_Flow 19-8015] Moving outputs for IP 'base_dvi2rgb_0_0' to '/home/linux/ieng6/students/298/jjhan/fa25-cse237c-projects/guitar_pedal/base/base.srcs/sources_1/bd/base/ip/base_dvi2rgb_0_0'
WARNING: [IP_Flow 19-2162] IP 'base_dvi2rgb_0_0' is locked:
* IP definition 'dvi2rgb (1.7)' for IP 'base_dvi2rgb_0_0' (customized with software release 2024.1) was not found in the IP Catalog.
set_property USER_LOCKED 1 [get_ips base_slice_pmodb_gpio_0]
INFO: [IP_Flow 19-8015] Moving outputs for IP 'base_slice_pmodb_gpio_0' to '/home/linux/ieng6/students/298/jjhan/fa25-cse237c-projects/guitar_pedal/base/base.srcs/sources_1/bd/base/ip/base_slice_pmodb_gpio_0'
WARNING: [IP_Flow 19-2162] IP 'base_slice_pmodb_gpio_0' is locked:
* IP definition 'interface_slice (1.0)' for IP 'base_slice_pmodb_gpio_0' (customized with software release 2024.1) was not found in the IP Catalog.
set_property USER_LOCKED 1 [get_ips base_color_convert_0]
INFO: [IP_Flow 19-8015] Moving outputs for IP 'base_color_convert_0' to '/home/linux/ieng6/students/298/jjhan/fa25-cse237c-projects/guitar_pedal/base/base.srcs/sources_1/bd/base/ip/base_color_convert_0'
WARNING: [IP_Flow 19-2162] IP 'base_color_convert_0' is locked:
* IP definition 'color_convert (1.0)' for IP 'base_color_convert_0' (customized with software release 2024.1) was not found in the IP Catalog.
set_property USER_LOCKED 1 [get_ips base_pixel_pack_0]
INFO: [IP_Flow 19-8015] Moving outputs for IP 'base_pixel_pack_0' to '/home/linux/ieng6/students/298/jjhan/fa25-cse237c-projects/guitar_pedal/base/base.srcs/sources_1/bd/base/ip/base_pixel_pack_0'
WARNING: [IP_Flow 19-2162] IP 'base_pixel_pack_0' is locked:
* IP definition 'pixel_pack (1.0)' for IP 'base_pixel_pack_0' (customized with software release 2024.1) was not found in the IP Catalog.
upgrade_ip [get_ips  {base_iic_1_0 base_hdmi_out_hpd_video_0 base_microblaze_0_axi_periph_0 base_axi_dma_0_0 base_leds_gpio_0 base_rst_ps7_0_fclk3_0 base_rst_clk_wiz_1_100M_3 base_timer_0_1 base_v_axi4s_vid_out_0_0 base_axis_data_fifo_0_0 base_axis_register_slice_0_0 base_iic_0_0 base_system_interrupts_0 base_lmb_bram_2 base_arduino_gpio_0 base_xadc_0 base_mb_bram_ctrl_2 base_lmb_bram_if_cntlr_3 base_rpi_gpio_0 base_rst_ps7_0_fclk0_0 base_vtc_in_0 base_vtc_out_0 base_mb_3 base_intr_3 base_iic_0 base_axi_vdma_0 base_ps7_0_axi_periph_1_0 base_timer_6 base_ps7_0_axi_periph1_0 base_timer_1_0 base_rst_clk_wiz_1_100M_2 base_switches_gpio_0 base_microblaze_0_axi_periph_3 base_mb_2 base_intc_1 base_ps7_0_axi_periph_0 base_timer_2_0 base_microblaze_0_axi_periph_2 base_v_vid_in_axi4s_0_0 base_axi_gpio_hdmiin_0 base_intc_0 base_axi_interconnect_0_1 base_mb_bram_ctrl_3 base_lmb_bram_0 base_clk_wiz_10MHz_0 base_axis_register_slice_0_1 base_timer_5_0 base_axi_mem_intercon_1 base_lmb_bram_3 base_mdm_1_0 base_timer_7 base_intr_2 base_axi_dma_0_1 base_intc_2 base_lmb_bram_if_cntlr_2 base_mb_1 base_uartlite_0 base_intr_0 base_spi_0_0 base_timer_1_1 base_rgbleds_gpio_0 base_spi_direct_0 base_mb_0 base_axi_interconnect_0_0 base_gpio_0 base_rst_ps7_0_fclk1_0 base_timer_4_0 base_mb_bram_ctrl_0 base_intr_1 base_microblaze_0_axi_periph_1 base_axis_data_fifo_0_1 base_iic_1 base_spi_0 base_spi_1 base_spi_1_0 base_rst_clk_wiz_1_100M_1 base_lmb_bram_1 base_timer_3_0 base_lmb_bram_if_cntlr_0 base_intc_3 base_axi_protocol_convert_0_0 base_uartlite_1 base_spi_shared_0 base_gpio_1 base_axi_mem_intercon_0 base_mb_bram_ctrl_1 base_rst_clk_wiz_1_100M_0 base_iic_direct_0 base_lmb_bram_if_cntlr_1 base_btns_gpio_0 base_proc_sys_reset_pixelclk_0 base_timer_0_0}] -log ip_upgrade.log
Reading block design file </home/linux/ieng6/students/298/jjhan/fa25-cse237c-projects/guitar_pedal/base/base.srcs/sources_1/bd/base/base.bd>...
CRITICAL WARNING: [BD 41-52] Could not find the abstraction definition specified by the vlnv: digilentinc.com:interface:tmds_rtl:1.0 
CRITICAL WARNING: [BD 41-181] Type specified by the VLNV: 'digilentinc.com:interface:tmds_rtl:1.0', cannot be found. Interface port: 'hdmi_in' cannot be created
CRITICAL WARNING: [BD 41-52] Could not find the abstraction definition specified by the vlnv: digilentinc.com:interface:tmds_rtl:1.0 
CRITICAL WARNING: [BD 41-181] Type specified by the VLNV: 'digilentinc.com:interface:tmds_rtl:1.0', cannot be found. Interface port: 'hdmi_out' cannot be created
Adding component instance block -- user.org:user:address_remap:1.0 - address_remap_0
Adding component instance block -- xilinx.com:user:audio_codec_ctrl:1.0 - audio_codec_ctrl_0
Adding component instance block -- xilinx.com:ip:axi_interconnect:2.1 - axi_interconnect_0
Adding component instance block -- xilinx.com:ip:axi_crossbar:2.1 - xbar
Adding component instance block -- xilinx.com:ip:axi_protocol_converter:2.1 - auto_pc
Adding component instance block -- xilinx.com:ip:axi_interconnect:2.1 - axi_mem_intercon
Adding component instance block -- xilinx.com:ip:axi_crossbar:2.1 - xbar
Adding component instance block -- xilinx.com:ip:axi_dwidth_converter:2.1 - auto_us
Adding component instance block -- xilinx.com:ip:axi_protocol_converter:2.1 - auto_pc
Adding component instance block -- xilinx.com:ip:axi_protocol_converter:2.1 - axi_protocol_convert_0
Adding component instance block -- xilinx.com:ip:axi_gpio:2.0 - btns_gpio
Adding component instance block -- xilinx.com:ip:clk_wiz:6.0 - clk_wiz_10MHz
Adding component instance block -- xilinx.com:ip:xlconcat:2.1 - concat_interrupts
Adding component instance block -- xilinx.com:ip:xlconcat:2.1 - concat_pmodb
Adding component instance block -- xilinx.com:ip:xlconcat:2.1 - concat_rp
Adding component instance block -- xilinx.com:ip:xlconstant:1.1 - constant_8bit_0
Adding component instance block -- xilinx.com:ip:axi_gpio:2.0 - arduino_gpio
Adding component instance block -- xilinx.com:user:dff_en_reset_vector:1.0 - dff_en_reset_vector_0
Adding component instance block -- xilinx.com:ip:axi_iic:2.1 - iic_direct
Adding component instance block -- xilinx.com:ip:axi_intc:4.1 - intc
Adding component instance block -- xilinx.com:ip:xlconcat:2.1 - interrupt_concat
Adding component instance block -- xilinx.com:ip:axi_gpio:2.0 - intr
Adding component instance block -- xilinx.com:user:io_switch:1.1 - io_switch
Adding component instance block -- xilinx.com:ip:lmb_v10:3.0 - dlmb_v10
Adding component instance block -- xilinx.com:ip:lmb_v10:3.0 - ilmb_v10
Adding component instance block -- xilinx.com:ip:blk_mem_gen:8.4 - lmb_bram
Adding component instance block -- xilinx.com:ip:lmb_bram_if_cntlr:4.0 - lmb_bram_if_cntlr
Adding component instance block -- xilinx.com:ip:xlconstant:1.1 - logic_1
Adding component instance block -- xilinx.com:ip:microblaze:11.0 - mb
Adding component instance block -- xilinx.com:ip:axi_bram_ctrl:4.1 - mb_bram_ctrl
Adding component instance block -- xilinx.com:ip:axi_interconnect:2.1 - microblaze_0_axi_periph
Adding component instance block -- xilinx.com:ip:axi_crossbar:2.1 - xbar
Adding component instance block -- xilinx.com:ip:axi_register_slice:2.1 - s00_regslice
Adding component instance block -- xilinx.com:ip:axi_register_slice:2.1 - m00_regslice
Adding component instance block -- xilinx.com:ip:axi_register_slice:2.1 - m01_regslice
Adding component instance block -- xilinx.com:ip:axi_register_slice:2.1 - m02_regslice
Adding component instance block -- xilinx.com:ip:axi_register_slice:2.1 - m03_regslice
Adding component instance block -- xilinx.com:ip:axi_register_slice:2.1 - m04_regslice
Adding component instance block -- xilinx.com:ip:axi_register_slice:2.1 - m05_regslice
Adding component instance block -- xilinx.com:ip:axi_register_slice:2.1 - m06_regslice
Adding component instance block -- xilinx.com:ip:axi_register_slice:2.1 - m07_regslice
Adding component instance block -- xilinx.com:ip:axi_register_slice:2.1 - m08_regslice
Adding component instance block -- xilinx.com:ip:axi_register_slice:2.1 - m09_regslice
Adding component instance block -- xilinx.com:ip:axi_register_slice:2.1 - m10_regslice
Adding component instance block -- xilinx.com:ip:axi_register_slice:2.1 - m11_regslice
Adding component instance block -- xilinx.com:ip:axi_register_slice:2.1 - m12_regslice
Adding component instance block -- xilinx.com:ip:axi_register_slice:2.1 - m13_regslice
Adding component instance block -- xilinx.com:ip:axi_register_slice:2.1 - m14_regslice
Adding component instance block -- xilinx.com:ip:axi_register_slice:2.1 - m15_regslice
Adding component instance block -- xilinx.com:ip:proc_sys_reset:5.0 - rst_clk_wiz_1_100M
Adding component instance block -- xilinx.com:ip:axi_quad_spi:3.2 - spi_direct
Adding component instance block -- xilinx.com:ip:axi_quad_spi:3.2 - spi_shared
Adding component instance block -- xilinx.com:ip:xlslice:1.0 - mb3_timer_capture_0
Adding component instance block -- xilinx.com:ip:xlslice:1.0 - mb3_timer_capture_1
Adding component instance block -- xilinx.com:ip:xlslice:1.0 - mb3_timer_capture_2
Adding component instance block -- xilinx.com:ip:xlslice:1.0 - mb3_timer_capture_3
Adding component instance block -- xilinx.com:ip:xlslice:1.0 - mb3_timer_capture_4
Adding component instance block -- xilinx.com:ip:xlslice:1.0 - mb3_timer_capture_5
Adding component instance block -- xilinx.com:ip:xlslice:1.0 - mb3_timer_capture_6
Adding component instance block -- xilinx.com:ip:xlslice:1.0 - mb3_timer_capture_7
Adding component instance block -- xilinx.com:ip:xlconcat:2.1 - mb3_timer_generate
Adding component instance block -- xilinx.com:ip:xlconcat:2.1 - mb3_timer_pwm
Adding component instance block -- xilinx.com:ip:xlconcat:2.1 - mb3_timers_interrupt
Adding component instance block -- xilinx.com:ip:axi_timer:2.0 - timer_0
Adding component instance block -- xilinx.com:ip:axi_timer:2.0 - timer_1
Adding component instance block -- xilinx.com:ip:axi_timer:2.0 - timer_2
Adding component instance block -- xilinx.com:ip:axi_timer:2.0 - timer_3
Adding component instance block -- xilinx.com:ip:axi_timer:2.0 - timer_4
Adding component instance block -- xilinx.com:ip:axi_timer:2.0 - timer_5
Adding component instance block -- xilinx.com:ip:axi_uartlite:2.0 - uartlite
Adding component instance block -- xilinx.com:ip:xadc_wiz:3.3 - xadc
Adding component instance block -- xilinx.com:ip:xlconcat:2.1 - iop_interrupts
Adding component instance block -- xilinx.com:user:dff_en_reset_vector:1.0 - dff_en_reset_vector_0
Adding component instance block -- xilinx.com:ip:axi_gpio:2.0 - gpio
Adding component instance block -- xilinx.com:ip:axi_iic:2.1 - iic
Adding component instance block -- xilinx.com:ip:axi_intc:4.1 - intc
Adding component instance block -- xilinx.com:ip:axi_gpio:2.0 - intr
Adding component instance block -- xilinx.com:ip:xlconcat:2.1 - intr_concat
Adding component instance block -- xilinx.com:user:io_switch:1.1 - io_switch
Adding component instance block -- xilinx.com:ip:lmb_v10:3.0 - dlmb_v10
Adding component instance block -- xilinx.com:ip:lmb_v10:3.0 - ilmb_v10
Adding component instance block -- xilinx.com:ip:blk_mem_gen:8.4 - lmb_bram
Adding component instance block -- xilinx.com:ip:lmb_bram_if_cntlr:4.0 - lmb_bram_if_cntlr
Adding component instance block -- xilinx.com:ip:xlconstant:1.1 - logic_1
Adding component instance block -- xilinx.com:ip:microblaze:11.0 - mb
Adding component instance block -- xilinx.com:ip:axi_bram_ctrl:4.1 - mb_bram_ctrl
Adding component instance block -- xilinx.com:ip:axi_interconnect:2.1 - microblaze_0_axi_periph
Adding component instance block -- xilinx.com:ip:axi_crossbar:2.1 - xbar
Adding component instance block -- xilinx.com:ip:axi_register_slice:2.1 - s00_regslice
Adding component instance block -- xilinx.com:ip:axi_register_slice:2.1 - m00_regslice
Adding component instance block -- xilinx.com:ip:axi_register_slice:2.1 - m01_regslice
Adding component instance block -- xilinx.com:ip:axi_register_slice:2.1 - m02_regslice
Adding component instance block -- xilinx.com:ip:axi_register_slice:2.1 - m03_regslice
Adding component instance block -- xilinx.com:ip:axi_register_slice:2.1 - m04_regslice
Adding component instance block -- xilinx.com:ip:axi_register_slice:2.1 - m05_regslice
Adding component instance block -- xilinx.com:ip:axi_register_slice:2.1 - m06_regslice
Adding component instance block -- xilinx.com:ip:axi_register_slice:2.1 - m07_regslice
Adding component instance block -- xilinx.com:ip:proc_sys_reset:5.0 - rst_clk_wiz_1_100M
Adding component instance block -- xilinx.com:ip:axi_quad_spi:3.2 - spi
Adding component instance block -- xilinx.com:ip:axi_timer:2.0 - timer
Adding component instance block -- xilinx.com:user:dff_en_reset_vector:1.0 - dff_en_reset_vector_0
Adding component instance block -- xilinx.com:ip:axi_gpio:2.0 - gpio
Adding component instance block -- xilinx.com:ip:axi_iic:2.1 - iic
Adding component instance block -- xilinx.com:ip:axi_intc:4.1 - intc
Adding component instance block -- xilinx.com:ip:axi_gpio:2.0 - intr
Adding component instance block -- xilinx.com:ip:xlconcat:2.1 - intr_concat
Adding component instance block -- xilinx.com:user:io_switch:1.1 - io_switch
Adding component instance block -- xilinx.com:ip:lmb_v10:3.0 - dlmb_v10
Adding component instance block -- xilinx.com:ip:lmb_v10:3.0 - ilmb_v10
Adding component instance block -- xilinx.com:ip:blk_mem_gen:8.4 - lmb_bram
Adding component instance block -- xilinx.com:ip:lmb_bram_if_cntlr:4.0 - lmb_bram_if_cntlr
Adding component instance block -- xilinx.com:ip:xlconstant:1.1 - logic_1
Adding component instance block -- xilinx.com:ip:microblaze:11.0 - mb
Adding component instance block -- xilinx.com:ip:axi_bram_ctrl:4.1 - mb_bram_ctrl
Adding component instance block -- xilinx.com:ip:axi_interconnect:2.1 - microblaze_0_axi_periph
Adding component instance block -- xilinx.com:ip:axi_crossbar:2.1 - xbar
Adding component instance block -- xilinx.com:ip:axi_register_slice:2.1 - s00_regslice
Adding component instance block -- xilinx.com:ip:axi_register_slice:2.1 - m00_regslice
Adding component instance block -- xilinx.com:ip:axi_register_slice:2.1 - m01_regslice
Adding component instance block -- xilinx.com:ip:axi_register_slice:2.1 - m02_regslice
Adding component instance block -- xilinx.com:ip:axi_register_slice:2.1 - m03_regslice
Adding component instance block -- xilinx.com:ip:axi_register_slice:2.1 - m04_regslice
Adding component instance block -- xilinx.com:ip:axi_register_slice:2.1 - m05_regslice
Adding component instance block -- xilinx.com:ip:axi_register_slice:2.1 - m06_regslice
Adding component instance block -- xilinx.com:ip:axi_register_slice:2.1 - m07_regslice
Adding component instance block -- xilinx.com:ip:proc_sys_reset:5.0 - rst_clk_wiz_1_100M
Adding component instance block -- xilinx.com:ip:axi_quad_spi:3.2 - spi
Adding component instance block -- xilinx.com:ip:axi_timer:2.0 - timer
Adding component instance block -- xilinx.com:user:dff_en_reset_vector:1.0 - dff_en_reset_vector_0
Adding component instance block -- xilinx.com:ip:axi_iic:2.1 - iic_0
Adding component instance block -- xilinx.com:ip:axi_iic:2.1 - iic_1
Adding component instance block -- xilinx.com:ip:axi_intc:4.1 - intc
Adding component instance block -- xilinx.com:ip:axi_gpio:2.0 - intr
Adding component instance block -- xilinx.com:ip:xlconcat:2.1 - intr_concat
Adding component instance block -- xilinx.com:user:io_switch:1.1 - io_switch
Adding component instance block -- xilinx.com:ip:lmb_v10:3.0 - dlmb_v10
Adding component instance block -- xilinx.com:ip:lmb_v10:3.0 - ilmb_v10
Adding component instance block -- xilinx.com:ip:blk_mem_gen:8.4 - lmb_bram
Adding component instance block -- xilinx.com:ip:lmb_bram_if_cntlr:4.0 - lmb_bram_if_cntlr
Adding component instance block -- xilinx.com:ip:xlconstant:1.1 - logic_1
Adding component instance block -- xilinx.com:ip:microblaze:11.0 - mb
Adding component instance block -- xilinx.com:ip:axi_bram_ctrl:4.1 - mb_bram_ctrl
Adding component instance block -- xilinx.com:ip:axi_interconnect:2.1 - microblaze_0_axi_periph
Adding component instance block -- xilinx.com:ip:axi_crossbar:2.1 - xbar
Adding component instance block -- xilinx.com:ip:axi_register_slice:2.1 - s00_regslice
Adding component instance block -- xilinx.com:ip:axi_register_slice:2.1 - m00_regslice
Adding component instance block -- xilinx.com:ip:axi_register_slice:2.1 - m01_regslice
Adding component instance block -- xilinx.com:ip:axi_register_slice:2.1 - m02_regslice
Adding component instance block -- xilinx.com:ip:axi_register_slice:2.1 - m03_regslice
Adding component instance block -- xilinx.com:ip:axi_register_slice:2.1 - m04_regslice
Adding component instance block -- xilinx.com:ip:axi_register_slice:2.1 - m05_regslice
Adding component instance block -- xilinx.com:ip:axi_register_slice:2.1 - m06_regslice
Adding component instance block -- xilinx.com:ip:axi_register_slice:2.1 - m07_regslice
Adding component instance block -- xilinx.com:ip:axi_register_slice:2.1 - m08_regslice
Adding component instance block -- xilinx.com:ip:axi_register_slice:2.1 - m09_regslice
Adding component instance block -- xilinx.com:ip:axi_register_slice:2.1 - m10_regslice
Adding component instance block -- xilinx.com:ip:axi_register_slice:2.1 - m11_regslice
Adding component instance block -- xilinx.com:ip:axi_gpio:2.0 - rpi_gpio
Adding component instance block -- xilinx.com:ip:proc_sys_reset:5.0 - rst_clk_wiz_1_100M
Adding component instance block -- xilinx.com:ip:axi_quad_spi:3.2 - spi_0
Adding component instance block -- xilinx.com:ip:axi_quad_spi:3.2 - spi_1
Adding component instance block -- xilinx.com:ip:xlconcat:2.1 - mb4_timer_pwm
Adding component instance block -- xilinx.com:ip:xlconcat:2.1 - mb4_timers_interrupt
Adding component instance block -- xilinx.com:ip:axi_timer:2.0 - timer_0
Adding component instance block -- xilinx.com:ip:axi_timer:2.0 - timer_1
Adding component instance block -- xilinx.com:ip:axi_uartlite:2.0 - uartlite
Adding component instance block -- xilinx.com:ip:axi_gpio:2.0 - leds_gpio
Adding component instance block -- xilinx.com:ip:xlconstant:1.1 - logic_1
Adding component instance block -- xilinx.com:ip:xlslice:1.0 - mb_iop_arduino_intr_ack
Adding component instance block -- xilinx.com:ip:xlslice:1.0 - mb_iop_arduino_reset
Adding component instance block -- xilinx.com:ip:xlslice:1.0 - mb_iop_pmoda_intr_ack
Adding component instance block -- xilinx.com:ip:xlslice:1.0 - mb_iop_pmoda_reset
Adding component instance block -- xilinx.com:ip:xlslice:1.0 - mb_iop_pmodb_intr_ack
Adding component instance block -- xilinx.com:ip:xlslice:1.0 - mb_iop_pmodb_reset
Adding component instance block -- xilinx.com:ip:xlslice:1.0 - mb_iop_rpi_intr_ack
Adding component instance block -- xilinx.com:ip:xlslice:1.0 - mb_iop_rpi_reset
Adding component instance block -- xilinx.com:ip:mdm:3.2 - mdm_1
Adding component instance block -- xilinx.com:ip:xlslice:1.0 - pmoda_rp_pin_sel
Adding component instance block -- xilinx.com:ip:processing_system7:5.5 - ps7_0
Adding component instance block -- xilinx.com:ip:axi_interconnect:2.1 - ps7_0_axi_periph
Adding component instance block -- xilinx.com:ip:axi_crossbar:2.1 - xbar
Adding component instance block -- xilinx.com:ip:axi_register_slice:2.1 - s00_regslice
Adding component instance block -- xilinx.com:ip:axi_protocol_converter:2.1 - auto_pc
Adding component instance block -- xilinx.com:ip:axi_register_slice:2.1 - m00_regslice
Adding component instance block -- xilinx.com:ip:axi_protocol_converter:2.1 - auto_pc
Adding component instance block -- xilinx.com:ip:axi_register_slice:2.1 - m01_regslice
Adding component instance block -- xilinx.com:ip:axi_register_slice:2.1 - m02_regslice
Adding component instance block -- xilinx.com:ip:axi_protocol_converter:2.1 - auto_pc
Adding component instance block -- xilinx.com:ip:axi_register_slice:2.1 - m03_regslice
Adding component instance block -- xilinx.com:ip:axi_protocol_converter:2.1 - auto_pc
Adding component instance block -- xilinx.com:ip:axi_register_slice:2.1 - m04_regslice
Adding component instance block -- xilinx.com:ip:axi_protocol_converter:2.1 - auto_pc
Adding component instance block -- xilinx.com:ip:axi_register_slice:2.1 - m05_regslice
Adding component instance block -- xilinx.com:ip:axi_protocol_converter:2.1 - auto_pc
Adding component instance block -- xilinx.com:ip:axi_register_slice:2.1 - m06_regslice
Adding component instance block -- xilinx.com:ip:axi_register_slice:2.1 - m07_regslice
Adding component instance block -- xilinx.com:ip:axi_protocol_converter:2.1 - auto_pc
Adding component instance block -- xilinx.com:ip:axi_interconnect:2.1 - ps7_0_axi_periph1
Adding component instance block -- xilinx.com:ip:axi_crossbar:2.1 - xbar
Adding component instance block -- xilinx.com:ip:axi_register_slice:2.1 - s00_regslice
Adding component instance block -- xilinx.com:ip:axi_register_slice:2.1 - m00_regslice
Adding component instance block -- xilinx.com:ip:axi_register_slice:2.1 - m01_regslice
Adding component instance block -- xilinx.com:ip:axi_register_slice:2.1 - m02_regslice
Adding component instance block -- xilinx.com:ip:axi_register_slice:2.1 - m03_regslice
Adding component instance block -- xilinx.com:ip:axi_interconnect:2.1 - ps7_0_axi_periph_1
Adding component instance block -- xilinx.com:ip:axi_crossbar:2.1 - xbar
Adding component instance block -- xilinx.com:ip:axi_protocol_converter:2.1 - auto_pc
Adding component instance block -- xilinx.com:ip:axi_gpio:2.0 - rgbleds_gpio
Adding component instance block -- xilinx.com:ip:proc_sys_reset:5.0 - rst_ps7_0_fclk0
Adding component instance block -- xilinx.com:ip:proc_sys_reset:5.0 - rst_ps7_0_fclk1
Adding component instance block -- xilinx.com:ip:proc_sys_reset:5.0 - rst_ps7_0_fclk3
Adding component instance block -- xilinx.com:user:interface_slice:1.0 - slice_pmodb_gpio
Adding component instance block -- xilinx.com:ip:axi_gpio:2.0 - switches_gpio
Adding component instance block -- xilinx.com:ip:axi_intc:4.1 - system_interrupts
Adding component instance block -- xilinx.com:ip:axi_dma:7.1 - axi_dma_0
Adding component instance block -- xilinx.com:ip:axis_data_fifo:2.0 - axis_data_fifo_0
Adding component instance block -- xilinx.com:ip:xlconstant:1.1 - constant_tkeep_tstrb
Adding component instance block -- xilinx.com:hls:trace_cntrl_64:1.4 - trace_cntrl_64_0
Adding component instance block -- xilinx.com:ip:axi_dma:7.1 - axi_dma_0
Adding component instance block -- xilinx.com:ip:axis_data_fifo:2.0 - axis_data_fifo_0
Adding component instance block -- xilinx.com:ip:xlconstant:1.1 - constant_tkeep_tstrb
Adding component instance block -- xilinx.com:hls:trace_cntrl_32:1.4 - trace_cntrl_32_0
CRITICAL WARNING: [BD 41-52] Could not find the abstraction definition specified by the vlnv: digilentinc.com:interface:tmds_rtl:1.0 
CRITICAL WARNING: [BD 41-181] Type specified by the VLNV: 'digilentinc.com:interface:tmds_rtl:1.0', cannot be found. Interface port: 'TMDS_in' cannot be created
CRITICAL WARNING: [BD 41-52] Could not find the abstraction definition specified by the vlnv: digilentinc.com:interface:tmds_rtl:1.0 
CRITICAL WARNING: [BD 41-181] Type specified by the VLNV: 'digilentinc.com:interface:tmds_rtl:1.0', cannot be found. Interface port: 'TMDS_out' cannot be created
Adding component instance block -- xilinx.com:ip:axi_interconnect:2.1 - axi_interconnect_0
Adding component instance block -- xilinx.com:ip:axi_crossbar:2.1 - xbar
Adding component instance block -- xilinx.com:ip:axi_register_slice:2.1 - s00_regslice
Adding component instance block -- xilinx.com:ip:axi_protocol_converter:2.1 - auto_pc
Adding component instance block -- xilinx.com:ip:axi_register_slice:2.1 - m00_regslice
Adding component instance block -- xilinx.com:ip:axi_register_slice:2.1 - m01_regslice
Adding component instance block -- xilinx.com:ip:axi_clock_converter:2.1 - auto_cc
Adding component instance block -- xilinx.com:ip:axi_register_slice:2.1 - m02_regslice
Adding component instance block -- xilinx.com:ip:axi_clock_converter:2.1 - auto_cc
Adding component instance block -- xilinx.com:ip:axi_register_slice:2.1 - m03_regslice
Adding component instance block -- xilinx.com:ip:axi_register_slice:2.1 - m04_regslice
Adding component instance block -- xilinx.com:ip:axi_register_slice:2.1 - m05_regslice
Adding component instance block -- xilinx.com:ip:axi_register_slice:2.1 - m06_regslice
Adding component instance block -- xilinx.com:ip:axi_clock_converter:2.1 - auto_cc
Adding component instance block -- xilinx.com:ip:axi_register_slice:2.1 - m07_regslice
Adding component instance block -- xilinx.com:ip:axi_clock_converter:2.1 - auto_cc
Adding component instance block -- xilinx.com:ip:axi_register_slice:2.1 - m08_regslice
Adding component instance block -- xilinx.com:ip:axi_register_slice:2.1 - m09_regslice
Adding component instance block -- xilinx.com:ip:axi_interconnect:2.1 - axi_mem_intercon
Adding component instance block -- xilinx.com:ip:axi_crossbar:2.1 - xbar
Adding component instance block -- xilinx.com:ip:axi_dwidth_converter:2.1 - auto_us
Adding component instance block -- xilinx.com:ip:axi_protocol_converter:2.1 - auto_pc
Adding component instance block -- xilinx.com:ip:axi_vdma:6.3 - axi_vdma
CRITICAL WARNING: [BD 41-52] Could not find the abstraction definition specified by the vlnv: digilentinc.com:interface:tmds_rtl:1.0 
CRITICAL WARNING: [BD 41-181] Type specified by the VLNV: 'digilentinc.com:interface:tmds_rtl:1.0', cannot be found. Interface port: 'TMDS_in' cannot be created
Adding component instance block -- xilinx.com:ip:axis_register_slice:1.1 - axis_register_slice_0
Adding component instance block -- xilinx.com:hls:color_convert:1.0 - color_convert
CRITICAL WARNING: [BD 41-52] Could not find the abstraction definition specified by the vlnv: digilentinc.com:interface:tmds_rtl:1.0 
CRITICAL WARNING: [BD 41-181] Type specified by the VLNV: 'digilentinc.com:interface:tmds_rtl:1.0', cannot be found. Interface port: 'TMDS_in' cannot be created
Adding component instance block -- xilinx.com:ip:axi_gpio:2.0 - axi_gpio_hdmiin
Adding component instance block -- xilinx.com:user:color_swap:1.1 - color_swap_0
Adding component instance block -- digilentinc.com:ip:dvi2rgb:1.7 - dvi2rgb_0
CRITICAL WARNING: [BD 41-51] Could not find bus definition for the interface: TMDS 
CRITICAL WARNING: [BD 41-49] Could not find abstraction definition for the interface: TMDS 
CRITICAL WARNING: [BD 41-49] Could not find abstraction definition for the interface: TMDS 
Adding component instance block -- xilinx.com:ip:v_vid_in_axi4s:5.0 - v_vid_in_axi4s_0
Adding component instance block -- xilinx.com:ip:v_tc:6.2 - vtc_in
CRITICAL WARNING: [BD 41-2161] Unable to find interface <TMDS_in> in cell <> while setting up interface connections during loading of BD file.
Adding component instance block -- xilinx.com:hls:pixel_pack:1.0 - pixel_pack
CRITICAL WARNING: [BD 41-2161] Unable to find interface <TMDS_in> in cell <> while setting up interface connections during loading of BD file.
CRITICAL WARNING: [BD 41-2161] Unable to find interface <TMDS_in> in cell <frontend> while setting up interface connections during loading of BD file.
CRITICAL WARNING: [BD 41-52] Could not find the abstraction definition specified by the vlnv: digilentinc.com:interface:tmds_rtl:1.0 
CRITICAL WARNING: [BD 41-181] Type specified by the VLNV: 'digilentinc.com:interface:tmds_rtl:1.0', cannot be found. Interface port: 'TMDS_out' cannot be created
Adding component instance block -- xilinx.com:ip:axis_register_slice:1.1 - axis_register_slice_0
Adding component instance block -- xilinx.com:hls:color_convert:1.0 - color_convert
CRITICAL WARNING: [BD 41-52] Could not find the abstraction definition specified by the vlnv: digilentinc.com:interface:tmds_rtl:1.0 
CRITICAL WARNING: [BD 41-181] Type specified by the VLNV: 'digilentinc.com:interface:tmds_rtl:1.0', cannot be found. Interface port: 'TMDS_out' cannot be created
Adding component instance block -- digilentinc.com:ip:axi_dynclk:1.0 - axi_dynclk
Adding component instance block -- xilinx.com:user:color_swap:1.1 - color_swap_0
Adding component instance block -- xilinx.com:ip:axi_gpio:2.0 - hdmi_out_hpd_video
Adding component instance block -- digilentinc.com:ip:rgb2dvi:1.2 - rgb2dvi_0
CRITICAL WARNING: [BD 41-51] Could not find bus definition for the interface: TMDS 
CRITICAL WARNING: [BD 41-49] Could not find abstraction definition for the interface: TMDS 
CRITICAL WARNING: [BD 41-49] Could not find abstraction definition for the interface: TMDS 
Adding component instance block -- xilinx.com:ip:v_axi4s_vid_out:4.0 - v_axi4s_vid_out_0
Adding component instance block -- xilinx.com:ip:v_tc:6.2 - vtc_out
CRITICAL WARNING: [BD 41-2161] Unable to find interface <TMDS_out> in cell <> while setting up interface connections during loading of BD file.
Adding component instance block -- xilinx.com:hls:pixel_unpack:1.0 - pixel_unpack
CRITICAL WARNING: [BD 41-2161] Unable to find interface <TMDS_out> in cell <> while setting up interface connections during loading of BD file.
CRITICAL WARNING: [BD 41-2161] Unable to find interface <TMDS_out> in cell <frontend> while setting up interface connections during loading of BD file.
Adding component instance block -- xilinx.com:ip:proc_sys_reset:5.0 - proc_sys_reset_pixelclk
Adding component instance block -- xilinx.com:ip:xlconcat:2.1 - xlconcat_0
CRITICAL WARNING: [BD 41-2161] Unable to find interface <TMDS_out> in cell <> while setting up interface connections during loading of BD file.
CRITICAL WARNING: [BD 41-2161] Unable to find interface <TMDS_out> in cell <hdmi_out> while setting up interface connections during loading of BD file.
CRITICAL WARNING: [BD 41-2161] Unable to find interface <TMDS_in> in cell <> while setting up interface connections during loading of BD file.
CRITICAL WARNING: [BD 41-2161] Unable to find interface <TMDS_in> in cell <hdmi_in> while setting up interface connections during loading of BD file.
Adding component instance block -- xilinx.com:user:wire_distributor:1.0 - collector_pmoda_rpi
Adding component instance block -- xilinx.com:user:wire_distributor:1.0 - collector_rpi_27_8
Adding component instance block -- xilinx.com:user:wire_distributor:1.0 - distributor_pmoda
Adding component instance block -- xilinx.com:user:wire_distributor:1.0 - distributor_rpi
Adding component instance block -- xilinx.com:user:mux_vector:1.0 - pmoda_rpi_o_sel
Adding component instance block -- xilinx.com:user:mux_vector:1.0 - pmoda_rpi_t_sel
Adding component instance block -- xilinx.com:ip:xlconcat:2.1 - rpi_i_27_0
Adding component instance block -- xilinx.com:ip:xlslice:1.0 - pmoda_rpi_1_0
Adding component instance block -- xilinx.com:ip:xlslice:1.0 - pmoda_rpi_3_2
Adding component instance block -- xilinx.com:ip:xlslice:1.0 - pmoda_rpi_5_4
Adding component instance block -- xilinx.com:ip:xlslice:1.0 - pmoda_rpi_7_6
Adding component instance block -- xilinx.com:ip:xlconcat:2.1 - rpi2pmoda
Adding component instance block -- xilinx.com:ip:xlslice:1.0 - rpi_o_27_8
Adding component instance block -- xilinx.com:ip:xlconcat:2.1 - rpi2pmoda
Adding component instance block -- xilinx.com:ip:xlslice:1.0 - rpi_1_0
Adding component instance block -- xilinx.com:ip:xlslice:1.0 - rpi_3_2
Adding component instance block -- xilinx.com:ip:xlslice:1.0 - rpi_5_4
Adding component instance block -- xilinx.com:ip:xlslice:1.0 - rpi_7_6
Adding component instance block -- xilinx.com:ip:xlslice:1.0 - rpi_t_27_8
Adding component instance block -- xilinx.com:ip:xlconcat:2.1 - rpi2pmoda
Adding component instance block -- xilinx.com:ip:xlslice:1.0 - rpi_1_0
Adding component instance block -- xilinx.com:ip:xlslice:1.0 - rpi_3_2
Adding component instance block -- xilinx.com:ip:xlslice:1.0 - rpi_5_4
Adding component instance block -- xilinx.com:ip:xlslice:1.0 - rpi_7_6
Adding component instance block -- xilinx.com:ip:xlconcat:2.1 - xlconcat_0
CRITICAL WARNING: [BD 41-2161] Unable to find interface <hdmi_in> in cell <> while setting up interface connections during loading of BD file.
CRITICAL WARNING: [BD 41-2161] Unable to find interface <TMDS_in> in cell <video> while setting up interface connections during loading of BD file.
CRITICAL WARNING: [BD 41-2161] Unable to find interface <hdmi_out> in cell <> while setting up interface connections during loading of BD file.
CRITICAL WARNING: [BD 41-2161] Unable to find interface <TMDS_out> in cell <video> while setting up interface connections during loading of BD file.
Successfully read diagram <base> from block design file </home/linux/ieng6/students/298/jjhan/fa25-cse237c-projects/guitar_pedal/base/base.srcs/sources_1/bd/base/base.bd>
Upgrading '/home/linux/ieng6/students/298/jjhan/fa25-cse237c-projects/guitar_pedal/base/base.srcs/sources_1/bd/base/base.bd'
INFO: [IP_Flow 19-3422] Upgraded base_arduino_gpio_0 (AXI GPIO 2.0) from revision 33 to revision 35
INFO: [IP_Flow 19-3422] Upgraded base_axi_dma_0_0 (AXI Direct Memory Access 7.1) from revision 32 to revision 34
INFO: [IP_Flow 19-3422] Upgraded base_axi_dma_0_1 (AXI Direct Memory Access 7.1) from revision 32 to revision 34
INFO: [IP_Flow 19-3422] Upgraded base_axi_gpio_hdmiin_0 (AXI GPIO 2.0) from revision 33 to revision 35
INFO: [IP_Flow 19-3422] Upgraded base_axi_interconnect_0_0 (AXI Interconnect 2.1) from revision 32 to revision 34
INFO: [IP_Flow 19-3422] Upgraded base_axi_interconnect_0_1 (AXI Interconnect 2.1) from revision 32 to revision 34
INFO: [IP_Flow 19-3422] Upgraded base_axi_mem_intercon_0 (AXI Interconnect 2.1) from revision 32 to revision 34
INFO: [IP_Flow 19-3422] Upgraded base_axi_mem_intercon_1 (AXI Interconnect 2.1) from revision 32 to revision 34
INFO: [IP_Flow 19-3422] Upgraded base_axi_protocol_convert_0_0 (AXI Protocol Converter 2.1) from revision 31 to revision 33
INFO: [IP_Flow 19-3422] Upgraded base_axi_vdma_0 (AXI Video Direct Memory Access 6.3) from revision 19 to revision 21
INFO: [IP_Flow 19-3422] Upgraded base_axis_data_fifo_0_0 (AXI4-Stream Data FIFO 2.0) from revision 13 to revision 15
INFO: [IP_Flow 19-3422] Upgraded base_axis_data_fifo_0_1 (AXI4-Stream Data FIFO 2.0) from revision 13 to revision 15
INFO: [IP_Flow 19-3422] Upgraded base_axis_register_slice_0_0 (AXI4-Stream Register Slice 1.1) from revision 31 to revision 33
INFO: [IP_Flow 19-3422] Upgraded base_axis_register_slice_0_1 (AXI4-Stream Register Slice 1.1) from revision 31 to revision 33
INFO: [IP_Flow 19-3422] Upgraded base_btns_gpio_0 (AXI GPIO 2.0) from revision 33 to revision 35
INFO: [Device 21-403] Loading part xc7z020clg400-1
INFO: [IP_Flow 19-3422] Upgraded base_clk_wiz_10MHz_0 (Clocking Wizard 6.0) from revision 14 to revision 15
INFO: [IP_Flow 19-3422] Upgraded base_gpio_0 (AXI GPIO 2.0) from revision 33 to revision 35
INFO: [IP_Flow 19-3422] Upgraded base_gpio_1 (AXI GPIO 2.0) from revision 33 to revision 35
INFO: [IP_Flow 19-3422] Upgraded base_hdmi_out_hpd_video_0 (AXI GPIO 2.0) from revision 33 to revision 35
INFO: [IP_Flow 19-3422] Upgraded base_iic_0 (AXI IIC 2.1) from revision 7 to revision 9
INFO: [IP_Flow 19-3422] Upgraded base_iic_0_0 (AXI IIC 2.1) from revision 7 to revision 9
INFO: [IP_Flow 19-3422] Upgraded base_iic_1 (AXI IIC 2.1) from revision 7 to revision 9
INFO: [IP_Flow 19-3422] Upgraded base_iic_1_0 (AXI IIC 2.1) from revision 7 to revision 9
INFO: [IP_Flow 19-3422] Upgraded base_iic_direct_0 (AXI IIC 2.1) from revision 7 to revision 9
INFO: [IP_Flow 19-3422] Upgraded base_intc_0 (AXI Interrupt Controller 4.1) from revision 19 to revision 20
INFO: [IP_Flow 19-3422] Upgraded base_intc_1 (AXI Interrupt Controller 4.1) from revision 19 to revision 20
INFO: [IP_Flow 19-3422] Upgraded base_intc_2 (AXI Interrupt Controller 4.1) from revision 19 to revision 20
INFO: [IP_Flow 19-3422] Upgraded base_intc_3 (AXI Interrupt Controller 4.1) from revision 19 to revision 20
INFO: [IP_Flow 19-3422] Upgraded base_intr_0 (AXI GPIO 2.0) from revision 33 to revision 35
INFO: [IP_Flow 19-3422] Upgraded base_intr_1 (AXI GPIO 2.0) from revision 33 to revision 35
INFO: [IP_Flow 19-3422] Upgraded base_intr_2 (AXI GPIO 2.0) from revision 33 to revision 35
INFO: [IP_Flow 19-3422] Upgraded base_intr_3 (AXI GPIO 2.0) from revision 33 to revision 35
INFO: [IP_Flow 19-3422] Upgraded base_leds_gpio_0 (AXI GPIO 2.0) from revision 33 to revision 35
INFO: [IP_Flow 19-3422] Upgraded base_lmb_bram_0 (Block Memory Generator 8.4) from revision 8 to revision 9
INFO: [IP_Flow 19-3422] Upgraded base_lmb_bram_1 (Block Memory Generator 8.4) from revision 8 to revision 9
INFO: [IP_Flow 19-3422] Upgraded base_lmb_bram_2 (Block Memory Generator 8.4) from revision 8 to revision 9
INFO: [IP_Flow 19-3422] Upgraded base_lmb_bram_3 (Block Memory Generator 8.4) from revision 8 to revision 9
INFO: [IP_Flow 19-3422] Upgraded base_lmb_bram_if_cntlr_0 (LMB BRAM Controller 4.0) from revision 24 to revision 25
INFO: [IP_Flow 19-3422] Upgraded base_lmb_bram_if_cntlr_1 (LMB BRAM Controller 4.0) from revision 24 to revision 25
INFO: [IP_Flow 19-3422] Upgraded base_lmb_bram_if_cntlr_2 (LMB BRAM Controller 4.0) from revision 24 to revision 25
INFO: [IP_Flow 19-3422] Upgraded base_lmb_bram_if_cntlr_3 (LMB BRAM Controller 4.0) from revision 24 to revision 25
INFO: [IP_Flow 19-3422] Upgraded base_mb_0 (MicroBlaze 11.0) from revision 13 to revision 14
INFO: [IP_Flow 19-3422] Upgraded base_mb_1 (MicroBlaze 11.0) from revision 13 to revision 14
INFO: [IP_Flow 19-3422] Upgraded base_mb_2 (MicroBlaze 11.0) from revision 13 to revision 14
INFO: [IP_Flow 19-3422] Upgraded base_mb_3 (MicroBlaze 11.0) from revision 13 to revision 14
INFO: [xilinx.com:ip:axi_bram_ctrl:4.1-2] base_mb_bram_ctrl_0: In IP Integrator, please note that memory depth value gets calculated based on the Data Width of the IP and Address range selected in the Address Editor.Incase a validation error occured on the range of this parameter, please check if the selected Data width and the Address Range are valid. For valid Data width and memory depth values, please refer to the AXI BRAM Controller Product Guide.
INFO: [xilinx.com:ip:axi_bram_ctrl:4.1-1] base_mb_bram_ctrl_0: In IP Integrator, The Maximum address range supported is 2G. Selecting the address range more than 2G in the address editor may resets the value of Memory depth to default value (1024). please refer to the AXI BRAM Controller Product Guide.
INFO: [IP_Flow 19-3422] Upgraded base_mb_bram_ctrl_0 (AXI BRAM Controller 4.1) from revision 10 to revision 11
INFO: [xilinx.com:ip:axi_bram_ctrl:4.1-2] base_mb_bram_ctrl_1: In IP Integrator, please note that memory depth value gets calculated based on the Data Width of the IP and Address range selected in the Address Editor.Incase a validation error occured on the range of this parameter, please check if the selected Data width and the Address Range are valid. For valid Data width and memory depth values, please refer to the AXI BRAM Controller Product Guide.
INFO: [xilinx.com:ip:axi_bram_ctrl:4.1-1] base_mb_bram_ctrl_1: In IP Integrator, The Maximum address range supported is 2G. Selecting the address range more than 2G in the address editor may resets the value of Memory depth to default value (1024). please refer to the AXI BRAM Controller Product Guide.
INFO: [IP_Flow 19-3422] Upgraded base_mb_bram_ctrl_1 (AXI BRAM Controller 4.1) from revision 10 to revision 11
INFO: [xilinx.com:ip:axi_bram_ctrl:4.1-2] base_mb_bram_ctrl_2: In IP Integrator, please note that memory depth value gets calculated based on the Data Width of the IP and Address range selected in the Address Editor.Incase a validation error occured on the range of this parameter, please check if the selected Data width and the Address Range are valid. For valid Data width and memory depth values, please refer to the AXI BRAM Controller Product Guide.
INFO: [xilinx.com:ip:axi_bram_ctrl:4.1-1] base_mb_bram_ctrl_2: In IP Integrator, The Maximum address range supported is 2G. Selecting the address range more than 2G in the address editor may resets the value of Memory depth to default value (1024). please refer to the AXI BRAM Controller Product Guide.
INFO: [IP_Flow 19-3422] Upgraded base_mb_bram_ctrl_2 (AXI BRAM Controller 4.1) from revision 10 to revision 11
INFO: [xilinx.com:ip:axi_bram_ctrl:4.1-2] base_mb_bram_ctrl_3: In IP Integrator, please note that memory depth value gets calculated based on the Data Width of the IP and Address range selected in the Address Editor.Incase a validation error occured on the range of this parameter, please check if the selected Data width and the Address Range are valid. For valid Data width and memory depth values, please refer to the AXI BRAM Controller Product Guide.
INFO: [xilinx.com:ip:axi_bram_ctrl:4.1-1] base_mb_bram_ctrl_3: In IP Integrator, The Maximum address range supported is 2G. Selecting the address range more than 2G in the address editor may resets the value of Memory depth to default value (1024). please refer to the AXI BRAM Controller Product Guide.
INFO: [IP_Flow 19-3422] Upgraded base_mb_bram_ctrl_3 (AXI BRAM Controller 4.1) from revision 10 to revision 11
INFO: [IP_Flow 19-3422] Upgraded base_mdm_1_0 (MicroBlaze Debug Module (MDM) 3.2) from revision 26 to revision 27
INFO: [IP_Flow 19-3422] Upgraded base_microblaze_0_axi_periph_0 (AXI Interconnect 2.1) from revision 32 to revision 34
INFO: [IP_Flow 19-3422] Upgraded base_microblaze_0_axi_periph_1 (AXI Interconnect 2.1) from revision 32 to revision 34
INFO: [IP_Flow 19-3422] Upgraded base_microblaze_0_axi_periph_2 (AXI Interconnect 2.1) from revision 32 to revision 34
INFO: [IP_Flow 19-3422] Upgraded base_microblaze_0_axi_periph_3 (AXI Interconnect 2.1) from revision 32 to revision 34
INFO: [IP_Flow 19-3422] Upgraded base_proc_sys_reset_pixelclk_0 (Processor System Reset 5.0) from revision 15 to revision 16
INFO: [IP_Flow 19-3422] Upgraded base_ps7_0_axi_periph1_0 (AXI Interconnect 2.1) from revision 32 to revision 34
INFO: [IP_Flow 19-3422] Upgraded base_ps7_0_axi_periph_0 (AXI Interconnect 2.1) from revision 32 to revision 34
INFO: [IP_Flow 19-3422] Upgraded base_ps7_0_axi_periph_1_0 (AXI Interconnect 2.1) from revision 32 to revision 34
INFO: [IP_Flow 19-3422] Upgraded base_rgbleds_gpio_0 (AXI GPIO 2.0) from revision 33 to revision 35
INFO: [IP_Flow 19-3422] Upgraded base_rpi_gpio_0 (AXI GPIO 2.0) from revision 33 to revision 35
INFO: [IP_Flow 19-3422] Upgraded base_rst_clk_wiz_1_100M_0 (Processor System Reset 5.0) from revision 15 to revision 16
INFO: [IP_Flow 19-3422] Upgraded base_rst_clk_wiz_1_100M_1 (Processor System Reset 5.0) from revision 15 to revision 16
INFO: [IP_Flow 19-3422] Upgraded base_rst_clk_wiz_1_100M_2 (Processor System Reset 5.0) from revision 15 to revision 16
INFO: [IP_Flow 19-3422] Upgraded base_rst_clk_wiz_1_100M_3 (Processor System Reset 5.0) from revision 15 to revision 16
INFO: [IP_Flow 19-3422] Upgraded base_rst_ps7_0_fclk0_0 (Processor System Reset 5.0) from revision 15 to revision 16
INFO: [IP_Flow 19-3422] Upgraded base_rst_ps7_0_fclk1_0 (Processor System Reset 5.0) from revision 15 to revision 16
INFO: [IP_Flow 19-3422] Upgraded base_rst_ps7_0_fclk3_0 (Processor System Reset 5.0) from revision 15 to revision 16
INFO: [IP_Flow 19-3422] Upgraded base_spi_0 (AXI Quad SPI 3.2) from revision 30 to revision 32
WARNING: [BD 41-721] Attempt to set value '0' on disabled parameter 'C_S_AXI4_ID_WIDTH' of cell '/iop_pmoda/spi_upgraded_ipi' is ignored
INFO: [IP_Flow 19-3422] Upgraded base_spi_0_0 (AXI Quad SPI 3.2) from revision 30 to revision 32
WARNING: [BD 41-721] Attempt to set value '0' on disabled parameter 'C_S_AXI4_ID_WIDTH' of cell '/iop_rpi/spi_subsystem/spi_0_upgraded_ipi' is ignored
INFO: [IP_Flow 19-3422] Upgraded base_spi_1 (AXI Quad SPI 3.2) from revision 30 to revision 32
WARNING: [BD 41-721] Attempt to set value '0' on disabled parameter 'C_S_AXI4_ID_WIDTH' of cell '/iop_pmodb/spi_upgraded_ipi' is ignored
INFO: [IP_Flow 19-3422] Upgraded base_spi_1_0 (AXI Quad SPI 3.2) from revision 30 to revision 32
WARNING: [BD 41-721] Attempt to set value '0' on disabled parameter 'C_S_AXI4_ID_WIDTH' of cell '/iop_rpi/spi_subsystem/spi_1_upgraded_ipi' is ignored
INFO: [IP_Flow 19-3422] Upgraded base_spi_direct_0 (AXI Quad SPI 3.2) from revision 30 to revision 32
WARNING: [BD 41-721] Attempt to set value '0' on disabled parameter 'C_S_AXI4_ID_WIDTH' of cell '/iop_arduino/spi_subsystem/spi_direct_upgraded_ipi' is ignored
INFO: [IP_Flow 19-3422] Upgraded base_spi_shared_0 (AXI Quad SPI 3.2) from revision 30 to revision 32
WARNING: [BD 41-721] Attempt to set value '0' on disabled parameter 'C_S_AXI4_ID_WIDTH' of cell '/iop_arduino/spi_subsystem/spi_shared_upgraded_ipi' is ignored
INFO: [IP_Flow 19-3422] Upgraded base_switches_gpio_0 (AXI GPIO 2.0) from revision 33 to revision 35
INFO: [IP_Flow 19-3422] Upgraded base_system_interrupts_0 (AXI Interrupt Controller 4.1) from revision 19 to revision 20
INFO: [IP_Flow 19-3422] Upgraded base_timer_0_0 (AXI Timer 2.0) from revision 33 to revision 35
INFO: [IP_Flow 19-3422] Upgraded base_timer_0_1 (AXI Timer 2.0) from revision 33 to revision 35
INFO: [IP_Flow 19-3422] Upgraded base_timer_1_0 (AXI Timer 2.0) from revision 33 to revision 35
INFO: [IP_Flow 19-3422] Upgraded base_timer_1_1 (AXI Timer 2.0) from revision 33 to revision 35
INFO: [IP_Flow 19-3422] Upgraded base_timer_2_0 (AXI Timer 2.0) from revision 33 to revision 35
INFO: [IP_Flow 19-3422] Upgraded base_timer_3_0 (AXI Timer 2.0) from revision 33 to revision 35
INFO: [IP_Flow 19-3422] Upgraded base_timer_4_0 (AXI Timer 2.0) from revision 33 to revision 35
INFO: [IP_Flow 19-3422] Upgraded base_timer_5_0 (AXI Timer 2.0) from revision 33 to revision 35
INFO: [IP_Flow 19-3422] Upgraded base_timer_6 (AXI Timer 2.0) from revision 33 to revision 35
INFO: [IP_Flow 19-3422] Upgraded base_timer_7 (AXI Timer 2.0) from revision 33 to revision 35
INFO: [IP_Flow 19-3422] Upgraded base_uartlite_0 (AXI Uartlite 2.0) from revision 35 to revision 37
INFO: [IP_Flow 19-3422] Upgraded base_uartlite_1 (AXI Uartlite 2.0) from revision 35 to revision 37
INFO: [IP_Flow 19-3422] Upgraded base_v_axi4s_vid_out_0_0 (AXI4-Stream to Video Out 4.0) from revision 18 to revision 19
INFO: [IP_Flow 19-3422] Upgraded base_v_vid_in_axi4s_0_0 (Video In to AXI4-Stream 5.0) from revision 4 to revision 5
INFO: [IP_Flow 19-3422] Upgraded base_vtc_in_0 (Video Timing Controller 6.2) from revision 8 to revision 9
INFO: [IP_Flow 19-3422] Upgraded base_vtc_out_0 (Video Timing Controller 6.2) from revision 8 to revision 9
INFO: [IP_Flow 19-3422] Upgraded base_xadc_0 (XADC Wizard 3.3) from revision 10 to revision 11
INFO: [BD 41-1983] Skipping reset outputs for the ip address_remap_0, which is locked by user.
INFO: [BD 41-1983] Skipping reset outputs for the ip audio_codec_ctrl_0, which is locked by user.
INFO: [BD 41-1983] Skipping reset outputs for the ip iop_arduino/dff_en_reset_vector_0, which is locked by user.
INFO: [BD 41-1983] Skipping reset outputs for the ip iop_arduino/io_switch, which is locked by user.
CRITICAL WARNING: [filemgmt 20-1366] Unable to reset target(s) for the following file is locked: /home/linux/ieng6/students/298/jjhan/fa25-cse237c-projects/guitar_pedal/base/base.srcs/sources_1/bd/base/ip/base_io_switch_0/base_io_switch_0.xci
Locked reason: 
* IP 'base_io_switch_0' was locked because its BD Cell is locked for upgrade. * IP definition 'io_switch (1.1)' for IP 'base_io_switch_0' (customized with software release 2024.1) was not found in the IP Catalog.
INFO: [BD 41-1983] Skipping reset outputs for the ip iop_pmoda/dff_en_reset_vector_0, which is locked by user.
INFO: [BD 41-1983] Skipping reset outputs for the ip iop_pmoda/io_switch, which is locked by user.
CRITICAL WARNING: [filemgmt 20-1366] Unable to reset target(s) for the following file is locked: /home/linux/ieng6/students/298/jjhan/fa25-cse237c-projects/guitar_pedal/base/base.srcs/sources_1/bd/base/ip/base_io_switch_1/base_io_switch_1.xci
Locked reason: 
* IP 'base_io_switch_1' was locked because its BD Cell is locked for upgrade. * IP definition 'io_switch (1.1)' for IP 'base_io_switch_1' (customized with software release 2024.1) was not found in the IP Catalog.
INFO: [BD 41-1983] Skipping reset outputs for the ip iop_pmodb/dff_en_reset_vector_0, which is locked by user.
INFO: [BD 41-1983] Skipping reset outputs for the ip iop_pmodb/io_switch, which is locked by user.
CRITICAL WARNING: [filemgmt 20-1366] Unable to reset target(s) for the following file is locked: /home/linux/ieng6/students/298/jjhan/fa25-cse237c-projects/guitar_pedal/base/base.srcs/sources_1/bd/base/ip/base_io_switch_2/base_io_switch_2.xci
Locked reason: 
* IP 'base_io_switch_2' was locked because its BD Cell is locked for upgrade. * IP definition 'io_switch (1.1)' for IP 'base_io_switch_2' (customized with software release 2024.1) was not found in the IP Catalog.
INFO: [BD 41-1983] Skipping reset outputs for the ip iop_rpi/dff_en_reset_vector_0, which is locked by user.
INFO: [BD 41-1983] Skipping reset outputs for the ip iop_rpi/io_switch, which is locked by user.
CRITICAL WARNING: [filemgmt 20-1366] Unable to reset target(s) for the following file is locked: /home/linux/ieng6/students/298/jjhan/fa25-cse237c-projects/guitar_pedal/base/base.srcs/sources_1/bd/base/ip/base_io_switch_3/base_io_switch_3.xci
Locked reason: 
* IP 'base_io_switch_3' was locked because its BD Cell is locked for upgrade. * IP definition 'io_switch (1.1)' for IP 'base_io_switch_3' (customized with software release 2024.1) was not found in the IP Catalog.
INFO: [BD 41-1983] Skipping reset outputs for the ip slice_pmodb_gpio, which is locked by user.
INFO: [BD 41-1983] Skipping reset outputs for the ip trace_analyzer_pi/trace_cntrl_64_0, which is locked by user.
CRITICAL WARNING: [filemgmt 20-1366] Unable to reset target(s) for the following file is locked: /home/linux/ieng6/students/298/jjhan/fa25-cse237c-projects/guitar_pedal/base/base.srcs/sources_1/bd/base/ip/base_trace_cntrl_64_0_0/base_trace_cntrl_64_0_0.xci
Locked reason: 
* IP 'base_trace_cntrl_64_0_0' was locked because its BD Cell is locked for upgrade. * IP definition 'trace_cntrl_64 (1.4)' for IP 'base_trace_cntrl_64_0_0' (customized with software release 2024.1) was not found in the IP Catalog.
INFO: [BD 41-1983] Skipping reset outputs for the ip trace_analyzer_pmodb/trace_cntrl_32_0, which is locked by user.
CRITICAL WARNING: [filemgmt 20-1366] Unable to reset target(s) for the following file is locked: /home/linux/ieng6/students/298/jjhan/fa25-cse237c-projects/guitar_pedal/base/base.srcs/sources_1/bd/base/ip/base_trace_cntrl_32_0_0/base_trace_cntrl_32_0_0.xci
Locked reason: 
* IP 'base_trace_cntrl_32_0_0' was locked because its BD Cell is locked for upgrade. * IP definition 'trace_cntrl_32 (1.4)' for IP 'base_trace_cntrl_32_0_0' (customized with software release 2024.1) was not found in the IP Catalog.
INFO: [BD 41-1983] Skipping reset outputs for the ip video/hdmi_in/color_convert, which is locked by user.
CRITICAL WARNING: [filemgmt 20-1366] Unable to reset target(s) for the following file is locked: /home/linux/ieng6/students/298/jjhan/fa25-cse237c-projects/guitar_pedal/base/base.srcs/sources_1/bd/base/ip/base_color_convert_0/base_color_convert_0.xci
Locked reason: 
* IP 'base_color_convert_0' was locked because its BD Cell is locked for upgrade. * IP definition 'color_convert (1.0)' for IP 'base_color_convert_0' (customized with software release 2024.1) was not found in the IP Catalog.
INFO: [BD 41-1983] Skipping reset outputs for the ip video/hdmi_in/frontend/color_swap_0, which is locked by user.
INFO: [BD 41-1983] Skipping reset outputs for the ip video/hdmi_in/frontend/dvi2rgb_0, which is locked by user.
INFO: [BD 41-1983] Skipping reset outputs for the ip video/hdmi_in/pixel_pack, which is locked by user.
CRITICAL WARNING: [filemgmt 20-1366] Unable to reset target(s) for the following file is locked: /home/linux/ieng6/students/298/jjhan/fa25-cse237c-projects/guitar_pedal/base/base.srcs/sources_1/bd/base/ip/base_pixel_pack_0/base_pixel_pack_0.xci
Locked reason: 
* IP 'base_pixel_pack_0' was locked because its BD Cell is locked for upgrade. * IP definition 'pixel_pack (1.0)' for IP 'base_pixel_pack_0' (customized with software release 2024.1) was not found in the IP Catalog.
INFO: [BD 41-1983] Skipping reset outputs for the ip video/hdmi_out/color_convert, which is locked by user.
CRITICAL WARNING: [filemgmt 20-1366] Unable to reset target(s) for the following file is locked: /home/linux/ieng6/students/298/jjhan/fa25-cse237c-projects/guitar_pedal/base/base.srcs/sources_1/bd/base/ip/base_color_convert_1/base_color_convert_1.xci
Locked reason: 
* IP 'base_color_convert_1' was locked because its BD Cell is locked for upgrade. * IP definition 'color_convert (1.0)' for IP 'base_color_convert_1' (customized with software release 2024.1) was not found in the IP Catalog.
INFO: [BD 41-1983] Skipping reset outputs for the ip video/hdmi_out/frontend/axi_dynclk, which is locked by user.
INFO: [BD 41-1983] Skipping reset outputs for the ip video/hdmi_out/frontend/color_swap_0, which is locked by user.
INFO: [BD 41-1983] Skipping reset outputs for the ip video/hdmi_out/frontend/rgb2dvi_0, which is locked by user.
INFO: [BD 41-1983] Skipping reset outputs for the ip video/hdmi_out/pixel_unpack, which is locked by user.
CRITICAL WARNING: [filemgmt 20-1366] Unable to reset target(s) for the following file is locked: /home/linux/ieng6/students/298/jjhan/fa25-cse237c-projects/guitar_pedal/base/base.srcs/sources_1/bd/base/ip/base_pixel_unpack_0/base_pixel_unpack_0.xci
Locked reason: 
* IP 'base_pixel_unpack_0' was locked because its BD Cell is locked for upgrade. * IP definition 'pixel_unpack (1.0)' for IP 'base_pixel_unpack_0' (customized with software release 2024.1) was not found in the IP Catalog.
INFO: [BD 41-1983] Skipping reset outputs for the ip wire_distribution_network/collector_pmoda_rpi, which is locked by user.
INFO: [BD 41-1983] Skipping reset outputs for the ip wire_distribution_network/collector_rpi_27_8, which is locked by user.
INFO: [BD 41-1983] Skipping reset outputs for the ip wire_distribution_network/distributor_pmoda, which is locked by user.
INFO: [BD 41-1983] Skipping reset outputs for the ip wire_distribution_network/distributor_rpi, which is locked by user.
INFO: [BD 41-1983] Skipping reset outputs for the ip wire_distribution_network/pmoda_rpi_o_sel, which is locked by user.
INFO: [BD 41-1983] Skipping reset outputs for the ip wire_distribution_network/pmoda_rpi_t_sel, which is locked by user.
WARNING: [BD 41-2671] The dangling interface net <Conn2> will not be written out to the BD file.
WARNING: [BD 41-2671] The dangling interface net <TMDS_1> will not be written out to the BD file.
WARNING: [BD 41-2671] The dangling interface net <Conn1> will not be written out to the BD file.
WARNING: [BD 41-2671] The dangling interface net <Conn1> will not be written out to the BD file.
WARNING: [BD 41-2671] The dangling interface net <Conn1> will not be written out to the BD file.
WARNING: [BD 41-2671] The dangling interface net <TMDS_1> will not be written out to the BD file.
WARNING: [BD 41-2671] The dangling interface net <hdmi_in_1> will not be written out to the BD file.
WARNING: [BD 41-2671] The dangling interface net <video_TMDS1> will not be written out to the BD file.
Wrote  : </home/linux/ieng6/students/298/jjhan/fa25-cse237c-projects/guitar_pedal/base/base.srcs/sources_1/bd/base/base.bd> 
Wrote  : </home/linux/ieng6/students/298/jjhan/fa25-cse237c-projects/guitar_pedal/base/base.srcs/sources_1/bd/base/ui/bd_520828f1.ui> 
INFO: [Coretcl 2-1525] Wrote upgrade log to '/home/linux/ieng6/students/298/jjhan/fa25-cse237c-projects/guitar_pedal/base/ip_upgrade.log'.
upgrade_ip: Time (s): cpu = 00:05:55 ; elapsed = 00:07:41 . Memory (MB): peak = 14505.715 ; gain = 0.000 ; free physical = 7529 ; free virtual = 14341
export_ip_user_files -of_objects [get_ips {base_iic_1_0 base_hdmi_out_hpd_video_0 base_microblaze_0_axi_periph_0 base_axi_dma_0_0 base_leds_gpio_0 base_rst_ps7_0_fclk3_0 base_rst_clk_wiz_1_100M_3 base_timer_0_1 base_v_axi4s_vid_out_0_0 base_axis_data_fifo_0_0 base_axis_register_slice_0_0 base_iic_0_0 base_system_interrupts_0 base_lmb_bram_2 base_arduino_gpio_0 base_xadc_0 base_mb_bram_ctrl_2 base_lmb_bram_if_cntlr_3 base_rpi_gpio_0 base_rst_ps7_0_fclk0_0 base_vtc_in_0 base_vtc_out_0 base_mb_3 base_intr_3 base_iic_0 base_axi_vdma_0 base_ps7_0_axi_periph_1_0 base_timer_6 base_ps7_0_axi_periph1_0 base_timer_1_0 base_rst_clk_wiz_1_100M_2 base_switches_gpio_0 base_microblaze_0_axi_periph_3 base_mb_2 base_intc_1 base_ps7_0_axi_periph_0 base_timer_2_0 base_microblaze_0_axi_periph_2 base_v_vid_in_axi4s_0_0 base_axi_gpio_hdmiin_0 base_intc_0 base_axi_interconnect_0_1 base_mb_bram_ctrl_3 base_lmb_bram_0 base_clk_wiz_10MHz_0 base_axis_register_slice_0_1 base_timer_5_0 base_axi_mem_intercon_1 base_lmb_bram_3 base_mdm_1_0 base_timer_7 base_intr_2 base_axi_dma_0_1 base_intc_2 base_lmb_bram_if_cntlr_2 base_mb_1 base_uartlite_0 base_intr_0 base_spi_0_0 base_timer_1_1 base_rgbleds_gpio_0 base_spi_direct_0 base_mb_0 base_axi_interconnect_0_0 base_gpio_0 base_rst_ps7_0_fclk1_0 base_timer_4_0 base_mb_bram_ctrl_0 base_intr_1 base_microblaze_0_axi_periph_1 base_axis_data_fifo_0_1 base_iic_1 base_spi_0 base_spi_1 base_spi_1_0 base_rst_clk_wiz_1_100M_1 base_lmb_bram_1 base_timer_3_0 base_lmb_bram_if_cntlr_0 base_intc_3 base_axi_protocol_convert_0_0 base_uartlite_1 base_spi_shared_0 base_gpio_1 base_axi_mem_intercon_0 base_mb_bram_ctrl_1 base_rst_clk_wiz_1_100M_0 base_iic_direct_0 base_lmb_bram_if_cntlr_1 base_btns_gpio_0 base_proc_sys_reset_pixelclk_0 base_timer_0_0}] -no_script -sync -force -quiet
generate_target all [get_files  /home/linux/ieng6/students/298/jjhan/fa25-cse237c-projects/guitar_pedal/base/base.srcs/sources_1/bd/base/base.bd]
WARNING: [BD 41-2180] Resetting the memory initialization file of </iop_pmoda/lmb/lmb_bram> to default.
WARNING: [BD 41-2180] Resetting the memory initialization file of </iop_pmodb/lmb/lmb_bram> to default.
WARNING: [BD 41-2180] Resetting the memory initialization file of </iop_arduino/lmb/lmb_bram> to default.
WARNING: [BD 41-2180] Resetting the memory initialization file of </iop_rpi/lmb/lmb_bram> to default.
WARNING: [filemgmt 56-443] The ECC Algorithm string is empty. Setting the Memory Map to default ECC value to ECC_NONE.
WARNING: [filemgmt 56-443] The ECC Algorithm string is empty. Setting the Memory Map to default ECC value to ECC_NONE.
WARNING: [filemgmt 56-443] The ECC Algorithm string is empty. Setting the Memory Map to default ECC value to ECC_NONE.
WARNING: [filemgmt 56-443] The ECC Algorithm string is empty. Setting the Memory Map to default ECC value to ECC_NONE.
WARNING: [filemgmt 56-443] The ECC Algorithm string is empty. Setting the Memory Map to default ECC value to ECC_NONE.
WARNING: [filemgmt 56-443] The ECC Algorithm string is empty. Setting the Memory Map to default ECC value to ECC_NONE.
WARNING: [filemgmt 56-443] The ECC Algorithm string is empty. Setting the Memory Map to default ECC value to ECC_NONE.
WARNING: [filemgmt 56-443] The ECC Algorithm string is empty. Setting the Memory Map to default ECC value to ECC_NONE.
WARNING: [filemgmt 56-443] The ECC Algorithm string is empty. Setting the Memory Map to default ECC value to ECC_NONE.
WARNING: [filemgmt 56-443] The ECC Algorithm string is empty. Setting the Memory Map to default ECC value to ECC_NONE.
WARNING: [filemgmt 56-443] The ECC Algorithm string is empty. Setting the Memory Map to default ECC value to ECC_NONE.
WARNING: [filemgmt 56-443] The ECC Algorithm string is empty. Setting the Memory Map to default ECC value to ECC_NONE.
WARNING: [filemgmt 56-443] The ECC Algorithm string is empty. Setting the Memory Map to default ECC value to ECC_NONE.
WARNING: [filemgmt 56-443] The ECC Algorithm string is empty. Setting the Memory Map to default ECC value to ECC_NONE.
WARNING: [filemgmt 56-443] The ECC Algorithm string is empty. Setting the Memory Map to default ECC value to ECC_NONE.
WARNING: [filemgmt 56-443] The ECC Algorithm string is empty. Setting the Memory Map to default ECC value to ECC_NONE.
INFO: [xilinx.com:ip:axi_quad_spi:3.2-1] /iop_arduino/spi_subsystem/spi_shared 
                   #######################################################################################
                   INFO: AXI Quad SPI core's AXI Lite Clock and EXT SPI CLK are synchronous to each other.
                   ########################################################################################
INFO: [xilinx.com:ip:axi_quad_spi:3.2-1] /iop_arduino/spi_subsystem/spi_shared 
                   #######################################################################################
                   INFO: AXI Quad SPI core's AXI Lite Clock and EXT SPI CLK are synchronous to each other.
                   ########################################################################################
INFO: [xilinx.com:ip:microblaze:11.0-9] /iop_pmoda/mb: Setting C_BASE_VECTORS to 0x00000000.
INFO: [xilinx.com:ip:microblaze:11.0-9] /iop_pmodb/mb: Setting C_BASE_VECTORS to 0x00000000.
INFO: [xilinx.com:ip:axi_quad_spi:3.2-1] /iop_rpi/spi_subsystem/spi_1 
                   #######################################################################################
                   INFO: AXI Quad SPI core's AXI Lite Clock and EXT SPI CLK are synchronous to each other.
                   ########################################################################################
INFO: [xilinx.com:ip:axi_quad_spi:3.2-1] /iop_rpi/spi_subsystem/spi_1 
                   #######################################################################################
                   INFO: AXI Quad SPI core's AXI Lite Clock and EXT SPI CLK are synchronous to each other.
                   ########################################################################################
INFO: [xilinx.com:ip:microblaze:11.0-9] /iop_arduino/mb: Setting C_BASE_VECTORS to 0x00000000.
INFO: [xilinx.com:ip:microblaze:11.0-9] /iop_rpi/mb: Setting C_BASE_VECTORS to 0x00000000.
INFO: [xilinx.com:ip:axi_quad_spi:3.2-1] /iop_arduino/spi_subsystem/spi_direct 
                   #######################################################################################
                   INFO: AXI Quad SPI core's AXI Lite Clock and EXT SPI CLK are synchronous to each other.
                   ########################################################################################
INFO: [xilinx.com:ip:axi_quad_spi:3.2-1] /iop_arduino/spi_subsystem/spi_direct 
                   #######################################################################################
                   INFO: AXI Quad SPI core's AXI Lite Clock and EXT SPI CLK are synchronous to each other.
                   ########################################################################################
INFO: [xilinx.com:ip:axi_quad_spi:3.2-1] /iop_pmodb/spi 
                   #######################################################################################
                   INFO: AXI Quad SPI core's AXI Lite Clock and EXT SPI CLK are synchronous to each other.
                   ########################################################################################
INFO: [xilinx.com:ip:axi_quad_spi:3.2-1] /iop_pmodb/spi 
                   #######################################################################################
                   INFO: AXI Quad SPI core's AXI Lite Clock and EXT SPI CLK are synchronous to each other.
                   ########################################################################################
INFO: [xilinx.com:ip:axi_quad_spi:3.2-1] /iop_pmoda/spi 
                   #######################################################################################
                   INFO: AXI Quad SPI core's AXI Lite Clock and EXT SPI CLK are synchronous to each other.
                   ########################################################################################
INFO: [xilinx.com:ip:axi_quad_spi:3.2-1] /iop_pmoda/spi 
                   #######################################################################################
                   INFO: AXI Quad SPI core's AXI Lite Clock and EXT SPI CLK are synchronous to each other.
                   ########################################################################################
INFO: [xilinx.com:ip:axi_quad_spi:3.2-1] /iop_rpi/spi_subsystem/spi_0 
                   #######################################################################################
                   INFO: AXI Quad SPI core's AXI Lite Clock and EXT SPI CLK are synchronous to each other.
                   ########################################################################################
INFO: [xilinx.com:ip:axi_quad_spi:3.2-1] /iop_rpi/spi_subsystem/spi_0 
                   #######################################################################################
                   INFO: AXI Quad SPI core's AXI Lite Clock and EXT SPI CLK are synchronous to each other.
                   ########################################################################################
WARNING: [xilinx.com:ip:axi_intc:4.1-5] /system_interrupts: Number of interrupt inputs (15) does not match property SENSITIVITY (12 items) - using default interrupt type Rising Edge. Please change this manually if necessary.
WARNING: [xilinx.com:ip:axi_intc:4.1-13] /system_interrupts: Interrupt output connection Bus is selected, but the interrupt bus interface is not connected to a matching interface. Please consider selecting Single instead.
INFO: [xilinx.com:ip:clk_wiz:6.0-1] /clk_wiz_10MHz clk_wiz propagate
INFO: [xilinx.com:ip:clk_wiz:6.0-1] /clk_wiz_10MHz clk_wiz propagate
WARNING: [BD 41-237] Bus Interface property BUSER_WIDTH does not match between /axi_protocol_convert_0/S_AXI(0) and /address_remap_0/M_AXI_out(1)
WARNING: [BD 41-237] Bus Interface property AWUSER_WIDTH does not match between /ps7_0/S_AXI_GP0(0) and /axi_protocol_convert_0/M_AXI(1)
WARNING: [BD 41-237] Bus Interface property ARUSER_WIDTH does not match between /ps7_0/S_AXI_GP0(0) and /axi_protocol_convert_0/M_AXI(1)
WARNING: [BD 41-237] Bus Interface property WUSER_WIDTH does not match between /ps7_0/S_AXI_GP0(0) and /axi_protocol_convert_0/M_AXI(1)
WARNING: [BD 41-237] Bus Interface property RUSER_WIDTH does not match between /ps7_0/S_AXI_GP0(0) and /axi_protocol_convert_0/M_AXI(1)
CRITICAL WARNING: [BD 41-49] Could not find abstraction definition for the interface: TMDS 
CRITICAL WARNING: [BD 41-49] Could not find abstraction definition for the interface: TMDS 
CRITICAL WARNING: [BD 41-49] Could not find abstraction definition for the interface: TMDS 
CRITICAL WARNING: [BD 41-49] Could not find abstraction definition for the interface: TMDS 
CRITICAL WARNING: [BD 41-49] Could not find abstraction definition for the interface: TMDS 
CRITICAL WARNING: [BD 41-49] Could not find abstraction definition for the interface: TMDS 
CRITICAL WARNING: [BD 41-49] Could not find abstraction definition for the interface: TMDS 
CRITICAL WARNING: [BD 41-49] Could not find abstraction definition for the interface: TMDS 
CRITICAL WARNING: [BD 41-49] Could not find abstraction definition for the interface: TMDS 
CRITICAL WARNING: [BD 41-49] Could not find abstraction definition for the interface: TMDS 
CRITICAL WARNING: [BD 41-49] Could not find abstraction definition for the interface: TMDS 
CRITICAL WARNING: [BD 41-49] Could not find abstraction definition for the interface: TMDS 
CRITICAL WARNING: [BD 41-759] The input pins (listed below) are either not connected or do not have a source port, and they don't have a tie-off specified. These pins are tied-off to all 0's to avoid error in Implementation flow.
Please check your design and connect them as needed: 
/video/hdmi_in/frontend/dvi2rgb_0/TMDS_Clk_p
/video/hdmi_in/frontend/dvi2rgb_0/TMDS_Clk_n
/video/hdmi_in/frontend/dvi2rgb_0/TMDS_Data_p
/video/hdmi_in/frontend/dvi2rgb_0/TMDS_Data_n

WARNING: [BD 41-2671] The dangling interface net <Conn2> will not be written out to the BD file.
WARNING: [BD 41-2671] The dangling interface net <TMDS_1> will not be written out to the BD file.
WARNING: [BD 41-2671] The dangling interface net <Conn1> will not be written out to the BD file.
WARNING: [BD 41-2671] The dangling interface net <Conn1> will not be written out to the BD file.
WARNING: [BD 41-2671] The dangling interface net <Conn1> will not be written out to the BD file.
WARNING: [BD 41-2671] The dangling interface net <TMDS_1> will not be written out to the BD file.
WARNING: [BD 41-2671] The dangling interface net <hdmi_in_1> will not be written out to the BD file.
WARNING: [BD 41-2671] The dangling interface net <video_TMDS1> will not be written out to the BD file.
Wrote  : </home/linux/ieng6/students/298/jjhan/fa25-cse237c-projects/guitar_pedal/base/base.srcs/sources_1/bd/base/base.bd> 
WARNING: [BD 41-2384] Width mismatch when connecting pin: '/axi_mem_intercon/m00_couplers/auto_pc/m_axi_rid'(1) to pin: '/axi_mem_intercon/m00_couplers/M_AXI_rid'(6) - Only lower order bits will be connected.
WARNING: [BD 41-2384] Width mismatch when connecting pin: '/axi_mem_intercon/m00_couplers/auto_pc/m_axi_bid'(1) to pin: '/axi_mem_intercon/m00_couplers/M_AXI_bid'(6) - Only lower order bits will be connected.
WARNING: [BD 41-2384] Width mismatch when connecting pin: '/iop_arduino/lmb/lmb_bram/addrb'(32) to pin: '/iop_arduino/lmb/BRAM_PORTB_addr'(16) - Only lower order bits will be connected.
WARNING: [BD 41-2384] Width mismatch when connecting pin: '/iop_pmoda/lmb/lmb_bram/addrb'(32) to pin: '/iop_pmoda/lmb/BRAM_PORTB_addr'(16) - Only lower order bits will be connected.
WARNING: [BD 41-2384] Width mismatch when connecting pin: '/iop_pmodb/lmb/lmb_bram/addrb'(32) to pin: '/iop_pmodb/lmb/BRAM_PORTB_addr'(16) - Only lower order bits will be connected.
WARNING: [BD 41-2384] Width mismatch when connecting pin: '/iop_rpi/lmb/lmb_bram/addrb'(32) to pin: '/iop_rpi/lmb/BRAM_PORTB_addr'(16) - Only lower order bits will be connected.
WARNING: [BD 41-2384] Width mismatch when connecting pin: '/video/axi_mem_intercon/m00_couplers/auto_pc/m_axi_rid'(1) to pin: '/video/axi_mem_intercon/m00_couplers/M_AXI_rid'(6) - Only lower order bits will be connected.
WARNING: [BD 41-2384] Width mismatch when connecting pin: '/video/axi_mem_intercon/m00_couplers/auto_pc/m_axi_bid'(1) to pin: '/video/axi_mem_intercon/m00_couplers/M_AXI_bid'(6) - Only lower order bits will be connected.
WARNING: [BD 41-2384] Width mismatch when connecting pin: '/ps7_0/S_AXI_HP0_WID'(6) to pin: '/video/M_AXI_wid'(1) - Only lower order bits will be connected.
WARNING: [BD 41-2384] Width mismatch when connecting pin: '/ps7_0/S_AXI_HP0_AWID'(6) to pin: '/video/M_AXI_awid'(1) - Only lower order bits will be connected.
WARNING: [BD 41-2384] Width mismatch when connecting pin: '/ps7_0/S_AXI_HP0_ARID'(6) to pin: '/video/M_AXI_arid'(1) - Only lower order bits will be connected.
WARNING: [BD 41-2384] Width mismatch when connecting pin: '/ps7_0/S_AXI_HP2_WID'(6) to pin: '/axi_mem_intercon/M00_AXI_wid'(1) - Only lower order bits will be connected.
WARNING: [BD 41-2384] Width mismatch when connecting pin: '/ps7_0/S_AXI_HP2_AWID'(6) to pin: '/axi_mem_intercon/M00_AXI_awid'(1) - Only lower order bits will be connected.
WARNING: [BD 41-2384] Width mismatch when connecting pin: '/ps7_0/S_AXI_HP2_ARID'(6) to pin: '/axi_mem_intercon/M00_AXI_arid'(1) - Only lower order bits will be connected.
WARNING: [BD 41-2384] Width mismatch when connecting pin: '/axi_protocol_convert_0/m_axi_rid'(1) to pin: '/ps7_0/S_AXI_GP0_RID'(6) - Only lower order bits will be connected.
WARNING: [BD 41-2384] Width mismatch when connecting pin: '/ps7_0/S_AXI_GP0_WID'(6) to pin: '/axi_protocol_convert_0/m_axi_wid'(1) - Only lower order bits will be connected.
WARNING: [BD 41-2384] Width mismatch when connecting pin: '/ps7_0/S_AXI_GP0_AWID'(6) to pin: '/axi_protocol_convert_0/m_axi_awid'(1) - Only lower order bits will be connected.
WARNING: [BD 41-2384] Width mismatch when connecting pin: '/ps7_0/S_AXI_GP0_ARID'(6) to pin: '/axi_protocol_convert_0/m_axi_arid'(1) - Only lower order bits will be connected.
WARNING: [BD 41-2384] Width mismatch when connecting pin: '/axi_protocol_convert_0/m_axi_bid'(1) to pin: '/ps7_0/S_AXI_GP0_BID'(6) - Only lower order bits will be connected.
Verilog Output written to : /home/linux/ieng6/students/298/jjhan/fa25-cse237c-projects/guitar_pedal/base/base.gen/sources_1/bd/base/synth/base.v
WARNING: [BD 41-2384] Width mismatch when connecting pin: '/axi_mem_intercon/m00_couplers/auto_pc/m_axi_rid'(1) to pin: '/axi_mem_intercon/m00_couplers/M_AXI_rid'(6) - Only lower order bits will be connected.
WARNING: [BD 41-2384] Width mismatch when connecting pin: '/axi_mem_intercon/m00_couplers/auto_pc/m_axi_bid'(1) to pin: '/axi_mem_intercon/m00_couplers/M_AXI_bid'(6) - Only lower order bits will be connected.
WARNING: [BD 41-2384] Width mismatch when connecting pin: '/iop_arduino/lmb/lmb_bram/addrb'(32) to pin: '/iop_arduino/lmb/BRAM_PORTB_addr'(16) - Only lower order bits will be connected.
WARNING: [BD 41-2384] Width mismatch when connecting pin: '/iop_pmoda/lmb/lmb_bram/addrb'(32) to pin: '/iop_pmoda/lmb/BRAM_PORTB_addr'(16) - Only lower order bits will be connected.
WARNING: [BD 41-2384] Width mismatch when connecting pin: '/iop_pmodb/lmb/lmb_bram/addrb'(32) to pin: '/iop_pmodb/lmb/BRAM_PORTB_addr'(16) - Only lower order bits will be connected.
WARNING: [BD 41-2384] Width mismatch when connecting pin: '/iop_rpi/lmb/lmb_bram/addrb'(32) to pin: '/iop_rpi/lmb/BRAM_PORTB_addr'(16) - Only lower order bits will be connected.
WARNING: [BD 41-2384] Width mismatch when connecting pin: '/video/axi_mem_intercon/m00_couplers/auto_pc/m_axi_rid'(1) to pin: '/video/axi_mem_intercon/m00_couplers/M_AXI_rid'(6) - Only lower order bits will be connected.
WARNING: [BD 41-2384] Width mismatch when connecting pin: '/video/axi_mem_intercon/m00_couplers/auto_pc/m_axi_bid'(1) to pin: '/video/axi_mem_intercon/m00_couplers/M_AXI_bid'(6) - Only lower order bits will be connected.
WARNING: [BD 41-2384] Width mismatch when connecting pin: '/ps7_0/S_AXI_HP0_WID'(6) to pin: '/video/M_AXI_wid'(1) - Only lower order bits will be connected.
WARNING: [BD 41-2384] Width mismatch when connecting pin: '/ps7_0/S_AXI_HP0_AWID'(6) to pin: '/video/M_AXI_awid'(1) - Only lower order bits will be connected.
WARNING: [BD 41-2384] Width mismatch when connecting pin: '/ps7_0/S_AXI_HP0_ARID'(6) to pin: '/video/M_AXI_arid'(1) - Only lower order bits will be connected.
WARNING: [BD 41-2384] Width mismatch when connecting pin: '/ps7_0/S_AXI_HP2_WID'(6) to pin: '/axi_mem_intercon/M00_AXI_wid'(1) - Only lower order bits will be connected.
WARNING: [BD 41-2384] Width mismatch when connecting pin: '/ps7_0/S_AXI_HP2_AWID'(6) to pin: '/axi_mem_intercon/M00_AXI_awid'(1) - Only lower order bits will be connected.
WARNING: [BD 41-2384] Width mismatch when connecting pin: '/ps7_0/S_AXI_HP2_ARID'(6) to pin: '/axi_mem_intercon/M00_AXI_arid'(1) - Only lower order bits will be connected.
WARNING: [BD 41-2384] Width mismatch when connecting pin: '/axi_protocol_convert_0/m_axi_rid'(1) to pin: '/ps7_0/S_AXI_GP0_RID'(6) - Only lower order bits will be connected.
WARNING: [BD 41-2384] Width mismatch when connecting pin: '/ps7_0/S_AXI_GP0_WID'(6) to pin: '/axi_protocol_convert_0/m_axi_wid'(1) - Only lower order bits will be connected.
WARNING: [BD 41-2384] Width mismatch when connecting pin: '/ps7_0/S_AXI_GP0_AWID'(6) to pin: '/axi_protocol_convert_0/m_axi_awid'(1) - Only lower order bits will be connected.
WARNING: [BD 41-2384] Width mismatch when connecting pin: '/ps7_0/S_AXI_GP0_ARID'(6) to pin: '/axi_protocol_convert_0/m_axi_arid'(1) - Only lower order bits will be connected.
WARNING: [BD 41-2384] Width mismatch when connecting pin: '/axi_protocol_convert_0/m_axi_bid'(1) to pin: '/ps7_0/S_AXI_GP0_BID'(6) - Only lower order bits will be connected.
Verilog Output written to : /home/linux/ieng6/students/298/jjhan/fa25-cse237c-projects/guitar_pedal/base/base.gen/sources_1/bd/base/sim/base.v
Verilog Output written to : /home/linux/ieng6/students/298/jjhan/fa25-cse237c-projects/guitar_pedal/base/base.gen/sources_1/bd/base/hdl/base_wrapper.v
CRITICAL WARNING: [BD 41-49] Could not find abstraction definition for the interface: TMDS 
CRITICAL WARNING: [BD 41-49] Could not find abstraction definition for the interface: TMDS 
WARNING: [IP_Flow 19-4994] Overwriting existing constraint file '/home/linux/ieng6/students/298/jjhan/fa25-cse237c-projects/guitar_pedal/base/base.gen/sources_1/bd/base/ip/base_axi_protocol_convert_0_0/base_axi_protocol_convert_0_0_ooc.xdc'
INFO: [BD 41-1029] Generation completed for the IP Integrator block axi_protocol_convert_0 .
INFO: [BD 41-1029] Generation completed for the IP Integrator block btns_gpio .
INFO: [BD 41-1029] Generation completed for the IP Integrator block clk_wiz_10MHz .
INFO: [BD 41-1029] Generation completed for the IP Integrator block concat_interrupts .
INFO: [BD 41-1029] Generation completed for the IP Integrator block concat_pmodb .
INFO: [BD 41-1029] Generation completed for the IP Integrator block concat_rp .
INFO: [BD 41-1029] Generation completed for the IP Integrator block constant_8bit_0 .
INFO: [BD 41-1029] Generation completed for the IP Integrator block iop_arduino/arduino_gpio .
INFO: [BD 41-1029] Generation completed for the IP Integrator block iop_arduino/iic_direct .
INFO: [BD 41-1029] Generation completed for the IP Integrator block iop_arduino/intc .
INFO: [BD 41-1029] Generation completed for the IP Integrator block iop_arduino/interrupt_concat .
INFO: [BD 41-1029] Generation completed for the IP Integrator block iop_arduino/intr .
INFO: [BD 41-1029] Generation completed for the IP Integrator block iop_arduino/lmb/dlmb_v10 .
INFO: [BD 41-1029] Generation completed for the IP Integrator block iop_arduino/lmb/ilmb_v10 .
INFO: [BD 41-1029] Generation completed for the IP Integrator block iop_arduino/lmb/lmb_bram .
INFO: [BD 41-1029] Generation completed for the IP Integrator block iop_arduino/lmb/lmb_bram_if_cntlr .
INFO: [BD 41-1029] Generation completed for the IP Integrator block iop_arduino/logic_1 .
INFO: [BD 41-1029] Generation completed for the IP Integrator block iop_arduino/mb .
INFO: [BD 41-1029] Generation completed for the IP Integrator block iop_arduino/mb_bram_ctrl .
INFO: [BD 41-1029] Generation completed for the IP Integrator block iop_arduino/rst_clk_wiz_1_100M .
INFO: [BD 41-1029] Generation completed for the IP Integrator block iop_arduino/spi_subsystem/spi_direct .
INFO: [BD 41-1029] Generation completed for the IP Integrator block iop_arduino/spi_subsystem/spi_shared .
INFO: [BD 41-1029] Generation completed for the IP Integrator block iop_arduino/timers_subsystem/mb3_timer_capture_0 .
INFO: [BD 41-1029] Generation completed for the IP Integrator block iop_arduino/timers_subsystem/mb3_timer_capture_1 .
INFO: [BD 41-1029] Generation completed for the IP Integrator block iop_arduino/timers_subsystem/mb3_timer_capture_2 .
INFO: [BD 41-1029] Generation completed for the IP Integrator block iop_arduino/timers_subsystem/mb3_timer_capture_3 .
INFO: [BD 41-1029] Generation completed for the IP Integrator block iop_arduino/timers_subsystem/mb3_timer_capture_4 .
INFO: [BD 41-1029] Generation completed for the IP Integrator block iop_arduino/timers_subsystem/mb3_timer_capture_5 .
INFO: [BD 41-1029] Generation completed for the IP Integrator block iop_arduino/timers_subsystem/mb3_timer_capture_6 .
INFO: [BD 41-1029] Generation completed for the IP Integrator block iop_arduino/timers_subsystem/mb3_timer_capture_7 .
INFO: [BD 41-1029] Generation completed for the IP Integrator block iop_arduino/timers_subsystem/mb3_timer_generate .
INFO: [BD 41-1029] Generation completed for the IP Integrator block iop_arduino/timers_subsystem/mb3_timer_pwm .
INFO: [BD 41-1029] Generation completed for the IP Integrator block iop_arduino/timers_subsystem/mb3_timers_interrupt .
WARNING: [IP_Flow 19-4994] Overwriting existing constraint file '/home/linux/ieng6/students/298/jjhan/fa25-cse237c-projects/guitar_pedal/base/base.gen/sources_1/bd/base/ip/base_timer_0_0/base_timer_0_0_ooc.xdc'
INFO: [BD 41-1029] Generation completed for the IP Integrator block iop_arduino/timers_subsystem/timer_0 .
WARNING: [IP_Flow 19-4994] Overwriting existing constraint file '/home/linux/ieng6/students/298/jjhan/fa25-cse237c-projects/guitar_pedal/base/base.gen/sources_1/bd/base/ip/base_timer_1_0/base_timer_1_0_ooc.xdc'
INFO: [BD 41-1029] Generation completed for the IP Integrator block iop_arduino/timers_subsystem/timer_1 .
WARNING: [IP_Flow 19-4994] Overwriting existing constraint file '/home/linux/ieng6/students/298/jjhan/fa25-cse237c-projects/guitar_pedal/base/base.gen/sources_1/bd/base/ip/base_timer_2_0/base_timer_2_0_ooc.xdc'
INFO: [BD 41-1029] Generation completed for the IP Integrator block iop_arduino/timers_subsystem/timer_2 .
WARNING: [IP_Flow 19-4994] Overwriting existing constraint file '/home/linux/ieng6/students/298/jjhan/fa25-cse237c-projects/guitar_pedal/base/base.gen/sources_1/bd/base/ip/base_timer_3_0/base_timer_3_0_ooc.xdc'
INFO: [BD 41-1029] Generation completed for the IP Integrator block iop_arduino/timers_subsystem/timer_3 .
WARNING: [IP_Flow 19-4994] Overwriting existing constraint file '/home/linux/ieng6/students/298/jjhan/fa25-cse237c-projects/guitar_pedal/base/base.gen/sources_1/bd/base/ip/base_timer_4_0/base_timer_4_0_ooc.xdc'
INFO: [BD 41-1029] Generation completed for the IP Integrator block iop_arduino/timers_subsystem/timer_4 .
WARNING: [IP_Flow 19-4994] Overwriting existing constraint file '/home/linux/ieng6/students/298/jjhan/fa25-cse237c-projects/guitar_pedal/base/base.gen/sources_1/bd/base/ip/base_timer_5_0/base_timer_5_0_ooc.xdc'
INFO: [BD 41-1029] Generation completed for the IP Integrator block iop_arduino/timers_subsystem/timer_5 .
WARNING: [IP_Flow 19-4994] Overwriting existing constraint file '/home/linux/ieng6/students/298/jjhan/fa25-cse237c-projects/guitar_pedal/base/base.gen/sources_1/bd/base/ip/base_uartlite_0/base_uartlite_0_ooc.xdc'
INFO: [BD 41-1029] Generation completed for the IP Integrator block iop_arduino/uartlite .
INFO: [BD 41-1029] Generation completed for the IP Integrator block iop_arduino/xadc .
INFO: [BD 41-1029] Generation completed for the IP Integrator block iop_interrupts .
INFO: [BD 41-1029] Generation completed for the IP Integrator block iop_pmoda/gpio .
INFO: [BD 41-1029] Generation completed for the IP Integrator block iop_pmoda/iic .
INFO: [BD 41-1029] Generation completed for the IP Integrator block iop_pmoda/intc .
INFO: [BD 41-1029] Generation completed for the IP Integrator block iop_pmoda/intr .
INFO: [BD 41-1029] Generation completed for the IP Integrator block iop_pmoda/intr_concat .
INFO: [BD 41-1029] Generation completed for the IP Integrator block iop_pmoda/lmb/dlmb_v10 .
INFO: [BD 41-1029] Generation completed for the IP Integrator block iop_pmoda/lmb/ilmb_v10 .
INFO: [BD 41-1029] Generation completed for the IP Integrator block iop_pmoda/lmb/lmb_bram .
INFO: [BD 41-1029] Generation completed for the IP Integrator block iop_pmoda/lmb/lmb_bram_if_cntlr .
INFO: [BD 41-1029] Generation completed for the IP Integrator block iop_pmoda/logic_1 .
INFO: [BD 41-1029] Generation completed for the IP Integrator block iop_pmoda/mb .
INFO: [BD 41-1029] Generation completed for the IP Integrator block iop_pmoda/mb_bram_ctrl .
INFO: [BD 41-1029] Generation completed for the IP Integrator block iop_pmoda/rst_clk_wiz_1_100M .
INFO: [BD 41-1029] Generation completed for the IP Integrator block iop_pmoda/spi .
WARNING: [IP_Flow 19-4994] Overwriting existing constraint file '/home/linux/ieng6/students/298/jjhan/fa25-cse237c-projects/guitar_pedal/base/base.gen/sources_1/bd/base/ip/base_timer_6/base_timer_6_ooc.xdc'
INFO: [BD 41-1029] Generation completed for the IP Integrator block iop_pmoda/timer .
INFO: [BD 41-1029] Generation completed for the IP Integrator block iop_pmodb/gpio .
INFO: [BD 41-1029] Generation completed for the IP Integrator block iop_pmodb/iic .
INFO: [BD 41-1029] Generation completed for the IP Integrator block iop_pmodb/intc .
INFO: [BD 41-1029] Generation completed for the IP Integrator block iop_pmodb/intr .
INFO: [BD 41-1029] Generation completed for the IP Integrator block iop_pmodb/intr_concat .
INFO: [BD 41-1029] Generation completed for the IP Integrator block iop_pmodb/lmb/dlmb_v10 .
INFO: [BD 41-1029] Generation completed for the IP Integrator block iop_pmodb/lmb/ilmb_v10 .
INFO: [BD 41-1029] Generation completed for the IP Integrator block iop_pmodb/lmb/lmb_bram .
INFO: [BD 41-1029] Generation completed for the IP Integrator block iop_pmodb/lmb/lmb_bram_if_cntlr .
INFO: [BD 41-1029] Generation completed for the IP Integrator block iop_pmodb/logic_1 .
INFO: [BD 41-1029] Generation completed for the IP Integrator block iop_pmodb/mb .
INFO: [BD 41-1029] Generation completed for the IP Integrator block iop_pmodb/mb_bram_ctrl .
INFO: [BD 41-1029] Generation completed for the IP Integrator block iop_pmodb/rst_clk_wiz_1_100M .
INFO: [BD 41-1029] Generation completed for the IP Integrator block iop_pmodb/spi .
WARNING: [IP_Flow 19-4994] Overwriting existing constraint file '/home/linux/ieng6/students/298/jjhan/fa25-cse237c-projects/guitar_pedal/base/base.gen/sources_1/bd/base/ip/base_timer_7/base_timer_7_ooc.xdc'
INFO: [BD 41-1029] Generation completed for the IP Integrator block iop_pmodb/timer .
INFO: [BD 41-1029] Generation completed for the IP Integrator block iop_rpi/iic_subsystem/iic_0 .
INFO: [BD 41-1029] Generation completed for the IP Integrator block iop_rpi/iic_subsystem/iic_1 .
INFO: [BD 41-1029] Generation completed for the IP Integrator block iop_rpi/intc .
INFO: [BD 41-1029] Generation completed for the IP Integrator block iop_rpi/intr .
INFO: [BD 41-1029] Generation completed for the IP Integrator block iop_rpi/intr_concat .
INFO: [BD 41-1029] Generation completed for the IP Integrator block iop_rpi/lmb/dlmb_v10 .
INFO: [BD 41-1029] Generation completed for the IP Integrator block iop_rpi/lmb/ilmb_v10 .
INFO: [BD 41-1029] Generation completed for the IP Integrator block iop_rpi/lmb/lmb_bram .
INFO: [BD 41-1029] Generation completed for the IP Integrator block iop_rpi/lmb/lmb_bram_if_cntlr .
INFO: [BD 41-1029] Generation completed for the IP Integrator block iop_rpi/logic_1 .
INFO: [BD 41-1029] Generation completed for the IP Integrator block iop_rpi/mb .
INFO: [BD 41-1029] Generation completed for the IP Integrator block iop_rpi/mb_bram_ctrl .
INFO: [BD 41-1029] Generation completed for the IP Integrator block iop_rpi/rpi_gpio .
INFO: [BD 41-1029] Generation completed for the IP Integrator block iop_rpi/rst_clk_wiz_1_100M .
INFO: [BD 41-1029] Generation completed for the IP Integrator block iop_rpi/spi_subsystem/spi_0 .
INFO: [BD 41-1029] Generation completed for the IP Integrator block iop_rpi/spi_subsystem/spi_1 .
INFO: [BD 41-1029] Generation completed for the IP Integrator block iop_rpi/timers_subsystem/mb4_timer_pwm .
INFO: [BD 41-1029] Generation completed for the IP Integrator block iop_rpi/timers_subsystem/mb4_timers_interrupt .
WARNING: [IP_Flow 19-4994] Overwriting existing constraint file '/home/linux/ieng6/students/298/jjhan/fa25-cse237c-projects/guitar_pedal/base/base.gen/sources_1/bd/base/ip/base_timer_0_1/base_timer_0_1_ooc.xdc'
INFO: [BD 41-1029] Generation completed for the IP Integrator block iop_rpi/timers_subsystem/timer_0 .
WARNING: [IP_Flow 19-4994] Overwriting existing constraint file '/home/linux/ieng6/students/298/jjhan/fa25-cse237c-projects/guitar_pedal/base/base.gen/sources_1/bd/base/ip/base_timer_1_1/base_timer_1_1_ooc.xdc'
INFO: [BD 41-1029] Generation completed for the IP Integrator block iop_rpi/timers_subsystem/timer_1 .
WARNING: [IP_Flow 19-4994] Overwriting existing constraint file '/home/linux/ieng6/students/298/jjhan/fa25-cse237c-projects/guitar_pedal/base/base.gen/sources_1/bd/base/ip/base_uartlite_1/base_uartlite_1_ooc.xdc'
INFO: [BD 41-1029] Generation completed for the IP Integrator block iop_rpi/uartlite .
INFO: [BD 41-1029] Generation completed for the IP Integrator block leds_gpio .
INFO: [BD 41-1029] Generation completed for the IP Integrator block logic_1 .
INFO: [BD 41-1029] Generation completed for the IP Integrator block mb_iop_arduino_intr_ack .
INFO: [BD 41-1029] Generation completed for the IP Integrator block mb_iop_arduino_reset .
INFO: [BD 41-1029] Generation completed for the IP Integrator block mb_iop_pmoda_intr_ack .
INFO: [BD 41-1029] Generation completed for the IP Integrator block mb_iop_pmoda_reset .
INFO: [BD 41-1029] Generation completed for the IP Integrator block mb_iop_pmodb_intr_ack .
INFO: [Common 17-14] Message 'BD 41-1029' appears 100 times and further instances of the messages will be disabled. Use the Tcl command set_msg_config to change the current settings.
INFO: [IP_Flow 19-5611] Unable to find an associated reset port for the interface 'M_AXI_GP0'. A default connection has been created.
INFO: [IP_Flow 19-5611] Unable to find an associated reset port for the interface 'M_AXI_GP1'. A default connection has been created.
INFO: [IP_Flow 19-5611] Unable to find an associated reset port for the interface 'S_AXI_GP0'. A default connection has been created.
INFO: [IP_Flow 19-5611] Unable to find an associated reset port for the interface 'S_AXI_HP0'. A default connection has been created.
INFO: [IP_Flow 19-5611] Unable to find an associated reset port for the interface 'S_AXI_HP2'. A default connection has been created.
WARNING: [IP_Flow 19-4994] Overwriting existing constraint file '/home/linux/ieng6/students/298/jjhan/fa25-cse237c-projects/guitar_pedal/base/base.gen/sources_1/bd/base/ip/base_axi_vdma_0/base_axi_vdma_0_ooc.xdc'
WARNING: [IP_Flow 19-4994] Overwriting existing constraint file '/home/linux/ieng6/students/298/jjhan/fa25-cse237c-projects/guitar_pedal/base/base.gen/sources_1/bd/base/ip/base_axi_interconnect_0_imp_auto_pc_1/base_axi_interconnect_0_imp_auto_pc_1_ooc.xdc'
WARNING: [IP_Flow 19-4994] Overwriting existing constraint file '/home/linux/ieng6/students/298/jjhan/fa25-cse237c-projects/guitar_pedal/base/base.gen/sources_1/bd/base/ip/base_axi_mem_intercon_imp_auto_us_1/base_axi_mem_intercon_imp_auto_us_1_ooc.xdc'
WARNING: [IP_Flow 19-4994] Overwriting existing constraint file '/home/linux/ieng6/students/298/jjhan/fa25-cse237c-projects/guitar_pedal/base/base.gen/sources_1/bd/base/ip/base_axi_mem_intercon_imp_auto_pc_1/base_axi_mem_intercon_imp_auto_pc_1_ooc.xdc'
WARNING: [IP_Flow 19-4994] Overwriting existing constraint file '/home/linux/ieng6/students/298/jjhan/fa25-cse237c-projects/guitar_pedal/base/base.gen/sources_1/bd/base/ip/base_ps7_0_axi_periph_imp_auto_pc_6/base_ps7_0_axi_periph_imp_auto_pc_6_ooc.xdc'
WARNING: [IP_Flow 19-4994] Overwriting existing constraint file '/home/linux/ieng6/students/298/jjhan/fa25-cse237c-projects/guitar_pedal/base/base.gen/sources_1/bd/base/ip/base_ps7_0_axi_periph_imp_auto_pc_0/base_ps7_0_axi_periph_imp_auto_pc_0_ooc.xdc'
WARNING: [IP_Flow 19-4994] Overwriting existing constraint file '/home/linux/ieng6/students/298/jjhan/fa25-cse237c-projects/guitar_pedal/base/base.gen/sources_1/bd/base/ip/base_ps7_0_axi_periph_imp_auto_pc_1/base_ps7_0_axi_periph_imp_auto_pc_1_ooc.xdc'
WARNING: [IP_Flow 19-4994] Overwriting existing constraint file '/home/linux/ieng6/students/298/jjhan/fa25-cse237c-projects/guitar_pedal/base/base.gen/sources_1/bd/base/ip/base_ps7_0_axi_periph_imp_auto_pc_2/base_ps7_0_axi_periph_imp_auto_pc_2_ooc.xdc'
WARNING: [IP_Flow 19-4994] Overwriting existing constraint file '/home/linux/ieng6/students/298/jjhan/fa25-cse237c-projects/guitar_pedal/base/base.gen/sources_1/bd/base/ip/base_ps7_0_axi_periph_imp_auto_pc_3/base_ps7_0_axi_periph_imp_auto_pc_3_ooc.xdc'
WARNING: [IP_Flow 19-4994] Overwriting existing constraint file '/home/linux/ieng6/students/298/jjhan/fa25-cse237c-projects/guitar_pedal/base/base.gen/sources_1/bd/base/ip/base_ps7_0_axi_periph_imp_auto_pc_4/base_ps7_0_axi_periph_imp_auto_pc_4_ooc.xdc'
WARNING: [IP_Flow 19-4994] Overwriting existing constraint file '/home/linux/ieng6/students/298/jjhan/fa25-cse237c-projects/guitar_pedal/base/base.gen/sources_1/bd/base/ip/base_ps7_0_axi_periph_imp_auto_pc_5/base_ps7_0_axi_periph_imp_auto_pc_5_ooc.xdc'
WARNING: [IP_Flow 19-4994] Overwriting existing constraint file '/home/linux/ieng6/students/298/jjhan/fa25-cse237c-projects/guitar_pedal/base/base.gen/sources_1/bd/base/ip/base_ps7_0_axi_periph_1_imp_auto_pc_0/base_ps7_0_axi_periph_1_imp_auto_pc_0_ooc.xdc'
WARNING: [IP_Flow 19-4994] Overwriting existing constraint file '/home/linux/ieng6/students/298/jjhan/fa25-cse237c-projects/guitar_pedal/base/base.gen/sources_1/bd/base/ip/base_axi_interconnect_0_imp_auto_pc_0/base_axi_interconnect_0_imp_auto_pc_0_ooc.xdc'
WARNING: [IP_Flow 19-4994] Overwriting existing constraint file '/home/linux/ieng6/students/298/jjhan/fa25-cse237c-projects/guitar_pedal/base/base.gen/sources_1/bd/base/ip/base_axi_interconnect_0_imp_auto_cc_0/base_axi_interconnect_0_imp_auto_cc_0_ooc.xdc'
WARNING: [IP_Flow 19-4994] Overwriting existing constraint file '/home/linux/ieng6/students/298/jjhan/fa25-cse237c-projects/guitar_pedal/base/base.gen/sources_1/bd/base/ip/base_axi_interconnect_0_imp_auto_cc_1/base_axi_interconnect_0_imp_auto_cc_1_ooc.xdc'
WARNING: [IP_Flow 19-4994] Overwriting existing constraint file '/home/linux/ieng6/students/298/jjhan/fa25-cse237c-projects/guitar_pedal/base/base.gen/sources_1/bd/base/ip/base_axi_interconnect_0_imp_auto_cc_2/base_axi_interconnect_0_imp_auto_cc_2_ooc.xdc'
WARNING: [IP_Flow 19-4994] Overwriting existing constraint file '/home/linux/ieng6/students/298/jjhan/fa25-cse237c-projects/guitar_pedal/base/base.gen/sources_1/bd/base/ip/base_axi_interconnect_0_imp_auto_cc_3/base_axi_interconnect_0_imp_auto_cc_3_ooc.xdc'
WARNING: [IP_Flow 19-4994] Overwriting existing constraint file '/home/linux/ieng6/students/298/jjhan/fa25-cse237c-projects/guitar_pedal/base/base.gen/sources_1/bd/base/ip/base_axi_mem_intercon_imp_auto_us_0/base_axi_mem_intercon_imp_auto_us_0_ooc.xdc'
WARNING: [IP_Flow 19-4994] Overwriting existing constraint file '/home/linux/ieng6/students/298/jjhan/fa25-cse237c-projects/guitar_pedal/base/base.gen/sources_1/bd/base/ip/base_axi_mem_intercon_imp_auto_pc_0/base_axi_mem_intercon_imp_auto_pc_0_ooc.xdc'
Exporting to file /home/linux/ieng6/students/298/jjhan/fa25-cse237c-projects/guitar_pedal/base/base.gen/sources_1/bd/base/hw_handoff/base.hwh
Generated Hardware Definition File /home/linux/ieng6/students/298/jjhan/fa25-cse237c-projects/guitar_pedal/base/base.gen/sources_1/bd/base/synth/base.hwdef
generate_target: Time (s): cpu = 00:04:00 ; elapsed = 00:04:10 . Memory (MB): peak = 14505.715 ; gain = 0.000 ; free physical = 6622 ; free virtual = 13636
catch { config_ip_cache -export [get_ips -all base_axi_protocol_convert_0_0] }
INFO: [IP_Flow 19-6924] IPCACHE: Running cache check for IP inst: base_axi_protocol_convert_0_0
catch { config_ip_cache -export [get_ips -all base_btns_gpio_0] }
INFO: [IP_Flow 19-6924] IPCACHE: Running cache check for IP inst: base_btns_gpio_0
catch { config_ip_cache -export [get_ips -all base_clk_wiz_10MHz_0] }
INFO: [IP_Flow 19-6924] IPCACHE: Running cache check for IP inst: base_clk_wiz_10MHz_0
catch { config_ip_cache -export [get_ips -all base_arduino_gpio_0] }
INFO: [IP_Flow 19-6924] IPCACHE: Running cache check for IP inst: base_arduino_gpio_0
catch { config_ip_cache -export [get_ips -all base_iic_direct_0] }
INFO: [IP_Flow 19-6924] IPCACHE: Running cache check for IP inst: base_iic_direct_0
catch { config_ip_cache -export [get_ips -all base_intc_0] }
INFO: [IP_Flow 19-6924] IPCACHE: Running cache check for IP inst: base_intc_0
catch { config_ip_cache -export [get_ips -all base_intr_0] }
INFO: [IP_Flow 19-6924] IPCACHE: Running cache check for IP inst: base_intr_0
catch { config_ip_cache -export [get_ips -all base_dlmb_v10_0] }
INFO: [IP_Flow 19-6924] IPCACHE: Running cache check for IP inst: base_dlmb_v10_0
catch { config_ip_cache -export [get_ips -all base_ilmb_v10_0] }
INFO: [IP_Flow 19-6924] IPCACHE: Running cache check for IP inst: base_ilmb_v10_0
catch { config_ip_cache -export [get_ips -all base_lmb_bram_0] }
INFO: [IP_Flow 19-6924] IPCACHE: Running cache check for IP inst: base_lmb_bram_0
catch { config_ip_cache -export [get_ips -all base_lmb_bram_if_cntlr_0] }
INFO: [IP_Flow 19-6924] IPCACHE: Running cache check for IP inst: base_lmb_bram_if_cntlr_0
catch { config_ip_cache -export [get_ips -all base_mb_0] }
INFO: [IP_Flow 19-6924] IPCACHE: Running cache check for IP inst: base_mb_0
catch { config_ip_cache -export [get_ips -all base_mb_bram_ctrl_0] }
INFO: [IP_Flow 19-6924] IPCACHE: Running cache check for IP inst: base_mb_bram_ctrl_0
catch { config_ip_cache -export [get_ips -all base_rst_clk_wiz_1_100M_0] }
INFO: [IP_Flow 19-6924] IPCACHE: Running cache check for IP inst: base_rst_clk_wiz_1_100M_0
catch { config_ip_cache -export [get_ips -all base_spi_direct_0] }
INFO: [IP_Flow 19-6924] IPCACHE: Running cache check for IP inst: base_spi_direct_0
catch { config_ip_cache -export [get_ips -all base_spi_shared_0] }
INFO: [IP_Flow 19-6924] IPCACHE: Running cache check for IP inst: base_spi_shared_0
catch { config_ip_cache -export [get_ips -all base_timer_0_0] }
INFO: [IP_Flow 19-6924] IPCACHE: Running cache check for IP inst: base_timer_0_0
catch { config_ip_cache -export [get_ips -all base_timer_1_0] }
INFO: [IP_Flow 19-6924] IPCACHE: Running cache check for IP inst: base_timer_1_0
catch { config_ip_cache -export [get_ips -all base_timer_2_0] }
INFO: [IP_Flow 19-6924] IPCACHE: Running cache check for IP inst: base_timer_2_0
catch { config_ip_cache -export [get_ips -all base_timer_3_0] }
INFO: [IP_Flow 19-6924] IPCACHE: Running cache check for IP inst: base_timer_3_0
catch { config_ip_cache -export [get_ips -all base_timer_4_0] }
INFO: [IP_Flow 19-6924] IPCACHE: Running cache check for IP inst: base_timer_4_0
catch { config_ip_cache -export [get_ips -all base_timer_5_0] }
INFO: [IP_Flow 19-6924] IPCACHE: Running cache check for IP inst: base_timer_5_0
catch { config_ip_cache -export [get_ips -all base_uartlite_0] }
INFO: [IP_Flow 19-6924] IPCACHE: Running cache check for IP inst: base_uartlite_0
catch { config_ip_cache -export [get_ips -all base_xadc_0] }
INFO: [IP_Flow 19-6924] IPCACHE: Running cache check for IP inst: base_xadc_0
catch { config_ip_cache -export [get_ips -all base_gpio_0] }
INFO: [IP_Flow 19-6924] IPCACHE: Running cache check for IP inst: base_gpio_0
catch { config_ip_cache -export [get_ips -all base_iic_0] }
INFO: [IP_Flow 19-6924] IPCACHE: Running cache check for IP inst: base_iic_0
catch { config_ip_cache -export [get_ips -all base_intc_1] }
INFO: [IP_Flow 19-6924] IPCACHE: Running cache check for IP inst: base_intc_1
catch { config_ip_cache -export [get_ips -all base_intr_1] }
INFO: [IP_Flow 19-6924] IPCACHE: Running cache check for IP inst: base_intr_1
catch { config_ip_cache -export [get_ips -all base_dlmb_v10_1] }
INFO: [IP_Flow 19-6924] IPCACHE: Running cache check for IP inst: base_dlmb_v10_1
catch { config_ip_cache -export [get_ips -all base_ilmb_v10_1] }
INFO: [IP_Flow 19-6924] IPCACHE: Running cache check for IP inst: base_ilmb_v10_1
catch { config_ip_cache -export [get_ips -all base_lmb_bram_1] }
INFO: [IP_Flow 19-6924] IPCACHE: Running cache check for IP inst: base_lmb_bram_1
catch { config_ip_cache -export [get_ips -all base_lmb_bram_if_cntlr_1] }
INFO: [IP_Flow 19-6924] IPCACHE: Running cache check for IP inst: base_lmb_bram_if_cntlr_1
catch { config_ip_cache -export [get_ips -all base_mb_1] }
INFO: [IP_Flow 19-6924] IPCACHE: Running cache check for IP inst: base_mb_1
catch { config_ip_cache -export [get_ips -all base_mb_bram_ctrl_1] }
INFO: [IP_Flow 19-6924] IPCACHE: Running cache check for IP inst: base_mb_bram_ctrl_1
catch { config_ip_cache -export [get_ips -all base_rst_clk_wiz_1_100M_1] }
INFO: [IP_Flow 19-6924] IPCACHE: Running cache check for IP inst: base_rst_clk_wiz_1_100M_1
catch { config_ip_cache -export [get_ips -all base_spi_0] }
INFO: [IP_Flow 19-6924] IPCACHE: Running cache check for IP inst: base_spi_0
catch { config_ip_cache -export [get_ips -all base_timer_6] }
INFO: [IP_Flow 19-6924] IPCACHE: Running cache check for IP inst: base_timer_6
catch { config_ip_cache -export [get_ips -all base_gpio_1] }
INFO: [IP_Flow 19-6924] IPCACHE: Running cache check for IP inst: base_gpio_1
catch { config_ip_cache -export [get_ips -all base_iic_1] }
INFO: [IP_Flow 19-6924] IPCACHE: Running cache check for IP inst: base_iic_1
catch { config_ip_cache -export [get_ips -all base_intc_2] }
INFO: [IP_Flow 19-6924] IPCACHE: Running cache check for IP inst: base_intc_2
catch { config_ip_cache -export [get_ips -all base_intr_2] }
INFO: [IP_Flow 19-6924] IPCACHE: Running cache check for IP inst: base_intr_2
catch { config_ip_cache -export [get_ips -all base_dlmb_v10_2] }
INFO: [IP_Flow 19-6924] IPCACHE: Running cache check for IP inst: base_dlmb_v10_2
catch { config_ip_cache -export [get_ips -all base_ilmb_v10_2] }
INFO: [IP_Flow 19-6924] IPCACHE: Running cache check for IP inst: base_ilmb_v10_2
catch { config_ip_cache -export [get_ips -all base_lmb_bram_2] }
INFO: [IP_Flow 19-6924] IPCACHE: Running cache check for IP inst: base_lmb_bram_2
catch { config_ip_cache -export [get_ips -all base_lmb_bram_if_cntlr_2] }
INFO: [IP_Flow 19-6924] IPCACHE: Running cache check for IP inst: base_lmb_bram_if_cntlr_2
catch { config_ip_cache -export [get_ips -all base_mb_2] }
INFO: [IP_Flow 19-6924] IPCACHE: Running cache check for IP inst: base_mb_2
catch { config_ip_cache -export [get_ips -all base_mb_bram_ctrl_2] }
INFO: [IP_Flow 19-6924] IPCACHE: Running cache check for IP inst: base_mb_bram_ctrl_2
catch { config_ip_cache -export [get_ips -all base_rst_clk_wiz_1_100M_2] }
INFO: [IP_Flow 19-6924] IPCACHE: Running cache check for IP inst: base_rst_clk_wiz_1_100M_2
catch { config_ip_cache -export [get_ips -all base_spi_1] }
INFO: [IP_Flow 19-6924] IPCACHE: Running cache check for IP inst: base_spi_1
catch { config_ip_cache -export [get_ips -all base_timer_7] }
INFO: [IP_Flow 19-6924] IPCACHE: Running cache check for IP inst: base_timer_7
catch { config_ip_cache -export [get_ips -all base_iic_0_0] }
INFO: [IP_Flow 19-6924] IPCACHE: Running cache check for IP inst: base_iic_0_0
catch { config_ip_cache -export [get_ips -all base_iic_1_0] }
INFO: [IP_Flow 19-6924] IPCACHE: Running cache check for IP inst: base_iic_1_0
catch { config_ip_cache -export [get_ips -all base_intc_3] }
INFO: [IP_Flow 19-6924] IPCACHE: Running cache check for IP inst: base_intc_3
catch { config_ip_cache -export [get_ips -all base_intr_3] }
INFO: [IP_Flow 19-6924] IPCACHE: Running cache check for IP inst: base_intr_3
catch { config_ip_cache -export [get_ips -all base_dlmb_v10_3] }
INFO: [IP_Flow 19-6924] IPCACHE: Running cache check for IP inst: base_dlmb_v10_3
catch { config_ip_cache -export [get_ips -all base_ilmb_v10_3] }
INFO: [IP_Flow 19-6924] IPCACHE: Running cache check for IP inst: base_ilmb_v10_3
catch { config_ip_cache -export [get_ips -all base_lmb_bram_3] }
INFO: [IP_Flow 19-6924] IPCACHE: Running cache check for IP inst: base_lmb_bram_3
catch { config_ip_cache -export [get_ips -all base_lmb_bram_if_cntlr_3] }
INFO: [IP_Flow 19-6924] IPCACHE: Running cache check for IP inst: base_lmb_bram_if_cntlr_3
catch { config_ip_cache -export [get_ips -all base_mb_3] }
INFO: [IP_Flow 19-6924] IPCACHE: Running cache check for IP inst: base_mb_3
catch { config_ip_cache -export [get_ips -all base_mb_bram_ctrl_3] }
INFO: [IP_Flow 19-6924] IPCACHE: Running cache check for IP inst: base_mb_bram_ctrl_3
catch { config_ip_cache -export [get_ips -all base_rpi_gpio_0] }
INFO: [IP_Flow 19-6924] IPCACHE: Running cache check for IP inst: base_rpi_gpio_0
catch { config_ip_cache -export [get_ips -all base_rst_clk_wiz_1_100M_3] }
INFO: [IP_Flow 19-6924] IPCACHE: Running cache check for IP inst: base_rst_clk_wiz_1_100M_3
catch { config_ip_cache -export [get_ips -all base_spi_0_0] }
INFO: [IP_Flow 19-6924] IPCACHE: Running cache check for IP inst: base_spi_0_0
catch { config_ip_cache -export [get_ips -all base_spi_1_0] }
INFO: [IP_Flow 19-6924] IPCACHE: Running cache check for IP inst: base_spi_1_0
catch { config_ip_cache -export [get_ips -all base_timer_0_1] }
INFO: [IP_Flow 19-6924] IPCACHE: Running cache check for IP inst: base_timer_0_1
catch { config_ip_cache -export [get_ips -all base_timer_1_1] }
INFO: [IP_Flow 19-6924] IPCACHE: Running cache check for IP inst: base_timer_1_1
catch { config_ip_cache -export [get_ips -all base_uartlite_1] }
INFO: [IP_Flow 19-6924] IPCACHE: Running cache check for IP inst: base_uartlite_1
catch { config_ip_cache -export [get_ips -all base_leds_gpio_0] }
INFO: [IP_Flow 19-6924] IPCACHE: Running cache check for IP inst: base_leds_gpio_0
catch { config_ip_cache -export [get_ips -all base_mdm_1_0] }
INFO: [IP_Flow 19-6924] IPCACHE: Running cache check for IP inst: base_mdm_1_0
catch { config_ip_cache -export [get_ips -all base_rgbleds_gpio_0] }
INFO: [IP_Flow 19-6924] IPCACHE: Running cache check for IP inst: base_rgbleds_gpio_0
catch { config_ip_cache -export [get_ips -all base_rst_ps7_0_fclk0_0] }
INFO: [IP_Flow 19-6924] IPCACHE: Running cache check for IP inst: base_rst_ps7_0_fclk0_0
catch { config_ip_cache -export [get_ips -all base_rst_ps7_0_fclk1_0] }
INFO: [IP_Flow 19-6924] IPCACHE: Running cache check for IP inst: base_rst_ps7_0_fclk1_0
catch { config_ip_cache -export [get_ips -all base_rst_ps7_0_fclk3_0] }
INFO: [IP_Flow 19-6924] IPCACHE: Running cache check for IP inst: base_rst_ps7_0_fclk3_0
catch { config_ip_cache -export [get_ips -all base_switches_gpio_0] }
INFO: [IP_Flow 19-6924] IPCACHE: Running cache check for IP inst: base_switches_gpio_0
catch { config_ip_cache -export [get_ips -all base_system_interrupts_0] }
INFO: [IP_Flow 19-6924] IPCACHE: Running cache check for IP inst: base_system_interrupts_0
catch { config_ip_cache -export [get_ips -all base_axi_dma_0_0] }
INFO: [IP_Flow 19-6924] IPCACHE: Running cache check for IP inst: base_axi_dma_0_0
catch { config_ip_cache -export [get_ips -all base_axis_data_fifo_0_0] }
INFO: [IP_Flow 19-6924] IPCACHE: Running cache check for IP inst: base_axis_data_fifo_0_0
catch { config_ip_cache -export [get_ips -all base_axi_dma_0_1] }
INFO: [IP_Flow 19-6924] IPCACHE: Running cache check for IP inst: base_axi_dma_0_1
catch { config_ip_cache -export [get_ips -all base_axis_data_fifo_0_1] }
INFO: [IP_Flow 19-6924] IPCACHE: Running cache check for IP inst: base_axis_data_fifo_0_1
catch { config_ip_cache -export [get_ips -all base_axi_vdma_0] }
INFO: [IP_Flow 19-6924] IPCACHE: Running cache check for IP inst: base_axi_vdma_0
catch { config_ip_cache -export [get_ips -all base_axis_register_slice_0_0] }
INFO: [IP_Flow 19-6924] IPCACHE: Running cache check for IP inst: base_axis_register_slice_0_0
catch { config_ip_cache -export [get_ips -all base_axi_gpio_hdmiin_0] }
INFO: [IP_Flow 19-6924] IPCACHE: Running cache check for IP inst: base_axi_gpio_hdmiin_0
catch { config_ip_cache -export [get_ips -all base_v_vid_in_axi4s_0_0] }
INFO: [IP_Flow 19-6924] IPCACHE: Running cache check for IP inst: base_v_vid_in_axi4s_0_0
catch { config_ip_cache -export [get_ips -all base_vtc_in_0] }
INFO: [IP_Flow 19-6924] IPCACHE: Running cache check for IP inst: base_vtc_in_0
catch { config_ip_cache -export [get_ips -all base_axis_register_slice_0_1] }
INFO: [IP_Flow 19-6924] IPCACHE: Running cache check for IP inst: base_axis_register_slice_0_1
catch { config_ip_cache -export [get_ips -all base_hdmi_out_hpd_video_0] }
INFO: [IP_Flow 19-6924] IPCACHE: Running cache check for IP inst: base_hdmi_out_hpd_video_0
catch { config_ip_cache -export [get_ips -all base_v_axi4s_vid_out_0_0] }
INFO: [IP_Flow 19-6924] IPCACHE: Running cache check for IP inst: base_v_axi4s_vid_out_0_0
catch { config_ip_cache -export [get_ips -all base_vtc_out_0] }
INFO: [IP_Flow 19-6924] IPCACHE: Running cache check for IP inst: base_vtc_out_0
catch { config_ip_cache -export [get_ips -all base_proc_sys_reset_pixelclk_0] }
INFO: [IP_Flow 19-6924] IPCACHE: Running cache check for IP inst: base_proc_sys_reset_pixelclk_0
catch { config_ip_cache -export [get_ips -all base_axi_interconnect_0_upgraded_ipi_imp_xbar_0] }
INFO: [IP_Flow 19-6924] IPCACHE: Running cache check for IP inst: base_axi_interconnect_0_upgraded_ipi_imp_xbar_0
catch { config_ip_cache -export [get_ips -all base_axi_mem_intercon_upgraded_ipi_imp_xbar_0] }
INFO: [IP_Flow 19-6924] IPCACHE: Running cache check for IP inst: base_axi_mem_intercon_upgraded_ipi_imp_xbar_0
catch { config_ip_cache -export [get_ips -all base_microblaze_0_axi_periph_upgraded_ipi_imp_xbar_0] }
INFO: [IP_Flow 19-6924] IPCACHE: Running cache check for IP inst: base_microblaze_0_axi_periph_upgraded_ipi_imp_xbar_0
catch { config_ip_cache -export [get_ips -all base_microblaze_0_axi_periph_upgraded_ipi_imp_xbar_1] }
INFO: [IP_Flow 19-6924] IPCACHE: Running cache check for IP inst: base_microblaze_0_axi_periph_upgraded_ipi_imp_xbar_1
catch { config_ip_cache -export [get_ips -all base_microblaze_0_axi_periph_upgraded_ipi_imp_xbar_2] }
INFO: [IP_Flow 19-6924] IPCACHE: Running cache check for IP inst: base_microblaze_0_axi_periph_upgraded_ipi_imp_xbar_2
catch { config_ip_cache -export [get_ips -all base_microblaze_0_axi_periph_upgraded_ipi_imp_xbar_3] }
INFO: [IP_Flow 19-6924] IPCACHE: Running cache check for IP inst: base_microblaze_0_axi_periph_upgraded_ipi_imp_xbar_3
catch { config_ip_cache -export [get_ips -all base_ps7_0_axi_periph_upgraded_ipi_imp_xbar_0] }
INFO: [IP_Flow 19-6924] IPCACHE: Running cache check for IP inst: base_ps7_0_axi_periph_upgraded_ipi_imp_xbar_0
catch { config_ip_cache -export [get_ips -all base_ps7_0_axi_periph1_upgraded_ipi_imp_xbar_0] }
INFO: [IP_Flow 19-6924] IPCACHE: Running cache check for IP inst: base_ps7_0_axi_periph1_upgraded_ipi_imp_xbar_0
catch { config_ip_cache -export [get_ips -all base_ps7_0_axi_periph_1_upgraded_ipi_imp_xbar_0] }
INFO: [IP_Flow 19-6924] IPCACHE: Running cache check for IP inst: base_ps7_0_axi_periph_1_upgraded_ipi_imp_xbar_0
catch { config_ip_cache -export [get_ips -all base_axi_interconnect_0_upgraded_ipi_imp_xbar_1] }
INFO: [IP_Flow 19-6924] IPCACHE: Running cache check for IP inst: base_axi_interconnect_0_upgraded_ipi_imp_xbar_1
catch { config_ip_cache -export [get_ips -all base_axi_mem_intercon_upgraded_ipi_imp_xbar_1] }
INFO: [IP_Flow 19-6924] IPCACHE: Running cache check for IP inst: base_axi_mem_intercon_upgraded_ipi_imp_xbar_1
INFO: [Common 17-14] Message 'IP_Flow 19-6924' appears 100 times and further instances of the messages will be disabled. Use the Tcl command set_msg_config to change the current settings.
catch { config_ip_cache -export [get_ips -all base_axi_interconnect_0_imp_auto_pc_1] }
catch { config_ip_cache -export [get_ips -all base_axi_mem_intercon_imp_auto_us_1] }
catch { config_ip_cache -export [get_ips -all base_axi_mem_intercon_imp_auto_pc_1] }
catch { config_ip_cache -export [get_ips -all base_microblaze_0_axi_periph_imp_s00_regslice_0] }
catch { config_ip_cache -export [get_ips -all base_microblaze_0_axi_periph_imp_m00_regslice_0] }
catch { config_ip_cache -export [get_ips -all base_microblaze_0_axi_periph_imp_m01_regslice_0] }
catch { config_ip_cache -export [get_ips -all base_microblaze_0_axi_periph_imp_m02_regslice_0] }
catch { config_ip_cache -export [get_ips -all base_microblaze_0_axi_periph_imp_m03_regslice_0] }
catch { config_ip_cache -export [get_ips -all base_microblaze_0_axi_periph_imp_m04_regslice_0] }
catch { config_ip_cache -export [get_ips -all base_microblaze_0_axi_periph_imp_m05_regslice_0] }
catch { config_ip_cache -export [get_ips -all base_microblaze_0_axi_periph_imp_m06_regslice_0] }
catch { config_ip_cache -export [get_ips -all base_microblaze_0_axi_periph_imp_m07_regslice_0] }
catch { config_ip_cache -export [get_ips -all base_microblaze_0_axi_periph_imp_m08_regslice_0] }
catch { config_ip_cache -export [get_ips -all base_microblaze_0_axi_periph_imp_m09_regslice_0] }
catch { config_ip_cache -export [get_ips -all base_microblaze_0_axi_periph_imp_m10_regslice_0] }
catch { config_ip_cache -export [get_ips -all base_microblaze_0_axi_periph_imp_m11_regslice_0] }
catch { config_ip_cache -export [get_ips -all base_microblaze_0_axi_periph_imp_m12_regslice_0] }
catch { config_ip_cache -export [get_ips -all base_microblaze_0_axi_periph_imp_m13_regslice_0] }
catch { config_ip_cache -export [get_ips -all base_microblaze_0_axi_periph_imp_m14_regslice_0] }
catch { config_ip_cache -export [get_ips -all base_microblaze_0_axi_periph_imp_m15_regslice_0] }
catch { config_ip_cache -export [get_ips -all base_microblaze_0_axi_periph_imp_s00_regslice_1] }
catch { config_ip_cache -export [get_ips -all base_microblaze_0_axi_periph_imp_m00_regslice_1] }
catch { config_ip_cache -export [get_ips -all base_microblaze_0_axi_periph_imp_m01_regslice_1] }
catch { config_ip_cache -export [get_ips -all base_microblaze_0_axi_periph_imp_m02_regslice_1] }
catch { config_ip_cache -export [get_ips -all base_microblaze_0_axi_periph_imp_m03_regslice_1] }
catch { config_ip_cache -export [get_ips -all base_microblaze_0_axi_periph_imp_m04_regslice_1] }
catch { config_ip_cache -export [get_ips -all base_microblaze_0_axi_periph_imp_m05_regslice_1] }
catch { config_ip_cache -export [get_ips -all base_microblaze_0_axi_periph_imp_m06_regslice_1] }
catch { config_ip_cache -export [get_ips -all base_microblaze_0_axi_periph_imp_m07_regslice_1] }
catch { config_ip_cache -export [get_ips -all base_microblaze_0_axi_periph_imp_s00_regslice_2] }
catch { config_ip_cache -export [get_ips -all base_microblaze_0_axi_periph_imp_m00_regslice_2] }
catch { config_ip_cache -export [get_ips -all base_microblaze_0_axi_periph_imp_m01_regslice_2] }
catch { config_ip_cache -export [get_ips -all base_microblaze_0_axi_periph_imp_m02_regslice_2] }
catch { config_ip_cache -export [get_ips -all base_microblaze_0_axi_periph_imp_m03_regslice_2] }
catch { config_ip_cache -export [get_ips -all base_microblaze_0_axi_periph_imp_m04_regslice_2] }
catch { config_ip_cache -export [get_ips -all base_microblaze_0_axi_periph_imp_m05_regslice_2] }
catch { config_ip_cache -export [get_ips -all base_microblaze_0_axi_periph_imp_m06_regslice_2] }
catch { config_ip_cache -export [get_ips -all base_microblaze_0_axi_periph_imp_m07_regslice_2] }
catch { config_ip_cache -export [get_ips -all base_microblaze_0_axi_periph_imp_s00_regslice_3] }
catch { config_ip_cache -export [get_ips -all base_microblaze_0_axi_periph_imp_m00_regslice_3] }
catch { config_ip_cache -export [get_ips -all base_microblaze_0_axi_periph_imp_m01_regslice_3] }
catch { config_ip_cache -export [get_ips -all base_microblaze_0_axi_periph_imp_m02_regslice_3] }
catch { config_ip_cache -export [get_ips -all base_microblaze_0_axi_periph_imp_m03_regslice_3] }
catch { config_ip_cache -export [get_ips -all base_microblaze_0_axi_periph_imp_m04_regslice_3] }
catch { config_ip_cache -export [get_ips -all base_microblaze_0_axi_periph_imp_m05_regslice_3] }
catch { config_ip_cache -export [get_ips -all base_microblaze_0_axi_periph_imp_m06_regslice_3] }
catch { config_ip_cache -export [get_ips -all base_microblaze_0_axi_periph_imp_m07_regslice_3] }
catch { config_ip_cache -export [get_ips -all base_microblaze_0_axi_periph_imp_m08_regslice_1] }
catch { config_ip_cache -export [get_ips -all base_microblaze_0_axi_periph_imp_m09_regslice_1] }
catch { config_ip_cache -export [get_ips -all base_microblaze_0_axi_periph_imp_m10_regslice_1] }
catch { config_ip_cache -export [get_ips -all base_microblaze_0_axi_periph_imp_m11_regslice_1] }
catch { config_ip_cache -export [get_ips -all base_ps7_0_axi_periph_imp_s00_regslice_0] }
catch { config_ip_cache -export [get_ips -all base_ps7_0_axi_periph_imp_auto_pc_6] }
catch { config_ip_cache -export [get_ips -all base_ps7_0_axi_periph_imp_m00_regslice_0] }
catch { config_ip_cache -export [get_ips -all base_ps7_0_axi_periph_imp_auto_pc_0] }
catch { config_ip_cache -export [get_ips -all base_ps7_0_axi_periph_imp_m01_regslice_0] }
catch { config_ip_cache -export [get_ips -all base_ps7_0_axi_periph_imp_m02_regslice_0] }
catch { config_ip_cache -export [get_ips -all base_ps7_0_axi_periph_imp_auto_pc_1] }
catch { config_ip_cache -export [get_ips -all base_ps7_0_axi_periph_imp_m03_regslice_0] }
catch { config_ip_cache -export [get_ips -all base_ps7_0_axi_periph_imp_auto_pc_2] }
catch { config_ip_cache -export [get_ips -all base_ps7_0_axi_periph_imp_m04_regslice_0] }
catch { config_ip_cache -export [get_ips -all base_ps7_0_axi_periph_imp_auto_pc_3] }
catch { config_ip_cache -export [get_ips -all base_ps7_0_axi_periph_imp_m05_regslice_0] }
catch { config_ip_cache -export [get_ips -all base_ps7_0_axi_periph_imp_auto_pc_4] }
catch { config_ip_cache -export [get_ips -all base_ps7_0_axi_periph_imp_m06_regslice_0] }
catch { config_ip_cache -export [get_ips -all base_ps7_0_axi_periph_imp_m07_regslice_0] }
catch { config_ip_cache -export [get_ips -all base_ps7_0_axi_periph_imp_auto_pc_5] }
catch { config_ip_cache -export [get_ips -all base_ps7_0_axi_periph1_imp_s00_regslice_0] }
catch { config_ip_cache -export [get_ips -all base_ps7_0_axi_periph1_imp_m00_regslice_0] }
catch { config_ip_cache -export [get_ips -all base_ps7_0_axi_periph1_imp_m01_regslice_0] }
catch { config_ip_cache -export [get_ips -all base_ps7_0_axi_periph1_imp_m02_regslice_0] }
catch { config_ip_cache -export [get_ips -all base_ps7_0_axi_periph1_imp_m03_regslice_0] }
catch { config_ip_cache -export [get_ips -all base_ps7_0_axi_periph_1_imp_auto_pc_0] }
catch { config_ip_cache -export [get_ips -all base_axi_interconnect_0_imp_s00_regslice_0] }
catch { config_ip_cache -export [get_ips -all base_axi_interconnect_0_imp_auto_pc_0] }
catch { config_ip_cache -export [get_ips -all base_axi_interconnect_0_imp_m00_regslice_0] }
catch { config_ip_cache -export [get_ips -all base_axi_interconnect_0_imp_m01_regslice_0] }
catch { config_ip_cache -export [get_ips -all base_axi_interconnect_0_imp_auto_cc_0] }
catch { config_ip_cache -export [get_ips -all base_axi_interconnect_0_imp_m02_regslice_0] }
catch { config_ip_cache -export [get_ips -all base_axi_interconnect_0_imp_auto_cc_1] }
catch { config_ip_cache -export [get_ips -all base_axi_interconnect_0_imp_m03_regslice_0] }
catch { config_ip_cache -export [get_ips -all base_axi_interconnect_0_imp_m04_regslice_0] }
catch { config_ip_cache -export [get_ips -all base_axi_interconnect_0_imp_m05_regslice_0] }
catch { config_ip_cache -export [get_ips -all base_axi_interconnect_0_imp_m06_regslice_0] }
catch { config_ip_cache -export [get_ips -all base_axi_interconnect_0_imp_auto_cc_2] }
catch { config_ip_cache -export [get_ips -all base_axi_interconnect_0_imp_m07_regslice_0] }
catch { config_ip_cache -export [get_ips -all base_axi_interconnect_0_imp_auto_cc_3] }
catch { config_ip_cache -export [get_ips -all base_axi_interconnect_0_imp_m08_regslice_0] }
catch { config_ip_cache -export [get_ips -all base_axi_interconnect_0_imp_m09_regslice_0] }
catch { config_ip_cache -export [get_ips -all base_axi_mem_intercon_imp_auto_us_0] }
catch { config_ip_cache -export [get_ips -all base_axi_mem_intercon_imp_auto_pc_0] }
export_ip_user_files -of_objects [get_files /home/linux/ieng6/students/298/jjhan/fa25-cse237c-projects/guitar_pedal/base/base.srcs/sources_1/bd/base/base.bd] -no_script -sync -force -quiet
create_ip_run [get_files -of_objects [get_fileset sources_1] /home/linux/ieng6/students/298/jjhan/fa25-cse237c-projects/guitar_pedal/base/base.srcs/sources_1/bd/base/base.bd]
create_ip_run: Time (s): cpu = 00:01:46 ; elapsed = 00:01:46 . Memory (MB): peak = 16059.516 ; gain = 1553.801 ; free physical = 6010 ; free virtual = 13039
launch_runs base_arduino_gpio_0_synth_1 base_axi_dma_0_0_synth_1 base_axi_dma_0_1_synth_1 base_axi_gpio_hdmiin_0_synth_1 base_axi_interconnect_0_imp_auto_cc_0_synth_1 base_axi_interconnect_0_imp_auto_cc_1_synth_1 base_axi_interconnect_0_imp_auto_cc_2_synth_1 base_axi_interconnect_0_imp_auto_cc_3_synth_1 base_axi_interconnect_0_imp_auto_pc_0_synth_1 base_axi_interconnect_0_imp_auto_pc_1_synth_1 base_axi_interconnect_0_imp_m00_regslice_0_synth_1 base_axi_interconnect_0_imp_m01_regslice_0_synth_1 base_axi_interconnect_0_imp_m02_regslice_0_synth_1 base_axi_interconnect_0_imp_m03_regslice_0_synth_1 base_axi_interconnect_0_imp_m04_regslice_0_synth_1 base_axi_interconnect_0_imp_m05_regslice_0_synth_1 base_axi_interconnect_0_imp_m06_regslice_0_synth_1 base_axi_interconnect_0_imp_m07_regslice_0_synth_1 base_axi_interconnect_0_imp_m08_regslice_0_synth_1 base_axi_interconnect_0_imp_m09_regslice_0_synth_1 base_axi_interconnect_0_imp_s00_regslice_0_synth_1 base_axi_interconnect_0_upgraded_ipi_imp_xbar_0_synth_1 base_axi_interconnect_0_upgraded_ipi_imp_xbar_1_synth_1 base_axi_mem_intercon_imp_auto_pc_0_synth_1 base_axi_mem_intercon_imp_auto_pc_1_synth_1 base_axi_mem_intercon_imp_auto_us_0_synth_1 base_axi_mem_intercon_imp_auto_us_1_synth_1 base_axi_mem_intercon_upgraded_ipi_imp_xbar_0_synth_1 base_axi_mem_intercon_upgraded_ipi_imp_xbar_1_synth_1 base_axi_protocol_convert_0_0_synth_1 base_axi_vdma_0_synth_1 base_axis_data_fifo_0_0_synth_1 base_axis_data_fifo_0_1_synth_1 base_axis_register_slice_0_0_synth_1 base_axis_register_slice_0_1_synth_1 base_btns_gpio_0_synth_1 base_clk_wiz_10MHz_0_synth_1 base_dlmb_v10_0_synth_1 base_dlmb_v10_1_synth_1 base_dlmb_v10_2_synth_1 base_dlmb_v10_3_synth_1 base_gpio_0_synth_1 base_gpio_1_synth_1 base_hdmi_out_hpd_video_0_synth_1 base_iic_0_0_synth_1 base_iic_0_synth_1 base_iic_1_0_synth_1 base_iic_1_synth_1 base_iic_direct_0_synth_1 base_ilmb_v10_0_synth_1 base_ilmb_v10_1_synth_1 base_ilmb_v10_2_synth_1 base_ilmb_v10_3_synth_1 base_intc_0_synth_1 base_intc_1_synth_1 base_intc_2_synth_1 base_intc_3_synth_1 base_intr_0_synth_1 base_intr_1_synth_1 base_intr_2_synth_1 base_intr_3_synth_1 base_leds_gpio_0_synth_1 base_lmb_bram_0_synth_1 base_lmb_bram_1_synth_1 base_lmb_bram_2_synth_1 base_lmb_bram_3_synth_1 base_lmb_bram_if_cntlr_0_synth_1 base_lmb_bram_if_cntlr_1_synth_1 base_lmb_bram_if_cntlr_2_synth_1 base_lmb_bram_if_cntlr_3_synth_1 base_mb_0_synth_1 base_mb_1_synth_1 base_mb_2_synth_1 base_mb_3_synth_1 base_mb_bram_ctrl_0_synth_1 base_mb_bram_ctrl_1_synth_1 base_mb_bram_ctrl_2_synth_1 base_mb_bram_ctrl_3_synth_1 base_mdm_1_0_synth_1 base_microblaze_0_axi_periph_imp_m00_regslice_0_synth_1 base_microblaze_0_axi_periph_imp_m00_regslice_1_synth_1 base_microblaze_0_axi_periph_imp_m00_regslice_2_synth_1 base_microblaze_0_axi_periph_imp_m00_regslice_3_synth_1 base_microblaze_0_axi_periph_imp_m01_regslice_0_synth_1 base_microblaze_0_axi_periph_imp_m01_regslice_1_synth_1 base_microblaze_0_axi_periph_imp_m01_regslice_2_synth_1 base_microblaze_0_axi_periph_imp_m01_regslice_3_synth_1 base_microblaze_0_axi_periph_imp_m02_regslice_0_synth_1 base_microblaze_0_axi_periph_imp_m02_regslice_1_synth_1 base_microblaze_0_axi_periph_imp_m02_regslice_2_synth_1 base_microblaze_0_axi_periph_imp_m02_regslice_3_synth_1 base_microblaze_0_axi_periph_imp_m03_regslice_0_synth_1 base_microblaze_0_axi_periph_imp_m03_regslice_1_synth_1 base_microblaze_0_axi_periph_imp_m03_regslice_2_synth_1 base_microblaze_0_axi_periph_imp_m03_regslice_3_synth_1 base_microblaze_0_axi_periph_imp_m04_regslice_0_synth_1 base_microblaze_0_axi_periph_imp_m04_regslice_1_synth_1 base_microblaze_0_axi_periph_imp_m04_regslice_2_synth_1 base_microblaze_0_axi_periph_imp_m04_regslice_3_synth_1 base_microblaze_0_axi_periph_imp_m05_regslice_0_synth_1 base_microblaze_0_axi_periph_imp_m05_regslice_1_synth_1 base_microblaze_0_axi_periph_imp_m05_regslice_2_synth_1 base_microblaze_0_axi_periph_imp_m05_regslice_3_synth_1 base_microblaze_0_axi_periph_imp_m06_regslice_0_synth_1 base_microblaze_0_axi_periph_imp_m06_regslice_1_synth_1 base_microblaze_0_axi_periph_imp_m06_regslice_2_synth_1 base_microblaze_0_axi_periph_imp_m06_regslice_3_synth_1 base_microblaze_0_axi_periph_imp_m07_regslice_0_synth_1 base_microblaze_0_axi_periph_imp_m07_regslice_1_synth_1 base_microblaze_0_axi_periph_imp_m07_regslice_2_synth_1 base_microblaze_0_axi_periph_imp_m07_regslice_3_synth_1 base_microblaze_0_axi_periph_imp_m08_regslice_0_synth_1 base_microblaze_0_axi_periph_imp_m08_regslice_1_synth_1 base_microblaze_0_axi_periph_imp_m09_regslice_0_synth_1 base_microblaze_0_axi_periph_imp_m09_regslice_1_synth_1 base_microblaze_0_axi_periph_imp_m10_regslice_0_synth_1 base_microblaze_0_axi_periph_imp_m10_regslice_1_synth_1 base_microblaze_0_axi_periph_imp_m11_regslice_0_synth_1 base_microblaze_0_axi_periph_imp_m11_regslice_1_synth_1 base_microblaze_0_axi_periph_imp_m12_regslice_0_synth_1 base_microblaze_0_axi_periph_imp_m13_regslice_0_synth_1 base_microblaze_0_axi_periph_imp_m14_regslice_0_synth_1 base_microblaze_0_axi_periph_imp_m15_regslice_0_synth_1 base_microblaze_0_axi_periph_imp_s00_regslice_0_synth_1 base_microblaze_0_axi_periph_imp_s00_regslice_1_synth_1 base_microblaze_0_axi_periph_imp_s00_regslice_2_synth_1 base_microblaze_0_axi_periph_imp_s00_regslice_3_synth_1 base_microblaze_0_axi_periph_upgraded_ipi_imp_xbar_0_synth_1 base_microblaze_0_axi_periph_upgraded_ipi_imp_xbar_1_synth_1 base_microblaze_0_axi_periph_upgraded_ipi_imp_xbar_2_synth_1 base_microblaze_0_axi_periph_upgraded_ipi_imp_xbar_3_synth_1 base_proc_sys_reset_pixelclk_0_synth_1 base_ps7_0_0_synth_1 base_ps7_0_axi_periph1_imp_m00_regslice_0_synth_1 base_ps7_0_axi_periph1_imp_m01_regslice_0_synth_1 base_ps7_0_axi_periph1_imp_m02_regslice_0_synth_1 base_ps7_0_axi_periph1_imp_m03_regslice_0_synth_1 base_ps7_0_axi_periph1_imp_s00_regslice_0_synth_1 base_ps7_0_axi_periph1_upgraded_ipi_imp_xbar_0_synth_1 base_ps7_0_axi_periph_1_imp_auto_pc_0_synth_1 base_ps7_0_axi_periph_1_upgraded_ipi_imp_xbar_0_synth_1 base_ps7_0_axi_periph_imp_auto_pc_0_synth_1 base_ps7_0_axi_periph_imp_auto_pc_1_synth_1 base_ps7_0_axi_periph_imp_auto_pc_2_synth_1 base_ps7_0_axi_periph_imp_auto_pc_3_synth_1 base_ps7_0_axi_periph_imp_auto_pc_4_synth_1 base_ps7_0_axi_periph_imp_auto_pc_5_synth_1 base_ps7_0_axi_periph_imp_auto_pc_6_synth_1 base_ps7_0_axi_periph_imp_m00_regslice_0_synth_1 base_ps7_0_axi_periph_imp_m01_regslice_0_synth_1 base_ps7_0_axi_periph_imp_m02_regslice_0_synth_1 base_ps7_0_axi_periph_imp_m03_regslice_0_synth_1 base_ps7_0_axi_periph_imp_m04_regslice_0_synth_1 base_ps7_0_axi_periph_imp_m05_regslice_0_synth_1 base_ps7_0_axi_periph_imp_m06_regslice_0_synth_1 base_ps7_0_axi_periph_imp_m07_regslice_0_synth_1 base_ps7_0_axi_periph_imp_s00_regslice_0_synth_1 base_ps7_0_axi_periph_upgraded_ipi_imp_xbar_0_synth_1 base_rgbleds_gpio_0_synth_1 base_rpi_gpio_0_synth_1 base_rst_clk_wiz_1_100M_0_synth_1 base_rst_clk_wiz_1_100M_1_synth_1 base_rst_clk_wiz_1_100M_2_synth_1 base_rst_clk_wiz_1_100M_3_synth_1 base_rst_ps7_0_fclk0_0_synth_1 base_rst_ps7_0_fclk1_0_synth_1 base_rst_ps7_0_fclk3_0_synth_1 base_spi_0_0_synth_1 base_spi_0_synth_1 base_spi_1_0_synth_1 base_spi_1_synth_1 base_spi_direct_0_synth_1 base_spi_shared_0_synth_1 base_switches_gpio_0_synth_1 base_system_interrupts_0_synth_1 base_timer_0_0_synth_1 base_timer_0_1_synth_1 base_timer_1_0_synth_1 base_timer_1_1_synth_1 base_timer_2_0_synth_1 base_timer_3_0_synth_1 base_timer_4_0_synth_1 base_timer_5_0_synth_1 base_timer_6_synth_1 base_timer_7_synth_1 base_uartlite_0_synth_1 base_uartlite_1_synth_1 base_v_axi4s_vid_out_0_0_synth_1 base_v_vid_in_axi4s_0_0_synth_1 base_vtc_in_0_synth_1 base_vtc_out_0_synth_1 base_xadc_0_synth_1 -jobs 4
[Fri Nov 21 15:09:01 2025] Launched base_arduino_gpio_0_synth_1, base_axi_dma_0_0_synth_1, base_axi_dma_0_1_synth_1, base_axi_gpio_hdmiin_0_synth_1, base_axi_interconnect_0_imp_auto_cc_0_synth_1, base_axi_interconnect_0_imp_auto_cc_1_synth_1, base_axi_interconnect_0_imp_auto_cc_2_synth_1, base_axi_interconnect_0_imp_auto_cc_3_synth_1, base_axi_interconnect_0_imp_auto_pc_0_synth_1, base_axi_interconnect_0_imp_auto_pc_1_synth_1, base_axi_interconnect_0_imp_m00_regslice_0_synth_1, base_axi_interconnect_0_imp_m01_regslice_0_synth_1, base_axi_interconnect_0_imp_m02_regslice_0_synth_1, base_axi_interconnect_0_imp_m03_regslice_0_synth_1, base_axi_interconnect_0_imp_m04_regslice_0_synth_1, base_axi_interconnect_0_imp_m05_regslice_0_synth_1, base_axi_interconnect_0_imp_m06_regslice_0_synth_1, base_axi_interconnect_0_imp_m07_regslice_0_synth_1, base_axi_interconnect_0_imp_m08_regslice_0_synth_1, base_axi_interconnect_0_imp_m09_regslice_0_synth_1, base_axi_interconnect_0_imp_s00_regslice_0_synth_1, base_axi_interconnect_0_upgraded_ipi_imp_xbar_0_synth_1, base_axi_interconnect_0_upgraded_ipi_imp_xbar_1_synth_1, base_axi_mem_intercon_imp_auto_pc_0_synth_1, base_axi_mem_intercon_imp_auto_pc_1_synth_1, base_axi_mem_intercon_imp_auto_us_0_synth_1, base_axi_mem_intercon_imp_auto_us_1_synth_1, base_axi_mem_intercon_upgraded_ipi_imp_xbar_0_synth_1, base_axi_mem_intercon_upgraded_ipi_imp_xbar_1_synth_1, base_axi_protocol_convert_0_0_synth_1, base_axi_vdma_0_synth_1, base_axis_data_fifo_0_0_synth_1, base_axis_data_fifo_0_1_synth_1, base_axis_register_slice_0_0_synth_1, base_axis_register_slice_0_1_synth_1, base_btns_gpio_0_synth_1, base_clk_wiz_10MHz_0_synth_1, base_dlmb_v10_0_synth_1, base_dlmb_v10_1_synth_1, base_dlmb_v10_2_synth_1, base_dlmb_v10_3_synth_1, base_gpio_0_synth_1, base_gpio_1_synth_1, base_hdmi_out_hpd_video_0_synth_1, base_iic_0_0_synth_1, base_iic_0_synth_1, base_iic_1_0_synth_1, base_iic_1_synth_1, base_iic_direct_0_synth_1, base_ilmb_v10_0_synth_1, base_ilmb_v10_1_synth_1, base_ilmb_v10_2_synth_1, base_ilmb_v10_3_synth_1, base_intc_0_synth_1, base_intc_1_synth_1, base_intc_2_synth_1, base_intc_3_synth_1, base_intr_0_synth_1, base_intr_1_synth_1, base_intr_2_synth_1, base_intr_3_synth_1, base_leds_gpio_0_synth_1, base_lmb_bram_0_synth_1, base_lmb_bram_1_synth_1, base_lmb_bram_2_synth_1, base_lmb_bram_3_synth_1, base_lmb_bram_if_cntlr_0_synth_1, base_lmb_bram_if_cntlr_1_synth_1, base_lmb_bram_if_cntlr_2_synth_1, base_lmb_bram_if_cntlr_3_synth_1, base_mb_0_synth_1, base_mb_1_synth_1, base_mb_2_synth_1, base_mb_3_synth_1, base_mb_bram_ctrl_0_synth_1, base_mb_bram_ctrl_1_synth_1, base_mb_bram_ctrl_2_synth_1, base_mb_bram_ctrl_3_synth_1, base_mdm_1_0_synth_1, base_microblaze_0_axi_periph_imp_m00_regslice_0_synth_1, base_microblaze_0_axi_periph_imp_m00_regslice_1_synth_1, base_microblaze_0_axi_periph_imp_m00_regslice_2_synth_1, base_microblaze_0_axi_periph_imp_m00_regslice_3_synth_1, base_microblaze_0_axi_periph_imp_m01_regslice_0_synth_1, base_microblaze_0_axi_periph_imp_m01_regslice_1_synth_1, base_microblaze_0_axi_periph_imp_m01_regslice_2_synth_1, base_microblaze_0_axi_periph_imp_m01_regslice_3_synth_1, base_microblaze_0_axi_periph_imp_m02_regslice_0_synth_1, base_microblaze_0_axi_periph_imp_m02_regslice_1_synth_1, base_microblaze_0_axi_periph_imp_m02_regslice_2_synth_1, base_microblaze_0_axi_periph_imp_m02_regslice_3_synth_1, base_microblaze_0_axi_periph_imp_m03_regslice_0_synth_1, base_microblaze_0_axi_periph_imp_m03_regslice_1_synth_1, base_microblaze_0_axi_periph_imp_m03_regslice_2_synth_1, base_microblaze_0_axi_periph_imp_m03_regslice_3_synth_1, base_microblaze_0_axi_periph_imp_m04_regslice_0_synth_1, base_microblaze_0_axi_periph_imp_m04_regslice_1_synth_1, base_microblaze_0_axi_periph_imp_m04_regslice_2_synth_1, base_microblaze_0_axi_periph_imp_m04_regslice_3_synth_1, base_microblaze_0_axi_periph_imp_m05_regslice_0_synth_1, base_microblaze_0_axi_periph_imp_m05_regslice_1_synth_1, base_microblaze_0_axi_periph_imp_m05_regslice_2_synth_1, base_microblaze_0_axi_periph_imp_m05_regslice_3_synth_1, base_microblaze_0_axi_periph_imp_m06_regslice_0_synth_1, base_microblaze_0_axi_periph_imp_m06_regslice_1_synth_1, base_microblaze_0_axi_periph_imp_m06_regslice_2_synth_1, base_microblaze_0_axi_periph_imp_m06_regslice_3_synth_1, base_microblaze_0_axi_periph_imp_m07_regslice_0_synth_1, base_microblaze_0_axi_periph_imp_m07_regslice_1_synth_1, base_microblaze_0_axi_periph_imp_m07_regslice_2_synth_1, base_microblaze_0_axi_periph_imp_m07_regslice_3_synth_1, base_microblaze_0_axi_periph_imp_m08_regslice_0_synth_1, base_microblaze_0_axi_periph_imp_m08_regslice_1_synth_1, base_microblaze_0_axi_periph_imp_m09_regslice_0_synth_1, base_microblaze_0_axi_periph_imp_m09_regslice_1_synth_1, base_microblaze_0_axi_periph_imp_m10_regslice_0_synth_1, base_microblaze_0_axi_periph_imp_m10_regslice_1_synth_1, base_microblaze_0_axi_periph_imp_m11_regslice_0_synth_1, base_microblaze_0_axi_periph_imp_m11_regslice_1_synth_1, base_microblaze_0_axi_periph_imp_m12_regslice_0_synth_1, base_microblaze_0_axi_periph_imp_m13_regslice_0_synth_1, base_microblaze_0_axi_periph_imp_m14_regslice_0_synth_1, base_microblaze_0_axi_periph_imp_m15_regslice_0_synth_1, base_microblaze_0_axi_periph_imp_s00_regslice_0_synth_1, base_microblaze_0_axi_periph_imp_s00_regslice_1_synth_1, base_microblaze_0_axi_periph_imp_s00_regslice_2_synth_1, base_microblaze_0_axi_periph_imp_s00_regslice_3_synth_1, base_microblaze_0_axi_periph_upgraded_ipi_imp_xbar_0_synth_1, base_microblaze_0_axi_periph_upgraded_ipi_imp_xbar_1_synth_1, base_microblaze_0_axi_periph_upgraded_ipi_imp_xbar_2_synth_1, base_microblaze_0_axi_periph_upgraded_ipi_imp_xbar_3_synth_1, base_proc_sys_reset_pixelclk_0_synth_1, base_ps7_0_0_synth_1, base_ps7_0_axi_periph1_imp_m00_regslice_0_synth_1, base_ps7_0_axi_periph1_imp_m01_regslice_0_synth_1, base_ps7_0_axi_periph1_imp_m02_regslice_0_synth_1, base_ps7_0_axi_periph1_imp_m03_regslice_0_synth_1, base_ps7_0_axi_periph1_imp_s00_regslice_0_synth_1, base_ps7_0_axi_periph1_upgraded_ipi_imp_xbar_0_synth_1, base_ps7_0_axi_periph_1_imp_auto_pc_0_synth_1, base_ps7_0_axi_periph_1_upgraded_ipi_imp_xbar_0_synth_1, base_ps7_0_axi_periph_imp_auto_pc_0_synth_1, base_ps7_0_axi_periph_imp_auto_pc_1_synth_1, base_ps7_0_axi_periph_imp_auto_pc_2_synth_1, base_ps7_0_axi_periph_imp_auto_pc_3_synth_1, base_ps7_0_axi_periph_imp_auto_pc_4_synth_1, base_ps7_0_axi_periph_imp_auto_pc_5_synth_1, base_ps7_0_axi_periph_imp_auto_pc_6_synth_1, base_ps7_0_axi_periph_imp_m00_regslice_0_synth_1, base_ps7_0_axi_periph_imp_m01_regslice_0_synth_1, base_ps7_0_axi_periph_imp_m02_regslice_0_synth_1, base_ps7_0_axi_periph_imp_m03_regslice_0_synth_1, base_ps7_0_axi_periph_imp_m04_regslice_0_synth_1, base_ps7_0_axi_periph_imp_m05_regslice_0_synth_1, base_ps7_0_axi_periph_imp_m06_regslice_0_synth_1, base_ps7_0_axi_periph_imp_m07_regslice_0_synth_1, base_ps7_0_axi_periph_imp_s00_regslice_0_synth_1, base_ps7_0_axi_periph_upgraded_ipi_imp_xbar_0_synth_1, base_rgbleds_gpio_0_synth_1, base_rpi_gpio_0_synth_1, base_rst_clk_wiz_1_100M_0_synth_1, base_rst_clk_wiz_1_100M_1_synth_1, base_rst_clk_wiz_1_100M_2_synth_1, base_rst_clk_wiz_1_100M_3_synth_1, base_rst_ps7_0_fclk0_0_synth_1, base_rst_ps7_0_fclk1_0_synth_1, base_rst_ps7_0_fclk3_0_synth_1, base_spi_0_0_synth_1, base_spi_0_synth_1, base_spi_1_0_synth_1, base_spi_1_synth_1, base_spi_direct_0_synth_1, base_spi_shared_0_synth_1, base_switches_gpio_0_synth_1, base_system_interrupts_0_synth_1, base_timer_0_0_synth_1, base_timer_0_1_synth_1, base_timer_1_0_synth_1, base_timer_1_1_synth_1, base_timer_2_0_synth_1, base_timer_3_0_synth_1, base_timer_4_0_synth_1, base_timer_5_0_synth_1, base_timer_6_synth_1, base_timer_7_synth_1, base_uartlite_0_synth_1, base_uartlite_1_synth_1, base_v_axi4s_vid_out_0_0_synth_1, base_v_vid_in_axi4s_0_0_synth_1, base_vtc_in_0_synth_1, base_vtc_out_0_synth_1, base_xadc_0_synth_1...
Run output will be captured here:
base_arduino_gpio_0_synth_1: /home/linux/ieng6/students/298/jjhan/fa25-cse237c-projects/guitar_pedal/base/base.runs/base_arduino_gpio_0_synth_1/runme.log
base_axi_dma_0_0_synth_1: /home/linux/ieng6/students/298/jjhan/fa25-cse237c-projects/guitar_pedal/base/base.runs/base_axi_dma_0_0_synth_1/runme.log
base_axi_dma_0_1_synth_1: /home/linux/ieng6/students/298/jjhan/fa25-cse237c-projects/guitar_pedal/base/base.runs/base_axi_dma_0_1_synth_1/runme.log
base_axi_gpio_hdmiin_0_synth_1: /home/linux/ieng6/students/298/jjhan/fa25-cse237c-projects/guitar_pedal/base/base.runs/base_axi_gpio_hdmiin_0_synth_1/runme.log
base_axi_interconnect_0_imp_auto_cc_0_synth_1: /home/linux/ieng6/students/298/jjhan/fa25-cse237c-projects/guitar_pedal/base/base.runs/base_axi_interconnect_0_imp_auto_cc_0_synth_1/runme.log
base_axi_interconnect_0_imp_auto_cc_1_synth_1: /home/linux/ieng6/students/298/jjhan/fa25-cse237c-projects/guitar_pedal/base/base.runs/base_axi_interconnect_0_imp_auto_cc_1_synth_1/runme.log
base_axi_interconnect_0_imp_auto_cc_2_synth_1: /home/linux/ieng6/students/298/jjhan/fa25-cse237c-projects/guitar_pedal/base/base.runs/base_axi_interconnect_0_imp_auto_cc_2_synth_1/runme.log
base_axi_interconnect_0_imp_auto_cc_3_synth_1: /home/linux/ieng6/students/298/jjhan/fa25-cse237c-projects/guitar_pedal/base/base.runs/base_axi_interconnect_0_imp_auto_cc_3_synth_1/runme.log
base_axi_interconnect_0_imp_auto_pc_0_synth_1: /home/linux/ieng6/students/298/jjhan/fa25-cse237c-projects/guitar_pedal/base/base.runs/base_axi_interconnect_0_imp_auto_pc_0_synth_1/runme.log
base_axi_interconnect_0_imp_auto_pc_1_synth_1: /home/linux/ieng6/students/298/jjhan/fa25-cse237c-projects/guitar_pedal/base/base.runs/base_axi_interconnect_0_imp_auto_pc_1_synth_1/runme.log
base_axi_interconnect_0_imp_m00_regslice_0_synth_1: /home/linux/ieng6/students/298/jjhan/fa25-cse237c-projects/guitar_pedal/base/base.runs/base_axi_interconnect_0_imp_m00_regslice_0_synth_1/runme.log
base_axi_interconnect_0_imp_m01_regslice_0_synth_1: /home/linux/ieng6/students/298/jjhan/fa25-cse237c-projects/guitar_pedal/base/base.runs/base_axi_interconnect_0_imp_m01_regslice_0_synth_1/runme.log
base_axi_interconnect_0_imp_m02_regslice_0_synth_1: /home/linux/ieng6/students/298/jjhan/fa25-cse237c-projects/guitar_pedal/base/base.runs/base_axi_interconnect_0_imp_m02_regslice_0_synth_1/runme.log
base_axi_interconnect_0_imp_m03_regslice_0_synth_1: /home/linux/ieng6/students/298/jjhan/fa25-cse237c-projects/guitar_pedal/base/base.runs/base_axi_interconnect_0_imp_m03_regslice_0_synth_1/runme.log
base_axi_interconnect_0_imp_m04_regslice_0_synth_1: /home/linux/ieng6/students/298/jjhan/fa25-cse237c-projects/guitar_pedal/base/base.runs/base_axi_interconnect_0_imp_m04_regslice_0_synth_1/runme.log
base_axi_interconnect_0_imp_m05_regslice_0_synth_1: /home/linux/ieng6/students/298/jjhan/fa25-cse237c-projects/guitar_pedal/base/base.runs/base_axi_interconnect_0_imp_m05_regslice_0_synth_1/runme.log
base_axi_interconnect_0_imp_m06_regslice_0_synth_1: /home/linux/ieng6/students/298/jjhan/fa25-cse237c-projects/guitar_pedal/base/base.runs/base_axi_interconnect_0_imp_m06_regslice_0_synth_1/runme.log
base_axi_interconnect_0_imp_m07_regslice_0_synth_1: /home/linux/ieng6/students/298/jjhan/fa25-cse237c-projects/guitar_pedal/base/base.runs/base_axi_interconnect_0_imp_m07_regslice_0_synth_1/runme.log
base_axi_interconnect_0_imp_m08_regslice_0_synth_1: /home/linux/ieng6/students/298/jjhan/fa25-cse237c-projects/guitar_pedal/base/base.runs/base_axi_interconnect_0_imp_m08_regslice_0_synth_1/runme.log
base_axi_interconnect_0_imp_m09_regslice_0_synth_1: /home/linux/ieng6/students/298/jjhan/fa25-cse237c-projects/guitar_pedal/base/base.runs/base_axi_interconnect_0_imp_m09_regslice_0_synth_1/runme.log
base_axi_interconnect_0_imp_s00_regslice_0_synth_1: /home/linux/ieng6/students/298/jjhan/fa25-cse237c-projects/guitar_pedal/base/base.runs/base_axi_interconnect_0_imp_s00_regslice_0_synth_1/runme.log
base_axi_interconnect_0_upgraded_ipi_imp_xbar_0_synth_1: /home/linux/ieng6/students/298/jjhan/fa25-cse237c-projects/guitar_pedal/base/base.runs/base_axi_interconnect_0_upgraded_ipi_imp_xbar_0_synth_1/runme.log
base_axi_interconnect_0_upgraded_ipi_imp_xbar_1_synth_1: /home/linux/ieng6/students/298/jjhan/fa25-cse237c-projects/guitar_pedal/base/base.runs/base_axi_interconnect_0_upgraded_ipi_imp_xbar_1_synth_1/runme.log
base_axi_mem_intercon_imp_auto_pc_0_synth_1: /home/linux/ieng6/students/298/jjhan/fa25-cse237c-projects/guitar_pedal/base/base.runs/base_axi_mem_intercon_imp_auto_pc_0_synth_1/runme.log
base_axi_mem_intercon_imp_auto_pc_1_synth_1: /home/linux/ieng6/students/298/jjhan/fa25-cse237c-projects/guitar_pedal/base/base.runs/base_axi_mem_intercon_imp_auto_pc_1_synth_1/runme.log
base_axi_mem_intercon_imp_auto_us_0_synth_1: /home/linux/ieng6/students/298/jjhan/fa25-cse237c-projects/guitar_pedal/base/base.runs/base_axi_mem_intercon_imp_auto_us_0_synth_1/runme.log
base_axi_mem_intercon_imp_auto_us_1_synth_1: /home/linux/ieng6/students/298/jjhan/fa25-cse237c-projects/guitar_pedal/base/base.runs/base_axi_mem_intercon_imp_auto_us_1_synth_1/runme.log
base_axi_mem_intercon_upgraded_ipi_imp_xbar_0_synth_1: /home/linux/ieng6/students/298/jjhan/fa25-cse237c-projects/guitar_pedal/base/base.runs/base_axi_mem_intercon_upgraded_ipi_imp_xbar_0_synth_1/runme.log
base_axi_mem_intercon_upgraded_ipi_imp_xbar_1_synth_1: /home/linux/ieng6/students/298/jjhan/fa25-cse237c-projects/guitar_pedal/base/base.runs/base_axi_mem_intercon_upgraded_ipi_imp_xbar_1_synth_1/runme.log
base_axi_protocol_convert_0_0_synth_1: /home/linux/ieng6/students/298/jjhan/fa25-cse237c-projects/guitar_pedal/base/base.runs/base_axi_protocol_convert_0_0_synth_1/runme.log
base_axi_vdma_0_synth_1: /home/linux/ieng6/students/298/jjhan/fa25-cse237c-projects/guitar_pedal/base/base.runs/base_axi_vdma_0_synth_1/runme.log
base_axis_data_fifo_0_0_synth_1: /home/linux/ieng6/students/298/jjhan/fa25-cse237c-projects/guitar_pedal/base/base.runs/base_axis_data_fifo_0_0_synth_1/runme.log
base_axis_data_fifo_0_1_synth_1: /home/linux/ieng6/students/298/jjhan/fa25-cse237c-projects/guitar_pedal/base/base.runs/base_axis_data_fifo_0_1_synth_1/runme.log
base_axis_register_slice_0_0_synth_1: /home/linux/ieng6/students/298/jjhan/fa25-cse237c-projects/guitar_pedal/base/base.runs/base_axis_register_slice_0_0_synth_1/runme.log
base_axis_register_slice_0_1_synth_1: /home/linux/ieng6/students/298/jjhan/fa25-cse237c-projects/guitar_pedal/base/base.runs/base_axis_register_slice_0_1_synth_1/runme.log
base_btns_gpio_0_synth_1: /home/linux/ieng6/students/298/jjhan/fa25-cse237c-projects/guitar_pedal/base/base.runs/base_btns_gpio_0_synth_1/runme.log
base_clk_wiz_10MHz_0_synth_1: /home/linux/ieng6/students/298/jjhan/fa25-cse237c-projects/guitar_pedal/base/base.runs/base_clk_wiz_10MHz_0_synth_1/runme.log
base_dlmb_v10_0_synth_1: /home/linux/ieng6/students/298/jjhan/fa25-cse237c-projects/guitar_pedal/base/base.runs/base_dlmb_v10_0_synth_1/runme.log
base_dlmb_v10_1_synth_1: /home/linux/ieng6/students/298/jjhan/fa25-cse237c-projects/guitar_pedal/base/base.runs/base_dlmb_v10_1_synth_1/runme.log
base_dlmb_v10_2_synth_1: /home/linux/ieng6/students/298/jjhan/fa25-cse237c-projects/guitar_pedal/base/base.runs/base_dlmb_v10_2_synth_1/runme.log
base_dlmb_v10_3_synth_1: /home/linux/ieng6/students/298/jjhan/fa25-cse237c-projects/guitar_pedal/base/base.runs/base_dlmb_v10_3_synth_1/runme.log
base_gpio_0_synth_1: /home/linux/ieng6/students/298/jjhan/fa25-cse237c-projects/guitar_pedal/base/base.runs/base_gpio_0_synth_1/runme.log
base_gpio_1_synth_1: /home/linux/ieng6/students/298/jjhan/fa25-cse237c-projects/guitar_pedal/base/base.runs/base_gpio_1_synth_1/runme.log
base_hdmi_out_hpd_video_0_synth_1: /home/linux/ieng6/students/298/jjhan/fa25-cse237c-projects/guitar_pedal/base/base.runs/base_hdmi_out_hpd_video_0_synth_1/runme.log
base_iic_0_0_synth_1: /home/linux/ieng6/students/298/jjhan/fa25-cse237c-projects/guitar_pedal/base/base.runs/base_iic_0_0_synth_1/runme.log
base_iic_0_synth_1: /home/linux/ieng6/students/298/jjhan/fa25-cse237c-projects/guitar_pedal/base/base.runs/base_iic_0_synth_1/runme.log
base_iic_1_0_synth_1: /home/linux/ieng6/students/298/jjhan/fa25-cse237c-projects/guitar_pedal/base/base.runs/base_iic_1_0_synth_1/runme.log
base_iic_1_synth_1: /home/linux/ieng6/students/298/jjhan/fa25-cse237c-projects/guitar_pedal/base/base.runs/base_iic_1_synth_1/runme.log
base_iic_direct_0_synth_1: /home/linux/ieng6/students/298/jjhan/fa25-cse237c-projects/guitar_pedal/base/base.runs/base_iic_direct_0_synth_1/runme.log
base_ilmb_v10_0_synth_1: /home/linux/ieng6/students/298/jjhan/fa25-cse237c-projects/guitar_pedal/base/base.runs/base_ilmb_v10_0_synth_1/runme.log
base_ilmb_v10_1_synth_1: /home/linux/ieng6/students/298/jjhan/fa25-cse237c-projects/guitar_pedal/base/base.runs/base_ilmb_v10_1_synth_1/runme.log
base_ilmb_v10_2_synth_1: /home/linux/ieng6/students/298/jjhan/fa25-cse237c-projects/guitar_pedal/base/base.runs/base_ilmb_v10_2_synth_1/runme.log
base_ilmb_v10_3_synth_1: /home/linux/ieng6/students/298/jjhan/fa25-cse237c-projects/guitar_pedal/base/base.runs/base_ilmb_v10_3_synth_1/runme.log
base_intc_0_synth_1: /home/linux/ieng6/students/298/jjhan/fa25-cse237c-projects/guitar_pedal/base/base.runs/base_intc_0_synth_1/runme.log
base_intc_1_synth_1: /home/linux/ieng6/students/298/jjhan/fa25-cse237c-projects/guitar_pedal/base/base.runs/base_intc_1_synth_1/runme.log
base_intc_2_synth_1: /home/linux/ieng6/students/298/jjhan/fa25-cse237c-projects/guitar_pedal/base/base.runs/base_intc_2_synth_1/runme.log
base_intc_3_synth_1: /home/linux/ieng6/students/298/jjhan/fa25-cse237c-projects/guitar_pedal/base/base.runs/base_intc_3_synth_1/runme.log
base_intr_0_synth_1: /home/linux/ieng6/students/298/jjhan/fa25-cse237c-projects/guitar_pedal/base/base.runs/base_intr_0_synth_1/runme.log
base_intr_1_synth_1: /home/linux/ieng6/students/298/jjhan/fa25-cse237c-projects/guitar_pedal/base/base.runs/base_intr_1_synth_1/runme.log
base_intr_2_synth_1: /home/linux/ieng6/students/298/jjhan/fa25-cse237c-projects/guitar_pedal/base/base.runs/base_intr_2_synth_1/runme.log
base_intr_3_synth_1: /home/linux/ieng6/students/298/jjhan/fa25-cse237c-projects/guitar_pedal/base/base.runs/base_intr_3_synth_1/runme.log
base_leds_gpio_0_synth_1: /home/linux/ieng6/students/298/jjhan/fa25-cse237c-projects/guitar_pedal/base/base.runs/base_leds_gpio_0_synth_1/runme.log
base_lmb_bram_0_synth_1: /home/linux/ieng6/students/298/jjhan/fa25-cse237c-projects/guitar_pedal/base/base.runs/base_lmb_bram_0_synth_1/runme.log
base_lmb_bram_1_synth_1: /home/linux/ieng6/students/298/jjhan/fa25-cse237c-projects/guitar_pedal/base/base.runs/base_lmb_bram_1_synth_1/runme.log
base_lmb_bram_2_synth_1: /home/linux/ieng6/students/298/jjhan/fa25-cse237c-projects/guitar_pedal/base/base.runs/base_lmb_bram_2_synth_1/runme.log
base_lmb_bram_3_synth_1: /home/linux/ieng6/students/298/jjhan/fa25-cse237c-projects/guitar_pedal/base/base.runs/base_lmb_bram_3_synth_1/runme.log
base_lmb_bram_if_cntlr_0_synth_1: /home/linux/ieng6/students/298/jjhan/fa25-cse237c-projects/guitar_pedal/base/base.runs/base_lmb_bram_if_cntlr_0_synth_1/runme.log
base_lmb_bram_if_cntlr_1_synth_1: /home/linux/ieng6/students/298/jjhan/fa25-cse237c-projects/guitar_pedal/base/base.runs/base_lmb_bram_if_cntlr_1_synth_1/runme.log
base_lmb_bram_if_cntlr_2_synth_1: /home/linux/ieng6/students/298/jjhan/fa25-cse237c-projects/guitar_pedal/base/base.runs/base_lmb_bram_if_cntlr_2_synth_1/runme.log
base_lmb_bram_if_cntlr_3_synth_1: /home/linux/ieng6/students/298/jjhan/fa25-cse237c-projects/guitar_pedal/base/base.runs/base_lmb_bram_if_cntlr_3_synth_1/runme.log
base_mb_0_synth_1: /home/linux/ieng6/students/298/jjhan/fa25-cse237c-projects/guitar_pedal/base/base.runs/base_mb_0_synth_1/runme.log
base_mb_1_synth_1: /home/linux/ieng6/students/298/jjhan/fa25-cse237c-projects/guitar_pedal/base/base.runs/base_mb_1_synth_1/runme.log
base_mb_2_synth_1: /home/linux/ieng6/students/298/jjhan/fa25-cse237c-projects/guitar_pedal/base/base.runs/base_mb_2_synth_1/runme.log
base_mb_3_synth_1: /home/linux/ieng6/students/298/jjhan/fa25-cse237c-projects/guitar_pedal/base/base.runs/base_mb_3_synth_1/runme.log
base_mb_bram_ctrl_0_synth_1: /home/linux/ieng6/students/298/jjhan/fa25-cse237c-projects/guitar_pedal/base/base.runs/base_mb_bram_ctrl_0_synth_1/runme.log
base_mb_bram_ctrl_1_synth_1: /home/linux/ieng6/students/298/jjhan/fa25-cse237c-projects/guitar_pedal/base/base.runs/base_mb_bram_ctrl_1_synth_1/runme.log
base_mb_bram_ctrl_2_synth_1: /home/linux/ieng6/students/298/jjhan/fa25-cse237c-projects/guitar_pedal/base/base.runs/base_mb_bram_ctrl_2_synth_1/runme.log
base_mb_bram_ctrl_3_synth_1: /home/linux/ieng6/students/298/jjhan/fa25-cse237c-projects/guitar_pedal/base/base.runs/base_mb_bram_ctrl_3_synth_1/runme.log
base_mdm_1_0_synth_1: /home/linux/ieng6/students/298/jjhan/fa25-cse237c-projects/guitar_pedal/base/base.runs/base_mdm_1_0_synth_1/runme.log
base_microblaze_0_axi_periph_imp_m00_regslice_0_synth_1: /home/linux/ieng6/students/298/jjhan/fa25-cse237c-projects/guitar_pedal/base/base.runs/base_microblaze_0_axi_periph_imp_m00_regslice_0_synth_1/runme.log
base_microblaze_0_axi_periph_imp_m00_regslice_1_synth_1: /home/linux/ieng6/students/298/jjhan/fa25-cse237c-projects/guitar_pedal/base/base.runs/base_microblaze_0_axi_periph_imp_m00_regslice_1_synth_1/runme.log
base_microblaze_0_axi_periph_imp_m00_regslice_2_synth_1: /home/linux/ieng6/students/298/jjhan/fa25-cse237c-projects/guitar_pedal/base/base.runs/base_microblaze_0_axi_periph_imp_m00_regslice_2_synth_1/runme.log
base_microblaze_0_axi_periph_imp_m00_regslice_3_synth_1: /home/linux/ieng6/students/298/jjhan/fa25-cse237c-projects/guitar_pedal/base/base.runs/base_microblaze_0_axi_periph_imp_m00_regslice_3_synth_1/runme.log
base_microblaze_0_axi_periph_imp_m01_regslice_0_synth_1: /home/linux/ieng6/students/298/jjhan/fa25-cse237c-projects/guitar_pedal/base/base.runs/base_microblaze_0_axi_periph_imp_m01_regslice_0_synth_1/runme.log
base_microblaze_0_axi_periph_imp_m01_regslice_1_synth_1: /home/linux/ieng6/students/298/jjhan/fa25-cse237c-projects/guitar_pedal/base/base.runs/base_microblaze_0_axi_periph_imp_m01_regslice_1_synth_1/runme.log
base_microblaze_0_axi_periph_imp_m01_regslice_2_synth_1: /home/linux/ieng6/students/298/jjhan/fa25-cse237c-projects/guitar_pedal/base/base.runs/base_microblaze_0_axi_periph_imp_m01_regslice_2_synth_1/runme.log
base_microblaze_0_axi_periph_imp_m01_regslice_3_synth_1: /home/linux/ieng6/students/298/jjhan/fa25-cse237c-projects/guitar_pedal/base/base.runs/base_microblaze_0_axi_periph_imp_m01_regslice_3_synth_1/runme.log
base_microblaze_0_axi_periph_imp_m02_regslice_0_synth_1: /home/linux/ieng6/students/298/jjhan/fa25-cse237c-projects/guitar_pedal/base/base.runs/base_microblaze_0_axi_periph_imp_m02_regslice_0_synth_1/runme.log
base_microblaze_0_axi_periph_imp_m02_regslice_1_synth_1: /home/linux/ieng6/students/298/jjhan/fa25-cse237c-projects/guitar_pedal/base/base.runs/base_microblaze_0_axi_periph_imp_m02_regslice_1_synth_1/runme.log
base_microblaze_0_axi_periph_imp_m02_regslice_2_synth_1: /home/linux/ieng6/students/298/jjhan/fa25-cse237c-projects/guitar_pedal/base/base.runs/base_microblaze_0_axi_periph_imp_m02_regslice_2_synth_1/runme.log
base_microblaze_0_axi_periph_imp_m02_regslice_3_synth_1: /home/linux/ieng6/students/298/jjhan/fa25-cse237c-projects/guitar_pedal/base/base.runs/base_microblaze_0_axi_periph_imp_m02_regslice_3_synth_1/runme.log
base_microblaze_0_axi_periph_imp_m03_regslice_0_synth_1: /home/linux/ieng6/students/298/jjhan/fa25-cse237c-projects/guitar_pedal/base/base.runs/base_microblaze_0_axi_periph_imp_m03_regslice_0_synth_1/runme.log
base_microblaze_0_axi_periph_imp_m03_regslice_1_synth_1: /home/linux/ieng6/students/298/jjhan/fa25-cse237c-projects/guitar_pedal/base/base.runs/base_microblaze_0_axi_periph_imp_m03_regslice_1_synth_1/runme.log
base_microblaze_0_axi_periph_imp_m03_regslice_2_synth_1: /home/linux/ieng6/students/298/jjhan/fa25-cse237c-projects/guitar_pedal/base/base.runs/base_microblaze_0_axi_periph_imp_m03_regslice_2_synth_1/runme.log
base_microblaze_0_axi_periph_imp_m03_regslice_3_synth_1: /home/linux/ieng6/students/298/jjhan/fa25-cse237c-projects/guitar_pedal/base/base.runs/base_microblaze_0_axi_periph_imp_m03_regslice_3_synth_1/runme.log
base_microblaze_0_axi_periph_imp_m04_regslice_0_synth_1: /home/linux/ieng6/students/298/jjhan/fa25-cse237c-projects/guitar_pedal/base/base.runs/base_microblaze_0_axi_periph_imp_m04_regslice_0_synth_1/runme.log
base_microblaze_0_axi_periph_imp_m04_regslice_1_synth_1: /home/linux/ieng6/students/298/jjhan/fa25-cse237c-projects/guitar_pedal/base/base.runs/base_microblaze_0_axi_periph_imp_m04_regslice_1_synth_1/runme.log
base_microblaze_0_axi_periph_imp_m04_regslice_2_synth_1: /home/linux/ieng6/students/298/jjhan/fa25-cse237c-projects/guitar_pedal/base/base.runs/base_microblaze_0_axi_periph_imp_m04_regslice_2_synth_1/runme.log
base_microblaze_0_axi_periph_imp_m04_regslice_3_synth_1: /home/linux/ieng6/students/298/jjhan/fa25-cse237c-projects/guitar_pedal/base/base.runs/base_microblaze_0_axi_periph_imp_m04_regslice_3_synth_1/runme.log
base_microblaze_0_axi_periph_imp_m05_regslice_0_synth_1: /home/linux/ieng6/students/298/jjhan/fa25-cse237c-projects/guitar_pedal/base/base.runs/base_microblaze_0_axi_periph_imp_m05_regslice_0_synth_1/runme.log
base_microblaze_0_axi_periph_imp_m05_regslice_1_synth_1: /home/linux/ieng6/students/298/jjhan/fa25-cse237c-projects/guitar_pedal/base/base.runs/base_microblaze_0_axi_periph_imp_m05_regslice_1_synth_1/runme.log
base_microblaze_0_axi_periph_imp_m05_regslice_2_synth_1: /home/linux/ieng6/students/298/jjhan/fa25-cse237c-projects/guitar_pedal/base/base.runs/base_microblaze_0_axi_periph_imp_m05_regslice_2_synth_1/runme.log
base_microblaze_0_axi_periph_imp_m05_regslice_3_synth_1: /home/linux/ieng6/students/298/jjhan/fa25-cse237c-projects/guitar_pedal/base/base.runs/base_microblaze_0_axi_periph_imp_m05_regslice_3_synth_1/runme.log
base_microblaze_0_axi_periph_imp_m06_regslice_0_synth_1: /home/linux/ieng6/students/298/jjhan/fa25-cse237c-projects/guitar_pedal/base/base.runs/base_microblaze_0_axi_periph_imp_m06_regslice_0_synth_1/runme.log
base_microblaze_0_axi_periph_imp_m06_regslice_1_synth_1: /home/linux/ieng6/students/298/jjhan/fa25-cse237c-projects/guitar_pedal/base/base.runs/base_microblaze_0_axi_periph_imp_m06_regslice_1_synth_1/runme.log
base_microblaze_0_axi_periph_imp_m06_regslice_2_synth_1: /home/linux/ieng6/students/298/jjhan/fa25-cse237c-projects/guitar_pedal/base/base.runs/base_microblaze_0_axi_periph_imp_m06_regslice_2_synth_1/runme.log
base_microblaze_0_axi_periph_imp_m06_regslice_3_synth_1: /home/linux/ieng6/students/298/jjhan/fa25-cse237c-projects/guitar_pedal/base/base.runs/base_microblaze_0_axi_periph_imp_m06_regslice_3_synth_1/runme.log
base_microblaze_0_axi_periph_imp_m07_regslice_0_synth_1: /home/linux/ieng6/students/298/jjhan/fa25-cse237c-projects/guitar_pedal/base/base.runs/base_microblaze_0_axi_periph_imp_m07_regslice_0_synth_1/runme.log
base_microblaze_0_axi_periph_imp_m07_regslice_1_synth_1: /home/linux/ieng6/students/298/jjhan/fa25-cse237c-projects/guitar_pedal/base/base.runs/base_microblaze_0_axi_periph_imp_m07_regslice_1_synth_1/runme.log
base_microblaze_0_axi_periph_imp_m07_regslice_2_synth_1: /home/linux/ieng6/students/298/jjhan/fa25-cse237c-projects/guitar_pedal/base/base.runs/base_microblaze_0_axi_periph_imp_m07_regslice_2_synth_1/runme.log
base_microblaze_0_axi_periph_imp_m07_regslice_3_synth_1: /home/linux/ieng6/students/298/jjhan/fa25-cse237c-projects/guitar_pedal/base/base.runs/base_microblaze_0_axi_periph_imp_m07_regslice_3_synth_1/runme.log
base_microblaze_0_axi_periph_imp_m08_regslice_0_synth_1: /home/linux/ieng6/students/298/jjhan/fa25-cse237c-projects/guitar_pedal/base/base.runs/base_microblaze_0_axi_periph_imp_m08_regslice_0_synth_1/runme.log
base_microblaze_0_axi_periph_imp_m08_regslice_1_synth_1: /home/linux/ieng6/students/298/jjhan/fa25-cse237c-projects/guitar_pedal/base/base.runs/base_microblaze_0_axi_periph_imp_m08_regslice_1_synth_1/runme.log
base_microblaze_0_axi_periph_imp_m09_regslice_0_synth_1: /home/linux/ieng6/students/298/jjhan/fa25-cse237c-projects/guitar_pedal/base/base.runs/base_microblaze_0_axi_periph_imp_m09_regslice_0_synth_1/runme.log
base_microblaze_0_axi_periph_imp_m09_regslice_1_synth_1: /home/linux/ieng6/students/298/jjhan/fa25-cse237c-projects/guitar_pedal/base/base.runs/base_microblaze_0_axi_periph_imp_m09_regslice_1_synth_1/runme.log
base_microblaze_0_axi_periph_imp_m10_regslice_0_synth_1: /home/linux/ieng6/students/298/jjhan/fa25-cse237c-projects/guitar_pedal/base/base.runs/base_microblaze_0_axi_periph_imp_m10_regslice_0_synth_1/runme.log
base_microblaze_0_axi_periph_imp_m10_regslice_1_synth_1: /home/linux/ieng6/students/298/jjhan/fa25-cse237c-projects/guitar_pedal/base/base.runs/base_microblaze_0_axi_periph_imp_m10_regslice_1_synth_1/runme.log
base_microblaze_0_axi_periph_imp_m11_regslice_0_synth_1: /home/linux/ieng6/students/298/jjhan/fa25-cse237c-projects/guitar_pedal/base/base.runs/base_microblaze_0_axi_periph_imp_m11_regslice_0_synth_1/runme.log
base_microblaze_0_axi_periph_imp_m11_regslice_1_synth_1: /home/linux/ieng6/students/298/jjhan/fa25-cse237c-projects/guitar_pedal/base/base.runs/base_microblaze_0_axi_periph_imp_m11_regslice_1_synth_1/runme.log
base_microblaze_0_axi_periph_imp_m12_regslice_0_synth_1: /home/linux/ieng6/students/298/jjhan/fa25-cse237c-projects/guitar_pedal/base/base.runs/base_microblaze_0_axi_periph_imp_m12_regslice_0_synth_1/runme.log
base_microblaze_0_axi_periph_imp_m13_regslice_0_synth_1: /home/linux/ieng6/students/298/jjhan/fa25-cse237c-projects/guitar_pedal/base/base.runs/base_microblaze_0_axi_periph_imp_m13_regslice_0_synth_1/runme.log
base_microblaze_0_axi_periph_imp_m14_regslice_0_synth_1: /home/linux/ieng6/students/298/jjhan/fa25-cse237c-projects/guitar_pedal/base/base.runs/base_microblaze_0_axi_periph_imp_m14_regslice_0_synth_1/runme.log
base_microblaze_0_axi_periph_imp_m15_regslice_0_synth_1: /home/linux/ieng6/students/298/jjhan/fa25-cse237c-projects/guitar_pedal/base/base.runs/base_microblaze_0_axi_periph_imp_m15_regslice_0_synth_1/runme.log
base_microblaze_0_axi_periph_imp_s00_regslice_0_synth_1: /home/linux/ieng6/students/298/jjhan/fa25-cse237c-projects/guitar_pedal/base/base.runs/base_microblaze_0_axi_periph_imp_s00_regslice_0_synth_1/runme.log
base_microblaze_0_axi_periph_imp_s00_regslice_1_synth_1: /home/linux/ieng6/students/298/jjhan/fa25-cse237c-projects/guitar_pedal/base/base.runs/base_microblaze_0_axi_periph_imp_s00_regslice_1_synth_1/runme.log
base_microblaze_0_axi_periph_imp_s00_regslice_2_synth_1: /home/linux/ieng6/students/298/jjhan/fa25-cse237c-projects/guitar_pedal/base/base.runs/base_microblaze_0_axi_periph_imp_s00_regslice_2_synth_1/runme.log
base_microblaze_0_axi_periph_imp_s00_regslice_3_synth_1: /home/linux/ieng6/students/298/jjhan/fa25-cse237c-projects/guitar_pedal/base/base.runs/base_microblaze_0_axi_periph_imp_s00_regslice_3_synth_1/runme.log
base_microblaze_0_axi_periph_upgraded_ipi_imp_xbar_0_synth_1: /home/linux/ieng6/students/298/jjhan/fa25-cse237c-projects/guitar_pedal/base/base.runs/base_microblaze_0_axi_periph_upgraded_ipi_imp_xbar_0_synth_1/runme.log
base_microblaze_0_axi_periph_upgraded_ipi_imp_xbar_1_synth_1: /home/linux/ieng6/students/298/jjhan/fa25-cse237c-projects/guitar_pedal/base/base.runs/base_microblaze_0_axi_periph_upgraded_ipi_imp_xbar_1_synth_1/runme.log
base_microblaze_0_axi_periph_upgraded_ipi_imp_xbar_2_synth_1: /home/linux/ieng6/students/298/jjhan/fa25-cse237c-projects/guitar_pedal/base/base.runs/base_microblaze_0_axi_periph_upgraded_ipi_imp_xbar_2_synth_1/runme.log
base_microblaze_0_axi_periph_upgraded_ipi_imp_xbar_3_synth_1: /home/linux/ieng6/students/298/jjhan/fa25-cse237c-projects/guitar_pedal/base/base.runs/base_microblaze_0_axi_periph_upgraded_ipi_imp_xbar_3_synth_1/runme.log
base_proc_sys_reset_pixelclk_0_synth_1: /home/linux/ieng6/students/298/jjhan/fa25-cse237c-projects/guitar_pedal/base/base.runs/base_proc_sys_reset_pixelclk_0_synth_1/runme.log
base_ps7_0_0_synth_1: /home/linux/ieng6/students/298/jjhan/fa25-cse237c-projects/guitar_pedal/base/base.runs/base_ps7_0_0_synth_1/runme.log
base_ps7_0_axi_periph1_imp_m00_regslice_0_synth_1: /home/linux/ieng6/students/298/jjhan/fa25-cse237c-projects/guitar_pedal/base/base.runs/base_ps7_0_axi_periph1_imp_m00_regslice_0_synth_1/runme.log
base_ps7_0_axi_periph1_imp_m01_regslice_0_synth_1: /home/linux/ieng6/students/298/jjhan/fa25-cse237c-projects/guitar_pedal/base/base.runs/base_ps7_0_axi_periph1_imp_m01_regslice_0_synth_1/runme.log
base_ps7_0_axi_periph1_imp_m02_regslice_0_synth_1: /home/linux/ieng6/students/298/jjhan/fa25-cse237c-projects/guitar_pedal/base/base.runs/base_ps7_0_axi_periph1_imp_m02_regslice_0_synth_1/runme.log
base_ps7_0_axi_periph1_imp_m03_regslice_0_synth_1: /home/linux/ieng6/students/298/jjhan/fa25-cse237c-projects/guitar_pedal/base/base.runs/base_ps7_0_axi_periph1_imp_m03_regslice_0_synth_1/runme.log
base_ps7_0_axi_periph1_imp_s00_regslice_0_synth_1: /home/linux/ieng6/students/298/jjhan/fa25-cse237c-projects/guitar_pedal/base/base.runs/base_ps7_0_axi_periph1_imp_s00_regslice_0_synth_1/runme.log
base_ps7_0_axi_periph1_upgraded_ipi_imp_xbar_0_synth_1: /home/linux/ieng6/students/298/jjhan/fa25-cse237c-projects/guitar_pedal/base/base.runs/base_ps7_0_axi_periph1_upgraded_ipi_imp_xbar_0_synth_1/runme.log
base_ps7_0_axi_periph_1_imp_auto_pc_0_synth_1: /home/linux/ieng6/students/298/jjhan/fa25-cse237c-projects/guitar_pedal/base/base.runs/base_ps7_0_axi_periph_1_imp_auto_pc_0_synth_1/runme.log
base_ps7_0_axi_periph_1_upgraded_ipi_imp_xbar_0_synth_1: /home/linux/ieng6/students/298/jjhan/fa25-cse237c-projects/guitar_pedal/base/base.runs/base_ps7_0_axi_periph_1_upgraded_ipi_imp_xbar_0_synth_1/runme.log
base_ps7_0_axi_periph_imp_auto_pc_0_synth_1: /home/linux/ieng6/students/298/jjhan/fa25-cse237c-projects/guitar_pedal/base/base.runs/base_ps7_0_axi_periph_imp_auto_pc_0_synth_1/runme.log
base_ps7_0_axi_periph_imp_auto_pc_1_synth_1: /home/linux/ieng6/students/298/jjhan/fa25-cse237c-projects/guitar_pedal/base/base.runs/base_ps7_0_axi_periph_imp_auto_pc_1_synth_1/runme.log
base_ps7_0_axi_periph_imp_auto_pc_2_synth_1: /home/linux/ieng6/students/298/jjhan/fa25-cse237c-projects/guitar_pedal/base/base.runs/base_ps7_0_axi_periph_imp_auto_pc_2_synth_1/runme.log
base_ps7_0_axi_periph_imp_auto_pc_3_synth_1: /home/linux/ieng6/students/298/jjhan/fa25-cse237c-projects/guitar_pedal/base/base.runs/base_ps7_0_axi_periph_imp_auto_pc_3_synth_1/runme.log
base_ps7_0_axi_periph_imp_auto_pc_4_synth_1: /home/linux/ieng6/students/298/jjhan/fa25-cse237c-projects/guitar_pedal/base/base.runs/base_ps7_0_axi_periph_imp_auto_pc_4_synth_1/runme.log
base_ps7_0_axi_periph_imp_auto_pc_5_synth_1: /home/linux/ieng6/students/298/jjhan/fa25-cse237c-projects/guitar_pedal/base/base.runs/base_ps7_0_axi_periph_imp_auto_pc_5_synth_1/runme.log
base_ps7_0_axi_periph_imp_auto_pc_6_synth_1: /home/linux/ieng6/students/298/jjhan/fa25-cse237c-projects/guitar_pedal/base/base.runs/base_ps7_0_axi_periph_imp_auto_pc_6_synth_1/runme.log
base_ps7_0_axi_periph_imp_m00_regslice_0_synth_1: /home/linux/ieng6/students/298/jjhan/fa25-cse237c-projects/guitar_pedal/base/base.runs/base_ps7_0_axi_periph_imp_m00_regslice_0_synth_1/runme.log
base_ps7_0_axi_periph_imp_m01_regslice_0_synth_1: /home/linux/ieng6/students/298/jjhan/fa25-cse237c-projects/guitar_pedal/base/base.runs/base_ps7_0_axi_periph_imp_m01_regslice_0_synth_1/runme.log
base_ps7_0_axi_periph_imp_m02_regslice_0_synth_1: /home/linux/ieng6/students/298/jjhan/fa25-cse237c-projects/guitar_pedal/base/base.runs/base_ps7_0_axi_periph_imp_m02_regslice_0_synth_1/runme.log
base_ps7_0_axi_periph_imp_m03_regslice_0_synth_1: /home/linux/ieng6/students/298/jjhan/fa25-cse237c-projects/guitar_pedal/base/base.runs/base_ps7_0_axi_periph_imp_m03_regslice_0_synth_1/runme.log
base_ps7_0_axi_periph_imp_m04_regslice_0_synth_1: /home/linux/ieng6/students/298/jjhan/fa25-cse237c-projects/guitar_pedal/base/base.runs/base_ps7_0_axi_periph_imp_m04_regslice_0_synth_1/runme.log
base_ps7_0_axi_periph_imp_m05_regslice_0_synth_1: /home/linux/ieng6/students/298/jjhan/fa25-cse237c-projects/guitar_pedal/base/base.runs/base_ps7_0_axi_periph_imp_m05_regslice_0_synth_1/runme.log
base_ps7_0_axi_periph_imp_m06_regslice_0_synth_1: /home/linux/ieng6/students/298/jjhan/fa25-cse237c-projects/guitar_pedal/base/base.runs/base_ps7_0_axi_periph_imp_m06_regslice_0_synth_1/runme.log
base_ps7_0_axi_periph_imp_m07_regslice_0_synth_1: /home/linux/ieng6/students/298/jjhan/fa25-cse237c-projects/guitar_pedal/base/base.runs/base_ps7_0_axi_periph_imp_m07_regslice_0_synth_1/runme.log
base_ps7_0_axi_periph_imp_s00_regslice_0_synth_1: /home/linux/ieng6/students/298/jjhan/fa25-cse237c-projects/guitar_pedal/base/base.runs/base_ps7_0_axi_periph_imp_s00_regslice_0_synth_1/runme.log
base_ps7_0_axi_periph_upgraded_ipi_imp_xbar_0_synth_1: /home/linux/ieng6/students/298/jjhan/fa25-cse237c-projects/guitar_pedal/base/base.runs/base_ps7_0_axi_periph_upgraded_ipi_imp_xbar_0_synth_1/runme.log
base_rgbleds_gpio_0_synth_1: /home/linux/ieng6/students/298/jjhan/fa25-cse237c-projects/guitar_pedal/base/base.runs/base_rgbleds_gpio_0_synth_1/runme.log
base_rpi_gpio_0_synth_1: /home/linux/ieng6/students/298/jjhan/fa25-cse237c-projects/guitar_pedal/base/base.runs/base_rpi_gpio_0_synth_1/runme.log
base_rst_clk_wiz_1_100M_0_synth_1: /home/linux/ieng6/students/298/jjhan/fa25-cse237c-projects/guitar_pedal/base/base.runs/base_rst_clk_wiz_1_100M_0_synth_1/runme.log
base_rst_clk_wiz_1_100M_1_synth_1: /home/linux/ieng6/students/298/jjhan/fa25-cse237c-projects/guitar_pedal/base/base.runs/base_rst_clk_wiz_1_100M_1_synth_1/runme.log
base_rst_clk_wiz_1_100M_2_synth_1: /home/linux/ieng6/students/298/jjhan/fa25-cse237c-projects/guitar_pedal/base/base.runs/base_rst_clk_wiz_1_100M_2_synth_1/runme.log
base_rst_clk_wiz_1_100M_3_synth_1: /home/linux/ieng6/students/298/jjhan/fa25-cse237c-projects/guitar_pedal/base/base.runs/base_rst_clk_wiz_1_100M_3_synth_1/runme.log
base_rst_ps7_0_fclk0_0_synth_1: /home/linux/ieng6/students/298/jjhan/fa25-cse237c-projects/guitar_pedal/base/base.runs/base_rst_ps7_0_fclk0_0_synth_1/runme.log
base_rst_ps7_0_fclk1_0_synth_1: /home/linux/ieng6/students/298/jjhan/fa25-cse237c-projects/guitar_pedal/base/base.runs/base_rst_ps7_0_fclk1_0_synth_1/runme.log
base_rst_ps7_0_fclk3_0_synth_1: /home/linux/ieng6/students/298/jjhan/fa25-cse237c-projects/guitar_pedal/base/base.runs/base_rst_ps7_0_fclk3_0_synth_1/runme.log
base_spi_0_0_synth_1: /home/linux/ieng6/students/298/jjhan/fa25-cse237c-projects/guitar_pedal/base/base.runs/base_spi_0_0_synth_1/runme.log
base_spi_0_synth_1: /home/linux/ieng6/students/298/jjhan/fa25-cse237c-projects/guitar_pedal/base/base.runs/base_spi_0_synth_1/runme.log
base_spi_1_0_synth_1: /home/linux/ieng6/students/298/jjhan/fa25-cse237c-projects/guitar_pedal/base/base.runs/base_spi_1_0_synth_1/runme.log
base_spi_1_synth_1: /home/linux/ieng6/students/298/jjhan/fa25-cse237c-projects/guitar_pedal/base/base.runs/base_spi_1_synth_1/runme.log
base_spi_direct_0_synth_1: /home/linux/ieng6/students/298/jjhan/fa25-cse237c-projects/guitar_pedal/base/base.runs/base_spi_direct_0_synth_1/runme.log
base_spi_shared_0_synth_1: /home/linux/ieng6/students/298/jjhan/fa25-cse237c-projects/guitar_pedal/base/base.runs/base_spi_shared_0_synth_1/runme.log
base_switches_gpio_0_synth_1: /home/linux/ieng6/students/298/jjhan/fa25-cse237c-projects/guitar_pedal/base/base.runs/base_switches_gpio_0_synth_1/runme.log
base_system_interrupts_0_synth_1: /home/linux/ieng6/students/298/jjhan/fa25-cse237c-projects/guitar_pedal/base/base.runs/base_system_interrupts_0_synth_1/runme.log
base_timer_0_0_synth_1: /home/linux/ieng6/students/298/jjhan/fa25-cse237c-projects/guitar_pedal/base/base.runs/base_timer_0_0_synth_1/runme.log
base_timer_0_1_synth_1: /home/linux/ieng6/students/298/jjhan/fa25-cse237c-projects/guitar_pedal/base/base.runs/base_timer_0_1_synth_1/runme.log
base_timer_1_0_synth_1: /home/linux/ieng6/students/298/jjhan/fa25-cse237c-projects/guitar_pedal/base/base.runs/base_timer_1_0_synth_1/runme.log
base_timer_1_1_synth_1: /home/linux/ieng6/students/298/jjhan/fa25-cse237c-projects/guitar_pedal/base/base.runs/base_timer_1_1_synth_1/runme.log
base_timer_2_0_synth_1: /home/linux/ieng6/students/298/jjhan/fa25-cse237c-projects/guitar_pedal/base/base.runs/base_timer_2_0_synth_1/runme.log
base_timer_3_0_synth_1: /home/linux/ieng6/students/298/jjhan/fa25-cse237c-projects/guitar_pedal/base/base.runs/base_timer_3_0_synth_1/runme.log
base_timer_4_0_synth_1: /home/linux/ieng6/students/298/jjhan/fa25-cse237c-projects/guitar_pedal/base/base.runs/base_timer_4_0_synth_1/runme.log
base_timer_5_0_synth_1: /home/linux/ieng6/students/298/jjhan/fa25-cse237c-projects/guitar_pedal/base/base.runs/base_timer_5_0_synth_1/runme.log
base_timer_6_synth_1: /home/linux/ieng6/students/298/jjhan/fa25-cse237c-projects/guitar_pedal/base/base.runs/base_timer_6_synth_1/runme.log
base_timer_7_synth_1: /home/linux/ieng6/students/298/jjhan/fa25-cse237c-projects/guitar_pedal/base/base.runs/base_timer_7_synth_1/runme.log
base_uartlite_0_synth_1: /home/linux/ieng6/students/298/jjhan/fa25-cse237c-projects/guitar_pedal/base/base.runs/base_uartlite_0_synth_1/runme.log
base_uartlite_1_synth_1: /home/linux/ieng6/students/298/jjhan/fa25-cse237c-projects/guitar_pedal/base/base.runs/base_uartlite_1_synth_1/runme.log
base_v_axi4s_vid_out_0_0_synth_1: /home/linux/ieng6/students/298/jjhan/fa25-cse237c-projects/guitar_pedal/base/base.runs/base_v_axi4s_vid_out_0_0_synth_1/runme.log
base_v_vid_in_axi4s_0_0_synth_1: /home/linux/ieng6/students/298/jjhan/fa25-cse237c-projects/guitar_pedal/base/base.runs/base_v_vid_in_axi4s_0_0_synth_1/runme.log
base_vtc_in_0_synth_1: /home/linux/ieng6/students/298/jjhan/fa25-cse237c-projects/guitar_pedal/base/base.runs/base_vtc_in_0_synth_1/runme.log
base_vtc_out_0_synth_1: /home/linux/ieng6/students/298/jjhan/fa25-cse237c-projects/guitar_pedal/base/base.runs/base_vtc_out_0_synth_1/runme.log
base_xadc_0_synth_1: /home/linux/ieng6/students/298/jjhan/fa25-cse237c-projects/guitar_pedal/base/base.runs/base_xadc_0_synth_1/runme.log
launch_runs: Time (s): cpu = 00:02:19 ; elapsed = 00:03:35 . Memory (MB): peak = 19082.984 ; gain = 3023.469 ; free physical = 3240 ; free virtual = 9311
export_simulation -lib_map_path [list {modelsim=/home/linux/ieng6/students/298/jjhan/fa25-cse237c-projects/guitar_pedal/base/base.cache/compile_simlib/modelsim} {questa=/home/linux/ieng6/students/298/jjhan/fa25-cse237c-projects/guitar_pedal/base/base.cache/compile_simlib/questa} {xcelium=/home/linux/ieng6/students/298/jjhan/fa25-cse237c-projects/guitar_pedal/base/base.cache/compile_simlib/xcelium} {vcs=/home/linux/ieng6/students/298/jjhan/fa25-cse237c-projects/guitar_pedal/base/base.cache/compile_simlib/vcs} {riviera=/home/linux/ieng6/students/298/jjhan/fa25-cse237c-projects/guitar_pedal/base/base.cache/compile_simlib/riviera}] -of_objects [get_files /home/linux/ieng6/students/298/jjhan/fa25-cse237c-projects/guitar_pedal/base/base.srcs/sources_1/bd/base/base.bd] -directory /home/linux/ieng6/students/298/jjhan/fa25-cse237c-projects/guitar_pedal/base/base.ip_user_files/sim_scripts -ip_user_files_dir /home/linux/ieng6/students/298/jjhan/fa25-cse237c-projects/guitar_pedal/base/base.ip_user_files -ipstatic_source_dir /home/linux/ieng6/students/298/jjhan/fa25-cse237c-projects/guitar_pedal/base/base.ip_user_files/ipstatic -use_ip_compiled_libs -force -quiet
reset_run synth_1
INFO: [Project 1-1160] Copying file /home/linux/ieng6/students/298/jjhan/fa25-cse237c-projects/guitar_pedal/base/base.runs/synth_1/base_wrapper.dcp to /home/linux/ieng6/students/298/jjhan/fa25-cse237c-projects/guitar_pedal/base/base.srcs/utils_1/imports/synth_1 and adding it to utils fileset
WARNING: [Vivado 12-1017] Problems encountered:
1. Failed to delete one or more files in run directory /home/linux/ieng6/students/298/jjhan/fa25-cse237c-projects/guitar_pedal/base/base.runs/synth_1

launch_runs impl_1 -to_step write_bitstream -jobs 4
INFO: [IP_Flow 19-6930] IPCACHE: runCacheChecks() number of threads = 8
INFO: [IP_Flow 19-6921] IPCACHE: Adding cache check func to thread queue for IP base_axi_interconnect_0_imp_auto_cc_2
INFO: [IP_Flow 19-6921] IPCACHE: Adding cache check func to thread queue for IP base_axi_interconnect_0_imp_auto_pc_0
INFO: [IP_Flow 19-6921] IPCACHE: Adding cache check func to thread queue for IP base_axi_interconnect_0_imp_auto_pc_1
INFO: [IP_Flow 19-6921] IPCACHE: Adding cache check func to thread queue for IP base_axi_interconnect_0_imp_m00_regslice_0
INFO: [IP_Flow 19-6921] IPCACHE: Adding cache check func to thread queue for IP base_axi_interconnect_0_imp_m01_regslice_0
INFO: [IP_Flow 19-6921] IPCACHE: Adding cache check func to thread queue for IP base_axi_interconnect_0_imp_m02_regslice_0
INFO: [IP_Flow 19-6921] IPCACHE: Adding cache check func to thread queue for IP base_axi_interconnect_0_imp_m03_regslice_0
INFO: [IP_Flow 19-6921] IPCACHE: Adding cache check func to thread queue for IP base_axi_interconnect_0_imp_m04_regslice_0
INFO: [IP_Flow 19-6921] IPCACHE: Adding cache check func to thread queue for IP base_axi_interconnect_0_imp_m05_regslice_0
INFO: [IP_Flow 19-6921] IPCACHE: Adding cache check func to thread queue for IP base_axi_interconnect_0_imp_m06_regslice_0
INFO: [IP_Flow 19-6921] IPCACHE: Adding cache check func to thread queue for IP base_axi_interconnect_0_imp_m07_regslice_0
INFO: [IP_Flow 19-6921] IPCACHE: Adding cache check func to thread queue for IP base_axi_interconnect_0_imp_m08_regslice_0
INFO: [IP_Flow 19-6921] IPCACHE: Adding cache check func to thread queue for IP base_axi_interconnect_0_imp_m09_regslice_0
INFO: [IP_Flow 19-6921] IPCACHE: Adding cache check func to thread queue for IP base_axi_interconnect_0_imp_s00_regslice_0
INFO: [IP_Flow 19-6921] IPCACHE: Adding cache check func to thread queue for IP base_axi_interconnect_0_upgraded_ipi_imp_xbar_0
INFO: [IP_Flow 19-6921] IPCACHE: Adding cache check func to thread queue for IP base_axi_interconnect_0_upgraded_ipi_imp_xbar_1
INFO: [IP_Flow 19-6921] IPCACHE: Adding cache check func to thread queue for IP base_axi_mem_intercon_imp_auto_pc_0
INFO: [IP_Flow 19-6921] IPCACHE: Adding cache check func to thread queue for IP base_axi_mem_intercon_imp_auto_pc_1
INFO: [IP_Flow 19-6921] IPCACHE: Adding cache check func to thread queue for IP base_axi_mem_intercon_imp_auto_us_0
INFO: [IP_Flow 19-6921] IPCACHE: Adding cache check func to thread queue for IP base_axi_mem_intercon_imp_auto_us_1
INFO: [IP_Flow 19-6921] IPCACHE: Adding cache check func to thread queue for IP base_axi_mem_intercon_upgraded_ipi_imp_xbar_0
INFO: [IP_Flow 19-6921] IPCACHE: Adding cache check func to thread queue for IP base_axi_mem_intercon_upgraded_ipi_imp_xbar_1
INFO: [IP_Flow 19-6921] IPCACHE: Adding cache check func to thread queue for IP base_axi_protocol_convert_0_0
INFO: [IP_Flow 19-6921] IPCACHE: Adding cache check func to thread queue for IP base_axi_vdma_0
INFO: [IP_Flow 19-6921] IPCACHE: Adding cache check func to thread queue for IP base_axis_data_fifo_0_0
INFO: [IP_Flow 19-6921] IPCACHE: Adding cache check func to thread queue for IP base_axis_data_fifo_0_1
INFO: [IP_Flow 19-6921] IPCACHE: Adding cache check func to thread queue for IP base_axis_register_slice_0_0
INFO: [IP_Flow 19-6921] IPCACHE: Adding cache check func to thread queue for IP base_axis_register_slice_0_1
INFO: [IP_Flow 19-6921] IPCACHE: Adding cache check func to thread queue for IP base_btns_gpio_0
INFO: [IP_Flow 19-6921] IPCACHE: Adding cache check func to thread queue for IP base_clk_wiz_10MHz_0
INFO: [IP_Flow 19-6921] IPCACHE: Adding cache check func to thread queue for IP base_dlmb_v10_0
INFO: [IP_Flow 19-6921] IPCACHE: Adding cache check func to thread queue for IP base_dlmb_v10_1
INFO: [IP_Flow 19-6921] IPCACHE: Adding cache check func to thread queue for IP base_dlmb_v10_2
INFO: [IP_Flow 19-6921] IPCACHE: Adding cache check func to thread queue for IP base_dlmb_v10_3
INFO: [IP_Flow 19-6921] IPCACHE: Adding cache check func to thread queue for IP base_gpio_0
INFO: [IP_Flow 19-6921] IPCACHE: Adding cache check func to thread queue for IP base_gpio_1
INFO: [IP_Flow 19-6921] IPCACHE: Adding cache check func to thread queue for IP base_hdmi_out_hpd_video_0
INFO: [IP_Flow 19-6921] IPCACHE: Adding cache check func to thread queue for IP base_iic_0
INFO: [IP_Flow 19-6921] IPCACHE: Adding cache check func to thread queue for IP base_iic_0_0
INFO: [IP_Flow 19-6921] IPCACHE: Adding cache check func to thread queue for IP base_iic_1
INFO: [IP_Flow 19-6921] IPCACHE: Adding cache check func to thread queue for IP base_iic_1_0
INFO: [IP_Flow 19-6921] IPCACHE: Adding cache check func to thread queue for IP base_iic_direct_0
INFO: [IP_Flow 19-6921] IPCACHE: Adding cache check func to thread queue for IP base_ilmb_v10_0
INFO: [IP_Flow 19-6921] IPCACHE: Adding cache check func to thread queue for IP base_ilmb_v10_1
INFO: [IP_Flow 19-6921] IPCACHE: Adding cache check func to thread queue for IP base_ilmb_v10_2
INFO: [IP_Flow 19-6921] IPCACHE: Adding cache check func to thread queue for IP base_ilmb_v10_3
INFO: [IP_Flow 19-6921] IPCACHE: Adding cache check func to thread queue for IP base_intc_0
INFO: [IP_Flow 19-6921] IPCACHE: Adding cache check func to thread queue for IP base_intc_1
INFO: [IP_Flow 19-6921] IPCACHE: Adding cache check func to thread queue for IP base_intc_2
INFO: [IP_Flow 19-6921] IPCACHE: Adding cache check func to thread queue for IP base_intc_3
INFO: [IP_Flow 19-6921] IPCACHE: Adding cache check func to thread queue for IP base_intr_0
INFO: [IP_Flow 19-6921] IPCACHE: Adding cache check func to thread queue for IP base_intr_1
INFO: [IP_Flow 19-6921] IPCACHE: Adding cache check func to thread queue for IP base_intr_2
INFO: [IP_Flow 19-6921] IPCACHE: Adding cache check func to thread queue for IP base_intr_3
INFO: [IP_Flow 19-6921] IPCACHE: Adding cache check func to thread queue for IP base_leds_gpio_0
INFO: [IP_Flow 19-6921] IPCACHE: Adding cache check func to thread queue for IP base_lmb_bram_0
INFO: [IP_Flow 19-6921] IPCACHE: Adding cache check func to thread queue for IP base_lmb_bram_1
INFO: [IP_Flow 19-6921] IPCACHE: Adding cache check func to thread queue for IP base_lmb_bram_2
INFO: [IP_Flow 19-6921] IPCACHE: Adding cache check func to thread queue for IP base_lmb_bram_3
INFO: [IP_Flow 19-6921] IPCACHE: Adding cache check func to thread queue for IP base_lmb_bram_if_cntlr_0
INFO: [IP_Flow 19-6921] IPCACHE: Adding cache check func to thread queue for IP base_lmb_bram_if_cntlr_1
INFO: [IP_Flow 19-6921] IPCACHE: Adding cache check func to thread queue for IP base_lmb_bram_if_cntlr_2
INFO: [IP_Flow 19-6921] IPCACHE: Adding cache check func to thread queue for IP base_lmb_bram_if_cntlr_3
INFO: [IP_Flow 19-6921] IPCACHE: Adding cache check func to thread queue for IP base_mb_0
INFO: [IP_Flow 19-6921] IPCACHE: Adding cache check func to thread queue for IP base_mb_1
INFO: [IP_Flow 19-6921] IPCACHE: Adding cache check func to thread queue for IP base_mb_2
INFO: [IP_Flow 19-6921] IPCACHE: Adding cache check func to thread queue for IP base_mb_3
INFO: [IP_Flow 19-6921] IPCACHE: Adding cache check func to thread queue for IP base_mb_bram_ctrl_0
INFO: [IP_Flow 19-6921] IPCACHE: Adding cache check func to thread queue for IP base_mb_bram_ctrl_1
INFO: [IP_Flow 19-6921] IPCACHE: Adding cache check func to thread queue for IP base_mb_bram_ctrl_2
INFO: [IP_Flow 19-6921] IPCACHE: Adding cache check func to thread queue for IP base_mb_bram_ctrl_3
INFO: [IP_Flow 19-6921] IPCACHE: Adding cache check func to thread queue for IP base_mdm_1_0
INFO: [IP_Flow 19-6921] IPCACHE: Adding cache check func to thread queue for IP base_microblaze_0_axi_periph_imp_m00_regslice_0
INFO: [IP_Flow 19-6921] IPCACHE: Adding cache check func to thread queue for IP base_microblaze_0_axi_periph_imp_m00_regslice_1
INFO: [IP_Flow 19-6921] IPCACHE: Adding cache check func to thread queue for IP base_microblaze_0_axi_periph_imp_m00_regslice_2
INFO: [IP_Flow 19-6921] IPCACHE: Adding cache check func to thread queue for IP base_microblaze_0_axi_periph_imp_m00_regslice_3
INFO: [IP_Flow 19-6921] IPCACHE: Adding cache check func to thread queue for IP base_microblaze_0_axi_periph_imp_m01_regslice_0
INFO: [IP_Flow 19-6921] IPCACHE: Adding cache check func to thread queue for IP base_microblaze_0_axi_periph_imp_m01_regslice_1
INFO: [IP_Flow 19-6921] IPCACHE: Adding cache check func to thread queue for IP base_microblaze_0_axi_periph_imp_m01_regslice_2
INFO: [IP_Flow 19-6921] IPCACHE: Adding cache check func to thread queue for IP base_microblaze_0_axi_periph_imp_m01_regslice_3
INFO: [IP_Flow 19-6921] IPCACHE: Adding cache check func to thread queue for IP base_microblaze_0_axi_periph_imp_m02_regslice_0
INFO: [IP_Flow 19-6921] IPCACHE: Adding cache check func to thread queue for IP base_microblaze_0_axi_periph_imp_m02_regslice_1
INFO: [IP_Flow 19-6921] IPCACHE: Adding cache check func to thread queue for IP base_microblaze_0_axi_periph_imp_m02_regslice_2
INFO: [IP_Flow 19-6921] IPCACHE: Adding cache check func to thread queue for IP base_microblaze_0_axi_periph_imp_m02_regslice_3
INFO: [IP_Flow 19-6921] IPCACHE: Adding cache check func to thread queue for IP base_microblaze_0_axi_periph_imp_m03_regslice_0
INFO: [IP_Flow 19-6921] IPCACHE: Adding cache check func to thread queue for IP base_microblaze_0_axi_periph_imp_m03_regslice_1
INFO: [IP_Flow 19-6921] IPCACHE: Adding cache check func to thread queue for IP base_microblaze_0_axi_periph_imp_m03_regslice_2
INFO: [IP_Flow 19-6921] IPCACHE: Adding cache check func to thread queue for IP base_microblaze_0_axi_periph_imp_m03_regslice_3
INFO: [IP_Flow 19-6921] IPCACHE: Adding cache check func to thread queue for IP base_microblaze_0_axi_periph_imp_m04_regslice_0
INFO: [IP_Flow 19-6921] IPCACHE: Adding cache check func to thread queue for IP base_microblaze_0_axi_periph_imp_m04_regslice_1
INFO: [IP_Flow 19-6921] IPCACHE: Adding cache check func to thread queue for IP base_microblaze_0_axi_periph_imp_m04_regslice_2
INFO: [IP_Flow 19-6921] IPCACHE: Adding cache check func to thread queue for IP base_microblaze_0_axi_periph_imp_m04_regslice_3
INFO: [IP_Flow 19-6921] IPCACHE: Adding cache check func to thread queue for IP base_microblaze_0_axi_periph_imp_m05_regslice_0
INFO: [IP_Flow 19-6921] IPCACHE: Adding cache check func to thread queue for IP base_microblaze_0_axi_periph_imp_m05_regslice_1
INFO: [IP_Flow 19-6921] IPCACHE: Adding cache check func to thread queue for IP base_microblaze_0_axi_periph_imp_m05_regslice_2
INFO: [IP_Flow 19-6921] IPCACHE: Adding cache check func to thread queue for IP base_microblaze_0_axi_periph_imp_m05_regslice_3
INFO: [IP_Flow 19-6921] IPCACHE: Adding cache check func to thread queue for IP base_microblaze_0_axi_periph_imp_m06_regslice_0
INFO: [IP_Flow 19-6921] IPCACHE: Adding cache check func to thread queue for IP base_microblaze_0_axi_periph_imp_m06_regslice_1
INFO: [IP_Flow 19-6921] IPCACHE: Adding cache check func to thread queue for IP base_microblaze_0_axi_periph_imp_m06_regslice_2
INFO: [IP_Flow 19-6921] IPCACHE: Adding cache check func to thread queue for IP base_microblaze_0_axi_periph_imp_m06_regslice_3
INFO: [Common 17-14] Message 'IP_Flow 19-6921' appears 100 times and further instances of the messages will be disabled. Use the Tcl command set_msg_config to change the current settings.
INFO: [IP_Flow 19-8020] IPCACHE: runCacheChecks() calling threadPool finishWork()
INFO: [IP_Flow 19-6924] IPCACHE: Running cache check for IP inst: base_axi_interconnect_0_imp_auto_cc_2
INFO: [IP_Flow 19-6922] IPCACHE: Exporting cached entry 53c06fc538e90e73 to dir: /home/linux/ieng6/students/298/jjhan/fa25-cse237c-projects/guitar_pedal/base/base.gen/sources_1/bd/base/ip/base_axi_interconnect_0_imp_auto_cc_2
INFO: [IP_Flow 19-6928] IPCACHE: copied cached file /home/linux/ieng6/students/298/jjhan/fa25-cse237c-projects/guitar_pedal/base/base.cache/ip/2024.2/5/3/53c06fc538e90e73/base_axi_interconnect_0_imp_auto_cc_1.dcp to /home/linux/ieng6/students/298/jjhan/fa25-cse237c-projects/guitar_pedal/base/base.gen/sources_1/bd/base/ip/base_axi_interconnect_0_imp_auto_cc_2/base_axi_interconnect_0_imp_auto_cc_2.dcp.
INFO: [IP_Flow 19-6926] IPCACHE: added file to list for BOM: /home/linux/ieng6/students/298/jjhan/fa25-cse237c-projects/guitar_pedal/base/base.gen/sources_1/bd/base/ip/base_axi_interconnect_0_imp_auto_cc_2/base_axi_interconnect_0_imp_auto_cc_2.dcp
INFO: [IP_Flow 19-6928] IPCACHE: copied cached file /home/linux/ieng6/students/298/jjhan/fa25-cse237c-projects/guitar_pedal/base/base.cache/ip/2024.2/5/3/53c06fc538e90e73/base_axi_interconnect_0_imp_auto_cc_1_stub.v to /home/linux/ieng6/students/298/jjhan/fa25-cse237c-projects/guitar_pedal/base/base.gen/sources_1/bd/base/ip/base_axi_interconnect_0_imp_auto_cc_2/base_axi_interconnect_0_imp_auto_cc_2_stub.v.
INFO: [IP_Flow 19-6926] IPCACHE: added file to list for BOM: /home/linux/ieng6/students/298/jjhan/fa25-cse237c-projects/guitar_pedal/base/base.gen/sources_1/bd/base/ip/base_axi_interconnect_0_imp_auto_cc_2/base_axi_interconnect_0_imp_auto_cc_2_stub.v
INFO: [IP_Flow 19-6928] IPCACHE: copied cached file /home/linux/ieng6/students/298/jjhan/fa25-cse237c-projects/guitar_pedal/base/base.cache/ip/2024.2/5/3/53c06fc538e90e73/base_axi_interconnect_0_imp_auto_cc_1_stub.vhdl to /home/linux/ieng6/students/298/jjhan/fa25-cse237c-projects/guitar_pedal/base/base.gen/sources_1/bd/base/ip/base_axi_interconnect_0_imp_auto_cc_2/base_axi_interconnect_0_imp_auto_cc_2_stub.vhdl.
INFO: [IP_Flow 19-6926] IPCACHE: added file to list for BOM: /home/linux/ieng6/students/298/jjhan/fa25-cse237c-projects/guitar_pedal/base/base.gen/sources_1/bd/base/ip/base_axi_interconnect_0_imp_auto_cc_2/base_axi_interconnect_0_imp_auto_cc_2_stub.vhdl
INFO: [IP_Flow 19-6928] IPCACHE: copied cached file /home/linux/ieng6/students/298/jjhan/fa25-cse237c-projects/guitar_pedal/base/base.cache/ip/2024.2/5/3/53c06fc538e90e73/base_axi_interconnect_0_imp_auto_cc_1_sim_netlist.v to /home/linux/ieng6/students/298/jjhan/fa25-cse237c-projects/guitar_pedal/base/base.gen/sources_1/bd/base/ip/base_axi_interconnect_0_imp_auto_cc_2/base_axi_interconnect_0_imp_auto_cc_2_sim_netlist.v.
INFO: [IP_Flow 19-6926] IPCACHE: added file to list for BOM: /home/linux/ieng6/students/298/jjhan/fa25-cse237c-projects/guitar_pedal/base/base.gen/sources_1/bd/base/ip/base_axi_interconnect_0_imp_auto_cc_2/base_axi_interconnect_0_imp_auto_cc_2_sim_netlist.v
INFO: [IP_Flow 19-6928] IPCACHE: copied cached file /home/linux/ieng6/students/298/jjhan/fa25-cse237c-projects/guitar_pedal/base/base.cache/ip/2024.2/5/3/53c06fc538e90e73/base_axi_interconnect_0_imp_auto_cc_1_sim_netlist.vhdl to /home/linux/ieng6/students/298/jjhan/fa25-cse237c-projects/guitar_pedal/base/base.gen/sources_1/bd/base/ip/base_axi_interconnect_0_imp_auto_cc_2/base_axi_interconnect_0_imp_auto_cc_2_sim_netlist.vhdl.
INFO: [IP_Flow 19-6926] IPCACHE: added file to list for BOM: /home/linux/ieng6/students/298/jjhan/fa25-cse237c-projects/guitar_pedal/base/base.gen/sources_1/bd/base/ip/base_axi_interconnect_0_imp_auto_cc_2/base_axi_interconnect_0_imp_auto_cc_2_sim_netlist.vhdl
INFO: [IP_Flow 19-4993] Using cached IP synthesis design for IP base_axi_interconnect_0_imp_auto_cc_2, cache-ID = 53c06fc538e90e73; cache size = 8.235 MB.
INFO: [IP_Flow 19-6924] IPCACHE: Running cache check for IP inst: base_axi_interconnect_0_imp_auto_pc_0
INFO: [IP_Flow 19-6924] IPCACHE: Running cache check for IP inst: base_axi_interconnect_0_imp_auto_pc_1
INFO: [IP_Flow 19-6924] IPCACHE: Running cache check for IP inst: base_axi_interconnect_0_upgraded_ipi_imp_xbar_1
INFO: [IP_Flow 19-6924] IPCACHE: Running cache check for IP inst: base_axi_mem_intercon_imp_auto_pc_0
INFO: [IP_Flow 19-6924] IPCACHE: Running cache check for IP inst: base_axi_mem_intercon_imp_auto_pc_1
INFO: [IP_Flow 19-6924] IPCACHE: Running cache check for IP inst: base_axi_mem_intercon_imp_auto_us_0
INFO: [IP_Flow 19-6924] IPCACHE: Running cache check for IP inst: base_axis_data_fifo_0_0
INFO: [IP_Flow 19-6924] IPCACHE: Running cache check for IP inst: base_axis_data_fifo_0_1
INFO: [IP_Flow 19-6924] IPCACHE: Running cache check for IP inst: base_axis_register_slice_0_0
INFO: [IP_Flow 19-6924] IPCACHE: Running cache check for IP inst: base_axis_register_slice_0_1
INFO: [IP_Flow 19-6924] IPCACHE: Running cache check for IP inst: base_clk_wiz_10MHz_0
INFO: [IP_Flow 19-6924] IPCACHE: Running cache check for IP inst: base_dlmb_v10_0
INFO: [IP_Flow 19-6924] IPCACHE: Running cache check for IP inst: base_dlmb_v10_1
INFO: [IP_Flow 19-6924] IPCACHE: Running cache check for IP inst: base_dlmb_v10_2
INFO: [IP_Flow 19-6924] IPCACHE: Running cache check for IP inst: base_dlmb_v10_3
INFO: [IP_Flow 19-6924] IPCACHE: Running cache check for IP inst: base_gpio_1
INFO: [IP_Flow 19-6924] IPCACHE: Running cache check for IP inst: base_iic_direct_0
INFO: [IP_Flow 19-6924] IPCACHE: Running cache check for IP inst: base_intc_2
INFO: [IP_Flow 19-6924] IPCACHE: Running cache check for IP inst: base_intc_3
INFO: [IP_Flow 19-6924] IPCACHE: Running cache check for IP inst: base_intr_0
INFO: [IP_Flow 19-6924] IPCACHE: Running cache check for IP inst: base_lmb_bram_3
INFO: [IP_Flow 19-6924] IPCACHE: Running cache check for IP inst: base_mb_2
INFO: [IP_Flow 19-6924] IPCACHE: Running cache check for IP inst: base_mb_bram_ctrl_0
INFO: [IP_Flow 19-6924] IPCACHE: Running cache check for IP inst: base_mb_bram_ctrl_2
INFO: [IP_Flow 19-6924] IPCACHE: Running cache check for IP inst: base_mdm_1_0
INFO: [IP_Flow 19-6924] IPCACHE: Running cache check for IP inst: base_microblaze_0_axi_periph_imp_m04_regslice_3
INFO: [IP_Flow 19-6924] IPCACHE: Running cache check for IP inst: base_microblaze_0_axi_periph_imp_m05_regslice_0
INFO: [IP_Flow 19-6924] IPCACHE: Running cache check for IP inst: base_microblaze_0_axi_periph_imp_m05_regslice_1
INFO: [IP_Flow 19-6924] IPCACHE: Running cache check for IP inst: base_microblaze_0_axi_periph_imp_m05_regslice_2
INFO: [IP_Flow 19-6924] IPCACHE: Running cache check for IP inst: base_microblaze_0_axi_periph_imp_m05_regslice_3
INFO: [IP_Flow 19-6924] IPCACHE: Running cache check for IP inst: base_microblaze_0_axi_periph_imp_m06_regslice_0
INFO: [IP_Flow 19-6924] IPCACHE: Running cache check for IP inst: base_microblaze_0_axi_periph_imp_m06_regslice_1
INFO: [IP_Flow 19-6924] IPCACHE: Running cache check for IP inst: base_microblaze_0_axi_periph_imp_m06_regslice_3
INFO: [IP_Flow 19-6924] IPCACHE: Running cache check for IP inst: base_microblaze_0_axi_periph_upgraded_ipi_imp_xbar_1
INFO: [IP_Flow 19-6924] IPCACHE: Running cache check for IP inst: base_microblaze_0_axi_periph_upgraded_ipi_imp_xbar_3
INFO: [IP_Flow 19-6924] IPCACHE: Running cache check for IP inst: base_ps7_0_axi_periph_imp_m05_regslice_0
INFO: [IP_Flow 19-6924] IPCACHE: Running cache check for IP inst: base_ps7_0_axi_periph_imp_m07_regslice_0
INFO: [IP_Flow 19-6924] IPCACHE: Running cache check for IP inst: base_ps7_0_axi_periph_imp_s00_regslice_0
INFO: [IP_Flow 19-6924] IPCACHE: Running cache check for IP inst: base_ps7_0_axi_periph_upgraded_ipi_imp_xbar_0
INFO: [IP_Flow 19-6924] IPCACHE: Running cache check for IP inst: base_rst_clk_wiz_1_100M_2
INFO: [IP_Flow 19-6924] IPCACHE: Running cache check for IP inst: base_rst_clk_wiz_1_100M_3
INFO: [IP_Flow 19-6924] IPCACHE: Running cache check for IP inst: base_rst_ps7_0_fclk0_0
INFO: [IP_Flow 19-6924] IPCACHE: Running cache check for IP inst: base_rst_ps7_0_fclk3_0
INFO: [IP_Flow 19-6924] IPCACHE: Running cache check for IP inst: base_spi_0
INFO: [IP_Flow 19-6924] IPCACHE: Running cache check for IP inst: base_spi_0_0
INFO: [IP_Flow 19-6924] IPCACHE: Running cache check for IP inst: base_spi_1_0
INFO: [IP_Flow 19-6924] IPCACHE: Running cache check for IP inst: base_spi_direct_0
INFO: [IP_Flow 19-6924] IPCACHE: Running cache check for IP inst: base_spi_shared_0
INFO: [IP_Flow 19-6924] IPCACHE: Running cache check for IP inst: base_system_interrupts_0
INFO: [IP_Flow 19-6924] IPCACHE: Running cache check for IP inst: base_timer_0_1
INFO: [IP_Flow 19-6924] IPCACHE: Running cache check for IP inst: base_timer_1_1
INFO: [IP_Flow 19-6924] IPCACHE: Running cache check for IP inst: base_timer_3_0
INFO: [IP_Flow 19-6924] IPCACHE: Running cache check for IP inst: base_timer_5_0
INFO: [IP_Flow 19-6924] IPCACHE: Running cache check for IP inst: base_timer_7
INFO: [IP_Flow 19-6924] IPCACHE: Running cache check for IP inst: base_uartlite_0
INFO: [IP_Flow 19-6924] IPCACHE: Running cache check for IP inst: base_uartlite_1
INFO: [IP_Flow 19-6924] IPCACHE: Running cache check for IP inst: base_v_axi4s_vid_out_0_0
INFO: [IP_Flow 19-6924] IPCACHE: Running cache check for IP inst: base_v_vid_in_axi4s_0_0
INFO: [IP_Flow 19-6924] IPCACHE: Running cache check for IP inst: base_vtc_in_0
INFO: [IP_Flow 19-6924] IPCACHE: Running cache check for IP inst: base_xadc_0
INFO: [IP_Flow 19-6924] IPCACHE: Running cache check for IP inst: base_axi_interconnect_0_imp_m08_regslice_0
INFO: [IP_Flow 19-6924] IPCACHE: Running cache check for IP inst: base_axi_interconnect_0_imp_m09_regslice_0
INFO: [IP_Flow 19-6924] IPCACHE: Running cache check for IP inst: base_axi_interconnect_0_imp_s00_regslice_0
INFO: [IP_Flow 19-6924] IPCACHE: Running cache check for IP inst: base_axi_interconnect_0_upgraded_ipi_imp_xbar_0
INFO: [IP_Flow 19-6924] IPCACHE: Running cache check for IP inst: base_axi_mem_intercon_imp_auto_us_1
INFO: [IP_Flow 19-6924] IPCACHE: Running cache check for IP inst: base_axi_mem_intercon_upgraded_ipi_imp_xbar_0
INFO: [IP_Flow 19-6924] IPCACHE: Running cache check for IP inst: base_hdmi_out_hpd_video_0
INFO: [IP_Flow 19-6924] IPCACHE: Running cache check for IP inst: base_iic_0_0
INFO: [IP_Flow 19-6924] IPCACHE: Running cache check for IP inst: base_ilmb_v10_0
INFO: [IP_Flow 19-6924] IPCACHE: Running cache check for IP inst: base_ilmb_v10_2
INFO: [IP_Flow 19-6924] IPCACHE: Running cache check for IP inst: base_ilmb_v10_3
INFO: [IP_Flow 19-6924] IPCACHE: Running cache check for IP inst: base_intc_0
INFO: [IP_Flow 19-6924] IPCACHE: Running cache check for IP inst: base_leds_gpio_0
INFO: [IP_Flow 19-6924] IPCACHE: Running cache check for IP inst: base_lmb_bram_0
INFO: [IP_Flow 19-6924] IPCACHE: Running cache check for IP inst: base_lmb_bram_1
INFO: [IP_Flow 19-6924] IPCACHE: Running cache check for IP inst: base_microblaze_0_axi_periph_imp_m00_regslice_2
INFO: [IP_Flow 19-6924] IPCACHE: Running cache check for IP inst: base_microblaze_0_axi_periph_imp_m01_regslice_0
INFO: [IP_Flow 19-6924] IPCACHE: Running cache check for IP inst: base_microblaze_0_axi_periph_imp_m01_regslice_2
INFO: [IP_Flow 19-6924] IPCACHE: Running cache check for IP inst: base_microblaze_0_axi_periph_imp_m02_regslice_0
INFO: [IP_Flow 19-6924] IPCACHE: Running cache check for IP inst: base_microblaze_0_axi_periph_imp_m02_regslice_2
INFO: [IP_Flow 19-6924] IPCACHE: Running cache check for IP inst: base_microblaze_0_axi_periph_imp_m03_regslice_0
INFO: [IP_Flow 19-6924] IPCACHE: Running cache check for IP inst: base_microblaze_0_axi_periph_imp_m08_regslice_0
INFO: [IP_Flow 19-6924] IPCACHE: Running cache check for IP inst: base_microblaze_0_axi_periph_imp_m09_regslice_0
INFO: [IP_Flow 19-6924] IPCACHE: Running cache check for IP inst: base_microblaze_0_axi_periph_imp_m10_regslice_1
INFO: [IP_Flow 19-6924] IPCACHE: Running cache check for IP inst: base_microblaze_0_axi_periph_imp_m11_regslice_1
INFO: [IP_Flow 19-6922] IPCACHE: Exporting cached entry 3751adcc30d12e51 to dir: /home/linux/ieng6/students/298/jjhan/fa25-cse237c-projects/guitar_pedal/base/base.gen/sources_1/bd/base/ip/base_microblaze_0_axi_periph_imp_m11_regslice_1
INFO: [IP_Flow 19-6928] IPCACHE: copied cached file /home/linux/ieng6/students/298/jjhan/fa25-cse237c-projects/guitar_pedal/base/base.cache/ip/2024.2/3/7/3751adcc30d12e51/base_microblaze_0_axi_periph_imp_m07_regslice_1.dcp to /home/linux/ieng6/students/298/jjhan/fa25-cse237c-projects/guitar_pedal/base/base.gen/sources_1/bd/base/ip/base_microblaze_0_axi_periph_imp_m11_regslice_1/base_microblaze_0_axi_periph_imp_m11_regslice_1.dcp.
INFO: [IP_Flow 19-6926] IPCACHE: added file to list for BOM: /home/linux/ieng6/students/298/jjhan/fa25-cse237c-projects/guitar_pedal/base/base.gen/sources_1/bd/base/ip/base_microblaze_0_axi_periph_imp_m11_regslice_1/base_microblaze_0_axi_periph_imp_m11_regslice_1.dcp
INFO: [IP_Flow 19-6928] IPCACHE: copied cached file /home/linux/ieng6/students/298/jjhan/fa25-cse237c-projects/guitar_pedal/base/base.cache/ip/2024.2/3/7/3751adcc30d12e51/base_microblaze_0_axi_periph_imp_m07_regslice_1_stub.v to /home/linux/ieng6/students/298/jjhan/fa25-cse237c-projects/guitar_pedal/base/base.gen/sources_1/bd/base/ip/base_microblaze_0_axi_periph_imp_m11_regslice_1/base_microblaze_0_axi_periph_imp_m11_regslice_1_stub.v.
INFO: [IP_Flow 19-6926] IPCACHE: added file to list for BOM: /home/linux/ieng6/students/298/jjhan/fa25-cse237c-projects/guitar_pedal/base/base.gen/sources_1/bd/base/ip/base_microblaze_0_axi_periph_imp_m11_regslice_1/base_microblaze_0_axi_periph_imp_m11_regslice_1_stub.v
INFO: [IP_Flow 19-6928] IPCACHE: copied cached file /home/linux/ieng6/students/298/jjhan/fa25-cse237c-projects/guitar_pedal/base/base.cache/ip/2024.2/3/7/3751adcc30d12e51/base_microblaze_0_axi_periph_imp_m07_regslice_1_stub.vhdl to /home/linux/ieng6/students/298/jjhan/fa25-cse237c-projects/guitar_pedal/base/base.gen/sources_1/bd/base/ip/base_microblaze_0_axi_periph_imp_m11_regslice_1/base_microblaze_0_axi_periph_imp_m11_regslice_1_stub.vhdl.
INFO: [IP_Flow 19-6926] IPCACHE: added file to list for BOM: /home/linux/ieng6/students/298/jjhan/fa25-cse237c-projects/guitar_pedal/base/base.gen/sources_1/bd/base/ip/base_microblaze_0_axi_periph_imp_m11_regslice_1/base_microblaze_0_axi_periph_imp_m11_regslice_1_stub.vhdl
INFO: [IP_Flow 19-6928] IPCACHE: copied cached file /home/linux/ieng6/students/298/jjhan/fa25-cse237c-projects/guitar_pedal/base/base.cache/ip/2024.2/3/7/3751adcc30d12e51/base_microblaze_0_axi_periph_imp_m07_regslice_1_sim_netlist.v to /home/linux/ieng6/students/298/jjhan/fa25-cse237c-projects/guitar_pedal/base/base.gen/sources_1/bd/base/ip/base_microblaze_0_axi_periph_imp_m11_regslice_1/base_microblaze_0_axi_periph_imp_m11_regslice_1_sim_netlist.v.
INFO: [IP_Flow 19-6926] IPCACHE: added file to list for BOM: /home/linux/ieng6/students/298/jjhan/fa25-cse237c-projects/guitar_pedal/base/base.gen/sources_1/bd/base/ip/base_microblaze_0_axi_periph_imp_m11_regslice_1/base_microblaze_0_axi_periph_imp_m11_regslice_1_sim_netlist.v
INFO: [IP_Flow 19-6928] IPCACHE: copied cached file /home/linux/ieng6/students/298/jjhan/fa25-cse237c-projects/guitar_pedal/base/base.cache/ip/2024.2/3/7/3751adcc30d12e51/base_microblaze_0_axi_periph_imp_m07_regslice_1_sim_netlist.vhdl to /home/linux/ieng6/students/298/jjhan/fa25-cse237c-projects/guitar_pedal/base/base.gen/sources_1/bd/base/ip/base_microblaze_0_axi_periph_imp_m11_regslice_1/base_microblaze_0_axi_periph_imp_m11_regslice_1_sim_netlist.vhdl.
INFO: [IP_Flow 19-6926] IPCACHE: added file to list for BOM: /home/linux/ieng6/students/298/jjhan/fa25-cse237c-projects/guitar_pedal/base/base.gen/sources_1/bd/base/ip/base_microblaze_0_axi_periph_imp_m11_regslice_1/base_microblaze_0_axi_periph_imp_m11_regslice_1_sim_netlist.vhdl
INFO: [IP_Flow 19-4993] Using cached IP synthesis design for IP base_microblaze_0_axi_periph_imp_m11_regslice_1, cache-ID = 3751adcc30d12e51; cache size = 8.235 MB.
INFO: [IP_Flow 19-6924] IPCACHE: Running cache check for IP inst: base_axi_interconnect_0_imp_m00_regslice_0
INFO: [IP_Flow 19-6924] IPCACHE: Running cache check for IP inst: base_axi_interconnect_0_imp_m01_regslice_0
INFO: [IP_Flow 19-6924] IPCACHE: Running cache check for IP inst: base_axi_interconnect_0_imp_m02_regslice_0
INFO: [IP_Flow 19-6924] IPCACHE: Running cache check for IP inst: base_gpio_0
INFO: [IP_Flow 19-6924] IPCACHE: Running cache check for IP inst: base_iic_0
INFO: [IP_Flow 19-6924] IPCACHE: Running cache check for IP inst: base_lmb_bram_if_cntlr_1
INFO: [IP_Flow 19-6924] IPCACHE: Running cache check for IP inst: base_microblaze_0_axi_periph_imp_m03_regslice_2
INFO: [IP_Flow 19-6924] IPCACHE: Running cache check for IP inst: base_microblaze_0_axi_periph_imp_m03_regslice_3
INFO: [IP_Flow 19-6924] IPCACHE: Running cache check for IP inst: base_microblaze_0_axi_periph_imp_m04_regslice_0
INFO: [IP_Flow 19-6924] IPCACHE: Running cache check for IP inst: base_microblaze_0_axi_periph_imp_m04_regslice_1
INFO: [IP_Flow 19-6924] IPCACHE: Running cache check for IP inst: base_microblaze_0_axi_periph_imp_m04_regslice_2
INFO: [IP_Flow 19-6924] IPCACHE: Running cache check for IP inst: base_proc_sys_reset_pixelclk_0
INFO: [IP_Flow 19-6924] IPCACHE: Running cache check for IP inst: base_ps7_0_axi_periph1_imp_m00_regslice_0
INFO: [IP_Flow 19-6924] IPCACHE: Running cache check for IP inst: base_ps7_0_axi_periph1_imp_m01_regslice_0
INFO: [Common 17-14] Message 'IP_Flow 19-6924' appears 100 times and further instances of the messages will be disabled. Use the Tcl command set_msg_config to change the current settings.
INFO: [IP_Flow 19-6922] IPCACHE: Exporting cached entry 3751adcc30d12e51 to dir: /home/linux/ieng6/students/298/jjhan/fa25-cse237c-projects/guitar_pedal/base/base.gen/sources_1/bd/base/ip/base_microblaze_0_axi_periph_imp_s00_regslice_1
INFO: [IP_Flow 19-6928] IPCACHE: copied cached file /home/linux/ieng6/students/298/jjhan/fa25-cse237c-projects/guitar_pedal/base/base.cache/ip/2024.2/3/7/3751adcc30d12e51/base_microblaze_0_axi_periph_imp_m07_regslice_1.dcp to /home/linux/ieng6/students/298/jjhan/fa25-cse237c-projects/guitar_pedal/base/base.gen/sources_1/bd/base/ip/base_microblaze_0_axi_periph_imp_s00_regslice_1/base_microblaze_0_axi_periph_imp_s00_regslice_1.dcp.
INFO: [IP_Flow 19-6926] IPCACHE: added file to list for BOM: /home/linux/ieng6/students/298/jjhan/fa25-cse237c-projects/guitar_pedal/base/base.gen/sources_1/bd/base/ip/base_microblaze_0_axi_periph_imp_s00_regslice_1/base_microblaze_0_axi_periph_imp_s00_regslice_1.dcp
INFO: [IP_Flow 19-6928] IPCACHE: copied cached file /home/linux/ieng6/students/298/jjhan/fa25-cse237c-projects/guitar_pedal/base/base.cache/ip/2024.2/3/7/3751adcc30d12e51/base_microblaze_0_axi_periph_imp_m07_regslice_1_stub.v to /home/linux/ieng6/students/298/jjhan/fa25-cse237c-projects/guitar_pedal/base/base.gen/sources_1/bd/base/ip/base_microblaze_0_axi_periph_imp_s00_regslice_1/base_microblaze_0_axi_periph_imp_s00_regslice_1_stub.v.
INFO: [IP_Flow 19-6926] IPCACHE: added file to list for BOM: /home/linux/ieng6/students/298/jjhan/fa25-cse237c-projects/guitar_pedal/base/base.gen/sources_1/bd/base/ip/base_microblaze_0_axi_periph_imp_s00_regslice_1/base_microblaze_0_axi_periph_imp_s00_regslice_1_stub.v
INFO: [IP_Flow 19-6928] IPCACHE: copied cached file /home/linux/ieng6/students/298/jjhan/fa25-cse237c-projects/guitar_pedal/base/base.cache/ip/2024.2/3/7/3751adcc30d12e51/base_microblaze_0_axi_periph_imp_m07_regslice_1_stub.vhdl to /home/linux/ieng6/students/298/jjhan/fa25-cse237c-projects/guitar_pedal/base/base.gen/sources_1/bd/base/ip/base_microblaze_0_axi_periph_imp_s00_regslice_1/base_microblaze_0_axi_periph_imp_s00_regslice_1_stub.vhdl.
INFO: [IP_Flow 19-6926] IPCACHE: added file to list for BOM: /home/linux/ieng6/students/298/jjhan/fa25-cse237c-projects/guitar_pedal/base/base.gen/sources_1/bd/base/ip/base_microblaze_0_axi_periph_imp_s00_regslice_1/base_microblaze_0_axi_periph_imp_s00_regslice_1_stub.vhdl
INFO: [IP_Flow 19-6928] IPCACHE: copied cached file /home/linux/ieng6/students/298/jjhan/fa25-cse237c-projects/guitar_pedal/base/base.cache/ip/2024.2/3/7/3751adcc30d12e51/base_microblaze_0_axi_periph_imp_m07_regslice_1_sim_netlist.v to /home/linux/ieng6/students/298/jjhan/fa25-cse237c-projects/guitar_pedal/base/base.gen/sources_1/bd/base/ip/base_microblaze_0_axi_periph_imp_s00_regslice_1/base_microblaze_0_axi_periph_imp_s00_regslice_1_sim_netlist.v.
INFO: [IP_Flow 19-6926] IPCACHE: added file to list for BOM: /home/linux/ieng6/students/298/jjhan/fa25-cse237c-projects/guitar_pedal/base/base.gen/sources_1/bd/base/ip/base_microblaze_0_axi_periph_imp_s00_regslice_1/base_microblaze_0_axi_periph_imp_s00_regslice_1_sim_netlist.v
INFO: [IP_Flow 19-6928] IPCACHE: copied cached file /home/linux/ieng6/students/298/jjhan/fa25-cse237c-projects/guitar_pedal/base/base.cache/ip/2024.2/3/7/3751adcc30d12e51/base_microblaze_0_axi_periph_imp_m07_regslice_1_sim_netlist.vhdl to /home/linux/ieng6/students/298/jjhan/fa25-cse237c-projects/guitar_pedal/base/base.gen/sources_1/bd/base/ip/base_microblaze_0_axi_periph_imp_s00_regslice_1/base_microblaze_0_axi_periph_imp_s00_regslice_1_sim_netlist.vhdl.
INFO: [IP_Flow 19-6926] IPCACHE: added file to list for BOM: /home/linux/ieng6/students/298/jjhan/fa25-cse237c-projects/guitar_pedal/base/base.gen/sources_1/bd/base/ip/base_microblaze_0_axi_periph_imp_s00_regslice_1/base_microblaze_0_axi_periph_imp_s00_regslice_1_sim_netlist.vhdl
INFO: [IP_Flow 19-4993] Using cached IP synthesis design for IP base_microblaze_0_axi_periph_imp_s00_regslice_1, cache-ID = 3751adcc30d12e51; cache size = 8.235 MB.
INFO: [IP_Flow 19-6922] IPCACHE: Exporting cached entry 3751adcc30d12e51 to dir: /home/linux/ieng6/students/298/jjhan/fa25-cse237c-projects/guitar_pedal/base/base.gen/sources_1/bd/base/ip/base_microblaze_0_axi_periph_imp_s00_regslice_0
INFO: [IP_Flow 19-6928] IPCACHE: copied cached file /home/linux/ieng6/students/298/jjhan/fa25-cse237c-projects/guitar_pedal/base/base.cache/ip/2024.2/3/7/3751adcc30d12e51/base_microblaze_0_axi_periph_imp_m07_regslice_1.dcp to /home/linux/ieng6/students/298/jjhan/fa25-cse237c-projects/guitar_pedal/base/base.gen/sources_1/bd/base/ip/base_microblaze_0_axi_periph_imp_s00_regslice_0/base_microblaze_0_axi_periph_imp_s00_regslice_0.dcp.
INFO: [IP_Flow 19-6926] IPCACHE: added file to list for BOM: /home/linux/ieng6/students/298/jjhan/fa25-cse237c-projects/guitar_pedal/base/base.gen/sources_1/bd/base/ip/base_microblaze_0_axi_periph_imp_s00_regslice_0/base_microblaze_0_axi_periph_imp_s00_regslice_0.dcp
INFO: [IP_Flow 19-6928] IPCACHE: copied cached file /home/linux/ieng6/students/298/jjhan/fa25-cse237c-projects/guitar_pedal/base/base.cache/ip/2024.2/3/7/3751adcc30d12e51/base_microblaze_0_axi_periph_imp_m07_regslice_1_stub.v to /home/linux/ieng6/students/298/jjhan/fa25-cse237c-projects/guitar_pedal/base/base.gen/sources_1/bd/base/ip/base_microblaze_0_axi_periph_imp_s00_regslice_0/base_microblaze_0_axi_periph_imp_s00_regslice_0_stub.v.
INFO: [IP_Flow 19-6926] IPCACHE: added file to list for BOM: /home/linux/ieng6/students/298/jjhan/fa25-cse237c-projects/guitar_pedal/base/base.gen/sources_1/bd/base/ip/base_microblaze_0_axi_periph_imp_s00_regslice_0/base_microblaze_0_axi_periph_imp_s00_regslice_0_stub.v
INFO: [IP_Flow 19-6928] IPCACHE: copied cached file /home/linux/ieng6/students/298/jjhan/fa25-cse237c-projects/guitar_pedal/base/base.cache/ip/2024.2/3/7/3751adcc30d12e51/base_microblaze_0_axi_periph_imp_m07_regslice_1_stub.vhdl to /home/linux/ieng6/students/298/jjhan/fa25-cse237c-projects/guitar_pedal/base/base.gen/sources_1/bd/base/ip/base_microblaze_0_axi_periph_imp_s00_regslice_0/base_microblaze_0_axi_periph_imp_s00_regslice_0_stub.vhdl.
INFO: [IP_Flow 19-6926] IPCACHE: added file to list for BOM: /home/linux/ieng6/students/298/jjhan/fa25-cse237c-projects/guitar_pedal/base/base.gen/sources_1/bd/base/ip/base_microblaze_0_axi_periph_imp_s00_regslice_0/base_microblaze_0_axi_periph_imp_s00_regslice_0_stub.vhdl
INFO: [IP_Flow 19-6928] IPCACHE: copied cached file /home/linux/ieng6/students/298/jjhan/fa25-cse237c-projects/guitar_pedal/base/base.cache/ip/2024.2/3/7/3751adcc30d12e51/base_microblaze_0_axi_periph_imp_m07_regslice_1_sim_netlist.v to /home/linux/ieng6/students/298/jjhan/fa25-cse237c-projects/guitar_pedal/base/base.gen/sources_1/bd/base/ip/base_microblaze_0_axi_periph_imp_s00_regslice_0/base_microblaze_0_axi_periph_imp_s00_regslice_0_sim_netlist.v.
INFO: [IP_Flow 19-6926] IPCACHE: added file to list for BOM: /home/linux/ieng6/students/298/jjhan/fa25-cse237c-projects/guitar_pedal/base/base.gen/sources_1/bd/base/ip/base_microblaze_0_axi_periph_imp_s00_regslice_0/base_microblaze_0_axi_periph_imp_s00_regslice_0_sim_netlist.v
INFO: [IP_Flow 19-6928] IPCACHE: copied cached file /home/linux/ieng6/students/298/jjhan/fa25-cse237c-projects/guitar_pedal/base/base.cache/ip/2024.2/3/7/3751adcc30d12e51/base_microblaze_0_axi_periph_imp_m07_regslice_1_sim_netlist.vhdl to /home/linux/ieng6/students/298/jjhan/fa25-cse237c-projects/guitar_pedal/base/base.gen/sources_1/bd/base/ip/base_microblaze_0_axi_periph_imp_s00_regslice_0/base_microblaze_0_axi_periph_imp_s00_regslice_0_sim_netlist.vhdl.
INFO: [IP_Flow 19-6926] IPCACHE: added file to list for BOM: /home/linux/ieng6/students/298/jjhan/fa25-cse237c-projects/guitar_pedal/base/base.gen/sources_1/bd/base/ip/base_microblaze_0_axi_periph_imp_s00_regslice_0/base_microblaze_0_axi_periph_imp_s00_regslice_0_sim_netlist.vhdl
INFO: [IP_Flow 19-4993] Using cached IP synthesis design for IP base_microblaze_0_axi_periph_imp_s00_regslice_0, cache-ID = 3751adcc30d12e51; cache size = 8.235 MB.
INFO: [IP_Flow 19-6922] IPCACHE: Exporting cached entry 3751adcc30d12e51 to dir: /home/linux/ieng6/students/298/jjhan/fa25-cse237c-projects/guitar_pedal/base/base.gen/sources_1/bd/base/ip/base_ps7_0_axi_periph_imp_m03_regslice_0
INFO: [IP_Flow 19-6928] IPCACHE: copied cached file /home/linux/ieng6/students/298/jjhan/fa25-cse237c-projects/guitar_pedal/base/base.cache/ip/2024.2/3/7/3751adcc30d12e51/base_microblaze_0_axi_periph_imp_m07_regslice_1.dcp to /home/linux/ieng6/students/298/jjhan/fa25-cse237c-projects/guitar_pedal/base/base.gen/sources_1/bd/base/ip/base_ps7_0_axi_periph_imp_m03_regslice_0/base_ps7_0_axi_periph_imp_m03_regslice_0.dcp.
INFO: [IP_Flow 19-6926] IPCACHE: added file to list for BOM: /home/linux/ieng6/students/298/jjhan/fa25-cse237c-projects/guitar_pedal/base/base.gen/sources_1/bd/base/ip/base_ps7_0_axi_periph_imp_m03_regslice_0/base_ps7_0_axi_periph_imp_m03_regslice_0.dcp
INFO: [IP_Flow 19-6928] IPCACHE: copied cached file /home/linux/ieng6/students/298/jjhan/fa25-cse237c-projects/guitar_pedal/base/base.cache/ip/2024.2/3/7/3751adcc30d12e51/base_microblaze_0_axi_periph_imp_m07_regslice_1_stub.v to /home/linux/ieng6/students/298/jjhan/fa25-cse237c-projects/guitar_pedal/base/base.gen/sources_1/bd/base/ip/base_ps7_0_axi_periph_imp_m03_regslice_0/base_ps7_0_axi_periph_imp_m03_regslice_0_stub.v.
INFO: [IP_Flow 19-6926] IPCACHE: added file to list for BOM: /home/linux/ieng6/students/298/jjhan/fa25-cse237c-projects/guitar_pedal/base/base.gen/sources_1/bd/base/ip/base_ps7_0_axi_periph_imp_m03_regslice_0/base_ps7_0_axi_periph_imp_m03_regslice_0_stub.v
INFO: [IP_Flow 19-6928] IPCACHE: copied cached file /home/linux/ieng6/students/298/jjhan/fa25-cse237c-projects/guitar_pedal/base/base.cache/ip/2024.2/3/7/3751adcc30d12e51/base_microblaze_0_axi_periph_imp_m07_regslice_1_stub.vhdl to /home/linux/ieng6/students/298/jjhan/fa25-cse237c-projects/guitar_pedal/base/base.gen/sources_1/bd/base/ip/base_ps7_0_axi_periph_imp_m03_regslice_0/base_ps7_0_axi_periph_imp_m03_regslice_0_stub.vhdl.
INFO: [IP_Flow 19-6926] IPCACHE: added file to list for BOM: /home/linux/ieng6/students/298/jjhan/fa25-cse237c-projects/guitar_pedal/base/base.gen/sources_1/bd/base/ip/base_ps7_0_axi_periph_imp_m03_regslice_0/base_ps7_0_axi_periph_imp_m03_regslice_0_stub.vhdl
INFO: [IP_Flow 19-6928] IPCACHE: copied cached file /home/linux/ieng6/students/298/jjhan/fa25-cse237c-projects/guitar_pedal/base/base.cache/ip/2024.2/3/7/3751adcc30d12e51/base_microblaze_0_axi_periph_imp_m07_regslice_1_sim_netlist.v to /home/linux/ieng6/students/298/jjhan/fa25-cse237c-projects/guitar_pedal/base/base.gen/sources_1/bd/base/ip/base_ps7_0_axi_periph_imp_m03_regslice_0/base_ps7_0_axi_periph_imp_m03_regslice_0_sim_netlist.v.
INFO: [IP_Flow 19-6926] IPCACHE: added file to list for BOM: /home/linux/ieng6/students/298/jjhan/fa25-cse237c-projects/guitar_pedal/base/base.gen/sources_1/bd/base/ip/base_ps7_0_axi_periph_imp_m03_regslice_0/base_ps7_0_axi_periph_imp_m03_regslice_0_sim_netlist.v
INFO: [IP_Flow 19-6928] IPCACHE: copied cached file /home/linux/ieng6/students/298/jjhan/fa25-cse237c-projects/guitar_pedal/base/base.cache/ip/2024.2/3/7/3751adcc30d12e51/base_microblaze_0_axi_periph_imp_m07_regslice_1_sim_netlist.vhdl to /home/linux/ieng6/students/298/jjhan/fa25-cse237c-projects/guitar_pedal/base/base.gen/sources_1/bd/base/ip/base_ps7_0_axi_periph_imp_m03_regslice_0/base_ps7_0_axi_periph_imp_m03_regslice_0_sim_netlist.vhdl.
INFO: [IP_Flow 19-6926] IPCACHE: added file to list for BOM: /home/linux/ieng6/students/298/jjhan/fa25-cse237c-projects/guitar_pedal/base/base.gen/sources_1/bd/base/ip/base_ps7_0_axi_periph_imp_m03_regslice_0/base_ps7_0_axi_periph_imp_m03_regslice_0_sim_netlist.vhdl
INFO: [IP_Flow 19-4993] Using cached IP synthesis design for IP base_ps7_0_axi_periph_imp_m03_regslice_0, cache-ID = 3751adcc30d12e51; cache size = 8.235 MB.
INFO: [IP_Flow 19-6922] IPCACHE: Exporting cached entry 3751adcc30d12e51 to dir: /home/linux/ieng6/students/298/jjhan/fa25-cse237c-projects/guitar_pedal/base/base.gen/sources_1/bd/base/ip/base_microblaze_0_axi_periph_imp_s00_regslice_3
INFO: [IP_Flow 19-6928] IPCACHE: copied cached file /home/linux/ieng6/students/298/jjhan/fa25-cse237c-projects/guitar_pedal/base/base.cache/ip/2024.2/3/7/3751adcc30d12e51/base_microblaze_0_axi_periph_imp_m07_regslice_1.dcp to /home/linux/ieng6/students/298/jjhan/fa25-cse237c-projects/guitar_pedal/base/base.gen/sources_1/bd/base/ip/base_microblaze_0_axi_periph_imp_s00_regslice_3/base_microblaze_0_axi_periph_imp_s00_regslice_3.dcp.
INFO: [IP_Flow 19-6926] IPCACHE: added file to list for BOM: /home/linux/ieng6/students/298/jjhan/fa25-cse237c-projects/guitar_pedal/base/base.gen/sources_1/bd/base/ip/base_microblaze_0_axi_periph_imp_s00_regslice_3/base_microblaze_0_axi_periph_imp_s00_regslice_3.dcp
INFO: [IP_Flow 19-6928] IPCACHE: copied cached file /home/linux/ieng6/students/298/jjhan/fa25-cse237c-projects/guitar_pedal/base/base.cache/ip/2024.2/3/7/3751adcc30d12e51/base_microblaze_0_axi_periph_imp_m07_regslice_1_stub.v to /home/linux/ieng6/students/298/jjhan/fa25-cse237c-projects/guitar_pedal/base/base.gen/sources_1/bd/base/ip/base_microblaze_0_axi_periph_imp_s00_regslice_3/base_microblaze_0_axi_periph_imp_s00_regslice_3_stub.v.
INFO: [IP_Flow 19-6926] IPCACHE: added file to list for BOM: /home/linux/ieng6/students/298/jjhan/fa25-cse237c-projects/guitar_pedal/base/base.gen/sources_1/bd/base/ip/base_microblaze_0_axi_periph_imp_s00_regslice_3/base_microblaze_0_axi_periph_imp_s00_regslice_3_stub.v
INFO: [IP_Flow 19-6928] IPCACHE: copied cached file /home/linux/ieng6/students/298/jjhan/fa25-cse237c-projects/guitar_pedal/base/base.cache/ip/2024.2/3/7/3751adcc30d12e51/base_microblaze_0_axi_periph_imp_m07_regslice_1_stub.vhdl to /home/linux/ieng6/students/298/jjhan/fa25-cse237c-projects/guitar_pedal/base/base.gen/sources_1/bd/base/ip/base_microblaze_0_axi_periph_imp_s00_regslice_3/base_microblaze_0_axi_periph_imp_s00_regslice_3_stub.vhdl.
INFO: [IP_Flow 19-6926] IPCACHE: added file to list for BOM: /home/linux/ieng6/students/298/jjhan/fa25-cse237c-projects/guitar_pedal/base/base.gen/sources_1/bd/base/ip/base_microblaze_0_axi_periph_imp_s00_regslice_3/base_microblaze_0_axi_periph_imp_s00_regslice_3_stub.vhdl
INFO: [IP_Flow 19-6928] IPCACHE: copied cached file /home/linux/ieng6/students/298/jjhan/fa25-cse237c-projects/guitar_pedal/base/base.cache/ip/2024.2/3/7/3751adcc30d12e51/base_microblaze_0_axi_periph_imp_m07_regslice_1_sim_netlist.v to /home/linux/ieng6/students/298/jjhan/fa25-cse237c-projects/guitar_pedal/base/base.gen/sources_1/bd/base/ip/base_microblaze_0_axi_periph_imp_s00_regslice_3/base_microblaze_0_axi_periph_imp_s00_regslice_3_sim_netlist.v.
INFO: [IP_Flow 19-6926] IPCACHE: added file to list for BOM: /home/linux/ieng6/students/298/jjhan/fa25-cse237c-projects/guitar_pedal/base/base.gen/sources_1/bd/base/ip/base_microblaze_0_axi_periph_imp_s00_regslice_3/base_microblaze_0_axi_periph_imp_s00_regslice_3_sim_netlist.v
INFO: [IP_Flow 19-6928] IPCACHE: copied cached file /home/linux/ieng6/students/298/jjhan/fa25-cse237c-projects/guitar_pedal/base/base.cache/ip/2024.2/3/7/3751adcc30d12e51/base_microblaze_0_axi_periph_imp_m07_regslice_1_sim_netlist.vhdl to /home/linux/ieng6/students/298/jjhan/fa25-cse237c-projects/guitar_pedal/base/base.gen/sources_1/bd/base/ip/base_microblaze_0_axi_periph_imp_s00_regslice_3/base_microblaze_0_axi_periph_imp_s00_regslice_3_sim_netlist.vhdl.
INFO: [IP_Flow 19-6926] IPCACHE: added file to list for BOM: /home/linux/ieng6/students/298/jjhan/fa25-cse237c-projects/guitar_pedal/base/base.gen/sources_1/bd/base/ip/base_microblaze_0_axi_periph_imp_s00_regslice_3/base_microblaze_0_axi_periph_imp_s00_regslice_3_sim_netlist.vhdl
INFO: [IP_Flow 19-4993] Using cached IP synthesis design for IP base_microblaze_0_axi_periph_imp_s00_regslice_3, cache-ID = 3751adcc30d12e51; cache size = 8.235 MB.
INFO: [IP_Flow 19-6922] IPCACHE: Exporting cached entry 3751adcc30d12e51 to dir: /home/linux/ieng6/students/298/jjhan/fa25-cse237c-projects/guitar_pedal/base/base.gen/sources_1/bd/base/ip/base_microblaze_0_axi_periph_imp_s00_regslice_2
INFO: [IP_Flow 19-6928] IPCACHE: copied cached file /home/linux/ieng6/students/298/jjhan/fa25-cse237c-projects/guitar_pedal/base/base.cache/ip/2024.2/3/7/3751adcc30d12e51/base_microblaze_0_axi_periph_imp_m07_regslice_1.dcp to /home/linux/ieng6/students/298/jjhan/fa25-cse237c-projects/guitar_pedal/base/base.gen/sources_1/bd/base/ip/base_microblaze_0_axi_periph_imp_s00_regslice_2/base_microblaze_0_axi_periph_imp_s00_regslice_2.dcp.
INFO: [IP_Flow 19-6926] IPCACHE: added file to list for BOM: /home/linux/ieng6/students/298/jjhan/fa25-cse237c-projects/guitar_pedal/base/base.gen/sources_1/bd/base/ip/base_microblaze_0_axi_periph_imp_s00_regslice_2/base_microblaze_0_axi_periph_imp_s00_regslice_2.dcp
INFO: [IP_Flow 19-6928] IPCACHE: copied cached file /home/linux/ieng6/students/298/jjhan/fa25-cse237c-projects/guitar_pedal/base/base.cache/ip/2024.2/3/7/3751adcc30d12e51/base_microblaze_0_axi_periph_imp_m07_regslice_1_stub.v to /home/linux/ieng6/students/298/jjhan/fa25-cse237c-projects/guitar_pedal/base/base.gen/sources_1/bd/base/ip/base_microblaze_0_axi_periph_imp_s00_regslice_2/base_microblaze_0_axi_periph_imp_s00_regslice_2_stub.v.
INFO: [IP_Flow 19-6926] IPCACHE: added file to list for BOM: /home/linux/ieng6/students/298/jjhan/fa25-cse237c-projects/guitar_pedal/base/base.gen/sources_1/bd/base/ip/base_microblaze_0_axi_periph_imp_s00_regslice_2/base_microblaze_0_axi_periph_imp_s00_regslice_2_stub.v
INFO: [IP_Flow 19-6928] IPCACHE: copied cached file /home/linux/ieng6/students/298/jjhan/fa25-cse237c-projects/guitar_pedal/base/base.cache/ip/2024.2/3/7/3751adcc30d12e51/base_microblaze_0_axi_periph_imp_m07_regslice_1_stub.vhdl to /home/linux/ieng6/students/298/jjhan/fa25-cse237c-projects/guitar_pedal/base/base.gen/sources_1/bd/base/ip/base_microblaze_0_axi_periph_imp_s00_regslice_2/base_microblaze_0_axi_periph_imp_s00_regslice_2_stub.vhdl.
INFO: [IP_Flow 19-6926] IPCACHE: added file to list for BOM: /home/linux/ieng6/students/298/jjhan/fa25-cse237c-projects/guitar_pedal/base/base.gen/sources_1/bd/base/ip/base_microblaze_0_axi_periph_imp_s00_regslice_2/base_microblaze_0_axi_periph_imp_s00_regslice_2_stub.vhdl
INFO: [IP_Flow 19-6928] IPCACHE: copied cached file /home/linux/ieng6/students/298/jjhan/fa25-cse237c-projects/guitar_pedal/base/base.cache/ip/2024.2/3/7/3751adcc30d12e51/base_microblaze_0_axi_periph_imp_m07_regslice_1_sim_netlist.v to /home/linux/ieng6/students/298/jjhan/fa25-cse237c-projects/guitar_pedal/base/base.gen/sources_1/bd/base/ip/base_microblaze_0_axi_periph_imp_s00_regslice_2/base_microblaze_0_axi_periph_imp_s00_regslice_2_sim_netlist.v.
INFO: [IP_Flow 19-6926] IPCACHE: added file to list for BOM: /home/linux/ieng6/students/298/jjhan/fa25-cse237c-projects/guitar_pedal/base/base.gen/sources_1/bd/base/ip/base_microblaze_0_axi_periph_imp_s00_regslice_2/base_microblaze_0_axi_periph_imp_s00_regslice_2_sim_netlist.v
INFO: [IP_Flow 19-6928] IPCACHE: copied cached file /home/linux/ieng6/students/298/jjhan/fa25-cse237c-projects/guitar_pedal/base/base.cache/ip/2024.2/3/7/3751adcc30d12e51/base_microblaze_0_axi_periph_imp_m07_regslice_1_sim_netlist.vhdl to /home/linux/ieng6/students/298/jjhan/fa25-cse237c-projects/guitar_pedal/base/base.gen/sources_1/bd/base/ip/base_microblaze_0_axi_periph_imp_s00_regslice_2/base_microblaze_0_axi_periph_imp_s00_regslice_2_sim_netlist.vhdl.
INFO: [IP_Flow 19-6926] IPCACHE: added file to list for BOM: /home/linux/ieng6/students/298/jjhan/fa25-cse237c-projects/guitar_pedal/base/base.gen/sources_1/bd/base/ip/base_microblaze_0_axi_periph_imp_s00_regslice_2/base_microblaze_0_axi_periph_imp_s00_regslice_2_sim_netlist.vhdl
INFO: [IP_Flow 19-4993] Using cached IP synthesis design for IP base_microblaze_0_axi_periph_imp_s00_regslice_2, cache-ID = 3751adcc30d12e51; cache size = 8.235 MB.
INFO: [IP_Flow 19-6922] IPCACHE: Exporting cached entry 3751adcc30d12e51 to dir: /home/linux/ieng6/students/298/jjhan/fa25-cse237c-projects/guitar_pedal/base/base.gen/sources_1/bd/base/ip/base_microblaze_0_axi_periph_imp_m14_regslice_0
INFO: [IP_Flow 19-6928] IPCACHE: copied cached file /home/linux/ieng6/students/298/jjhan/fa25-cse237c-projects/guitar_pedal/base/base.cache/ip/2024.2/3/7/3751adcc30d12e51/base_microblaze_0_axi_periph_imp_m07_regslice_1.dcp to /home/linux/ieng6/students/298/jjhan/fa25-cse237c-projects/guitar_pedal/base/base.gen/sources_1/bd/base/ip/base_microblaze_0_axi_periph_imp_m14_regslice_0/base_microblaze_0_axi_periph_imp_m14_regslice_0.dcp.
INFO: [IP_Flow 19-6926] IPCACHE: added file to list for BOM: /home/linux/ieng6/students/298/jjhan/fa25-cse237c-projects/guitar_pedal/base/base.gen/sources_1/bd/base/ip/base_microblaze_0_axi_periph_imp_m14_regslice_0/base_microblaze_0_axi_periph_imp_m14_regslice_0.dcp
INFO: [IP_Flow 19-6928] IPCACHE: copied cached file /home/linux/ieng6/students/298/jjhan/fa25-cse237c-projects/guitar_pedal/base/base.cache/ip/2024.2/3/7/3751adcc30d12e51/base_microblaze_0_axi_periph_imp_m07_regslice_1_stub.v to /home/linux/ieng6/students/298/jjhan/fa25-cse237c-projects/guitar_pedal/base/base.gen/sources_1/bd/base/ip/base_microblaze_0_axi_periph_imp_m14_regslice_0/base_microblaze_0_axi_periph_imp_m14_regslice_0_stub.v.
INFO: [IP_Flow 19-6926] IPCACHE: added file to list for BOM: /home/linux/ieng6/students/298/jjhan/fa25-cse237c-projects/guitar_pedal/base/base.gen/sources_1/bd/base/ip/base_microblaze_0_axi_periph_imp_m14_regslice_0/base_microblaze_0_axi_periph_imp_m14_regslice_0_stub.v
INFO: [IP_Flow 19-6928] IPCACHE: copied cached file /home/linux/ieng6/students/298/jjhan/fa25-cse237c-projects/guitar_pedal/base/base.cache/ip/2024.2/3/7/3751adcc30d12e51/base_microblaze_0_axi_periph_imp_m07_regslice_1_stub.vhdl to /home/linux/ieng6/students/298/jjhan/fa25-cse237c-projects/guitar_pedal/base/base.gen/sources_1/bd/base/ip/base_microblaze_0_axi_periph_imp_m14_regslice_0/base_microblaze_0_axi_periph_imp_m14_regslice_0_stub.vhdl.
INFO: [IP_Flow 19-6926] IPCACHE: added file to list for BOM: /home/linux/ieng6/students/298/jjhan/fa25-cse237c-projects/guitar_pedal/base/base.gen/sources_1/bd/base/ip/base_microblaze_0_axi_periph_imp_m14_regslice_0/base_microblaze_0_axi_periph_imp_m14_regslice_0_stub.vhdl
INFO: [IP_Flow 19-6928] IPCACHE: copied cached file /home/linux/ieng6/students/298/jjhan/fa25-cse237c-projects/guitar_pedal/base/base.cache/ip/2024.2/3/7/3751adcc30d12e51/base_microblaze_0_axi_periph_imp_m07_regslice_1_sim_netlist.v to /home/linux/ieng6/students/298/jjhan/fa25-cse237c-projects/guitar_pedal/base/base.gen/sources_1/bd/base/ip/base_microblaze_0_axi_periph_imp_m14_regslice_0/base_microblaze_0_axi_periph_imp_m14_regslice_0_sim_netlist.v.
INFO: [IP_Flow 19-6926] IPCACHE: added file to list for BOM: /home/linux/ieng6/students/298/jjhan/fa25-cse237c-projects/guitar_pedal/base/base.gen/sources_1/bd/base/ip/base_microblaze_0_axi_periph_imp_m14_regslice_0/base_microblaze_0_axi_periph_imp_m14_regslice_0_sim_netlist.v
INFO: [IP_Flow 19-6928] IPCACHE: copied cached file /home/linux/ieng6/students/298/jjhan/fa25-cse237c-projects/guitar_pedal/base/base.cache/ip/2024.2/3/7/3751adcc30d12e51/base_microblaze_0_axi_periph_imp_m07_regslice_1_sim_netlist.vhdl to /home/linux/ieng6/students/298/jjhan/fa25-cse237c-projects/guitar_pedal/base/base.gen/sources_1/bd/base/ip/base_microblaze_0_axi_periph_imp_m14_regslice_0/base_microblaze_0_axi_periph_imp_m14_regslice_0_sim_netlist.vhdl.
INFO: [IP_Flow 19-6926] IPCACHE: added file to list for BOM: /home/linux/ieng6/students/298/jjhan/fa25-cse237c-projects/guitar_pedal/base/base.gen/sources_1/bd/base/ip/base_microblaze_0_axi_periph_imp_m14_regslice_0/base_microblaze_0_axi_periph_imp_m14_regslice_0_sim_netlist.vhdl
INFO: [IP_Flow 19-4993] Using cached IP synthesis design for IP base_microblaze_0_axi_periph_imp_m14_regslice_0, cache-ID = 3751adcc30d12e51; cache size = 8.235 MB.
[Fri Nov 21 15:20:28 2025] Launched base_ps7_0_0_synth_1, base_dlmb_v10_0_synth_1, base_ilmb_v10_0_synth_1, base_dlmb_v10_1_synth_1, base_ilmb_v10_1_synth_1, base_ilmb_v10_2_synth_1, base_dlmb_v10_2_synth_1, base_dlmb_v10_3_synth_1, base_ilmb_v10_3_synth_1, base_axi_protocol_convert_0_0_synth_1, base_btns_gpio_0_synth_1, base_clk_wiz_10MHz_0_synth_1, base_iic_direct_0_synth_1, base_intc_0_synth_1, base_intr_0_synth_1, base_lmb_bram_0_synth_1, base_lmb_bram_if_cntlr_0_synth_1, base_mb_0_synth_1, base_mb_bram_ctrl_0_synth_1, base_rst_clk_wiz_1_100M_0_synth_1, base_spi_direct_0_synth_1, base_spi_shared_0_synth_1, base_timer_0_0_synth_1, base_timer_1_0_synth_1, base_timer_2_0_synth_1, base_timer_3_0_synth_1, base_timer_4_0_synth_1, base_timer_5_0_synth_1, base_uartlite_0_synth_1, base_xadc_0_synth_1, base_gpio_0_synth_1, base_iic_0_synth_1, base_intc_1_synth_1, base_intr_1_synth_1, base_lmb_bram_1_synth_1, base_lmb_bram_if_cntlr_1_synth_1, base_mb_1_synth_1, base_mb_bram_ctrl_1_synth_1, base_rst_clk_wiz_1_100M_1_synth_1, base_spi_0_synth_1, base_timer_6_synth_1, base_gpio_1_synth_1, base_iic_1_synth_1, base_intc_2_synth_1, base_intr_2_synth_1, base_lmb_bram_2_synth_1, base_lmb_bram_if_cntlr_2_synth_1, base_mb_2_synth_1, base_mb_bram_ctrl_2_synth_1, base_rst_clk_wiz_1_100M_2_synth_1, base_spi_1_synth_1, base_timer_7_synth_1, base_iic_0_0_synth_1, base_iic_1_0_synth_1, base_intc_3_synth_1, base_intr_3_synth_1, base_lmb_bram_3_synth_1, base_lmb_bram_if_cntlr_3_synth_1, base_mb_3_synth_1, base_mb_bram_ctrl_3_synth_1, base_rpi_gpio_0_synth_1, base_rst_clk_wiz_1_100M_3_synth_1, base_spi_0_0_synth_1, base_spi_1_0_synth_1, base_timer_0_1_synth_1, base_timer_1_1_synth_1, base_uartlite_1_synth_1, base_leds_gpio_0_synth_1, base_mdm_1_0_synth_1, base_rgbleds_gpio_0_synth_1, base_rst_ps7_0_fclk0_0_synth_1, base_rst_ps7_0_fclk1_0_synth_1, base_rst_ps7_0_fclk3_0_synth_1, base_switches_gpio_0_synth_1, base_system_interrupts_0_synth_1, base_axis_data_fifo_0_0_synth_1, base_axis_data_fifo_0_1_synth_1, base_axi_vdma_0_synth_1, base_axis_register_slice_0_0_synth_1, base_v_vid_in_axi4s_0_0_synth_1, base_vtc_in_0_synth_1, base_axis_register_slice_0_1_synth_1, base_hdmi_out_hpd_video_0_synth_1, base_v_axi4s_vid_out_0_0_synth_1, base_vtc_out_0_synth_1, base_proc_sys_reset_pixelclk_0_synth_1, base_axi_interconnect_0_upgraded_ipi_imp_xbar_0_synth_1, base_axi_mem_intercon_upgraded_ipi_imp_xbar_0_synth_1, base_microblaze_0_axi_periph_upgraded_ipi_imp_xbar_0_synth_1, base_microblaze_0_axi_periph_upgraded_ipi_imp_xbar_1_synth_1, base_microblaze_0_axi_periph_upgraded_ipi_imp_xbar_2_synth_1, base_microblaze_0_axi_periph_upgraded_ipi_imp_xbar_3_synth_1, base_ps7_0_axi_periph_upgraded_ipi_imp_xbar_0_synth_1, base_ps7_0_axi_periph1_upgraded_ipi_imp_xbar_0_synth_1, base_ps7_0_axi_periph_1_upgraded_ipi_imp_xbar_0_synth_1, base_axi_interconnect_0_upgraded_ipi_imp_xbar_1_synth_1, base_axi_mem_intercon_upgraded_ipi_imp_xbar_1_synth_1, base_axi_interconnect_0_imp_auto_pc_1_synth_1, base_axi_mem_intercon_imp_auto_us_1_synth_1, base_axi_mem_intercon_imp_auto_pc_1_synth_1, base_microblaze_0_axi_periph_imp_m00_regslice_0_synth_1, base_microblaze_0_axi_periph_imp_m01_regslice_0_synth_1, base_microblaze_0_axi_periph_imp_m02_regslice_0_synth_1, base_microblaze_0_axi_periph_imp_m03_regslice_0_synth_1, base_microblaze_0_axi_periph_imp_m04_regslice_0_synth_1, base_microblaze_0_axi_periph_imp_m05_regslice_0_synth_1, base_microblaze_0_axi_periph_imp_m06_regslice_0_synth_1, base_microblaze_0_axi_periph_imp_m07_regslice_0_synth_1, base_microblaze_0_axi_periph_imp_m08_regslice_0_synth_1, base_microblaze_0_axi_periph_imp_m09_regslice_0_synth_1, base_microblaze_0_axi_periph_imp_m10_regslice_0_synth_1, base_microblaze_0_axi_periph_imp_m11_regslice_0_synth_1, base_microblaze_0_axi_periph_imp_m12_regslice_0_synth_1, base_microblaze_0_axi_periph_imp_m13_regslice_0_synth_1, base_microblaze_0_axi_periph_imp_m00_regslice_1_synth_1, base_microblaze_0_axi_periph_imp_m01_regslice_1_synth_1, base_microblaze_0_axi_periph_imp_m02_regslice_1_synth_1, base_microblaze_0_axi_periph_imp_m03_regslice_1_synth_1, base_microblaze_0_axi_periph_imp_m04_regslice_1_synth_1, base_microblaze_0_axi_periph_imp_m05_regslice_1_synth_1, base_microblaze_0_axi_periph_imp_m06_regslice_1_synth_1, base_microblaze_0_axi_periph_imp_m00_regslice_2_synth_1, base_microblaze_0_axi_periph_imp_m01_regslice_2_synth_1, base_microblaze_0_axi_periph_imp_m02_regslice_2_synth_1, base_microblaze_0_axi_periph_imp_m03_regslice_2_synth_1, base_microblaze_0_axi_periph_imp_m04_regslice_2_synth_1, base_microblaze_0_axi_periph_imp_m05_regslice_2_synth_1, base_microblaze_0_axi_periph_imp_m06_regslice_2_synth_1, base_microblaze_0_axi_periph_imp_m00_regslice_3_synth_1, base_microblaze_0_axi_periph_imp_m01_regslice_3_synth_1, base_microblaze_0_axi_periph_imp_m02_regslice_3_synth_1, base_microblaze_0_axi_periph_imp_m03_regslice_3_synth_1, base_microblaze_0_axi_periph_imp_m04_regslice_3_synth_1, base_microblaze_0_axi_periph_imp_m05_regslice_3_synth_1, base_microblaze_0_axi_periph_imp_m06_regslice_3_synth_1, base_microblaze_0_axi_periph_imp_m07_regslice_3_synth_1, base_microblaze_0_axi_periph_imp_m08_regslice_1_synth_1, base_microblaze_0_axi_periph_imp_m09_regslice_1_synth_1, base_microblaze_0_axi_periph_imp_m10_regslice_1_synth_1, base_ps7_0_axi_periph_imp_s00_regslice_0_synth_1, base_ps7_0_axi_periph_imp_auto_pc_6_synth_1, base_ps7_0_axi_periph_imp_m00_regslice_0_synth_1, base_ps7_0_axi_periph_imp_auto_pc_0_synth_1, base_ps7_0_axi_periph_imp_m01_regslice_0_synth_1, base_ps7_0_axi_periph_imp_m02_regslice_0_synth_1, base_ps7_0_axi_periph_imp_auto_pc_1_synth_1, base_ps7_0_axi_periph_imp_auto_pc_2_synth_1, base_ps7_0_axi_periph_imp_m04_regslice_0_synth_1, base_ps7_0_axi_periph_imp_auto_pc_3_synth_1, base_ps7_0_axi_periph_imp_m05_regslice_0_synth_1, base_ps7_0_axi_periph_imp_auto_pc_4_synth_1, base_ps7_0_axi_periph_imp_m06_regslice_0_synth_1, base_ps7_0_axi_periph_imp_m07_regslice_0_synth_1, base_ps7_0_axi_periph_imp_auto_pc_5_synth_1, base_ps7_0_axi_periph1_imp_s00_regslice_0_synth_1, base_ps7_0_axi_periph1_imp_m00_regslice_0_synth_1, base_ps7_0_axi_periph1_imp_m01_regslice_0_synth_1, base_ps7_0_axi_periph1_imp_m02_regslice_0_synth_1, base_ps7_0_axi_periph1_imp_m03_regslice_0_synth_1, base_ps7_0_axi_periph_1_imp_auto_pc_0_synth_1, base_axi_interconnect_0_imp_s00_regslice_0_synth_1, base_axi_interconnect_0_imp_auto_pc_0_synth_1, base_axi_interconnect_0_imp_m00_regslice_0_synth_1, base_axi_interconnect_0_imp_m01_regslice_0_synth_1, base_axi_interconnect_0_imp_m02_regslice_0_synth_1, base_axi_interconnect_0_imp_m03_regslice_0_synth_1, base_axi_interconnect_0_imp_m04_regslice_0_synth_1, base_axi_interconnect_0_imp_m05_regslice_0_synth_1, base_axi_interconnect_0_imp_m06_regslice_0_synth_1, base_axi_interconnect_0_imp_m07_regslice_0_synth_1, base_axi_interconnect_0_imp_m08_regslice_0_synth_1, base_axi_interconnect_0_imp_m09_regslice_0_synth_1, base_axi_mem_intercon_imp_auto_us_0_synth_1, base_axi_mem_intercon_imp_auto_pc_0_synth_1, synth_1...
Run output will be captured here:
base_ps7_0_0_synth_1: /home/linux/ieng6/students/298/jjhan/fa25-cse237c-projects/guitar_pedal/base/base.runs/base_ps7_0_0_synth_1/runme.log
base_dlmb_v10_0_synth_1: /home/linux/ieng6/students/298/jjhan/fa25-cse237c-projects/guitar_pedal/base/base.runs/base_dlmb_v10_0_synth_1/runme.log
base_ilmb_v10_0_synth_1: /home/linux/ieng6/students/298/jjhan/fa25-cse237c-projects/guitar_pedal/base/base.runs/base_ilmb_v10_0_synth_1/runme.log
base_dlmb_v10_1_synth_1: /home/linux/ieng6/students/298/jjhan/fa25-cse237c-projects/guitar_pedal/base/base.runs/base_dlmb_v10_1_synth_1/runme.log
base_ilmb_v10_1_synth_1: /home/linux/ieng6/students/298/jjhan/fa25-cse237c-projects/guitar_pedal/base/base.runs/base_ilmb_v10_1_synth_1/runme.log
base_ilmb_v10_2_synth_1: /home/linux/ieng6/students/298/jjhan/fa25-cse237c-projects/guitar_pedal/base/base.runs/base_ilmb_v10_2_synth_1/runme.log
base_dlmb_v10_2_synth_1: /home/linux/ieng6/students/298/jjhan/fa25-cse237c-projects/guitar_pedal/base/base.runs/base_dlmb_v10_2_synth_1/runme.log
base_dlmb_v10_3_synth_1: /home/linux/ieng6/students/298/jjhan/fa25-cse237c-projects/guitar_pedal/base/base.runs/base_dlmb_v10_3_synth_1/runme.log
base_ilmb_v10_3_synth_1: /home/linux/ieng6/students/298/jjhan/fa25-cse237c-projects/guitar_pedal/base/base.runs/base_ilmb_v10_3_synth_1/runme.log
base_axi_protocol_convert_0_0_synth_1: /home/linux/ieng6/students/298/jjhan/fa25-cse237c-projects/guitar_pedal/base/base.runs/base_axi_protocol_convert_0_0_synth_1/runme.log
base_btns_gpio_0_synth_1: /home/linux/ieng6/students/298/jjhan/fa25-cse237c-projects/guitar_pedal/base/base.runs/base_btns_gpio_0_synth_1/runme.log
base_clk_wiz_10MHz_0_synth_1: /home/linux/ieng6/students/298/jjhan/fa25-cse237c-projects/guitar_pedal/base/base.runs/base_clk_wiz_10MHz_0_synth_1/runme.log
base_iic_direct_0_synth_1: /home/linux/ieng6/students/298/jjhan/fa25-cse237c-projects/guitar_pedal/base/base.runs/base_iic_direct_0_synth_1/runme.log
base_intc_0_synth_1: /home/linux/ieng6/students/298/jjhan/fa25-cse237c-projects/guitar_pedal/base/base.runs/base_intc_0_synth_1/runme.log
base_intr_0_synth_1: /home/linux/ieng6/students/298/jjhan/fa25-cse237c-projects/guitar_pedal/base/base.runs/base_intr_0_synth_1/runme.log
base_lmb_bram_0_synth_1: /home/linux/ieng6/students/298/jjhan/fa25-cse237c-projects/guitar_pedal/base/base.runs/base_lmb_bram_0_synth_1/runme.log
base_lmb_bram_if_cntlr_0_synth_1: /home/linux/ieng6/students/298/jjhan/fa25-cse237c-projects/guitar_pedal/base/base.runs/base_lmb_bram_if_cntlr_0_synth_1/runme.log
base_mb_0_synth_1: /home/linux/ieng6/students/298/jjhan/fa25-cse237c-projects/guitar_pedal/base/base.runs/base_mb_0_synth_1/runme.log
base_mb_bram_ctrl_0_synth_1: /home/linux/ieng6/students/298/jjhan/fa25-cse237c-projects/guitar_pedal/base/base.runs/base_mb_bram_ctrl_0_synth_1/runme.log
base_rst_clk_wiz_1_100M_0_synth_1: /home/linux/ieng6/students/298/jjhan/fa25-cse237c-projects/guitar_pedal/base/base.runs/base_rst_clk_wiz_1_100M_0_synth_1/runme.log
base_spi_direct_0_synth_1: /home/linux/ieng6/students/298/jjhan/fa25-cse237c-projects/guitar_pedal/base/base.runs/base_spi_direct_0_synth_1/runme.log
base_spi_shared_0_synth_1: /home/linux/ieng6/students/298/jjhan/fa25-cse237c-projects/guitar_pedal/base/base.runs/base_spi_shared_0_synth_1/runme.log
base_timer_0_0_synth_1: /home/linux/ieng6/students/298/jjhan/fa25-cse237c-projects/guitar_pedal/base/base.runs/base_timer_0_0_synth_1/runme.log
base_timer_1_0_synth_1: /home/linux/ieng6/students/298/jjhan/fa25-cse237c-projects/guitar_pedal/base/base.runs/base_timer_1_0_synth_1/runme.log
base_timer_2_0_synth_1: /home/linux/ieng6/students/298/jjhan/fa25-cse237c-projects/guitar_pedal/base/base.runs/base_timer_2_0_synth_1/runme.log
base_timer_3_0_synth_1: /home/linux/ieng6/students/298/jjhan/fa25-cse237c-projects/guitar_pedal/base/base.runs/base_timer_3_0_synth_1/runme.log
base_timer_4_0_synth_1: /home/linux/ieng6/students/298/jjhan/fa25-cse237c-projects/guitar_pedal/base/base.runs/base_timer_4_0_synth_1/runme.log
base_timer_5_0_synth_1: /home/linux/ieng6/students/298/jjhan/fa25-cse237c-projects/guitar_pedal/base/base.runs/base_timer_5_0_synth_1/runme.log
base_uartlite_0_synth_1: /home/linux/ieng6/students/298/jjhan/fa25-cse237c-projects/guitar_pedal/base/base.runs/base_uartlite_0_synth_1/runme.log
base_xadc_0_synth_1: /home/linux/ieng6/students/298/jjhan/fa25-cse237c-projects/guitar_pedal/base/base.runs/base_xadc_0_synth_1/runme.log
base_gpio_0_synth_1: /home/linux/ieng6/students/298/jjhan/fa25-cse237c-projects/guitar_pedal/base/base.runs/base_gpio_0_synth_1/runme.log
base_iic_0_synth_1: /home/linux/ieng6/students/298/jjhan/fa25-cse237c-projects/guitar_pedal/base/base.runs/base_iic_0_synth_1/runme.log
base_intc_1_synth_1: /home/linux/ieng6/students/298/jjhan/fa25-cse237c-projects/guitar_pedal/base/base.runs/base_intc_1_synth_1/runme.log
base_intr_1_synth_1: /home/linux/ieng6/students/298/jjhan/fa25-cse237c-projects/guitar_pedal/base/base.runs/base_intr_1_synth_1/runme.log
base_lmb_bram_1_synth_1: /home/linux/ieng6/students/298/jjhan/fa25-cse237c-projects/guitar_pedal/base/base.runs/base_lmb_bram_1_synth_1/runme.log
base_lmb_bram_if_cntlr_1_synth_1: /home/linux/ieng6/students/298/jjhan/fa25-cse237c-projects/guitar_pedal/base/base.runs/base_lmb_bram_if_cntlr_1_synth_1/runme.log
base_mb_1_synth_1: /home/linux/ieng6/students/298/jjhan/fa25-cse237c-projects/guitar_pedal/base/base.runs/base_mb_1_synth_1/runme.log
base_mb_bram_ctrl_1_synth_1: /home/linux/ieng6/students/298/jjhan/fa25-cse237c-projects/guitar_pedal/base/base.runs/base_mb_bram_ctrl_1_synth_1/runme.log
base_rst_clk_wiz_1_100M_1_synth_1: /home/linux/ieng6/students/298/jjhan/fa25-cse237c-projects/guitar_pedal/base/base.runs/base_rst_clk_wiz_1_100M_1_synth_1/runme.log
base_spi_0_synth_1: /home/linux/ieng6/students/298/jjhan/fa25-cse237c-projects/guitar_pedal/base/base.runs/base_spi_0_synth_1/runme.log
base_timer_6_synth_1: /home/linux/ieng6/students/298/jjhan/fa25-cse237c-projects/guitar_pedal/base/base.runs/base_timer_6_synth_1/runme.log
base_gpio_1_synth_1: /home/linux/ieng6/students/298/jjhan/fa25-cse237c-projects/guitar_pedal/base/base.runs/base_gpio_1_synth_1/runme.log
base_iic_1_synth_1: /home/linux/ieng6/students/298/jjhan/fa25-cse237c-projects/guitar_pedal/base/base.runs/base_iic_1_synth_1/runme.log
base_intc_2_synth_1: /home/linux/ieng6/students/298/jjhan/fa25-cse237c-projects/guitar_pedal/base/base.runs/base_intc_2_synth_1/runme.log
base_intr_2_synth_1: /home/linux/ieng6/students/298/jjhan/fa25-cse237c-projects/guitar_pedal/base/base.runs/base_intr_2_synth_1/runme.log
base_lmb_bram_2_synth_1: /home/linux/ieng6/students/298/jjhan/fa25-cse237c-projects/guitar_pedal/base/base.runs/base_lmb_bram_2_synth_1/runme.log
base_lmb_bram_if_cntlr_2_synth_1: /home/linux/ieng6/students/298/jjhan/fa25-cse237c-projects/guitar_pedal/base/base.runs/base_lmb_bram_if_cntlr_2_synth_1/runme.log
base_mb_2_synth_1: /home/linux/ieng6/students/298/jjhan/fa25-cse237c-projects/guitar_pedal/base/base.runs/base_mb_2_synth_1/runme.log
base_mb_bram_ctrl_2_synth_1: /home/linux/ieng6/students/298/jjhan/fa25-cse237c-projects/guitar_pedal/base/base.runs/base_mb_bram_ctrl_2_synth_1/runme.log
base_rst_clk_wiz_1_100M_2_synth_1: /home/linux/ieng6/students/298/jjhan/fa25-cse237c-projects/guitar_pedal/base/base.runs/base_rst_clk_wiz_1_100M_2_synth_1/runme.log
base_spi_1_synth_1: /home/linux/ieng6/students/298/jjhan/fa25-cse237c-projects/guitar_pedal/base/base.runs/base_spi_1_synth_1/runme.log
base_timer_7_synth_1: /home/linux/ieng6/students/298/jjhan/fa25-cse237c-projects/guitar_pedal/base/base.runs/base_timer_7_synth_1/runme.log
base_iic_0_0_synth_1: /home/linux/ieng6/students/298/jjhan/fa25-cse237c-projects/guitar_pedal/base/base.runs/base_iic_0_0_synth_1/runme.log
base_iic_1_0_synth_1: /home/linux/ieng6/students/298/jjhan/fa25-cse237c-projects/guitar_pedal/base/base.runs/base_iic_1_0_synth_1/runme.log
base_intc_3_synth_1: /home/linux/ieng6/students/298/jjhan/fa25-cse237c-projects/guitar_pedal/base/base.runs/base_intc_3_synth_1/runme.log
base_intr_3_synth_1: /home/linux/ieng6/students/298/jjhan/fa25-cse237c-projects/guitar_pedal/base/base.runs/base_intr_3_synth_1/runme.log
base_lmb_bram_3_synth_1: /home/linux/ieng6/students/298/jjhan/fa25-cse237c-projects/guitar_pedal/base/base.runs/base_lmb_bram_3_synth_1/runme.log
base_lmb_bram_if_cntlr_3_synth_1: /home/linux/ieng6/students/298/jjhan/fa25-cse237c-projects/guitar_pedal/base/base.runs/base_lmb_bram_if_cntlr_3_synth_1/runme.log
base_mb_3_synth_1: /home/linux/ieng6/students/298/jjhan/fa25-cse237c-projects/guitar_pedal/base/base.runs/base_mb_3_synth_1/runme.log
base_mb_bram_ctrl_3_synth_1: /home/linux/ieng6/students/298/jjhan/fa25-cse237c-projects/guitar_pedal/base/base.runs/base_mb_bram_ctrl_3_synth_1/runme.log
base_rpi_gpio_0_synth_1: /home/linux/ieng6/students/298/jjhan/fa25-cse237c-projects/guitar_pedal/base/base.runs/base_rpi_gpio_0_synth_1/runme.log
base_rst_clk_wiz_1_100M_3_synth_1: /home/linux/ieng6/students/298/jjhan/fa25-cse237c-projects/guitar_pedal/base/base.runs/base_rst_clk_wiz_1_100M_3_synth_1/runme.log
base_spi_0_0_synth_1: /home/linux/ieng6/students/298/jjhan/fa25-cse237c-projects/guitar_pedal/base/base.runs/base_spi_0_0_synth_1/runme.log
base_spi_1_0_synth_1: /home/linux/ieng6/students/298/jjhan/fa25-cse237c-projects/guitar_pedal/base/base.runs/base_spi_1_0_synth_1/runme.log
base_timer_0_1_synth_1: /home/linux/ieng6/students/298/jjhan/fa25-cse237c-projects/guitar_pedal/base/base.runs/base_timer_0_1_synth_1/runme.log
base_timer_1_1_synth_1: /home/linux/ieng6/students/298/jjhan/fa25-cse237c-projects/guitar_pedal/base/base.runs/base_timer_1_1_synth_1/runme.log
base_uartlite_1_synth_1: /home/linux/ieng6/students/298/jjhan/fa25-cse237c-projects/guitar_pedal/base/base.runs/base_uartlite_1_synth_1/runme.log
base_leds_gpio_0_synth_1: /home/linux/ieng6/students/298/jjhan/fa25-cse237c-projects/guitar_pedal/base/base.runs/base_leds_gpio_0_synth_1/runme.log
base_mdm_1_0_synth_1: /home/linux/ieng6/students/298/jjhan/fa25-cse237c-projects/guitar_pedal/base/base.runs/base_mdm_1_0_synth_1/runme.log
base_rgbleds_gpio_0_synth_1: /home/linux/ieng6/students/298/jjhan/fa25-cse237c-projects/guitar_pedal/base/base.runs/base_rgbleds_gpio_0_synth_1/runme.log
base_rst_ps7_0_fclk0_0_synth_1: /home/linux/ieng6/students/298/jjhan/fa25-cse237c-projects/guitar_pedal/base/base.runs/base_rst_ps7_0_fclk0_0_synth_1/runme.log
base_rst_ps7_0_fclk1_0_synth_1: /home/linux/ieng6/students/298/jjhan/fa25-cse237c-projects/guitar_pedal/base/base.runs/base_rst_ps7_0_fclk1_0_synth_1/runme.log
base_rst_ps7_0_fclk3_0_synth_1: /home/linux/ieng6/students/298/jjhan/fa25-cse237c-projects/guitar_pedal/base/base.runs/base_rst_ps7_0_fclk3_0_synth_1/runme.log
base_switches_gpio_0_synth_1: /home/linux/ieng6/students/298/jjhan/fa25-cse237c-projects/guitar_pedal/base/base.runs/base_switches_gpio_0_synth_1/runme.log
base_system_interrupts_0_synth_1: /home/linux/ieng6/students/298/jjhan/fa25-cse237c-projects/guitar_pedal/base/base.runs/base_system_interrupts_0_synth_1/runme.log
base_axis_data_fifo_0_0_synth_1: /home/linux/ieng6/students/298/jjhan/fa25-cse237c-projects/guitar_pedal/base/base.runs/base_axis_data_fifo_0_0_synth_1/runme.log
base_axis_data_fifo_0_1_synth_1: /home/linux/ieng6/students/298/jjhan/fa25-cse237c-projects/guitar_pedal/base/base.runs/base_axis_data_fifo_0_1_synth_1/runme.log
base_axi_vdma_0_synth_1: /home/linux/ieng6/students/298/jjhan/fa25-cse237c-projects/guitar_pedal/base/base.runs/base_axi_vdma_0_synth_1/runme.log
base_axis_register_slice_0_0_synth_1: /home/linux/ieng6/students/298/jjhan/fa25-cse237c-projects/guitar_pedal/base/base.runs/base_axis_register_slice_0_0_synth_1/runme.log
base_v_vid_in_axi4s_0_0_synth_1: /home/linux/ieng6/students/298/jjhan/fa25-cse237c-projects/guitar_pedal/base/base.runs/base_v_vid_in_axi4s_0_0_synth_1/runme.log
base_vtc_in_0_synth_1: /home/linux/ieng6/students/298/jjhan/fa25-cse237c-projects/guitar_pedal/base/base.runs/base_vtc_in_0_synth_1/runme.log
base_axis_register_slice_0_1_synth_1: /home/linux/ieng6/students/298/jjhan/fa25-cse237c-projects/guitar_pedal/base/base.runs/base_axis_register_slice_0_1_synth_1/runme.log
base_hdmi_out_hpd_video_0_synth_1: /home/linux/ieng6/students/298/jjhan/fa25-cse237c-projects/guitar_pedal/base/base.runs/base_hdmi_out_hpd_video_0_synth_1/runme.log
base_v_axi4s_vid_out_0_0_synth_1: /home/linux/ieng6/students/298/jjhan/fa25-cse237c-projects/guitar_pedal/base/base.runs/base_v_axi4s_vid_out_0_0_synth_1/runme.log
base_vtc_out_0_synth_1: /home/linux/ieng6/students/298/jjhan/fa25-cse237c-projects/guitar_pedal/base/base.runs/base_vtc_out_0_synth_1/runme.log
base_proc_sys_reset_pixelclk_0_synth_1: /home/linux/ieng6/students/298/jjhan/fa25-cse237c-projects/guitar_pedal/base/base.runs/base_proc_sys_reset_pixelclk_0_synth_1/runme.log
base_axi_interconnect_0_upgraded_ipi_imp_xbar_0_synth_1: /home/linux/ieng6/students/298/jjhan/fa25-cse237c-projects/guitar_pedal/base/base.runs/base_axi_interconnect_0_upgraded_ipi_imp_xbar_0_synth_1/runme.log
base_axi_mem_intercon_upgraded_ipi_imp_xbar_0_synth_1: /home/linux/ieng6/students/298/jjhan/fa25-cse237c-projects/guitar_pedal/base/base.runs/base_axi_mem_intercon_upgraded_ipi_imp_xbar_0_synth_1/runme.log
base_microblaze_0_axi_periph_upgraded_ipi_imp_xbar_0_synth_1: /home/linux/ieng6/students/298/jjhan/fa25-cse237c-projects/guitar_pedal/base/base.runs/base_microblaze_0_axi_periph_upgraded_ipi_imp_xbar_0_synth_1/runme.log
base_microblaze_0_axi_periph_upgraded_ipi_imp_xbar_1_synth_1: /home/linux/ieng6/students/298/jjhan/fa25-cse237c-projects/guitar_pedal/base/base.runs/base_microblaze_0_axi_periph_upgraded_ipi_imp_xbar_1_synth_1/runme.log
base_microblaze_0_axi_periph_upgraded_ipi_imp_xbar_2_synth_1: /home/linux/ieng6/students/298/jjhan/fa25-cse237c-projects/guitar_pedal/base/base.runs/base_microblaze_0_axi_periph_upgraded_ipi_imp_xbar_2_synth_1/runme.log
base_microblaze_0_axi_periph_upgraded_ipi_imp_xbar_3_synth_1: /home/linux/ieng6/students/298/jjhan/fa25-cse237c-projects/guitar_pedal/base/base.runs/base_microblaze_0_axi_periph_upgraded_ipi_imp_xbar_3_synth_1/runme.log
base_ps7_0_axi_periph_upgraded_ipi_imp_xbar_0_synth_1: /home/linux/ieng6/students/298/jjhan/fa25-cse237c-projects/guitar_pedal/base/base.runs/base_ps7_0_axi_periph_upgraded_ipi_imp_xbar_0_synth_1/runme.log
base_ps7_0_axi_periph1_upgraded_ipi_imp_xbar_0_synth_1: /home/linux/ieng6/students/298/jjhan/fa25-cse237c-projects/guitar_pedal/base/base.runs/base_ps7_0_axi_periph1_upgraded_ipi_imp_xbar_0_synth_1/runme.log
base_ps7_0_axi_periph_1_upgraded_ipi_imp_xbar_0_synth_1: /home/linux/ieng6/students/298/jjhan/fa25-cse237c-projects/guitar_pedal/base/base.runs/base_ps7_0_axi_periph_1_upgraded_ipi_imp_xbar_0_synth_1/runme.log
base_axi_interconnect_0_upgraded_ipi_imp_xbar_1_synth_1: /home/linux/ieng6/students/298/jjhan/fa25-cse237c-projects/guitar_pedal/base/base.runs/base_axi_interconnect_0_upgraded_ipi_imp_xbar_1_synth_1/runme.log
base_axi_mem_intercon_upgraded_ipi_imp_xbar_1_synth_1: /home/linux/ieng6/students/298/jjhan/fa25-cse237c-projects/guitar_pedal/base/base.runs/base_axi_mem_intercon_upgraded_ipi_imp_xbar_1_synth_1/runme.log
base_axi_interconnect_0_imp_auto_pc_1_synth_1: /home/linux/ieng6/students/298/jjhan/fa25-cse237c-projects/guitar_pedal/base/base.runs/base_axi_interconnect_0_imp_auto_pc_1_synth_1/runme.log
base_axi_mem_intercon_imp_auto_us_1_synth_1: /home/linux/ieng6/students/298/jjhan/fa25-cse237c-projects/guitar_pedal/base/base.runs/base_axi_mem_intercon_imp_auto_us_1_synth_1/runme.log
base_axi_mem_intercon_imp_auto_pc_1_synth_1: /home/linux/ieng6/students/298/jjhan/fa25-cse237c-projects/guitar_pedal/base/base.runs/base_axi_mem_intercon_imp_auto_pc_1_synth_1/runme.log
base_microblaze_0_axi_periph_imp_m00_regslice_0_synth_1: /home/linux/ieng6/students/298/jjhan/fa25-cse237c-projects/guitar_pedal/base/base.runs/base_microblaze_0_axi_periph_imp_m00_regslice_0_synth_1/runme.log
base_microblaze_0_axi_periph_imp_m01_regslice_0_synth_1: /home/linux/ieng6/students/298/jjhan/fa25-cse237c-projects/guitar_pedal/base/base.runs/base_microblaze_0_axi_periph_imp_m01_regslice_0_synth_1/runme.log
base_microblaze_0_axi_periph_imp_m02_regslice_0_synth_1: /home/linux/ieng6/students/298/jjhan/fa25-cse237c-projects/guitar_pedal/base/base.runs/base_microblaze_0_axi_periph_imp_m02_regslice_0_synth_1/runme.log
base_microblaze_0_axi_periph_imp_m03_regslice_0_synth_1: /home/linux/ieng6/students/298/jjhan/fa25-cse237c-projects/guitar_pedal/base/base.runs/base_microblaze_0_axi_periph_imp_m03_regslice_0_synth_1/runme.log
base_microblaze_0_axi_periph_imp_m04_regslice_0_synth_1: /home/linux/ieng6/students/298/jjhan/fa25-cse237c-projects/guitar_pedal/base/base.runs/base_microblaze_0_axi_periph_imp_m04_regslice_0_synth_1/runme.log
base_microblaze_0_axi_periph_imp_m05_regslice_0_synth_1: /home/linux/ieng6/students/298/jjhan/fa25-cse237c-projects/guitar_pedal/base/base.runs/base_microblaze_0_axi_periph_imp_m05_regslice_0_synth_1/runme.log
base_microblaze_0_axi_periph_imp_m06_regslice_0_synth_1: /home/linux/ieng6/students/298/jjhan/fa25-cse237c-projects/guitar_pedal/base/base.runs/base_microblaze_0_axi_periph_imp_m06_regslice_0_synth_1/runme.log
base_microblaze_0_axi_periph_imp_m07_regslice_0_synth_1: /home/linux/ieng6/students/298/jjhan/fa25-cse237c-projects/guitar_pedal/base/base.runs/base_microblaze_0_axi_periph_imp_m07_regslice_0_synth_1/runme.log
base_microblaze_0_axi_periph_imp_m08_regslice_0_synth_1: /home/linux/ieng6/students/298/jjhan/fa25-cse237c-projects/guitar_pedal/base/base.runs/base_microblaze_0_axi_periph_imp_m08_regslice_0_synth_1/runme.log
base_microblaze_0_axi_periph_imp_m09_regslice_0_synth_1: /home/linux/ieng6/students/298/jjhan/fa25-cse237c-projects/guitar_pedal/base/base.runs/base_microblaze_0_axi_periph_imp_m09_regslice_0_synth_1/runme.log
base_microblaze_0_axi_periph_imp_m10_regslice_0_synth_1: /home/linux/ieng6/students/298/jjhan/fa25-cse237c-projects/guitar_pedal/base/base.runs/base_microblaze_0_axi_periph_imp_m10_regslice_0_synth_1/runme.log
base_microblaze_0_axi_periph_imp_m11_regslice_0_synth_1: /home/linux/ieng6/students/298/jjhan/fa25-cse237c-projects/guitar_pedal/base/base.runs/base_microblaze_0_axi_periph_imp_m11_regslice_0_synth_1/runme.log
base_microblaze_0_axi_periph_imp_m12_regslice_0_synth_1: /home/linux/ieng6/students/298/jjhan/fa25-cse237c-projects/guitar_pedal/base/base.runs/base_microblaze_0_axi_periph_imp_m12_regslice_0_synth_1/runme.log
base_microblaze_0_axi_periph_imp_m13_regslice_0_synth_1: /home/linux/ieng6/students/298/jjhan/fa25-cse237c-projects/guitar_pedal/base/base.runs/base_microblaze_0_axi_periph_imp_m13_regslice_0_synth_1/runme.log
base_microblaze_0_axi_periph_imp_m00_regslice_1_synth_1: /home/linux/ieng6/students/298/jjhan/fa25-cse237c-projects/guitar_pedal/base/base.runs/base_microblaze_0_axi_periph_imp_m00_regslice_1_synth_1/runme.log
base_microblaze_0_axi_periph_imp_m01_regslice_1_synth_1: /home/linux/ieng6/students/298/jjhan/fa25-cse237c-projects/guitar_pedal/base/base.runs/base_microblaze_0_axi_periph_imp_m01_regslice_1_synth_1/runme.log
base_microblaze_0_axi_periph_imp_m02_regslice_1_synth_1: /home/linux/ieng6/students/298/jjhan/fa25-cse237c-projects/guitar_pedal/base/base.runs/base_microblaze_0_axi_periph_imp_m02_regslice_1_synth_1/runme.log
base_microblaze_0_axi_periph_imp_m03_regslice_1_synth_1: /home/linux/ieng6/students/298/jjhan/fa25-cse237c-projects/guitar_pedal/base/base.runs/base_microblaze_0_axi_periph_imp_m03_regslice_1_synth_1/runme.log
base_microblaze_0_axi_periph_imp_m04_regslice_1_synth_1: /home/linux/ieng6/students/298/jjhan/fa25-cse237c-projects/guitar_pedal/base/base.runs/base_microblaze_0_axi_periph_imp_m04_regslice_1_synth_1/runme.log
base_microblaze_0_axi_periph_imp_m05_regslice_1_synth_1: /home/linux/ieng6/students/298/jjhan/fa25-cse237c-projects/guitar_pedal/base/base.runs/base_microblaze_0_axi_periph_imp_m05_regslice_1_synth_1/runme.log
base_microblaze_0_axi_periph_imp_m06_regslice_1_synth_1: /home/linux/ieng6/students/298/jjhan/fa25-cse237c-projects/guitar_pedal/base/base.runs/base_microblaze_0_axi_periph_imp_m06_regslice_1_synth_1/runme.log
base_microblaze_0_axi_periph_imp_m00_regslice_2_synth_1: /home/linux/ieng6/students/298/jjhan/fa25-cse237c-projects/guitar_pedal/base/base.runs/base_microblaze_0_axi_periph_imp_m00_regslice_2_synth_1/runme.log
base_microblaze_0_axi_periph_imp_m01_regslice_2_synth_1: /home/linux/ieng6/students/298/jjhan/fa25-cse237c-projects/guitar_pedal/base/base.runs/base_microblaze_0_axi_periph_imp_m01_regslice_2_synth_1/runme.log
base_microblaze_0_axi_periph_imp_m02_regslice_2_synth_1: /home/linux/ieng6/students/298/jjhan/fa25-cse237c-projects/guitar_pedal/base/base.runs/base_microblaze_0_axi_periph_imp_m02_regslice_2_synth_1/runme.log
base_microblaze_0_axi_periph_imp_m03_regslice_2_synth_1: /home/linux/ieng6/students/298/jjhan/fa25-cse237c-projects/guitar_pedal/base/base.runs/base_microblaze_0_axi_periph_imp_m03_regslice_2_synth_1/runme.log
base_microblaze_0_axi_periph_imp_m04_regslice_2_synth_1: /home/linux/ieng6/students/298/jjhan/fa25-cse237c-projects/guitar_pedal/base/base.runs/base_microblaze_0_axi_periph_imp_m04_regslice_2_synth_1/runme.log
base_microblaze_0_axi_periph_imp_m05_regslice_2_synth_1: /home/linux/ieng6/students/298/jjhan/fa25-cse237c-projects/guitar_pedal/base/base.runs/base_microblaze_0_axi_periph_imp_m05_regslice_2_synth_1/runme.log
base_microblaze_0_axi_periph_imp_m06_regslice_2_synth_1: /home/linux/ieng6/students/298/jjhan/fa25-cse237c-projects/guitar_pedal/base/base.runs/base_microblaze_0_axi_periph_imp_m06_regslice_2_synth_1/runme.log
base_microblaze_0_axi_periph_imp_m00_regslice_3_synth_1: /home/linux/ieng6/students/298/jjhan/fa25-cse237c-projects/guitar_pedal/base/base.runs/base_microblaze_0_axi_periph_imp_m00_regslice_3_synth_1/runme.log
base_microblaze_0_axi_periph_imp_m01_regslice_3_synth_1: /home/linux/ieng6/students/298/jjhan/fa25-cse237c-projects/guitar_pedal/base/base.runs/base_microblaze_0_axi_periph_imp_m01_regslice_3_synth_1/runme.log
base_microblaze_0_axi_periph_imp_m02_regslice_3_synth_1: /home/linux/ieng6/students/298/jjhan/fa25-cse237c-projects/guitar_pedal/base/base.runs/base_microblaze_0_axi_periph_imp_m02_regslice_3_synth_1/runme.log
base_microblaze_0_axi_periph_imp_m03_regslice_3_synth_1: /home/linux/ieng6/students/298/jjhan/fa25-cse237c-projects/guitar_pedal/base/base.runs/base_microblaze_0_axi_periph_imp_m03_regslice_3_synth_1/runme.log
base_microblaze_0_axi_periph_imp_m04_regslice_3_synth_1: /home/linux/ieng6/students/298/jjhan/fa25-cse237c-projects/guitar_pedal/base/base.runs/base_microblaze_0_axi_periph_imp_m04_regslice_3_synth_1/runme.log
base_microblaze_0_axi_periph_imp_m05_regslice_3_synth_1: /home/linux/ieng6/students/298/jjhan/fa25-cse237c-projects/guitar_pedal/base/base.runs/base_microblaze_0_axi_periph_imp_m05_regslice_3_synth_1/runme.log
base_microblaze_0_axi_periph_imp_m06_regslice_3_synth_1: /home/linux/ieng6/students/298/jjhan/fa25-cse237c-projects/guitar_pedal/base/base.runs/base_microblaze_0_axi_periph_imp_m06_regslice_3_synth_1/runme.log
base_microblaze_0_axi_periph_imp_m07_regslice_3_synth_1: /home/linux/ieng6/students/298/jjhan/fa25-cse237c-projects/guitar_pedal/base/base.runs/base_microblaze_0_axi_periph_imp_m07_regslice_3_synth_1/runme.log
base_microblaze_0_axi_periph_imp_m08_regslice_1_synth_1: /home/linux/ieng6/students/298/jjhan/fa25-cse237c-projects/guitar_pedal/base/base.runs/base_microblaze_0_axi_periph_imp_m08_regslice_1_synth_1/runme.log
base_microblaze_0_axi_periph_imp_m09_regslice_1_synth_1: /home/linux/ieng6/students/298/jjhan/fa25-cse237c-projects/guitar_pedal/base/base.runs/base_microblaze_0_axi_periph_imp_m09_regslice_1_synth_1/runme.log
base_microblaze_0_axi_periph_imp_m10_regslice_1_synth_1: /home/linux/ieng6/students/298/jjhan/fa25-cse237c-projects/guitar_pedal/base/base.runs/base_microblaze_0_axi_periph_imp_m10_regslice_1_synth_1/runme.log
base_ps7_0_axi_periph_imp_s00_regslice_0_synth_1: /home/linux/ieng6/students/298/jjhan/fa25-cse237c-projects/guitar_pedal/base/base.runs/base_ps7_0_axi_periph_imp_s00_regslice_0_synth_1/runme.log
base_ps7_0_axi_periph_imp_auto_pc_6_synth_1: /home/linux/ieng6/students/298/jjhan/fa25-cse237c-projects/guitar_pedal/base/base.runs/base_ps7_0_axi_periph_imp_auto_pc_6_synth_1/runme.log
base_ps7_0_axi_periph_imp_m00_regslice_0_synth_1: /home/linux/ieng6/students/298/jjhan/fa25-cse237c-projects/guitar_pedal/base/base.runs/base_ps7_0_axi_periph_imp_m00_regslice_0_synth_1/runme.log
base_ps7_0_axi_periph_imp_auto_pc_0_synth_1: /home/linux/ieng6/students/298/jjhan/fa25-cse237c-projects/guitar_pedal/base/base.runs/base_ps7_0_axi_periph_imp_auto_pc_0_synth_1/runme.log
base_ps7_0_axi_periph_imp_m01_regslice_0_synth_1: /home/linux/ieng6/students/298/jjhan/fa25-cse237c-projects/guitar_pedal/base/base.runs/base_ps7_0_axi_periph_imp_m01_regslice_0_synth_1/runme.log
base_ps7_0_axi_periph_imp_m02_regslice_0_synth_1: /home/linux/ieng6/students/298/jjhan/fa25-cse237c-projects/guitar_pedal/base/base.runs/base_ps7_0_axi_periph_imp_m02_regslice_0_synth_1/runme.log
base_ps7_0_axi_periph_imp_auto_pc_1_synth_1: /home/linux/ieng6/students/298/jjhan/fa25-cse237c-projects/guitar_pedal/base/base.runs/base_ps7_0_axi_periph_imp_auto_pc_1_synth_1/runme.log
base_ps7_0_axi_periph_imp_auto_pc_2_synth_1: /home/linux/ieng6/students/298/jjhan/fa25-cse237c-projects/guitar_pedal/base/base.runs/base_ps7_0_axi_periph_imp_auto_pc_2_synth_1/runme.log
base_ps7_0_axi_periph_imp_m04_regslice_0_synth_1: /home/linux/ieng6/students/298/jjhan/fa25-cse237c-projects/guitar_pedal/base/base.runs/base_ps7_0_axi_periph_imp_m04_regslice_0_synth_1/runme.log
base_ps7_0_axi_periph_imp_auto_pc_3_synth_1: /home/linux/ieng6/students/298/jjhan/fa25-cse237c-projects/guitar_pedal/base/base.runs/base_ps7_0_axi_periph_imp_auto_pc_3_synth_1/runme.log
base_ps7_0_axi_periph_imp_m05_regslice_0_synth_1: /home/linux/ieng6/students/298/jjhan/fa25-cse237c-projects/guitar_pedal/base/base.runs/base_ps7_0_axi_periph_imp_m05_regslice_0_synth_1/runme.log
base_ps7_0_axi_periph_imp_auto_pc_4_synth_1: /home/linux/ieng6/students/298/jjhan/fa25-cse237c-projects/guitar_pedal/base/base.runs/base_ps7_0_axi_periph_imp_auto_pc_4_synth_1/runme.log
base_ps7_0_axi_periph_imp_m06_regslice_0_synth_1: /home/linux/ieng6/students/298/jjhan/fa25-cse237c-projects/guitar_pedal/base/base.runs/base_ps7_0_axi_periph_imp_m06_regslice_0_synth_1/runme.log
base_ps7_0_axi_periph_imp_m07_regslice_0_synth_1: /home/linux/ieng6/students/298/jjhan/fa25-cse237c-projects/guitar_pedal/base/base.runs/base_ps7_0_axi_periph_imp_m07_regslice_0_synth_1/runme.log
base_ps7_0_axi_periph_imp_auto_pc_5_synth_1: /home/linux/ieng6/students/298/jjhan/fa25-cse237c-projects/guitar_pedal/base/base.runs/base_ps7_0_axi_periph_imp_auto_pc_5_synth_1/runme.log
base_ps7_0_axi_periph1_imp_s00_regslice_0_synth_1: /home/linux/ieng6/students/298/jjhan/fa25-cse237c-projects/guitar_pedal/base/base.runs/base_ps7_0_axi_periph1_imp_s00_regslice_0_synth_1/runme.log
base_ps7_0_axi_periph1_imp_m00_regslice_0_synth_1: /home/linux/ieng6/students/298/jjhan/fa25-cse237c-projects/guitar_pedal/base/base.runs/base_ps7_0_axi_periph1_imp_m00_regslice_0_synth_1/runme.log
base_ps7_0_axi_periph1_imp_m01_regslice_0_synth_1: /home/linux/ieng6/students/298/jjhan/fa25-cse237c-projects/guitar_pedal/base/base.runs/base_ps7_0_axi_periph1_imp_m01_regslice_0_synth_1/runme.log
base_ps7_0_axi_periph1_imp_m02_regslice_0_synth_1: /home/linux/ieng6/students/298/jjhan/fa25-cse237c-projects/guitar_pedal/base/base.runs/base_ps7_0_axi_periph1_imp_m02_regslice_0_synth_1/runme.log
base_ps7_0_axi_periph1_imp_m03_regslice_0_synth_1: /home/linux/ieng6/students/298/jjhan/fa25-cse237c-projects/guitar_pedal/base/base.runs/base_ps7_0_axi_periph1_imp_m03_regslice_0_synth_1/runme.log
base_ps7_0_axi_periph_1_imp_auto_pc_0_synth_1: /home/linux/ieng6/students/298/jjhan/fa25-cse237c-projects/guitar_pedal/base/base.runs/base_ps7_0_axi_periph_1_imp_auto_pc_0_synth_1/runme.log
base_axi_interconnect_0_imp_s00_regslice_0_synth_1: /home/linux/ieng6/students/298/jjhan/fa25-cse237c-projects/guitar_pedal/base/base.runs/base_axi_interconnect_0_imp_s00_regslice_0_synth_1/runme.log
base_axi_interconnect_0_imp_auto_pc_0_synth_1: /home/linux/ieng6/students/298/jjhan/fa25-cse237c-projects/guitar_pedal/base/base.runs/base_axi_interconnect_0_imp_auto_pc_0_synth_1/runme.log
base_axi_interconnect_0_imp_m00_regslice_0_synth_1: /home/linux/ieng6/students/298/jjhan/fa25-cse237c-projects/guitar_pedal/base/base.runs/base_axi_interconnect_0_imp_m00_regslice_0_synth_1/runme.log
base_axi_interconnect_0_imp_m01_regslice_0_synth_1: /home/linux/ieng6/students/298/jjhan/fa25-cse237c-projects/guitar_pedal/base/base.runs/base_axi_interconnect_0_imp_m01_regslice_0_synth_1/runme.log
base_axi_interconnect_0_imp_m02_regslice_0_synth_1: /home/linux/ieng6/students/298/jjhan/fa25-cse237c-projects/guitar_pedal/base/base.runs/base_axi_interconnect_0_imp_m02_regslice_0_synth_1/runme.log
base_axi_interconnect_0_imp_m03_regslice_0_synth_1: /home/linux/ieng6/students/298/jjhan/fa25-cse237c-projects/guitar_pedal/base/base.runs/base_axi_interconnect_0_imp_m03_regslice_0_synth_1/runme.log
base_axi_interconnect_0_imp_m04_regslice_0_synth_1: /home/linux/ieng6/students/298/jjhan/fa25-cse237c-projects/guitar_pedal/base/base.runs/base_axi_interconnect_0_imp_m04_regslice_0_synth_1/runme.log
base_axi_interconnect_0_imp_m05_regslice_0_synth_1: /home/linux/ieng6/students/298/jjhan/fa25-cse237c-projects/guitar_pedal/base/base.runs/base_axi_interconnect_0_imp_m05_regslice_0_synth_1/runme.log
base_axi_interconnect_0_imp_m06_regslice_0_synth_1: /home/linux/ieng6/students/298/jjhan/fa25-cse237c-projects/guitar_pedal/base/base.runs/base_axi_interconnect_0_imp_m06_regslice_0_synth_1/runme.log
base_axi_interconnect_0_imp_m07_regslice_0_synth_1: /home/linux/ieng6/students/298/jjhan/fa25-cse237c-projects/guitar_pedal/base/base.runs/base_axi_interconnect_0_imp_m07_regslice_0_synth_1/runme.log
base_axi_interconnect_0_imp_m08_regslice_0_synth_1: /home/linux/ieng6/students/298/jjhan/fa25-cse237c-projects/guitar_pedal/base/base.runs/base_axi_interconnect_0_imp_m08_regslice_0_synth_1/runme.log
base_axi_interconnect_0_imp_m09_regslice_0_synth_1: /home/linux/ieng6/students/298/jjhan/fa25-cse237c-projects/guitar_pedal/base/base.runs/base_axi_interconnect_0_imp_m09_regslice_0_synth_1/runme.log
base_axi_mem_intercon_imp_auto_us_0_synth_1: /home/linux/ieng6/students/298/jjhan/fa25-cse237c-projects/guitar_pedal/base/base.runs/base_axi_mem_intercon_imp_auto_us_0_synth_1/runme.log
base_axi_mem_intercon_imp_auto_pc_0_synth_1: /home/linux/ieng6/students/298/jjhan/fa25-cse237c-projects/guitar_pedal/base/base.runs/base_axi_mem_intercon_imp_auto_pc_0_synth_1/runme.log
synth_1: /home/linux/ieng6/students/298/jjhan/fa25-cse237c-projects/guitar_pedal/base/base.runs/synth_1/runme.log
[Fri Nov 21 15:21:54 2025] Launched impl_1...
Run output will be captured here: /home/linux/ieng6/students/298/jjhan/fa25-cse237c-projects/guitar_pedal/base/base.runs/impl_1/runme.log
launch_runs: Time (s): cpu = 00:21:32 ; elapsed = 00:06:56 . Memory (MB): peak = 23615.742 ; gain = 4532.758 ; free physical = 402 ; free virtual = 6539
apply_bd_automation -rule xilinx.com:bd_rule:microblaze -config { all {1} axi_intc {1} axi_periph {Enabled} cache {8KB} clk {/ps7_0/FCLK_CLK0 (100 MHz)} compress {1} cores {1} debug_module {Debug Only} disable {1} ecc {None} local_mem {64KB} preset {None}}  [get_bd_cells iop_arduino/mb]
INFO: [xilinx.com:ip:microblaze:11.0-100] MicroBlaze Conversion Block Automation dismissed. It can be activated again with "set_property CONFIG.C_ENABLE_CONVERSION 1 [get_bd_cells /iop_arduino/mb]".
save_bd_design
WARNING: [BD 41-2671] The dangling interface net <Conn2> will not be written out to the BD file.
WARNING: [BD 41-2671] The dangling interface net <TMDS_1> will not be written out to the BD file.
WARNING: [BD 41-2671] The dangling interface net <Conn1> will not be written out to the BD file.
WARNING: [BD 41-2671] The dangling interface net <Conn1> will not be written out to the BD file.
WARNING: [BD 41-2671] The dangling interface net <Conn1> will not be written out to the BD file.
WARNING: [BD 41-2671] The dangling interface net <TMDS_1> will not be written out to the BD file.
WARNING: [BD 41-2671] The dangling interface net <hdmi_in_1> will not be written out to the BD file.
WARNING: [BD 41-2671] The dangling interface net <video_TMDS1> will not be written out to the BD file.
Wrote  : </home/linux/ieng6/students/298/jjhan/fa25-cse237c-projects/guitar_pedal/base/base.srcs/sources_1/bd/base/base.bd> 
Wrote  : </home/linux/ieng6/students/298/jjhan/fa25-cse237c-projects/guitar_pedal/base/base.srcs/sources_1/bd/base/ui/bd_520828f1.ui> 
report_ip_status -name ip_status 
write_bd_tcl
ERROR: [Common 17-163] Missing value for option 'tcl_filename', please type 'write_bd_tcl -help' for usage info.
dir
WARNING: [Common 17-259] Unknown Tcl command 'dir' sending command to the OS shell for execution. It is recommended to use 'exec' to send the command to the OS shell.
aie	      ip_from_2024_1  vivado.jou  vivado_pid2562372.str
guitar_pedal  scripts	      vivado.log
open_bd_design {/home/linux/ieng6/students/298/jjhan/fa25-cse237c-projects/guitar_pedal/base/base.srcs/sources_1/bd/base/base.bd}
delete_bd_objs [get_bd_intf_nets video/hdmi_in/frontend/color_swap_0_pixel_output] [get_bd_intf_nets video/hdmi_in/color_convert_stream_out_24] [get_bd_nets trace_analyzer_pmodb/A_TDATA_1] [get_bd_nets trace_analyzer_pmodb/constant_tkeep_tstrb_dout] [get_bd_nets iop_pmodb/iop2_intr_ack_1] [get_bd_nets iop_pmodb/dff_en_reset_vector_0_q] [get_bd_nets iop_pmodb/io_switch_timer_i] [get_bd_nets iop_pmodb/mb2_timer_generateout0] [get_bd_intf_nets ps7_0_axi_periph_M03_AXI] [get_bd_intf_nets trace_analyzer_pmodb/S_AXI_1] [get_bd_intf_nets trace_analyzer_pmodb/trace_cntrl_32_0_capture_32] [get_bd_intf_nets iop_rpi/uartlite_UART] [get_bd_intf_nets video/hdmi_in/Conn6] [get_bd_nets iop_rpi/mb3_intr_ack_1] [get_bd_nets iop_rpi/dff_en_reset_vector_0_q] [get_bd_nets video/hdmi_in/frontend/RefClk_1] [get_bd_intf_nets video/hdmi_in/axis_register_slice_0_M_AXIS] [get_bd_intf_nets iop_pmoda/iic_IIC] [get_bd_intf_nets iop_rpi/Conn1] [get_bd_intf_nets iop_rpi/spi_subsystem_SPI_3] [get_bd_nets video/hdmi_out/frontend/axi_dynclk_0_PXL_CLK_5X_O] [get_bd_nets iop_arduino/timers_subsystem_generate_o] [get_bd_intf_nets video/hdmi_out/Conn7] [get_bd_intf_nets iop_pmoda/Conn3] [get_bd_intf_nets video/hdmi_out/color_convert_stream_out_24] [get_bd_intf_nets wire_distribution_network/collector_pmoda_rpi_gpio_output] [get_bd_intf_nets iop_rpi/iic_subsystem_IIC1] [get_bd_intf_nets video/hdmi_in/pixel_pack_stream_out_32] [get_bd_intf_nets iop_rpi/spi_subsystem_SPI_2] [get_bd_nets wire_distribution_network/rpi_t_27_8_Dout1] [get_bd_nets audio_codec_ctrl_0_LRCLK] [get_bd_nets audio_codec_ctrl_0_codec_address] [get_bd_nets interface_slice_0_gpio_t] [get_bd_intf_nets video/hdmi_out/axis_register_slice_0_M_AXIS] [get_bd_intf_nets video/hdmi_out/in_stream_1] [get_bd_nets wire_distribution_network/pmoda_rp_pin_sel_Dout] [get_bd_nets wire_distribution_network/pmoda_rpi_t_sel_y] [get_bd_nets wire_distribution_network/collector_pmoda_rpi_wire_i_i] [get_bd_nets wire_distribution_network/distributor_pmoda_wire_o_o] [get_bd_nets wire_distribution_network/rpi_o_27_8_Dout] [get_bd_intf_nets iop_pmodb/spi_SPI_0] [get_bd_intf_nets iop_rpi/iic_subsystem_IIC] [get_bd_nets iop_arduino/dff_en_reset_vector_0_q] [get_bd_intf_nets video/hdmi_in/frontend/dvi2rgb_0_RGB] [get_bd_nets iop_arduino/mb3_intr_ack_1] [get_bd_intf_nets axi_interconnect_0_M00_AXI] [get_bd_intf_nets video/hdmi_out/frontend/v_axi4s_vid_out_0_vid_io_out] [get_bd_nets iop_pmoda/iop1_intr_ack_1] [get_bd_nets iop_pmoda/dff_en_reset_vector_0_q] [get_bd_nets iop_pmoda/io_switch_timer_i] [get_bd_nets iop_pmoda/mb1_timer_generateout0] [get_bd_intf_nets video/hdmi_in/frontend_video_out] [get_bd_intf_nets wire_distribution_network/distributor_rpi_27_8_gpio_output] [get_bd_intf_nets video/hdmi_out/pixel_unpack_stream_out_24] [get_bd_intf_nets iop_rpi/rpi_gpio_GPIO] [get_bd_nets trace_analyzer_pi/A_TVALID_1] [get_bd_intf_nets address_remap_0_M_AXI_out] [get_bd_intf_nets video/hdmi_out/frontend/color_swap_0_pixel_output] [get_bd_intf_nets iop_arduino/Conn3] [get_bd_nets trace_analyzer_pmodb/A_TVALID_1] [get_bd_intf_nets video/hdmi_out/Conn8] [get_bd_intf_nets iop_pmoda/microblaze_0_axi_periph_M02_AXI] [get_bd_nets iop_pmodb/iop2_intr_gpio_io_o] [get_bd_nets iop_pmodb/mb2_timer_pwm0] [get_bd_intf_nets iop_pmoda/spi_SPI_0] [get_bd_intf_nets iop_arduino/arduino_gpio_GPIO] [get_bd_nets iop_arduino/mb3_intr_gpio_io_o] [get_bd_nets iop_rpi/mb4_timers_subsystem_pwm_o] [get_bd_nets iop_rpi/mb3_intr_gpio_io_o] [get_bd_intf_nets wire_distribution_network/iop_pmoda_io] [get_bd_intf_nets iop_pmodb/gpio_GPIO] [get_bd_intf_nets iop_arduino/microblaze_0_axi_periph_M02_AXI] [get_bd_intf_nets iop_rpi/microblaze_0_axi_periph_M02_AXI] [get_bd_intf_nets iop_arduino/spi_subsystem_SPI_0] [get_bd_nets video/hdmi_out/frontend/axi_dynclk_0_LOCKED_O] [get_bd_intf_nets video/hdmi_in/Conn5] [get_bd_nets iop_arduino/timers_subsystem_pwm_o] [get_bd_intf_nets video/hdmi_out/frontend/ps7_0_axi_periph_M08_AXI] [get_bd_intf_nets iop_pmodb/iic_IIC] [get_bd_intf_nets iop_arduino/uartlite_UART] [get_bd_intf_nets video/hdmi_in/frontend/Conn1] [get_bd_intf_nets video/hdmi_out/frontend/Conn1] [get_bd_intf_nets iop_pmoda/gpio_GPIO] [get_bd_intf_nets wire_distribution_network/iop_rpi_io] [get_bd_nets wire_distribution_network/rpi_t_reorder_dout] [get_bd_nets audio_codec_ctrl_0_BCLK] [get_bd_nets SDATA_I_1] [get_bd_nets audio_codec_ctrl_0_SDATA_O] [get_bd_nets interface_slice_0_gpio_i] [get_bd_nets wire_distribution_network/distributor_pmoda_wire_o_t] [get_bd_nets wire_distribution_network/collector_rpi_27_8_wire_i_i] [get_bd_nets wire_distribution_network/pmoda_rpi_o_sel_y] [get_bd_nets wire_distribution_network/rpi_o_reorder_dout] [get_bd_intf_nets iop_pmodb/microblaze_0_axi_periph_M02_AXI] [get_bd_nets iop_arduino/capture_i_1] [get_bd_nets iop_pmoda/iop1_intr_gpio_io_o] [get_bd_nets iop_pmoda/mb1_timer_pwm0] [get_bd_intf_nets iop_pmodb/Conn3] [get_bd_intf_nets trace_analyzer_pi/S_AXI_1] [get_bd_intf_nets video/hdmi_in/frontend/Conn2] [get_bd_intf_nets trace_analyzer_pi/trace_cntrl_64_0_capture_64] [get_bd_nets trace_analyzer_pi/A_TDATA_1] [get_bd_nets trace_analyzer_pi/constant_tkeep_tstrb_dout] [get_bd_cells video/hdmi_in/pixel_pack] [get_bd_cells wire_distribution_network/pmoda_rpi_t_sel] [get_bd_cells wire_distribution_network/distributor_pmoda] [get_bd_cells video/hdmi_out/color_convert] [get_bd_cells iop_arduino/io_switch] [get_bd_cells iop_pmoda/dff_en_reset_vector_0] [get_bd_cells wire_distribution_network/distributor_rpi] [get_bd_cells trace_analyzer_pi/trace_cntrl_64_0] [get_bd_cells iop_pmodb/dff_en_reset_vector_0] [get_bd_cells iop_rpi/io_switch] [get_bd_cells wire_distribution_network/collector_rpi_27_8] [get_bd_cells video/hdmi_out/frontend/axi_dynclk] [get_bd_cells video/hdmi_out/frontend/rgb2dvi_0] [get_bd_cells audio_codec_ctrl_0] [get_bd_cells video/hdmi_in/frontend/color_swap_0] [get_bd_cells video/hdmi_out/pixel_unpack] [get_bd_cells trace_analyzer_pmodb/trace_cntrl_32_0] [get_bd_cells iop_rpi/dff_en_reset_vector_0] [get_bd_cells iop_pmodb/io_switch] [get_bd_cells iop_arduino/dff_en_reset_vector_0] [get_bd_cells iop_pmoda/io_switch] [get_bd_cells wire_distribution_network/collector_pmoda_rpi] [get_bd_cells wire_distribution_network/pmoda_rpi_o_sel] [get_bd_cells video/hdmi_out/frontend/color_swap_0] [get_bd_cells address_remap_0] [get_bd_cells video/hdmi_in/frontend/dvi2rgb_0] [get_bd_cells slice_pmodb_gpio] [get_bd_cells video/hdmi_in/color_convert]
INFO: [Common 17-41] Interrupt caught. Command should exit soon.
delete_bd_objs: Time (s): cpu = 00:00:41 ; elapsed = 00:00:49 . Memory (MB): peak = 23615.742 ; gain = 0.000 ; free physical = 6075 ; free virtual = 11766
INFO: [Common 17-344] 'delete_bd_objs' was cancelled
et_property LOCK_UPGRADE false [get_bd_cells wire_distribution_network/pmoda_rpi_t_sel]
WARNING: [BD 5-230] No cells matched 'get_bd_cells wire_distribution_network/pmoda_rpi_t_sel'
invalid command name "et_property"
set_property LOCK_UPGRADE false [get_bd_cells wire_distribution_network/pmoda_rpi_t_sel]
WARNING: [BD 5-230] No cells matched 'get_bd_cells wire_distribution_network/pmoda_rpi_t_sel'
ERROR: [Common 17-55] 'set_property' expects at least one object.
Resolution: If [get_<value>] was used to populate the object, check to make sure this command returns at least one valid object.
export_ip_user_files -of_objects  [get_files /home/linux/ieng6/students/298/jjhan/fa25-cse237c-projects/guitar_pedal/base/base.srcs/sources_1/bd/base/base.bd] -no_script -reset -force -quiet
remove_files  /home/linux/ieng6/students/298/jjhan/fa25-cse237c-projects/guitar_pedal/base/base.srcs/sources_1/bd/base/base.bd
INFO: [Common 17-41] Interrupt caught. Command should exit soon.
INFO: [Common 17-344] 'delete_fileset' was cancelled
delete_ip_run: Time (s): cpu = 00:00:26 ; elapsed = 00:00:32 . Memory (MB): peak = 23615.742 ; gain = 0.000 ; free physical = 6141 ; free virtual = 11789
INFO: [Common 17-344] 'delete_ip_run' was cancelled
INFO: [Common 17-344] 'remove_files' was cancelled
