Execute         source -notrace -encoding utf-8 /software/common/Xilinx_Vitis/Vitis/2024.2/tps/tcl/tcl8.6/clock.tcl 
Execute           source -encoding utf-8 /software/common/Xilinx_Vitis/Vitis/2024.2/tps/tcl/tcl8/8.5/msgcat-1.6.1.tm 
INFO-FLOW: Workspace /home/linux/ieng6/students/401/bmscott/fa25-cse237c-projects/fir/Q5/fir.comp/hls opened at Sun Oct 12 20:22:32 PDT 2025
Execute         send_msg_by_id INFO @200-1505@%s%s default  vivado 
INFO: [HLS 200-1505] Using default flow_target 'vivado'
Execute         write_ini /home/linux/ieng6/students/401/bmscott/fa25-cse237c-projects/fir/Q5/fir.comp/hls_config.cfg -apsfile /home/linux/ieng6/students/401/bmscott/fa25-cse237c-projects/fir/Q5/fir.comp/hls/hls.aps -filepaths relative -quiet 
Execute         source /software/common/Xilinx_Vitis/Vitis/2024.2/tps/tcl/tcllib1.11.1/yaml/huddle.tcl 
Execute         source /software/common/Xilinx_Vitis/Vitis/2024.2/tps/tcl/tcllib1.11.1/yaml/json2huddle.tcl 
Execute           source /software/common/Xilinx_Vitis/Vitis/2024.2/tps/tcl/tcllib1.11.1/try/try.tcl 
Execute     add_files fir.cpp 
INFO: [HLS 200-1510] Running: add_files fir.cpp 
INFO: [HLS 200-10] Adding design file 'fir.cpp' to the project
Execute     add_files -tb fir_test.cpp 
INFO: [HLS 200-1510] Running: add_files -tb fir_test.cpp 
INFO: [HLS 200-10] Adding test bench file 'fir_test.cpp' to the project
Execute     set_top fir 
INFO: [HLS 200-1510] Running: set_top fir 
Execute     set_part xc7z020-clg400-1 
INFO: [HLS 200-1510] Running: set_part xc7z020-clg400-1 
Execute       create_platform xc7z020-clg400-1 -board  
DBG:HLSDevice: Trying to load device library: /software/common/Xilinx_Vitis/Vitis/2024.2/lib/lnx64.o/libxv_hlsvwrap.so
DBG:HLSDevice: first parts/arch.xml in RDI_DATADIR: /software/common/Xilinx_Vitis/Vivado/2024.2/data/parts/arch.xml
DBG:HLSDevice: init success
INFO: [HLS 200-1611] Setting target device to 'xc7z020-clg400-1'
Command       create_platform done; 5.43 sec.
Execute       source /software/common/Xilinx_Vitis/Vitis/2024.2/common/technology/xilinx/common/xilinx.gen 
Execute         source /software/common/Xilinx_Vitis/Vitis/2024.2/common/technology/xilinx/interface/plb46.gen 
Execute         source /software/common/Xilinx_Vitis/Vitis/2024.2/common/technology/xilinx/interface/axi4.gen 
Execute         source /software/common/Xilinx_Vitis/Vitis/2024.2/common/technology/xilinx/interface/nativeAXI4.gen 
Execute           source /software/common/Xilinx_Vitis/Vitis/2024.2/common/technology/xilinx/interface/saxilite.gen 
Execute         source /software/common/Xilinx_Vitis/Vitis/2024.2/common/technology/xilinx/scripts/xilinxcoregen.gen 
Execute         source /software/common/Xilinx_Vitis/Vitis/2024.2/common/technology/xilinx/interface/XilEDKCoreGen.gen 
Execute         source /software/common/Xilinx_Vitis/Vitis/2024.2/common/technology/xilinx/ip/xfir.gen 
Execute         source /software/common/Xilinx_Vitis/Vitis/2024.2/common/technology/xilinx/ip/dds_compiler.gen 
Execute         source /software/common/Xilinx_Vitis/Vitis/2024.2/common/technology/xilinx/ip/util.gen 
Execute         source /software/common/Xilinx_Vitis/Vitis/2024.2/common/technology/xilinx/ip/xfft.gen 
Execute         source /software/common/Xilinx_Vitis/Vitis/2024.2/common/technology/xilinx/DSP48/dsp48.gen 
Command       ap_source done; 0.12 sec.
Execute       ap_part_info -name xc7z020-clg400-1 -data info 
Execute       config_compile -quiet -complex-mul-dsp=0 
Command     set_part done; 5.6 sec.
Execute     create_clock -period 10 
INFO: [HLS 200-1510] Running: create_clock -period 10 
Execute       ap_set_clock -name default -period 10 -unit ns -default=false 
INFO: [SYN 201-201] Setting up clock 'default' with a period of 10ns.
Execute     csynth_design 
INFO: [HLS 200-1510] Running: csynth_design 
Execute       ::AP::init_summary_file csynth 
Execute         AP::app_get_file_relativeroot [AP::app_get_root] {}
Command       AP::init_summary_file done; 2.57 sec.
Execute       write_ini /home/linux/ieng6/students/401/bmscott/fa25-cse237c-projects/fir/Q5/fir.comp/hls_config.cfg -apsfile /home/linux/ieng6/students/401/bmscott/fa25-cse237c-projects/fir/Q5/fir.comp/hls/hls.aps -filepaths relative -quiet 
INFO-FLOW: Running SLX 'csynth' proc: ::SLX::run_csynth
Execute       elaborate -effort=medium -skip_syncheck=0 -keep_printf=0 -skip_cdt=0 -skip_transform=0 -ng=0 -g=0 -opt_fp=0 -from_csynth_design=1 
INFO: [HLS 200-111] Finished File checks and directory preparation: CPU user time: 0.13 seconds. CPU system time: 0.05 seconds. Elapsed time: 2.72 seconds; current allocated memory: 659.238 MB.
Execute         set_directive_top fir -name=fir 
INFO: [HLS 200-10] Analyzing design file 'fir.cpp' ... 
INFO-FLOW: Compiling one TU...
INFO-FLOW: Handling fir.cpp as C++
Execute         ap_part_info -name xc7z020-clg400-1 -data info 
INFO-FLOW: Running: GCC PP 39
INFO-FLOW: Source preprocessing
INFO-FLOW: run_clang exec: /software/common/Xilinx_Vitis/Vitis/2024.2/lnx64/tools/clang-3.9-csynth/bin/clang fir.cpp -foptimization-record-file=/home/linux/ieng6/students/401/bmscott/fa25-cse237c-projects/fir/Q5/fir.comp/hls/.autopilot/db/fir.cpp.clang.diag.yml -mllvm -pass-remarks-missed=reflow|pasta|unroll|inline -mllvm -pass-remarks=reflow|pasta|unroll|inline -fno-limit-debug-info --gcc-toolchain=/software/common/Xilinx_Vitis/Vitis/2024.2/tps/lnx64/gcc-8.3.0 -fhls -fno-exceptions -insert-hls-directive=/home/linux/ieng6/students/401/bmscott/fa25-cse237c-projects/fir/Q5/fir.comp/hls/.autopilot/db/all.directive.json -E -fno-math-errno -c -emit-llvm -mllvm -disable-llvm-optzns -Werror=implicit-function-declaration -Werror=implicit-hls-streams -Werror=return-type -Wpragmas -Wunused-parameter -Wdump-hls-pragmas -Wno-error=dump-hls-pragmas -hls-clock-period=10 -fno-threadsafe-statics -fno-use-cxa-atexit -std=gnu++14 -target fpga64-xilinx-linux-gnu -fno-threadsafe-statics -fno-use-cxa-atexit -D__VITIS_HLS__ -DAESL_SYN -D__SYNTHESIS__ -D__HLS_SYN__ -I /software/common/Xilinx_Vitis/Vitis/2024.2/common/technology/autopilot -I /software/common/Xilinx_Vitis/Vitis/2024.2/common/technology/autopilot/ap_sysc -include etc/autopilot_ssdm_op.h -D__DSP48E1__ -I /usr/include/x86_64-linux-gnu -o /home/linux/ieng6/students/401/bmscott/fa25-cse237c-projects/fir/Q5/fir.comp/hls/.autopilot/db/fir.pp.0.cpp -hls-platform-db-name=/software/common/Xilinx_Vitis/Vitis/2024.2/common/technology/xilinx/common/platform.db -hls-platform-name=zynq_slow -device-resource-info=BRAM_280.000000_DSP_220.000000_FF_106400.000000_LUT_53200.000000_SLICE_13300.000000_URAM_0.000000 -device-name-info=xc7z020clg400-1 > /home/linux/ieng6/students/401/bmscott/fa25-cse237c-projects/fir/Q5/fir.comp/hls/.autopilot/db/fir.cpp.clang.out.log 2> /home/linux/ieng6/students/401/bmscott/fa25-cse237c-projects/fir/Q5/fir.comp/hls/.autopilot/db/fir.cpp.clang.err.log
INFO-FLOW: Done: GCC PP 39 time: 0.3 seconds per iteration
INFO-FLOW: Source syntax check for synthesis
INFO-FLOW: run_clang exec: /software/common/Xilinx_Vitis/Vitis/2024.2/lnx64/tools/clang-3.9-csynth/bin/clang -foptimization-record-file=/home/linux/ieng6/students/401/bmscott/fa25-cse237c-projects/fir/Q5/fir.comp/hls/.autopilot/db/clang.diag.yml -mllvm -pass-remarks-missed=reflow|pasta|unroll|inline -mllvm -pass-remarks=reflow|pasta|unroll|inline -fsyntax-only -fhls -target fpga64-xilinx-linux-gnu /home/linux/ieng6/students/401/bmscott/fa25-cse237c-projects/fir/Q5/fir.comp/hls/.autopilot/db/fir.pp.0.cpp -hls-platform-db-name=/software/common/Xilinx_Vitis/Vitis/2024.2/common/technology/xilinx/common/platform.db -hls-platform-name=zynq_slow -device-resource-info=BRAM_280.000000_DSP_220.000000_FF_106400.000000_LUT_53200.000000_SLICE_13300.000000_URAM_0.000000 -device-name-info=xc7z020clg400-1 > /home/linux/ieng6/students/401/bmscott/fa25-cse237c-projects/fir/Q5/fir.comp/hls/.autopilot/db/clang.out.log 2> /home/linux/ieng6/students/401/bmscott/fa25-cse237c-projects/fir/Q5/fir.comp/hls/.autopilot/db/clang.err.log
Execute         clang_tidy xilinx-systemc-detector -desc systemc-detector /home/linux/ieng6/students/401/bmscott/fa25-cse237c-projects/fir/Q5/fir.comp/hls/.autopilot/db/fir.pp.0.cpp std=gnu++14 -target fpga  -directive=/home/linux/ieng6/students/401/bmscott/fa25-cse237c-projects/fir/Q5/fir.comp/hls/.autopilot/db/.systemc_flag 
INFO-FLOW: exec /software/common/Xilinx_Vitis/Vitis/2024.2/lnx64/tools/clang-3.9-csynth/bin/clang-tidy -header-filter=.* --checks=-*,xilinx-systemc-detector -import-directive=/home/linux/ieng6/students/401/bmscott/fa25-cse237c-projects/fir/Q5/fir.comp/hls/.autopilot/db/.systemc_flag -fix-errors /home/linux/ieng6/students/401/bmscott/fa25-cse237c-projects/fir/Q5/fir.comp/hls/.autopilot/db/fir.pp.0.cpp -- -std=gnu++14 -target fpga -fhls -ferror-limit=0
Command         clang_tidy done; 0.58 sec.
INFO-FLOW: Running: clang-tidy CDT preprocess 39
Execute         clang_tidy xilinx-directive2pragma -desc directive2pragma /home/linux/ieng6/students/401/bmscott/fa25-cse237c-projects/fir/Q5/fir.comp/hls/.autopilot/db/fir.pp.0.cpp std=gnu++14 -target fpga  -directive=/home/linux/ieng6/students/401/bmscott/fa25-cse237c-projects/fir/Q5/fir.comp/hls/.autopilot/db/all.directive.json 
INFO-FLOW: exec /software/common/Xilinx_Vitis/Vitis/2024.2/lnx64/tools/clang-3.9-csynth/bin/clang-tidy -header-filter=.* --checks=-*,xilinx-directive2pragma -import-directive=/home/linux/ieng6/students/401/bmscott/fa25-cse237c-projects/fir/Q5/fir.comp/hls/.autopilot/db/all.directive.json -fix-errors /home/linux/ieng6/students/401/bmscott/fa25-cse237c-projects/fir/Q5/fir.comp/hls/.autopilot/db/fir.pp.0.cpp -- -std=gnu++14 -target fpga -fhls -ferror-limit=0
Command         clang_tidy done; 0.87 sec.
INFO-FLOW: Done: clang-tidy CDT preprocess 39 time: 0.9 seconds per iteration
INFO-FLOW: Calling xilinx-label-all-loops ... 
INFO-FLOW: Calling xilinx-aggregate-on-hls-vector ... 
Execute         clang_tidy -errorcheck -desc loop-label xilinx-label-all-loops,xilinx-aggregate-on-hls-vector,,xilinx-warn-mayneed-no-ctor-attribute /home/linux/ieng6/students/401/bmscott/fa25-cse237c-projects/fir/Q5/fir.comp/hls/.autopilot/db/fir.pp.0.cpp std=gnu++14 -target fpga  
INFO-FLOW: run_clang exec: /software/common/Xilinx_Vitis/Vitis/2024.2/lnx64/tools/clang-3.9-csynth/bin/clang-tidy -export-fixes=/home/linux/ieng6/students/401/bmscott/fa25-cse237c-projects/fir/Q5/fir.comp/hls/.autopilot/db/fir.pp.0.cpp.clang-tidy.loop-label.diag.yml -header-filter=.* --checks=-*,xilinx-label-all-loops,xilinx-aggregate-on-hls-vector,,xilinx-warn-mayneed-no-ctor-attribute -fix-errors /home/linux/ieng6/students/401/bmscott/fa25-cse237c-projects/fir/Q5/fir.comp/hls/.autopilot/db/fir.pp.0.cpp -- -std=gnu++14 -target fpga -fhls -ferror-limit=0 > /home/linux/ieng6/students/401/bmscott/fa25-cse237c-projects/fir/Q5/fir.comp/hls/.autopilot/db/fir.pp.0.cpp.clang-tidy.loop-label.out.log 2> /home/linux/ieng6/students/401/bmscott/fa25-cse237c-projects/fir/Q5/fir.comp/hls/.autopilot/db/fir.pp.0.cpp.clang-tidy.loop-label.err.log
Execute           source /software/common/Xilinx_Vitis/Vitis/2024.2/tps/tcl/tcllib1.11.1/yaml/yaml.tcl 
Command         clang_tidy done; 1.1 sec.
INFO-FLOW: run_clang exec: /software/common/Xilinx_Vitis/Vitis/2024.2/lnx64/tools/clang-3.9-csynth/bin/xilinx-dataflow-lawyer -export-fixes=/home/linux/ieng6/students/401/bmscott/fa25-cse237c-projects/fir/Q5/fir.comp/hls/.autopilot/db/fir.pp.0.cpp.xilinx-dataflow-lawyer.diag.yml /home/linux/ieng6/students/401/bmscott/fa25-cse237c-projects/fir/Q5/fir.comp/hls/.autopilot/db/fir.pp.0.cpp -- -std=gnu++14 -target fpga -fhls -ferror-limit=0 -fstrict-dataflow > /home/linux/ieng6/students/401/bmscott/fa25-cse237c-projects/fir/Q5/fir.comp/hls/.autopilot/db/fir.pp.0.cpp.xilinx-dataflow-lawyer.out.log 2> /home/linux/ieng6/students/401/bmscott/fa25-cse237c-projects/fir/Q5/fir.comp/hls/.autopilot/db/fir.pp.0.cpp.xilinx-dataflow-lawyer.err.log
Execute         ap_part_info -name xc7z020-clg400-1 -data info 
INFO-FLOW: compiling source code to llvm bc
INFO-FLOW: run_clang exec: /software/common/Xilinx_Vitis/Vitis/2024.2/lnx64/tools/clang-3.9-csynth/bin/clang -foptimization-record-file=/home/linux/ieng6/students/401/bmscott/fa25-cse237c-projects/fir/Q5/fir.comp/hls/.autopilot/db/fir.pp.0.cpp.clang.diag.yml -mllvm -pass-remarks-missed=reflow|pasta|unroll|inline -mllvm -pass-remarks=reflow|pasta|unroll|inline -fno-limit-debug-info -fhls -flto -fno-exceptions -Wno-error=c++11-narrowing -hls-emit-hint-scope /home/linux/ieng6/students/401/bmscott/fa25-cse237c-projects/fir/Q5/fir.comp/hls/.autopilot/db/fir.pp.0.cpp -fno-math-errno -c -emit-llvm -mllvm -disable-llvm-optzns -Werror=implicit-function-declaration -Werror=implicit-hls-streams -Werror=return-type -Wpragmas -Wunused-parameter -Wdump-hls-pragmas -Wno-error=dump-hls-pragmas -hls-clock-period=10 -fno-threadsafe-statics -fno-use-cxa-atexit -std=gnu++14 -target fpga64-xilinx-linux-gnu -D__VITIS_HLS__ -DAESL_SYN -D__SYNTHESIS__ -D__HLS_SYN__ -I /software/common/Xilinx_Vitis/Vitis/2024.2/common/technology/autopilot -I /software/common/Xilinx_Vitis/Vitis/2024.2/common/technology/autopilot/ap_sysc -include etc/autopilot_ssdm_op.h -D__DSP48E1__ -g -o /home/linux/ieng6/students/401/bmscott/fa25-cse237c-projects/fir/Q5/fir.comp/hls/.autopilot/db/fir.bc -hls-platform-db-name=/software/common/Xilinx_Vitis/Vitis/2024.2/common/technology/xilinx/common/platform.db -hls-platform-name=zynq_slow -device-resource-info=BRAM_280.000000_DSP_220.000000_FF_106400.000000_LUT_53200.000000_SLICE_13300.000000_URAM_0.000000 -device-name-info=xc7z020clg400-1 > /home/linux/ieng6/students/401/bmscott/fa25-cse237c-projects/fir/Q5/fir.comp/hls/.autopilot/db/fir.pp.0.cpp.clang.out.log 2> /home/linux/ieng6/students/401/bmscott/fa25-cse237c-projects/fir/Q5/fir.comp/hls/.autopilot/db/fir.pp.0.cpp.clang.err.log
INFO: [HLS 200-111] Finished Source Code Analysis and Preprocessing: CPU user time: 3.94 seconds. CPU system time: 0.84 seconds. Elapsed time: 4.88 seconds; current allocated memory: 660.543 MB.
INFO-FLOW: Linking Debug ...
INFO-FLOW: Linking dut bc code.
Execute         run_link_or_opt -out /home/linux/ieng6/students/401/bmscott/fa25-cse237c-projects/fir/Q5/fir.comp/hls/.autopilot/db/a.g.ld.0.bc -args  "/home/linux/ieng6/students/401/bmscott/fa25-cse237c-projects/fir/Q5/fir.comp/hls/.autopilot/db/fir.g.bc"  
INFO-FLOW: run_clang exec: /software/common/Xilinx_Vitis/Vitis/2024.2/lnx64/tools/clang-3.9-csynth/bin/llvm-link /home/linux/ieng6/students/401/bmscott/fa25-cse237c-projects/fir/Q5/fir.comp/hls/.autopilot/db/fir.g.bc -o /home/linux/ieng6/students/401/bmscott/fa25-cse237c-projects/fir/Q5/fir.comp/hls/.autopilot/db/a.g.ld.0.bc > /home/linux/ieng6/students/401/bmscott/fa25-cse237c-projects/fir/Q5/fir.comp/hls/.autopilot/db/a.g.ld.0.bc.llvm-link.out.log 2> /home/linux/ieng6/students/401/bmscott/fa25-cse237c-projects/fir/Q5/fir.comp/hls/.autopilot/db/a.g.ld.0.bc.llvm-link.err.log
Execute         run_link_or_opt -opt -out /home/linux/ieng6/students/401/bmscott/fa25-cse237c-projects/fir/Q5/fir.comp/hls/.autopilot/db/a.g.ld.1.lower.bc -args /home/linux/ieng6/students/401/bmscott/fa25-cse237c-projects/fir/Q5/fir.comp/hls/.autopilot/db/a.g.ld.0.bc -reflow-lower-math-intrinsics 
INFO-FLOW: run_clang exec: /software/common/Xilinx_Vitis/Vitis/2024.2/lnx64/tools/clang-3.9-csynth/bin/opt -pass-remarks-missed=reflow|pasta|unroll|inline -pass-remarks=reflow|pasta|unroll|inline -pass-remarks-output=/home/linux/ieng6/students/401/bmscott/fa25-cse237c-projects/fir/Q5/fir.comp/hls/.autopilot/db/a.g.ld.1.lower.bc.opt.diag.yml /home/linux/ieng6/students/401/bmscott/fa25-cse237c-projects/fir/Q5/fir.comp/hls/.autopilot/db/a.g.ld.0.bc -reflow-lower-math-intrinsics -o /home/linux/ieng6/students/401/bmscott/fa25-cse237c-projects/fir/Q5/fir.comp/hls/.autopilot/db/a.g.ld.1.lower.bc > /home/linux/ieng6/students/401/bmscott/fa25-cse237c-projects/fir/Q5/fir.comp/hls/.autopilot/db/a.g.ld.1.lower.bc.opt.out.log 2> /home/linux/ieng6/students/401/bmscott/fa25-cse237c-projects/fir/Q5/fir.comp/hls/.autopilot/db/a.g.ld.1.lower.bc.opt.err.log
INFO-FLOW: Running: gen_design_size_report post-opt
INFO-FLOW: Done: gen_design_size_report post-opt time: 0 seconds per iteration
INFO-FLOW: Linking math bc lib
Execute         run_link_or_opt -out /home/linux/ieng6/students/401/bmscott/fa25-cse237c-projects/fir/Q5/fir.comp/hls/.autopilot/db/a.g.ld.2.m1.bc -args /home/linux/ieng6/students/401/bmscott/fa25-cse237c-projects/fir/Q5/fir.comp/hls/.autopilot/db/a.g.ld.1.lower.bc -only-needed /software/common/Xilinx_Vitis/Vitis/2024.2/lnx64/lib/libhlsm_39.bc /software/common/Xilinx_Vitis/Vitis/2024.2/lnx64/lib/libhlsmc++_39.bc 
INFO-FLOW: run_clang exec: /software/common/Xilinx_Vitis/Vitis/2024.2/lnx64/tools/clang-3.9-csynth/bin/llvm-link /home/linux/ieng6/students/401/bmscott/fa25-cse237c-projects/fir/Q5/fir.comp/hls/.autopilot/db/a.g.ld.1.lower.bc -only-needed /software/common/Xilinx_Vitis/Vitis/2024.2/lnx64/lib/libhlsm_39.bc /software/common/Xilinx_Vitis/Vitis/2024.2/lnx64/lib/libhlsmc++_39.bc -o /home/linux/ieng6/students/401/bmscott/fa25-cse237c-projects/fir/Q5/fir.comp/hls/.autopilot/db/a.g.ld.2.m1.bc > /home/linux/ieng6/students/401/bmscott/fa25-cse237c-projects/fir/Q5/fir.comp/hls/.autopilot/db/a.g.ld.2.m1.bc.llvm-link.out.log 2> /home/linux/ieng6/students/401/bmscott/fa25-cse237c-projects/fir/Q5/fir.comp/hls/.autopilot/db/a.g.ld.2.m1.bc.llvm-link.err.log
Command         run_link_or_opt done; 2.35 sec.
Execute         run_link_or_opt -opt -out /home/linux/ieng6/students/401/bmscott/fa25-cse237c-projects/fir/Q5/fir.comp/hls/.autopilot/db/a.g.ld.3.fpc.bc -args /home/linux/ieng6/students/401/bmscott/fa25-cse237c-projects/fir/Q5/fir.comp/hls/.autopilot/db/a.g.ld.2.m1.bc -reflow-globaldce -hls-top-function-name=fir -reflow-float-conversion 
INFO-FLOW: run_clang exec: /software/common/Xilinx_Vitis/Vitis/2024.2/lnx64/tools/clang-3.9-csynth/bin/opt -pass-remarks-missed=reflow|pasta|unroll|inline -pass-remarks=reflow|pasta|unroll|inline -pass-remarks-output=/home/linux/ieng6/students/401/bmscott/fa25-cse237c-projects/fir/Q5/fir.comp/hls/.autopilot/db/a.g.ld.3.fpc.bc.opt.diag.yml /home/linux/ieng6/students/401/bmscott/fa25-cse237c-projects/fir/Q5/fir.comp/hls/.autopilot/db/a.g.ld.2.m1.bc -reflow-globaldce -hls-top-function-name=fir -reflow-float-conversion -o /home/linux/ieng6/students/401/bmscott/fa25-cse237c-projects/fir/Q5/fir.comp/hls/.autopilot/db/a.g.ld.3.fpc.bc > /home/linux/ieng6/students/401/bmscott/fa25-cse237c-projects/fir/Q5/fir.comp/hls/.autopilot/db/a.g.ld.3.fpc.bc.opt.out.log 2> /home/linux/ieng6/students/401/bmscott/fa25-cse237c-projects/fir/Q5/fir.comp/hls/.autopilot/db/a.g.ld.3.fpc.bc.opt.err.log
INFO-FLOW: Running: gen_design_size_report post-opt
INFO-FLOW: Done: gen_design_size_report post-opt time: 0 seconds per iteration
Command         run_link_or_opt done; 1.03 sec.
Execute         run_link_or_opt -out /home/linux/ieng6/students/401/bmscott/fa25-cse237c-projects/fir/Q5/fir.comp/hls/.autopilot/db/a.g.ld.4.m2.bc -args /home/linux/ieng6/students/401/bmscott/fa25-cse237c-projects/fir/Q5/fir.comp/hls/.autopilot/db/a.g.ld.3.fpc.bc -only-needed /software/common/Xilinx_Vitis/Vitis/2024.2/lnx64/lib/libfloatconversion_39.bc 
INFO-FLOW: run_clang exec: /software/common/Xilinx_Vitis/Vitis/2024.2/lnx64/tools/clang-3.9-csynth/bin/llvm-link /home/linux/ieng6/students/401/bmscott/fa25-cse237c-projects/fir/Q5/fir.comp/hls/.autopilot/db/a.g.ld.3.fpc.bc -only-needed /software/common/Xilinx_Vitis/Vitis/2024.2/lnx64/lib/libfloatconversion_39.bc -o /home/linux/ieng6/students/401/bmscott/fa25-cse237c-projects/fir/Q5/fir.comp/hls/.autopilot/db/a.g.ld.4.m2.bc > /home/linux/ieng6/students/401/bmscott/fa25-cse237c-projects/fir/Q5/fir.comp/hls/.autopilot/db/a.g.ld.4.m2.bc.llvm-link.out.log 2> /home/linux/ieng6/students/401/bmscott/fa25-cse237c-projects/fir/Q5/fir.comp/hls/.autopilot/db/a.g.ld.4.m2.bc.llvm-link.err.log
Execute         run_link_or_opt -opt -out /home/linux/ieng6/students/401/bmscott/fa25-cse237c-projects/fir/Q5/fir.comp/hls/.autopilot/db/a.g.ld.5.gdce.bc -args /home/linux/ieng6/students/401/bmscott/fa25-cse237c-projects/fir/Q5/fir.comp/hls/.autopilot/db/a.g.ld.4.m2.bc -reflow-globaldce -hls-top-function-name=fir 
INFO-FLOW: run_clang exec: /software/common/Xilinx_Vitis/Vitis/2024.2/lnx64/tools/clang-3.9-csynth/bin/opt -pass-remarks-missed=reflow|pasta|unroll|inline -pass-remarks=reflow|pasta|unroll|inline -pass-remarks-output=/home/linux/ieng6/students/401/bmscott/fa25-cse237c-projects/fir/Q5/fir.comp/hls/.autopilot/db/a.g.ld.5.gdce.bc.opt.diag.yml /home/linux/ieng6/students/401/bmscott/fa25-cse237c-projects/fir/Q5/fir.comp/hls/.autopilot/db/a.g.ld.4.m2.bc -reflow-globaldce -hls-top-function-name=fir -o /home/linux/ieng6/students/401/bmscott/fa25-cse237c-projects/fir/Q5/fir.comp/hls/.autopilot/db/a.g.ld.5.gdce.bc > /home/linux/ieng6/students/401/bmscott/fa25-cse237c-projects/fir/Q5/fir.comp/hls/.autopilot/db/a.g.ld.5.gdce.bc.opt.out.log 2> /home/linux/ieng6/students/401/bmscott/fa25-cse237c-projects/fir/Q5/fir.comp/hls/.autopilot/db/a.g.ld.5.gdce.bc.opt.err.log
INFO-FLOW: Running: gen_design_size_report post-opt
INFO-FLOW: Done: gen_design_size_report post-opt time: 0 seconds per iteration
Execute         send_msg_by_id INFO @200-777@%s Vivado 
INFO: [HLS 200-777] Using interface defaults for 'Vivado' flow target.
Execute         is_m_axi_addr64 
INFO-FLOW: Doing LTO.
INFO-FLOW: run_clang (background poll_ms 5000) exec: /software/common/Xilinx_Vitis/Vitis/2024.2/lnx64/tools/clang-3.9-csynth/bin/clang -foptimization-record-file=/home/linux/ieng6/students/401/bmscott/fa25-cse237c-projects/fir/Q5/fir.comp/hls/.autopilot/db/a.g.ld.0.bc.clang.reflow.diag.yml -mllvm -pass-remarks-missed=reflow|pasta|unroll|inline -mllvm -pass-remarks=reflow|pasta|unroll|inline -fhls -mllvm -hls-top-function-name=fir -mllvm -hls-db-dir -mllvm /home/linux/ieng6/students/401/bmscott/fa25-cse237c-projects/fir/Q5/fir.comp/hls/.autopilot/db -emit-llvm -c -target fpga64-xilinx-none -mllvm -xcl-xmlinfo=/home/linux/ieng6/students/401/bmscott/fa25-cse237c-projects/fir/Q5/fir.comp/hls/.autopilot/db/kernel.internal.xml -mllvm -top-io-mapping-info=/home/linux/ieng6/students/401/bmscott/fa25-cse237c-projects/fir/Q5/fir.comp/hls/.autopilot/db/top-io-fe.xml -mllvm -hls-bitcode-version=3.1 -mllvm -reflow-enable-slave-interface-default-setting=true -mllvm -gen-kernel-xml=false -mllvm -default-maxi-offset=slave -mllvm -maxi-latency=0 -mllvm -hls-maxi-data-size-in-bits=8 -mllvm -hls-maxi-max-data-size-in-bits=1024 -mllvm -hls-max-widen-size-in-bits=0 -mllvm -xcl-kernel-max-mem-ports=0 -mllvm -maxi-read-trans=16 -mllvm -maxi-write-trans=16 -mllvm -maxi-read-burst-len=16 -mllvm -maxi-write-burst-len=16 -mllvm -reflow-enable-saxi-64bits=0 -mllvm -reflow-basic-block-instr-threshold=200000 -mllvm -reflow-auto-pipeline-threshold=64 -mllvm -reflow-enable-maxi-auto-id-channel=0 -mllvm -reflow-bdd-simplify-threshold=1048576 -mllvm -reflow-fanout-threshold=16 -mllvm -reflow-complete-threshold=4 -mllvm -reflow-array-promotion-threshold=64 -mllvm -assume-maxi-align=1 -mllvm -reflow-enable-dataflow-strict-mode-checking=1 -ftime-report -mllvm -time-passes -mllvm -reflow-auto-array-partition-mode=default -mllvm -reflow-enable-auto-small-array-partition=true -mllvm -reflow-enable-auto-array-promotion=true -mllvm -reflow-enable-auto-array-partition-for-flatten=true -mllvm -reflow-enable-auto-parallel-performance-driven=true -mllvm -reflow-enable-partition-for-automation=true -mllvm -reflow-aggregate-bitwidth-threshold=4096 -mllvm -reflow-reserved-saxilite-registers=0 -mllvm -enable-reflow-auto-loop-pipeline -mllvm -reflow-max-unroll-threshold=409600 -mllvm -auto-unroll-tripcount-threshold=0 -mllvm -reflow-assume-no-address-wrap=true -mllvm -reflow-enable-occurrence-inference=true -mllvm -reflow-emit-hint-scope=true -mllvm -reflow-enable-codegen-with-if=true -mllvm -reflow-enable-dataflow-canon=true -mllvm -reflow-enable-dataflow-canon2=true -mllvm -hls -mllvm -disable-inlined-alloca-merging=true -mllvm -default-clock-period=10 -mllvm -use_read_first_ram_in_loop=1 -mllvm -default-clock-uncertainty=2.7 -x ir /home/linux/ieng6/students/401/bmscott/fa25-cse237c-projects/fir/Q5/fir.comp/hls/.autopilot/db/a.g.ld.5.gdce.bc -o /home/linux/ieng6/students/401/bmscott/fa25-cse237c-projects/fir/Q5/fir.comp/hls/.autopilot/db/a.g.lto.bc -hls-platform-db-name=/software/common/Xilinx_Vitis/Vitis/2024.2/common/technology/xilinx/common/platform.db -hls-platform-name=zynq_slow -device-resource-info=BRAM_280.000000_DSP_220.000000_FF_106400.000000_LUT_53200.000000_SLICE_13300.000000_URAM_0.000000 -device-name-info=xc7z020clg400-1 2> /home/linux/ieng6/students/401/bmscott/fa25-cse237c-projects/fir/Q5/fir.comp/hls/.autopilot/db/a.g.ld.0.bc.clang.reflow.err.log bg_poll_cmd: ::AP::poll_clang_39_closed_source
Execute         send_msg_by_id INFO @200-1995@%s%s%s 42 Compile/Link /home/linux/ieng6/students/401/bmscott/fa25-cse237c-projects/fir/Q5/fir.comp/hls/syn/report/csynth_design_size.rpt 
INFO: [HLS 200-1995] There were 42 instructions in the design after the 'Compile/Link' phase of compilation. See the Design Size Report for more details: /home/linux/ieng6/students/401/bmscott/fa25-cse237c-projects/fir/Q5/fir.comp/hls/syn/report/csynth_design_size.rpt
Execute         send_msg_by_id INFO @200-1995@%s%s%s 459 Unroll/Inline (step 1) /home/linux/ieng6/students/401/bmscott/fa25-cse237c-projects/fir/Q5/fir.comp/hls/syn/report/csynth_design_size.rpt 
INFO: [HLS 200-1995] There were 459 instructions in the design after the 'Unroll/Inline (step 1)' phase of compilation. See the Design Size Report for more details: /home/linux/ieng6/students/401/bmscott/fa25-cse237c-projects/fir/Q5/fir.comp/hls/syn/report/csynth_design_size.rpt
Execute         send_msg_by_id INFO @200-1995@%s%s%s 389 Unroll/Inline (step 2) /home/linux/ieng6/students/401/bmscott/fa25-cse237c-projects/fir/Q5/fir.comp/hls/syn/report/csynth_design_size.rpt 
INFO: [HLS 200-1995] There were 389 instructions in the design after the 'Unroll/Inline (step 2)' phase of compilation. See the Design Size Report for more details: /home/linux/ieng6/students/401/bmscott/fa25-cse237c-projects/fir/Q5/fir.comp/hls/syn/report/csynth_design_size.rpt
Execute         send_msg_by_id INFO @200-1995@%s%s%s 338 Unroll/Inline (step 3) /home/linux/ieng6/students/401/bmscott/fa25-cse237c-projects/fir/Q5/fir.comp/hls/syn/report/csynth_design_size.rpt 
INFO: [HLS 200-1995] There were 338 instructions in the design after the 'Unroll/Inline (step 3)' phase of compilation. See the Design Size Report for more details: /home/linux/ieng6/students/401/bmscott/fa25-cse237c-projects/fir/Q5/fir.comp/hls/syn/report/csynth_design_size.rpt
Execute         send_msg_by_id INFO @200-1995@%s%s%s 338 Unroll/Inline (step 4) /home/linux/ieng6/students/401/bmscott/fa25-cse237c-projects/fir/Q5/fir.comp/hls/syn/report/csynth_design_size.rpt 
INFO: [HLS 200-1995] There were 338 instructions in the design after the 'Unroll/Inline (step 4)' phase of compilation. See the Design Size Report for more details: /home/linux/ieng6/students/401/bmscott/fa25-cse237c-projects/fir/Q5/fir.comp/hls/syn/report/csynth_design_size.rpt
Execute         send_msg_by_id INFO @200-1995@%s%s%s 338 Array/Struct (step 1) /home/linux/ieng6/students/401/bmscott/fa25-cse237c-projects/fir/Q5/fir.comp/hls/syn/report/csynth_design_size.rpt 
INFO: [HLS 200-1995] There were 338 instructions in the design after the 'Array/Struct (step 1)' phase of compilation. See the Design Size Report for more details: /home/linux/ieng6/students/401/bmscott/fa25-cse237c-projects/fir/Q5/fir.comp/hls/syn/report/csynth_design_size.rpt
Execute         send_msg_by_id INFO @200-1995@%s%s%s 338 Array/Struct (step 2) /home/linux/ieng6/students/401/bmscott/fa25-cse237c-projects/fir/Q5/fir.comp/hls/syn/report/csynth_design_size.rpt 
INFO: [HLS 200-1995] There were 338 instructions in the design after the 'Array/Struct (step 2)' phase of compilation. See the Design Size Report for more details: /home/linux/ieng6/students/401/bmscott/fa25-cse237c-projects/fir/Q5/fir.comp/hls/syn/report/csynth_design_size.rpt
Execute         send_msg_by_id INFO @200-1995@%s%s%s 338 Array/Struct (step 3) /home/linux/ieng6/students/401/bmscott/fa25-cse237c-projects/fir/Q5/fir.comp/hls/syn/report/csynth_design_size.rpt 
INFO: [HLS 200-1995] There were 338 instructions in the design after the 'Array/Struct (step 3)' phase of compilation. See the Design Size Report for more details: /home/linux/ieng6/students/401/bmscott/fa25-cse237c-projects/fir/Q5/fir.comp/hls/syn/report/csynth_design_size.rpt
Execute         send_msg_by_id INFO @200-1995@%s%s%s 338 Array/Struct (step 4) /home/linux/ieng6/students/401/bmscott/fa25-cse237c-projects/fir/Q5/fir.comp/hls/syn/report/csynth_design_size.rpt 
INFO: [HLS 200-1995] There were 338 instructions in the design after the 'Array/Struct (step 4)' phase of compilation. See the Design Size Report for more details: /home/linux/ieng6/students/401/bmscott/fa25-cse237c-projects/fir/Q5/fir.comp/hls/syn/report/csynth_design_size.rpt
Execute         send_msg_by_id INFO @200-1995@%s%s%s 338 Array/Struct (step 5) /home/linux/ieng6/students/401/bmscott/fa25-cse237c-projects/fir/Q5/fir.comp/hls/syn/report/csynth_design_size.rpt 
INFO: [HLS 200-1995] There were 338 instructions in the design after the 'Array/Struct (step 5)' phase of compilation. See the Design Size Report for more details: /home/linux/ieng6/students/401/bmscott/fa25-cse237c-projects/fir/Q5/fir.comp/hls/syn/report/csynth_design_size.rpt
Execute         send_msg_by_id INFO @200-1995@%s%s%s 338 Performance (step 1) /home/linux/ieng6/students/401/bmscott/fa25-cse237c-projects/fir/Q5/fir.comp/hls/syn/report/csynth_design_size.rpt 
INFO: [HLS 200-1995] There were 338 instructions in the design after the 'Performance (step 1)' phase of compilation. See the Design Size Report for more details: /home/linux/ieng6/students/401/bmscott/fa25-cse237c-projects/fir/Q5/fir.comp/hls/syn/report/csynth_design_size.rpt
Execute         send_msg_by_id INFO @200-1995@%s%s%s 338 Performance (step 2) /home/linux/ieng6/students/401/bmscott/fa25-cse237c-projects/fir/Q5/fir.comp/hls/syn/report/csynth_design_size.rpt 
INFO: [HLS 200-1995] There were 338 instructions in the design after the 'Performance (step 2)' phase of compilation. See the Design Size Report for more details: /home/linux/ieng6/students/401/bmscott/fa25-cse237c-projects/fir/Q5/fir.comp/hls/syn/report/csynth_design_size.rpt
Execute         send_msg_by_id INFO @200-1995@%s%s%s 4,881 Performance (step 3) /home/linux/ieng6/students/401/bmscott/fa25-cse237c-projects/fir/Q5/fir.comp/hls/syn/report/csynth_design_size.rpt 
INFO: [HLS 200-1995] There were 4,881 instructions in the design after the 'Performance (step 3)' phase of compilation. See the Design Size Report for more details: /home/linux/ieng6/students/401/bmscott/fa25-cse237c-projects/fir/Q5/fir.comp/hls/syn/report/csynth_design_size.rpt
Execute         send_msg_by_id INFO @200-1995@%s%s%s 4,276 Performance (step 4) /home/linux/ieng6/students/401/bmscott/fa25-cse237c-projects/fir/Q5/fir.comp/hls/syn/report/csynth_design_size.rpt 
INFO: [HLS 200-1995] There were 4,276 instructions in the design after the 'Performance (step 4)' phase of compilation. See the Design Size Report for more details: /home/linux/ieng6/students/401/bmscott/fa25-cse237c-projects/fir/Q5/fir.comp/hls/syn/report/csynth_design_size.rpt
Execute         send_msg_by_id INFO @200-1995@%s%s%s 4,280 HW Transforms (step 1) /home/linux/ieng6/students/401/bmscott/fa25-cse237c-projects/fir/Q5/fir.comp/hls/syn/report/csynth_design_size.rpt 
INFO: [HLS 200-1995] There were 4,280 instructions in the design after the 'HW Transforms (step 1)' phase of compilation. See the Design Size Report for more details: /home/linux/ieng6/students/401/bmscott/fa25-cse237c-projects/fir/Q5/fir.comp/hls/syn/report/csynth_design_size.rpt
Execute         send_msg_by_id INFO @200-1995@%s%s%s 4,289 HW Transforms (step 2) /home/linux/ieng6/students/401/bmscott/fa25-cse237c-projects/fir/Q5/fir.comp/hls/syn/report/csynth_design_size.rpt 
INFO: [HLS 200-1995] There were 4,289 instructions in the design after the 'HW Transforms (step 2)' phase of compilation. See the Design Size Report for more details: /home/linux/ieng6/students/401/bmscott/fa25-cse237c-projects/fir/Q5/fir.comp/hls/syn/report/csynth_design_size.rpt
INFO: [HLS 214-188] Unrolling loop 'MAC' (fir.cpp:40:2) in function 'fir' partially with a factor of 40 (fir.cpp:20:0)
INFO: [HLS 214-188] Unrolling loop 'TDL' (fir.cpp:31:2) in function 'fir' partially with a factor of 10 (fir.cpp:20:0)
INFO: [HLS 214-376] automatically set the pipeline for Loop< TDL> at fir.cpp:31:2 
INFO: [HLS 214-376] automatically set the pipeline for Loop< MAC> at fir.cpp:40:2 
INFO: [HLS 214-270] Inferring pragma 'array_partition type=cyclic factor=20 dim=1' for array 'fir(int*, int)::c' due to pipeline pragma
INFO: [HLS 214-270] Inferring pragma 'array_partition type=cyclic factor=20 dim=1' for array 'fir(int*, int)::shift_reg' due to pipeline pragma (fir.cpp:25:0)
INFO: [HLS 214-248] Applying array_partition to '_ZZ3firPiiE9shift_reg': Cyclic partitioning with factor 20 on dimension 1. (fir.cpp:25:0)
INFO: [HLS 214-248] Applying array_partition to '_ZZ3firPiiE1c': Cyclic partitioning with factor 20 on dimension 1.
INFO-FLOW: DBG:PUTS: copy_raw_kernel_xml ap_link_39: kernel.xml not generated: /home/linux/ieng6/students/401/bmscott/fa25-cse237c-projects/fir/Q5/fir.comp/hls/.autopilot/db/kernel.internal.xml
INFO: [HLS 200-111] Finished Compiling Optimization and Transform: CPU user time: 7.35 seconds. CPU system time: 0.71 seconds. Elapsed time: 8.94 seconds; current allocated memory: 670.105 MB.
INFO: [HLS 200-111] Finished Checking Pragmas: CPU user time: 0 seconds. CPU system time: 0 seconds. Elapsed time: 0.01 seconds; current allocated memory: 670.105 MB.
Execute         opt_and_import_c a -opt_level=2 -skip_syncheck=0 -ng=0 -keep_printf=0 
Execute           cleanup_all_models 
INFO: [HLS 200-10] Starting code transformations ...
INFO-FLOW: Running Standard Transforms...
Execute           transform -hls -share-std-xform -demangle-name -inline-byval-memcpy -always-inline -promote-dbg-pointer -interface-preproc -mem2reg -scalarrepl -mem2reg -keep-read-access -instcombine -dce -promote-dbg-pointer -bitop-raise -loop-simplify -indvarspre -indvars -loop-simplify -constprop -instcombine -simplifycfg -indvars -simplifycfg -dce -globaldce -basicaa -simplifycfg -mem2reg -globalopt -global-constprop -deadargelim -instcombine -simplifycfg -scalarrepl -instcombine -reassociate -licm -simplifycfg -loop-simplify -indvars -instcombine -simplifycfg -mem2reg -loop-simplify -indvars -instcombine -gvn -gvn -instcombine -adce -break-crit-edges -simplifycfg -loop-delete -global-array-opt -dce -dse -adce -find-syn-modules -top fir -deadargelim -mem2reg -instcombine -dce -presyn-prepare -interface-preproc -syn-check -check-rec-only -find-region -simplifycfg -func-extr -function-inline -globaldce -mem2reg -instcombine -dce -gvn -globaldce -adce -adse -constprop -instcombine -bit-constprop -instcombine -dce -simplifycfg -bitop-raise -simplifycfg -dce -loop-delete -reassociate -globalopt -global-privatize -mem2reg -dce -global-constprop -pointer-simplify -constprop -dce -promote-dbg-pointer -norm-name /home/linux/ieng6/students/401/bmscott/fa25-cse237c-projects/fir/Q5/fir.comp/hls/.autopilot/db/a.g.0.bc -o /home/linux/ieng6/students/401/bmscott/fa25-cse237c-projects/fir/Q5/fir.comp/hls/.autopilot/db/a.g.1.bc -f -phase std-opt 
Command           transform done; 0.91 sec.
INFO: [HLS 200-111] Finished Standard Transforms: CPU user time: 0.9 seconds. CPU system time: 0.01 seconds. Elapsed time: 0.92 seconds; current allocated memory: 677.203 MB.
INFO: [HLS 200-10] Checking synthesizability ...
INFO-FLOW: Checking Synthesizability 1/2..
Execute           transform -hls -syn-check -check-rec-only -scalarrepl -norm-name -dce -mem2reg -instcombine -directive-preproc -mem2reg -dse -dce -dce -pag -array-normalize -instcombine -dce -array-seg-normalize -instcombine -dce -data-pack -instcombine -dce -inst-simplify -array-flatten -instcombine -dce -array-burst -dce -deadargelim -promote-global-argument -simplifycfg -mem2reg -globaldce -dce -deadargelim -dce -instcombine -function-inline -globaldce -dce -doublePtrSimplify -doublePtrElim -dce -doublePtrSimplify -promote-dbg-pointer -dce -scalarrepl -dse -adse -instcombine -ptrLegalization -simplifycfg -dce -instcombine -pointer-simplify -ptrArgReplace -dce -instcombine -resolve-double-ptr -scalarrepl -norm-name -dce -mem2reg -instcombine -ptrLegalization -simplifycfg -deadargelim -instcombine -dce -inst-simplify -directive-preproc -mem2reg -dse -dce -globaldce /home/linux/ieng6/students/401/bmscott/fa25-cse237c-projects/fir/Q5/fir.comp/hls/.autopilot/db/a.g.1.bc -o /home/linux/ieng6/students/401/bmscott/fa25-cse237c-projects/fir/Q5/fir.comp/hls/.autopilot/db/a.g.2.prechk.bc -f 
Command           transform done; 0.27 sec.
INFO-FLOW: Checking Synthesizability 2/2..
Execute           transform -syn-check /home/linux/ieng6/students/401/bmscott/fa25-cse237c-projects/fir/Q5/fir.comp/hls/.autopilot/db/a.g.2.prechk.bc -o /home/linux/ieng6/students/401/bmscott/fa25-cse237c-projects/fir/Q5/fir.comp/hls/.autopilot/db/a.g.2.bc -f -phase syn-check 
INFO: [HLS 200-111] Finished Checking Synthesizability: CPU user time: 0.29 seconds. CPU system time: 0.01 seconds. Elapsed time: 0.29 seconds; current allocated memory: 677.707 MB.
INFO-FLOW: Compiler optimizing ...
INFO-FLOW: Share syncheck's 1.bc for syn flow: copy /home/linux/ieng6/students/401/bmscott/fa25-cse237c-projects/fir/Q5/fir.comp/hls/.autopilot/db/a.g.1.bc to /home/linux/ieng6/students/401/bmscott/fa25-cse237c-projects/fir/Q5/fir.comp/hls/.autopilot/db/a.o.1.bc
INFO-FLOW: Presyn 1...
Execute           transform -hls -tmp /home/linux/ieng6/students/401/bmscott/fa25-cse237c-projects/fir/Q5/fir.comp/hls/.autopilot/db -interface-port-rename -directive-preproc -mem2reg -dse -dce -scalarrepl -norm-name -deadargelim -dce -hls-dead-arg-elim -deadargelim -mem2reg -instcombine -dce -simplifycfg -dce -resource-proc -clib-intrinsic-prepare -dce -func-buffer -dce -pag -array-normalize -func-legal -instcombine -gvn -constprop -dce -simplifycfg -mem2reg -globaldce -resolve-double-ptr -dce -deadargelim -dce -instcombine -ptrArgReplace -mem2reg -dce -array-seg-normalize -deadargelim -instcombine -dce -directive-preproc -mem2reg -dse -dce -pointer-simplify -dce -port-alignment -dce -interface-preproc -data-pack -instcombine -dce -basicaa -aggr-aa -aggrmodref-aa -aggr-aa -gvn -gvn -basicaa -aggr-aa -aggrmodref-aa -aggr-aa -dse -adse -adce -loop-simplify -indvars -instcombine -gvn -loop-simplify -mem2reg -dce -find-region -instcombine -inst-simplify -interface-preproc -cfgopt -instcombine -indvars -loop-simplify -loop-bound -constprop -instcombine -simplifycfg -indvars -simplifycfg -dce -globaldce -clean-region -attach-range -gvn -inst-simplify -constprop -simplifycfg -dce -pointer-simplify -dce -globalopt -constprop -dce -ptrArgReplace -mem2reg -simplifycfg -dce -instcombine -dce -array-transform-check -array-reshape -instcombine -simplifycfg -dce -ptrArgReplace -deadargelim -mem2reg -instcombine -simplifycfg -dce -indvars -loop-simplify -loop-bound -constprop -instcombine -simplifycfg -indvars -simplifycfg -dce -globaldce -basicaa -aggr-aa -aggrmodref-aa -aggr-aa -dse -duplicate-dataflow-processes -globaldce -instcombine -array-partition -prepare-dynamic-array-partition -instcombine -simplifycfg -dce -ptrArgReplace -global-constprop -deadargelim -mem2reg -func-legal -dce -global-constprop -deadargelim -mem2reg -simplifycfg -dce -merge-param -deadargelim -globalopt -constprop -dce -ptrArgReplace -mem2reg -simplifycfg -dce -mem-intrinsic-preproc -dce -global-internalize -global-privatize -mem2reg -globaldce -lcssa -loop-simplify -phi-select-elim -promote-global-argument -ptrArgReplace -mem2reg -dce -globalopt -mergereturn -simplify-global-access -mem2reg -dce -pointer-simplify -dce -basicaa -aggr-aa -aggrmodref-aa -aggr-aa -functionattrs -basicaa -aggr-aa -aggrmodref-aa -aggr-aa -gvn -gvn -basicaa -aggr-aa -aggrmodref-aa -aggr-aa -dse -adse -adce -dce -norm-name -basicaa -aggr-aa -aggrmodref-aa -aggr-aa -accesses-merge -function-inline -complex-op-raise -inst-simplify -globaldce -func-legal -dce -loop-bound -arraycheck -bitwidthmin2 -bitwidthmin2 -on-by-dataflow -loop-delete -instcombine -simplifycfg -globaldce -dce -gvn -deadargelim -dce -loop-simplify -clean-region -simplifycfg -propagate-stable-arguments -instcombine -simplifycfg -dce -globaldce -duplicate-dataflow-processes -stream-intrinsic-preproc -dce -check-ap-stream -loop-simplify -eliminate-keepreads -extract-dataflow-in-loop -loop-simplify -dce -gvn -deadargelim -dse -duplicate-dataflow-processes -check-dataflow-syntax -legalize-stream-variable -globaldce -legalize-global -extract-subproc -dce -dead-channel-elimination -canonicalize-gep -globaldce -dce -gvn -hls-dead-arg-elim -deadargelim -directive-preproc -canonicalize-dataflow -dce -globaldce -scalar-preprocessing -scalar-propagation2 -scalar-stream -deadargelim -globaldce -mem2reg -check-dataflow-channels -function-stream -dce -globaldce -prop-fifo-spec -internal-stream-gen -canonicalize-gep -globaldce -dce -gvn -deadargelim -mergereturn -indvars -loop-simplify -instcombine -array-stream -array-seg-normalize -array-partition -clean-array-spec -func-legal -instcombine -simplifycfg -dce -bundle-memfifo-ops -deadargelim -directive-preproc -mem2reg -dse -dce -group-axi-access -licm -simplifycfg -dce -loop-delete -hls-display -norm-name /home/linux/ieng6/students/401/bmscott/fa25-cse237c-projects/fir/Q5/fir.comp/hls/.autopilot/db/a.o.1.bc -o /home/linux/ieng6/students/401/bmscott/fa25-cse237c-projects/fir/Q5/fir.comp/hls/.autopilot/db/a.o.1.tmp.bc -f 
WARNING: [XFORM 203-561] Updating loop upper bound from 4 to 3 for loop 'MAC' (fir.cpp:26:9) in function 'fir'.
WARNING: [XFORM 203-561] Updating loop lower bound from 4 to 3 for loop 'MAC' (fir.cpp:26:9) in function 'fir'.
Command           transform done; 3.16 sec.
INFO-FLOW: Presyn 2...
Execute           transform -hls -keep-callgraph -scalarrepl -mem2reg -port-alignment -attach-range -dce -pipe-mux-gen -indvars -loop-bound -inst-simplify -instcombine -dce -merge-array-access -mem2reg -dce -clean-region -mergereturn -if-conv -instcombine -dce -constprop -basicaa -aggr-aa -aggrmodref-aa -aggr-aa -gvn -gvn -basicaa -aggr-aa -aggrmodref-aa -aggr-aa -dse -adse -adce -scalarrepl -mem2reg -global-constprop -deadargelim -deadargelim -instcombine -dce -simplifycfg -ptrArgReplace -mem2reg -function-inline -globaldce -mem2reg -instcombine -dce -expr-balance -instcombine -dce -bitwidthmin2 -bitwidthmin2 -interface-preproc -directive-preproc -inst-rectify -instcombine -dce -basicaa -aggr-aa -aggrmodref-aa -aggr-aa -functionattrs -constprop -instcombine -bit-constprop -simplify-global-access -globalopt -globaldce -inst-simplify -instcombine -elimdeaddata -dce -loop-delete -simplifycfg -loop-simplify -barrier -norm-name /home/linux/ieng6/students/401/bmscott/fa25-cse237c-projects/fir/Q5/fir.comp/hls/.autopilot/db/a.o.1.tmp.bc -o /home/linux/ieng6/students/401/bmscott/fa25-cse237c-projects/fir/Q5/fir.comp/hls/.autopilot/db/a.o.2.bc -f -phase presyn 
INFO: [XFORM 203-11] Balancing expressions in function 'fir' (fir.cpp:17)...47 expression(s) balanced.
Command           transform done; 0.52 sec.
INFO: [HLS 200-111] Finished Loop, function and other optimizations: CPU user time: 3.65 seconds. CPU system time: 0.02 seconds. Elapsed time: 3.7 seconds; current allocated memory: 710.609 MB.
Execute           transform -hls -auto-function-inline -globaldce -ptrArgReplace -mem2reg -dce -reset-lda -loop-simplify -indvars -aggr-aa -licm -loop-dep -loop-bound -licm -loop-simplify -loop-sink-hoist -flattenloopnest -array-flatten -gvn -instcombine -dce -array-map -dce -func-legal -gvn -adce -instcombine -cfgopt -simplifycfg-lite -loop-simplify -array-burst -promote-global-argument -dce -array-seg-normalize -basicaa -aggrmodref-aa -globalsmodref-aa -aggr-aa -gvn -gvn -basicaa -aggrmodref-aa -globalsmodref-aa -aggr-aa -dse -adse -adce -licm -inst-simplify -dce -globaldce -instcombine -array-stream -eliminate-keepreads -instcombine -dce -deadargelim -doublePtrSimplify -doublePtrElim -dce -doublePtrSimplify -promote-dbg-pointer -dce -scalarrepl -mem2reg -norm-name -mem2reg -instcombine -dse -adse -adce -ptrLegalization -dce -array-flatten -dce -instcombine -check-doubleptr -loop-rot -constprop -inst-simplify -cfgopt -simplifycfg-lite -loop-simplify -indvars -pointer-simplify -dce -loop-bound -loop-simplify -loop-preproc -constprop -global-constprop -gvn -mem2reg -instcombine -dce -loop-bound -loop-merge -dce -deadargelim -dce -canonicalize-dataflow -dce -deadargelim -globaldce -mem2reg -bram-byte-enable -inst-simplify -inst-rectify -instcombine -adce -deadargelim -load-elim -read-loop-dep -loop-simplify -loop-rewind-sink-hoist -loop-outline -hls-dead-arg-elim -directive-preproc -bitwidthmin2 -bitwidthmin2 -read-loop-dep -interface-preproc -directive-preproc -interface-gen -bram-byte-enable-spec-prop -mul2addshift -deadargelim -inst-simplify -dce -mem2reg -instcombine -gvn -dce -adse -loop-bound -instcombine -cfgopt -simplifycfg-lite -loop-simplify -clean-region -io-protocol -find-region -mem2reg -bitop-raise -complex-op-raise -inst-simplify -inst-rectify -instcombine -adce -deadargelim -float-op-raise -loop-simplify -phi-opt -bitop-raise -cfgopt -simplifycfg-lite -strip-dead-prototypes -interface-lower -bitop-lower -intrinsic-lower -auto-function-inline -basicaa -aggrmodref-aa -globalsmodref-aa -aggr-aa -inst-simplify -simplifycfg-lite -loop-simplify -mergereturn -inst-simplify -inst-rectify -globaldce -dce -load-elim -bitop-lower -float-op-raise -fma-raise -loop-rewind -pointer-simplify -dce -cfgopt -dce -loop-bound -loop-dep -read-loop-dep -dce -dyn-mem-reuse -dce -recurrence-min -dce -share-scalar-alloca -deadargelim -dce -check-stream -norm-name -legalize -inst-clarity -bitwidth -dce -validate-dataflow -dump-loop-dep-to-ir -check-all-ssdm -dump-complexity-metric /home/linux/ieng6/students/401/bmscott/fa25-cse237c-projects/fir/Q5/fir.comp/hls/.autopilot/db/a.o.2.bc -o /home/linux/ieng6/students/401/bmscott/fa25-cse237c-projects/fir/Q5/fir.comp/hls/.autopilot/db/a.o.3.bc -f -phase build-ssdm 
Execute             auto_get_db
Command           transform done; 2.96 sec.
INFO-FLOW: Building ssdm...
Execute           transform -hls -cdfg-build /home/linux/ieng6/students/401/bmscott/fa25-cse237c-projects/fir/Q5/fir.comp/hls/.autopilot/db/a.o.3.bc -o /home/linux/ieng6/students/401/bmscott/fa25-cse237c-projects/fir/Q5/fir.comp/hls/.autopilot/db/a.o.3.bc -f -phase build-ssdm 
Command           transform done; 0.19 sec.
INFO: [HLS 200-111] Finished Architecture Synthesis: CPU user time: 3.14 seconds. CPU system time: 0.01 seconds. Elapsed time: 3.16 seconds; current allocated memory: 728.230 MB.
INFO-FLOW: Finish building internal data model.
Command         opt_and_import_c done; 8.08 sec.
Command       elaborate done; 21.92 sec.
Execute       ap_eval exec zip -j /home/linux/ieng6/students/401/bmscott/fa25-cse237c-projects/fir/Q5/fir.comp/hls/.autopilot/db/dut.hcp $dbDir/a.o.3.bc $dbDir/${topname}.rtl_wrap.cfg.tcl $dbDir/apatb_${topname}.cpp $dbDir/apatb_${topname}_util.cpp $dbDir/apatb_${topname}_ir.ll $dbDir/mapper_${topname}.cpp $dbDir/top-io-fe.xml $dbDir/kernel.internal.xml $workdir/../hls.app 
Execute       autosyn -from_csynth_design=1 
INFO: [HLS 200-10] Starting hardware synthesis ...
INFO-FLOW: Synthesizing C/C++ design ...
INFO: [HLS 200-10] Synthesizing 'fir' ...
Execute         ap_set_top_model fir 
Execute         get_model_list fir -filter all-wo-channel -topdown 
Execute         preproc_iomode -model fir 
Execute         preproc_iomode -model fir_Pipeline_MAC 
Execute         preproc_iomode -model fir_Pipeline_TDL 
Execute         get_model_list fir -filter all-wo-channel 
INFO-FLOW: Model list for configure: fir_Pipeline_TDL fir_Pipeline_MAC fir
INFO-FLOW: Configuring Module : fir_Pipeline_TDL ...
Execute         set_default_model fir_Pipeline_TDL 
Execute         apply_spec_resource_limit fir_Pipeline_TDL 
INFO-FLOW: Configuring Module : fir_Pipeline_MAC ...
Execute         set_default_model fir_Pipeline_MAC 
Execute         apply_spec_resource_limit fir_Pipeline_MAC 
INFO-FLOW: Configuring Module : fir ...
Execute         set_default_model fir 
Execute         apply_spec_resource_limit fir 
INFO-FLOW: Model list for preprocess: fir_Pipeline_TDL fir_Pipeline_MAC fir
INFO-FLOW: Preprocessing Module: fir_Pipeline_TDL ...
Execute         set_default_model fir_Pipeline_TDL 
Execute         cdfg_preprocess -model fir_Pipeline_TDL 
Execute         rtl_gen_preprocess fir_Pipeline_TDL 
INFO-FLOW: Preprocessing Module: fir_Pipeline_MAC ...
Execute         set_default_model fir_Pipeline_MAC 
Execute         cdfg_preprocess -model fir_Pipeline_MAC 
Command         cdfg_preprocess done; 0.73 sec.
Execute         rtl_gen_preprocess fir_Pipeline_MAC 
INFO-FLOW: Preprocessing Module: fir ...
Execute         set_default_model fir 
Execute         cdfg_preprocess -model fir 
Execute         rtl_gen_preprocess fir 
INFO-FLOW: Model list for synthesis: fir_Pipeline_TDL fir_Pipeline_MAC fir
INFO: [HLS 200-10] ----------------------------------------------------------------
INFO: [HLS 200-42] -- Implementing module 'fir_Pipeline_TDL' 
INFO: [HLS 200-10] ----------------------------------------------------------------
Execute         set_default_model fir_Pipeline_TDL 
Execute         schedule -model fir_Pipeline_TDL 
INFO: [SCHED 204-11] Starting scheduling ...
INFO: [SCHED 204-61] Pipelining loop 'TDL'.
WARNING: [HLS 200-878] Unable to schedule the loop exit test ('icmp' operation 1 bit ('icmp_ln31', fir.cpp:31)) in the first pipeline iteration (II = 1 cycles).
INFO: [HLS 200-1470] Pipelining result : Target II = NA, Final II = 2, Depth = 72, loop 'TDL'
INFO: [SCHED 204-11] Finished scheduling.
Command         schedule done; 0.97 sec.
INFO: [HLS 200-111] Finished Scheduling: CPU user time: 1.78 seconds. CPU system time: 0.07 seconds. Elapsed time: 1.89 seconds; current allocated memory: 751.492 MB.
Execute         syn_report -verbosereport -o /home/linux/ieng6/students/401/bmscott/fa25-cse237c-projects/fir/Q5/fir.comp/hls/.autopilot/db/fir_Pipeline_TDL.verbose.sched.rpt 
Execute           list_part -family xc7z020-clg400-1 
Execute             ap_family_info -name xc7z020-clg400-1 -data names 
Execute             ap_part_info -quiet -name xc7z020-clg400-1 -data family 
Execute         db_write -o /home/linux/ieng6/students/401/bmscott/fa25-cse237c-projects/fir/Q5/fir.comp/hls/.autopilot/db/fir_Pipeline_TDL.sched.adb -f 
INFO-FLOW: Finish scheduling fir_Pipeline_TDL.
Execute         set_default_model fir_Pipeline_TDL 
Execute         bind -model fir_Pipeline_TDL 
INFO: [BIND 205-100] Starting micro-architecture generation ...
INFO: [BIND 205-101] Performing variable lifetime analysis.
INFO: [BIND 205-101] Exploring resource sharing.
INFO: [BIND 205-101] Binding ...
INFO: [BIND 205-100] Finished micro-architecture generation.
INFO: [HLS 200-111] Finished Binding: CPU user time: 0.17 seconds. CPU system time: 0.01 seconds. Elapsed time: 0.2 seconds; current allocated memory: 751.492 MB.
Execute         syn_report -verbosereport -o /home/linux/ieng6/students/401/bmscott/fa25-cse237c-projects/fir/Q5/fir.comp/hls/.autopilot/db/fir_Pipeline_TDL.verbose.bind.rpt 
Execute           list_part -family xc7z020-clg400-1 
Execute             ap_family_info -name xc7z020-clg400-1 -data names 
Execute             ap_part_info -quiet -name xc7z020-clg400-1 -data family 
Execute         db_write -o /home/linux/ieng6/students/401/bmscott/fa25-cse237c-projects/fir/Q5/fir.comp/hls/.autopilot/db/fir_Pipeline_TDL.bind.adb -f 
Command         db_write done; 0.12 sec.
INFO-FLOW: Finish binding fir_Pipeline_TDL.
INFO: [HLS 200-10] ----------------------------------------------------------------
INFO: [HLS 200-42] -- Implementing module 'fir_Pipeline_MAC' 
INFO: [HLS 200-10] ----------------------------------------------------------------
Execute         set_default_model fir_Pipeline_MAC 
Execute         schedule -model fir_Pipeline_MAC 
INFO: [SCHED 204-11] Starting scheduling ...
INFO: [SCHED 204-61] Pipelining loop 'MAC'.
WARNING: [HLS 200-880] The II Violation in module 'fir_Pipeline_MAC' (loop 'MAC'): Unable to enforce a carried dependence constraint (II = 1, distance = 1, offset = 1) between 'add' operation 32 bit ('acc', fir.cpp:42) and 'add' operation 32 bit ('acc', fir.cpp:42).
INFO: [HLS 200-1470] Pipelining result : Target II = NA, Final II = 2, Depth = 21, loop 'MAC'
INFO: [SCHED 204-11] Finished scheduling.
Command         schedule done; 77.44 sec.
INFO: [HLS 200-111] Finished Scheduling: CPU user time: 77.46 seconds. CPU system time: 0.08 seconds. Elapsed time: 77.64 seconds; current allocated memory: 774.973 MB.
Execute         syn_report -verbosereport -o /home/linux/ieng6/students/401/bmscott/fa25-cse237c-projects/fir/Q5/fir.comp/hls/.autopilot/db/fir_Pipeline_MAC.verbose.sched.rpt 
Execute           list_part -family xc7z020-clg400-1 
Execute             ap_family_info -name xc7z020-clg400-1 -data names 
Execute             ap_part_info -quiet -name xc7z020-clg400-1 -data family 
Command         syn_report done; 0.18 sec.
Execute         db_write -o /home/linux/ieng6/students/401/bmscott/fa25-cse237c-projects/fir/Q5/fir.comp/hls/.autopilot/db/fir_Pipeline_MAC.sched.adb -f 
Command         db_write done; 0.58 sec.
INFO-FLOW: Finish scheduling fir_Pipeline_MAC.
Execute         set_default_model fir_Pipeline_MAC 
Execute         bind -model fir_Pipeline_MAC 
INFO: [BIND 205-100] Starting micro-architecture generation ...
INFO: [BIND 205-101] Performing variable lifetime analysis.
INFO: [BIND 205-101] Exploring resource sharing.
INFO: [BIND 205-101] Binding ...
INFO: [BIND 205-100] Finished micro-architecture generation.
Command         bind done; 3.67 sec.
INFO: [HLS 200-111] Finished Binding: CPU user time: 4.08 seconds. CPU system time: 0.03 seconds. Elapsed time: 4.43 seconds; current allocated memory: 774.973 MB.
Execute         syn_report -verbosereport -o /home/linux/ieng6/students/401/bmscott/fa25-cse237c-projects/fir/Q5/fir.comp/hls/.autopilot/db/fir_Pipeline_MAC.verbose.bind.rpt 
Execute           list_part -family xc7z020-clg400-1 
Execute             ap_family_info -name xc7z020-clg400-1 -data names 
Execute             ap_part_info -quiet -name xc7z020-clg400-1 -data family 
Command         syn_report done; 0.25 sec.
Execute         db_write -o /home/linux/ieng6/students/401/bmscott/fa25-cse237c-projects/fir/Q5/fir.comp/hls/.autopilot/db/fir_Pipeline_MAC.bind.adb -f 
Command         db_write done; 0.72 sec.
INFO-FLOW: Finish binding fir_Pipeline_MAC.
INFO: [HLS 200-10] ----------------------------------------------------------------
INFO: [HLS 200-42] -- Implementing module 'fir' 
INFO: [HLS 200-10] ----------------------------------------------------------------
Execute         set_default_model fir 
Execute         schedule -model fir 
INFO: [SCHED 204-11] Starting scheduling ...
INFO: [SCHED 204-11] Finished scheduling.
INFO: [HLS 200-111] Finished Scheduling: CPU user time: 0.6 seconds. CPU system time: 0.02 seconds. Elapsed time: 1 seconds; current allocated memory: 774.973 MB.
Execute         syn_report -verbosereport -o /home/linux/ieng6/students/401/bmscott/fa25-cse237c-projects/fir/Q5/fir.comp/hls/.autopilot/db/fir.verbose.sched.rpt 
Execute           list_part -family xc7z020-clg400-1 
Execute             ap_family_info -name xc7z020-clg400-1 -data names 
Execute             ap_part_info -quiet -name xc7z020-clg400-1 -data family 
Execute         db_write -o /home/linux/ieng6/students/401/bmscott/fa25-cse237c-projects/fir/Q5/fir.comp/hls/.autopilot/db/fir.sched.adb -f 
INFO-FLOW: Finish scheduling fir.
Execute         set_default_model fir 
Execute         bind -model fir 
INFO: [BIND 205-100] Starting micro-architecture generation ...
INFO: [BIND 205-101] Performing variable lifetime analysis.
INFO: [BIND 205-101] Exploring resource sharing.
INFO: [BIND 205-101] Binding ...
INFO: [BIND 205-100] Finished micro-architecture generation.
INFO: [HLS 200-111] Finished Binding: CPU user time: 0.06 seconds. CPU system time: 0 seconds. Elapsed time: 0.09 seconds; current allocated memory: 774.973 MB.
Execute         syn_report -verbosereport -o /home/linux/ieng6/students/401/bmscott/fa25-cse237c-projects/fir/Q5/fir.comp/hls/.autopilot/db/fir.verbose.bind.rpt 
Execute           list_part -family xc7z020-clg400-1 
Execute             ap_family_info -name xc7z020-clg400-1 -data names 
Execute             ap_part_info -quiet -name xc7z020-clg400-1 -data family 
Command         syn_report done; 0.14 sec.
Execute         db_write -o /home/linux/ieng6/students/401/bmscott/fa25-cse237c-projects/fir/Q5/fir.comp/hls/.autopilot/db/fir.bind.adb -f 
INFO-FLOW: Finish binding fir.
Execute         get_model_list fir -filter all-wo-channel 
INFO-FLOW: Preprocessing for RTLGen ...
Execute         rtl_gen_preprocess fir_Pipeline_TDL 
Execute         rtl_gen_preprocess fir_Pipeline_MAC 
Execute         rtl_gen_preprocess fir 
INFO-FLOW: Model list for RTL generation: fir_Pipeline_TDL fir_Pipeline_MAC fir
INFO: [HLS 200-10] ----------------------------------------------------------------
INFO: [HLS 200-10] -- Generating RTL for module 'fir_Pipeline_TDL' 
INFO: [HLS 200-10] ----------------------------------------------------------------
Execute         create_rtl_model fir_Pipeline_TDL -top_prefix fir_ -sub_prefix fir_ -mg_file /home/linux/ieng6/students/401/bmscott/fa25-cse237c-projects/fir/Q5/fir.comp/hls/.autopilot/db/fir_Pipeline_TDL.compgen.tcl 
INFO: [HLS 200-1030] Apply Unified Pipeline Control on module 'fir_Pipeline_TDL' pipeline 'TDL' pipeline type 'loop pipeline'
INFO: [RTGEN 206-100] Generating core module 'mul_64ns_66ns_129_5_1': 6 instance(s).
INFO: [RTGEN 206-100] Generating core module 'sparsemux_41_5_32_1_1': 10 instance(s).
INFO: [RTGEN 206-100] Generating core module 'urem_64ns_6ns_5_68_1': 1 instance(s).
INFO: [RTGEN 206-100] Finished creating RTL model for 'fir_Pipeline_TDL'.
Command         create_rtl_model done; 0.4 sec.
INFO: [HLS 200-111] Finished Creating RTL model: CPU user time: 0.49 seconds. CPU system time: 0.01 seconds. Elapsed time: 0.57 seconds; current allocated memory: 776.332 MB.
Execute         source /home/linux/ieng6/students/401/bmscott/fa25-cse237c-projects/fir/Q5/fir.comp/hls/.autopilot/db/fir.rtl_wrap.cfg.tcl 
Execute         gen_rtl fir_Pipeline_TDL -style xilinx -f -lang vhdl -o /home/linux/ieng6/students/401/bmscott/fa25-cse237c-projects/fir/Q5/fir.comp/hls/syn/vhdl/fir_fir_Pipeline_TDL 
Execute         gen_rtl fir_Pipeline_TDL -style xilinx -f -lang vlog -o /home/linux/ieng6/students/401/bmscott/fa25-cse237c-projects/fir/Q5/fir.comp/hls/syn/verilog/fir_fir_Pipeline_TDL 
Execute         syn_report -csynth -model fir_Pipeline_TDL -o /home/linux/ieng6/students/401/bmscott/fa25-cse237c-projects/fir/Q5/fir.comp/hls/syn/report/fir_Pipeline_TDL_csynth.rpt 
Execute           list_part -family xc7z020-clg400-1 
Execute             ap_family_info -name xc7z020-clg400-1 -data names 
Execute             ap_part_info -quiet -name xc7z020-clg400-1 -data family 
Execute         syn_report -rtlxml -model fir_Pipeline_TDL -o /home/linux/ieng6/students/401/bmscott/fa25-cse237c-projects/fir/Q5/fir.comp/hls/syn/report/fir_Pipeline_TDL_csynth.xml 
Execute           list_part -family xc7z020-clg400-1 
Execute             ap_family_info -name xc7z020-clg400-1 -data names 
Execute             ap_part_info -quiet -name xc7z020-clg400-1 -data family 
Execute         syn_report -verbosereport -model fir_Pipeline_TDL -o /home/linux/ieng6/students/401/bmscott/fa25-cse237c-projects/fir/Q5/fir.comp/hls/.autopilot/db/fir_Pipeline_TDL.verbose.rpt 
Execute           list_part -family xc7z020-clg400-1 
Execute             ap_family_info -name xc7z020-clg400-1 -data names 
Execute             ap_part_info -quiet -name xc7z020-clg400-1 -data family 
Execute         db_write -model fir_Pipeline_TDL -f -o /home/linux/ieng6/students/401/bmscott/fa25-cse237c-projects/fir/Q5/fir.comp/hls/.autopilot/db/fir_Pipeline_TDL.adb 
Command         db_write done; 0.16 sec.
Execute         db_write -model fir_Pipeline_TDL -bindview -o /home/linux/ieng6/students/401/bmscott/fa25-cse237c-projects/fir/Q5/fir.comp/hls/.autopilot/db/design.bindinfo.xml 
Execute         gen_tb_info fir_Pipeline_TDL -p /home/linux/ieng6/students/401/bmscott/fa25-cse237c-projects/fir/Q5/fir.comp/hls/.autopilot/db -o /home/linux/ieng6/students/401/bmscott/fa25-cse237c-projects/fir/Q5/fir.comp/hls/.autopilot/db/fir_Pipeline_TDL 
INFO: [HLS 200-10] ----------------------------------------------------------------
INFO: [HLS 200-10] -- Generating RTL for module 'fir_Pipeline_MAC' 
INFO: [HLS 200-10] ----------------------------------------------------------------
Execute         create_rtl_model fir_Pipeline_MAC -top_prefix fir_ -sub_prefix fir_ -mg_file /home/linux/ieng6/students/401/bmscott/fa25-cse237c-projects/fir/Q5/fir.comp/hls/.autopilot/db/fir_Pipeline_MAC.compgen.tcl 
INFO: [HLS 200-1030] Apply Unified Pipeline Control on module 'fir_Pipeline_MAC' pipeline 'MAC' pipeline type 'loop pipeline'
WARNING: [RTGEN 206-101] RTL name 'sparsemux_41_5_32_1_1' is changed to 'sparsemux_41_5_32_1_1_x' due to conflict.
INFO: [RTGEN 206-104] Estimated max fanout for 'fir_Pipeline_MAC' is 16879 from HDL expression: ((1'b0 == ap_block_pp0_stage0_11001) & (1'b1 == ap_CS_fsm_pp0_stage0))
INFO: [RTGEN 206-100] Generating core module 'mul_5s_32s_32_2_1': 40 instance(s).
INFO: [RTGEN 206-100] Generating core module 'mul_7ns_9ns_15_1_1': 40 instance(s).
INFO: [RTGEN 206-100] Generating core module 'sparsemux_41_5_32_1_1': 20 instance(s).
INFO: [RTGEN 206-100] Generating core module 'sparsemux_41_5_32_1_1_x': 20 instance(s).
INFO: [RTGEN 206-100] Generating core module 'sparsemux_41_5_5_1_1': 40 instance(s).
INFO: [RTGEN 206-100] Generating core module 'urem_7ns_6ns_5_11_1': 1 instance(s).
INFO: [RTGEN 206-100] Finished creating RTL model for 'fir_Pipeline_MAC'.
INFO: [HLS 200-2168] Implementing memory 'fir_fir_Pipeline_MAC_fir_int_int_c_ROM_AUTO_1R' using auto ROMs with 20 copies to ensure enough ports to satisfy II or latency constraints.
INFO: [HLS 200-2168] Implementing memory 'fir_fir_Pipeline_MAC_fir_int_int_c_1_ROM_AUTO_1R' using auto ROMs with 20 copies to ensure enough ports to satisfy II or latency constraints.
INFO: [HLS 200-2168] Implementing memory 'fir_fir_Pipeline_MAC_fir_int_int_c_2_ROM_AUTO_1R' using auto ROMs with 20 copies to ensure enough ports to satisfy II or latency constraints.
INFO: [HLS 200-2168] Implementing memory 'fir_fir_Pipeline_MAC_fir_int_int_c_3_ROM_AUTO_1R' using auto ROMs with 20 copies to ensure enough ports to satisfy II or latency constraints.
INFO: [HLS 200-2168] Implementing memory 'fir_fir_Pipeline_MAC_fir_int_int_c_4_ROM_AUTO_1R' using auto ROMs with 20 copies to ensure enough ports to satisfy II or latency constraints.
INFO: [HLS 200-2168] Implementing memory 'fir_fir_Pipeline_MAC_fir_int_int_c_5_ROM_AUTO_1R' using auto ROMs with 20 copies to ensure enough ports to satisfy II or latency constraints.
INFO: [HLS 200-2168] Implementing memory 'fir_fir_Pipeline_MAC_fir_int_int_c_6_ROM_AUTO_1R' using auto ROMs with 20 copies to ensure enough ports to satisfy II or latency constraints.
INFO: [HLS 200-2168] Implementing memory 'fir_fir_Pipeline_MAC_fir_int_int_c_7_ROM_AUTO_1R' using auto ROMs with 20 copies to ensure enough ports to satisfy II or latency constraints.
INFO: [HLS 200-2168] Implementing memory 'fir_fir_Pipeline_MAC_fir_int_int_c_8_ROM_AUTO_1R' using auto ROMs with 20 copies to ensure enough ports to satisfy II or latency constraints.
INFO: [HLS 200-2168] Implementing memory 'fir_fir_Pipeline_MAC_fir_int_int_c_9_ROM_AUTO_1R' using auto ROMs with 20 copies to ensure enough ports to satisfy II or latency constraints.
INFO: [HLS 200-2168] Implementing memory 'fir_fir_Pipeline_MAC_p_ZZ3firPiiE1c_10_ROM_AUTO_1R' using auto ROMs with 20 copies to ensure enough ports to satisfy II or latency constraints.
INFO: [HLS 200-2168] Implementing memory 'fir_fir_Pipeline_MAC_p_ZZ3firPiiE1c_11_ROM_AUTO_1R' using auto ROMs with 20 copies to ensure enough ports to satisfy II or latency constraints.
INFO: [HLS 200-2168] Implementing memory 'fir_fir_Pipeline_MAC_p_ZZ3firPiiE1c_12_ROM_AUTO_1R' using auto ROMs with 20 copies to ensure enough ports to satisfy II or latency constraints.
INFO: [HLS 200-2168] Implementing memory 'fir_fir_Pipeline_MAC_p_ZZ3firPiiE1c_13_ROM_AUTO_1R' using auto ROMs with 20 copies to ensure enough ports to satisfy II or latency constraints.
INFO: [HLS 200-2168] Implementing memory 'fir_fir_Pipeline_MAC_p_ZZ3firPiiE1c_14_ROM_AUTO_1R' using auto ROMs with 20 copies to ensure enough ports to satisfy II or latency constraints.
INFO: [HLS 200-2168] Implementing memory 'fir_fir_Pipeline_MAC_p_ZZ3firPiiE1c_15_ROM_AUTO_1R' using auto ROMs with 20 copies to ensure enough ports to satisfy II or latency constraints.
INFO: [HLS 200-2168] Implementing memory 'fir_fir_Pipeline_MAC_p_ZZ3firPiiE1c_16_ROM_AUTO_1R' using auto ROMs with 20 copies to ensure enough ports to satisfy II or latency constraints.
INFO: [HLS 200-2168] Implementing memory 'fir_fir_Pipeline_MAC_p_ZZ3firPiiE1c_17_ROM_AUTO_1R' using auto ROMs with 20 copies to ensure enough ports to satisfy II or latency constraints.
INFO: [HLS 200-2168] Implementing memory 'fir_fir_Pipeline_MAC_p_ZZ3firPiiE1c_18_ROM_AUTO_1R' using auto ROMs with 20 copies to ensure enough ports to satisfy II or latency constraints.
INFO: [HLS 200-2168] Implementing memory 'fir_fir_Pipeline_MAC_p_ZZ3firPiiE1c_19_ROM_AUTO_1R' using auto ROMs with 20 copies to ensure enough ports to satisfy II or latency constraints.
Command         create_rtl_model done; 2.56 sec.
INFO: [HLS 200-111] Finished Creating RTL model: CPU user time: 2.71 seconds. CPU system time: 0.18 seconds. Elapsed time: 3.2 seconds; current allocated memory: 838.406 MB.
Execute         source /home/linux/ieng6/students/401/bmscott/fa25-cse237c-projects/fir/Q5/fir.comp/hls/.autopilot/db/fir.rtl_wrap.cfg.tcl 
Execute         gen_rtl fir_Pipeline_MAC -style xilinx -f -lang vhdl -o /home/linux/ieng6/students/401/bmscott/fa25-cse237c-projects/fir/Q5/fir.comp/hls/syn/vhdl/fir_fir_Pipeline_MAC 
Command         gen_rtl done; 0.12 sec.
Execute         gen_rtl fir_Pipeline_MAC -style xilinx -f -lang vlog -o /home/linux/ieng6/students/401/bmscott/fa25-cse237c-projects/fir/Q5/fir.comp/hls/syn/verilog/fir_fir_Pipeline_MAC 
Command         gen_rtl done; 0.22 sec.
Execute         syn_report -csynth -model fir_Pipeline_MAC -o /home/linux/ieng6/students/401/bmscott/fa25-cse237c-projects/fir/Q5/fir.comp/hls/syn/report/fir_Pipeline_MAC_csynth.rpt 
Execute           list_part -family xc7z020-clg400-1 
Execute             ap_family_info -name xc7z020-clg400-1 -data names 
Execute             ap_part_info -quiet -name xc7z020-clg400-1 -data family 
Command         syn_report done; 0.32 sec.
Execute         syn_report -rtlxml -model fir_Pipeline_MAC -o /home/linux/ieng6/students/401/bmscott/fa25-cse237c-projects/fir/Q5/fir.comp/hls/syn/report/fir_Pipeline_MAC_csynth.xml 
Execute           list_part -family xc7z020-clg400-1 
Execute             ap_family_info -name xc7z020-clg400-1 -data names 
Execute             ap_part_info -quiet -name xc7z020-clg400-1 -data family 
Command         syn_report done; 0.16 sec.
Execute         syn_report -verbosereport -model fir_Pipeline_MAC -o /home/linux/ieng6/students/401/bmscott/fa25-cse237c-projects/fir/Q5/fir.comp/hls/.autopilot/db/fir_Pipeline_MAC.verbose.rpt 
Execute           list_part -family xc7z020-clg400-1 
Execute             ap_family_info -name xc7z020-clg400-1 -data names 
Execute             ap_part_info -quiet -name xc7z020-clg400-1 -data family 
Command         syn_report done; 0.43 sec.
Execute         db_write -model fir_Pipeline_MAC -f -o /home/linux/ieng6/students/401/bmscott/fa25-cse237c-projects/fir/Q5/fir.comp/hls/.autopilot/db/fir_Pipeline_MAC.adb 
Command         db_write done; 0.9 sec.
Execute         db_write -model fir_Pipeline_MAC -bindview -o /home/linux/ieng6/students/401/bmscott/fa25-cse237c-projects/fir/Q5/fir.comp/hls/.autopilot/db/design.bindinfo.xml 
Execute         gen_tb_info fir_Pipeline_MAC -p /home/linux/ieng6/students/401/bmscott/fa25-cse237c-projects/fir/Q5/fir.comp/hls/.autopilot/db -o /home/linux/ieng6/students/401/bmscott/fa25-cse237c-projects/fir/Q5/fir.comp/hls/.autopilot/db/fir_Pipeline_MAC 
INFO: [HLS 200-10] ----------------------------------------------------------------
INFO: [HLS 200-10] -- Generating RTL for module 'fir' 
INFO: [HLS 200-10] ----------------------------------------------------------------
Execute         create_rtl_model fir -top_prefix  -sub_prefix fir_ -mg_file /home/linux/ieng6/students/401/bmscott/fa25-cse237c-projects/fir/Q5/fir.comp/hls/.autopilot/db/fir.compgen.tcl 
INFO: [RTGEN 206-500] Setting interface mode on port 'fir/y' to 'ap_vld'.
INFO: [RTGEN 206-500] Setting interface mode on port 'fir/x' to 'ap_none'.
INFO: [RTGEN 206-500] Setting interface mode on function 'fir' to 'ap_ctrl_hs'.
WARNING: [RTGEN 206-101] Global array 'fir_int_int_c' will not be exposed as RTL port.
WARNING: [RTGEN 206-101] Global array 'fir_int_int_c_1' will not be exposed as RTL port.
WARNING: [RTGEN 206-101] Global array 'fir_int_int_c_2' will not be exposed as RTL port.
WARNING: [RTGEN 206-101] Global array 'fir_int_int_c_3' will not be exposed as RTL port.
WARNING: [RTGEN 206-101] Global array 'fir_int_int_c_4' will not be exposed as RTL port.
WARNING: [RTGEN 206-101] Global array 'fir_int_int_c_5' will not be exposed as RTL port.
WARNING: [RTGEN 206-101] Global array 'fir_int_int_c_6' will not be exposed as RTL port.
WARNING: [RTGEN 206-101] Global array 'fir_int_int_c_7' will not be exposed as RTL port.
WARNING: [RTGEN 206-101] Global array 'fir_int_int_c_8' will not be exposed as RTL port.
WARNING: [RTGEN 206-101] Global array 'fir_int_int_c_9' will not be exposed as RTL port.
WARNING: [RTGEN 206-101] Global array 'p_ZZ3firPiiE1c_10' will not be exposed as RTL port.
WARNING: [RTGEN 206-101] Global array 'p_ZZ3firPiiE1c_11' will not be exposed as RTL port.
WARNING: [RTGEN 206-101] Global array 'p_ZZ3firPiiE1c_12' will not be exposed as RTL port.
WARNING: [RTGEN 206-101] Global array 'p_ZZ3firPiiE1c_13' will not be exposed as RTL port.
WARNING: [RTGEN 206-101] Global array 'p_ZZ3firPiiE1c_14' will not be exposed as RTL port.
WARNING: [RTGEN 206-101] Global array 'p_ZZ3firPiiE1c_15' will not be exposed as RTL port.
WARNING: [RTGEN 206-101] Global array 'p_ZZ3firPiiE1c_16' will not be exposed as RTL port.
WARNING: [RTGEN 206-101] Global array 'p_ZZ3firPiiE1c_17' will not be exposed as RTL port.
WARNING: [RTGEN 206-101] Global array 'p_ZZ3firPiiE1c_18' will not be exposed as RTL port.
WARNING: [RTGEN 206-101] Global array 'p_ZZ3firPiiE1c_19' will not be exposed as RTL port.
INFO: [RTGEN 206-100] Finished creating RTL model for 'fir'.
INFO: [RTMG 210-278] Implementing memory 'fir_fir_int_int_shift_reg_RAM_AUTO_1R1W' using auto RAMs.
Command         create_rtl_model done; 0.18 sec.
INFO: [HLS 200-111] Finished Creating RTL model: CPU user time: 2.84 seconds. CPU system time: 0.39 seconds. Elapsed time: 3.69 seconds; current allocated memory: 925.250 MB.
Execute         source /home/linux/ieng6/students/401/bmscott/fa25-cse237c-projects/fir/Q5/fir.comp/hls/.autopilot/db/fir.rtl_wrap.cfg.tcl 
Execute         gen_rtl fir -istop -style xilinx -f -lang vhdl -o /home/linux/ieng6/students/401/bmscott/fa25-cse237c-projects/fir/Q5/fir.comp/hls/syn/vhdl/fir 
Execute         gen_rtl fir -istop -style xilinx -f -lang vlog -o /home/linux/ieng6/students/401/bmscott/fa25-cse237c-projects/fir/Q5/fir.comp/hls/syn/verilog/fir 
Execute         syn_report -csynth -model fir -o /home/linux/ieng6/students/401/bmscott/fa25-cse237c-projects/fir/Q5/fir.comp/hls/syn/report/fir_csynth.rpt 
Execute           list_part -family xc7z020-clg400-1 
Execute             ap_family_info -name xc7z020-clg400-1 -data names 
Execute             ap_part_info -quiet -name xc7z020-clg400-1 -data family 
Execute         syn_report -rtlxml -model fir -o /home/linux/ieng6/students/401/bmscott/fa25-cse237c-projects/fir/Q5/fir.comp/hls/syn/report/fir_csynth.xml 
Execute           list_part -family xc7z020-clg400-1 
Execute             ap_family_info -name xc7z020-clg400-1 -data names 
Execute             ap_part_info -quiet -name xc7z020-clg400-1 -data family 
Execute         syn_report -verbosereport -model fir -o /home/linux/ieng6/students/401/bmscott/fa25-cse237c-projects/fir/Q5/fir.comp/hls/.autopilot/db/fir.verbose.rpt 
Execute           list_part -family xc7z020-clg400-1 
Execute             ap_family_info -name xc7z020-clg400-1 -data names 
Execute             ap_part_info -quiet -name xc7z020-clg400-1 -data family 
Command         syn_report done; 0.14 sec.
Execute         db_write -model fir -f -o /home/linux/ieng6/students/401/bmscott/fa25-cse237c-projects/fir/Q5/fir.comp/hls/.autopilot/db/fir.adb 
Execute         db_write -model fir -bindview -o /home/linux/ieng6/students/401/bmscott/fa25-cse237c-projects/fir/Q5/fir.comp/hls/.autopilot/db/design.bindinfo.xml 
Execute         gen_tb_info fir -p /home/linux/ieng6/students/401/bmscott/fa25-cse237c-projects/fir/Q5/fir.comp/hls/.autopilot/db -o /home/linux/ieng6/students/401/bmscott/fa25-cse237c-projects/fir/Q5/fir.comp/hls/.autopilot/db/fir 
Execute         export_constraint_db -f -tool general -o /home/linux/ieng6/students/401/bmscott/fa25-cse237c-projects/fir/Q5/fir.comp/hls/.autopilot/db/fir.constraint.tcl 
Execute         syn_report -designview -model fir -o /home/linux/ieng6/students/401/bmscott/fa25-cse237c-projects/fir/Q5/fir.comp/hls/.autopilot/db/fir.design.xml 
Command         syn_report done; 0.29 sec.
Execute         syn_report -csynthDesign -model fir -o /home/linux/ieng6/students/401/bmscott/fa25-cse237c-projects/fir/Q5/fir.comp/hls/syn/report/csynth.rpt -MHOut /home/linux/ieng6/students/401/bmscott/fa25-cse237c-projects/fir/Q5/fir.comp/hls/.autopilot/db/kernel_module_hierarchy.tcl 
Execute           list_part -family xc7z020-clg400-1 
Execute             ap_family_info -name xc7z020-clg400-1 -data names 
Execute             ap_part_info -quiet -name xc7z020-clg400-1 -data family 
Execute         syn_report -wcfg -model fir -o /home/linux/ieng6/students/401/bmscott/fa25-cse237c-projects/fir/Q5/fir.comp/hls/.autopilot/db/fir_dataflow_ana.wcfg 
Execute         syn_report -protoinst -model fir -o /home/linux/ieng6/students/401/bmscott/fa25-cse237c-projects/fir/Q5/fir.comp/hls/.autopilot/db/fir.protoinst 
Execute         sc_get_clocks fir 
Execute         sc_get_portdomain fir 
INFO-FLOW: Model list for RTL component generation: fir_Pipeline_TDL fir_Pipeline_MAC fir
INFO-FLOW: Handling components in module [fir_Pipeline_TDL] ... 
Execute         source /home/linux/ieng6/students/401/bmscott/fa25-cse237c-projects/fir/Q5/fir.comp/hls/.autopilot/db/fir_Pipeline_TDL.compgen.tcl 
INFO-FLOW: Found component fir_mul_64ns_66ns_129_5_1.
INFO-FLOW: Append model fir_mul_64ns_66ns_129_5_1
INFO-FLOW: Found component fir_urem_64ns_6ns_5_68_1.
INFO-FLOW: Append model fir_urem_64ns_6ns_5_68_1
INFO-FLOW: Found component fir_sparsemux_41_5_32_1_1.
INFO-FLOW: Append model fir_sparsemux_41_5_32_1_1
INFO-FLOW: Found component fir_sparsemux_41_5_32_1_1.
INFO-FLOW: Append model fir_sparsemux_41_5_32_1_1
INFO-FLOW: Found component fir_sparsemux_41_5_32_1_1.
INFO-FLOW: Append model fir_sparsemux_41_5_32_1_1
INFO-FLOW: Found component fir_sparsemux_41_5_32_1_1.
INFO-FLOW: Append model fir_sparsemux_41_5_32_1_1
INFO-FLOW: Found component fir_sparsemux_41_5_32_1_1.
INFO-FLOW: Append model fir_sparsemux_41_5_32_1_1
INFO-FLOW: Found component fir_sparsemux_41_5_32_1_1.
INFO-FLOW: Append model fir_sparsemux_41_5_32_1_1
INFO-FLOW: Found component fir_sparsemux_41_5_32_1_1.
INFO-FLOW: Append model fir_sparsemux_41_5_32_1_1
INFO-FLOW: Found component fir_sparsemux_41_5_32_1_1.
INFO-FLOW: Append model fir_sparsemux_41_5_32_1_1
INFO-FLOW: Found component fir_sparsemux_41_5_32_1_1.
INFO-FLOW: Append model fir_sparsemux_41_5_32_1_1
INFO-FLOW: Found component fir_sparsemux_41_5_32_1_1.
INFO-FLOW: Append model fir_sparsemux_41_5_32_1_1
INFO-FLOW: Found component fir_flow_control_loop_pipe_sequential_init.
INFO-FLOW: Append model fir_flow_control_loop_pipe_sequential_init
INFO-FLOW: Handling components in module [fir_Pipeline_MAC] ... 
Execute         source /home/linux/ieng6/students/401/bmscott/fa25-cse237c-projects/fir/Q5/fir.comp/hls/.autopilot/db/fir_Pipeline_MAC.compgen.tcl 
INFO-FLOW: Found component fir_mul_7ns_9ns_15_1_1.
INFO-FLOW: Append model fir_mul_7ns_9ns_15_1_1
INFO-FLOW: Found component fir_urem_7ns_6ns_5_11_1.
INFO-FLOW: Append model fir_urem_7ns_6ns_5_11_1
INFO-FLOW: Found component fir_sparsemux_41_5_5_1_1.
INFO-FLOW: Append model fir_sparsemux_41_5_5_1_1
INFO-FLOW: Found component fir_sparsemux_41_5_5_1_1.
INFO-FLOW: Append model fir_sparsemux_41_5_5_1_1
INFO-FLOW: Found component fir_sparsemux_41_5_5_1_1.
INFO-FLOW: Append model fir_sparsemux_41_5_5_1_1
INFO-FLOW: Found component fir_sparsemux_41_5_5_1_1.
INFO-FLOW: Append model fir_sparsemux_41_5_5_1_1
INFO-FLOW: Found component fir_sparsemux_41_5_5_1_1.
INFO-FLOW: Append model fir_sparsemux_41_5_5_1_1
INFO-FLOW: Found component fir_sparsemux_41_5_5_1_1.
INFO-FLOW: Append model fir_sparsemux_41_5_5_1_1
INFO-FLOW: Found component fir_sparsemux_41_5_5_1_1.
INFO-FLOW: Append model fir_sparsemux_41_5_5_1_1
INFO-FLOW: Found component fir_sparsemux_41_5_5_1_1.
INFO-FLOW: Append model fir_sparsemux_41_5_5_1_1
INFO-FLOW: Found component fir_sparsemux_41_5_5_1_1.
INFO-FLOW: Append model fir_sparsemux_41_5_5_1_1
INFO-FLOW: Found component fir_sparsemux_41_5_5_1_1.
INFO-FLOW: Append model fir_sparsemux_41_5_5_1_1
INFO-FLOW: Found component fir_sparsemux_41_5_5_1_1.
INFO-FLOW: Append model fir_sparsemux_41_5_5_1_1
INFO-FLOW: Found component fir_sparsemux_41_5_5_1_1.
INFO-FLOW: Append model fir_sparsemux_41_5_5_1_1
INFO-FLOW: Found component fir_sparsemux_41_5_5_1_1.
INFO-FLOW: Append model fir_sparsemux_41_5_5_1_1
INFO-FLOW: Found component fir_sparsemux_41_5_5_1_1.
INFO-FLOW: Append model fir_sparsemux_41_5_5_1_1
INFO-FLOW: Found component fir_sparsemux_41_5_5_1_1.
INFO-FLOW: Append model fir_sparsemux_41_5_5_1_1
INFO-FLOW: Found component fir_sparsemux_41_5_5_1_1.
INFO-FLOW: Append model fir_sparsemux_41_5_5_1_1
INFO-FLOW: Found component fir_sparsemux_41_5_5_1_1.
INFO-FLOW: Append model fir_sparsemux_41_5_5_1_1
INFO-FLOW: Found component fir_sparsemux_41_5_5_1_1.
INFO-FLOW: Append model fir_sparsemux_41_5_5_1_1
INFO-FLOW: Found component fir_sparsemux_41_5_5_1_1.
INFO-FLOW: Append model fir_sparsemux_41_5_5_1_1
INFO-FLOW: Found component fir_sparsemux_41_5_5_1_1.
INFO-FLOW: Append model fir_sparsemux_41_5_5_1_1
INFO-FLOW: Found component fir_sparsemux_41_5_32_1_1_x.
INFO-FLOW: Append model fir_sparsemux_41_5_32_1_1_x
INFO-FLOW: Found component fir_sparsemux_41_5_32_1_1_x.
INFO-FLOW: Append model fir_sparsemux_41_5_32_1_1_x
INFO-FLOW: Found component fir_sparsemux_41_5_32_1_1_x.
INFO-FLOW: Append model fir_sparsemux_41_5_32_1_1_x
INFO-FLOW: Found component fir_sparsemux_41_5_32_1_1_x.
INFO-FLOW: Append model fir_sparsemux_41_5_32_1_1_x
INFO-FLOW: Found component fir_sparsemux_41_5_32_1_1_x.
INFO-FLOW: Append model fir_sparsemux_41_5_32_1_1_x
INFO-FLOW: Found component fir_sparsemux_41_5_32_1_1_x.
INFO-FLOW: Append model fir_sparsemux_41_5_32_1_1_x
INFO-FLOW: Found component fir_sparsemux_41_5_32_1_1_x.
INFO-FLOW: Append model fir_sparsemux_41_5_32_1_1_x
INFO-FLOW: Found component fir_sparsemux_41_5_32_1_1_x.
INFO-FLOW: Append model fir_sparsemux_41_5_32_1_1_x
INFO-FLOW: Found component fir_sparsemux_41_5_32_1_1_x.
INFO-FLOW: Append model fir_sparsemux_41_5_32_1_1_x
INFO-FLOW: Found component fir_sparsemux_41_5_32_1_1_x.
INFO-FLOW: Append model fir_sparsemux_41_5_32_1_1_x
INFO-FLOW: Found component fir_mul_5s_32s_32_2_1.
INFO-FLOW: Append model fir_mul_5s_32s_32_2_1
INFO-FLOW: Found component fir_fir_Pipeline_MAC_fir_int_int_c_ROM_AUTO_1R.
INFO-FLOW: Append model fir_fir_Pipeline_MAC_fir_int_int_c_ROM_AUTO_1R
INFO-FLOW: Found component fir_fir_Pipeline_MAC_fir_int_int_c_1_ROM_AUTO_1R.
INFO-FLOW: Append model fir_fir_Pipeline_MAC_fir_int_int_c_1_ROM_AUTO_1R
INFO-FLOW: Found component fir_fir_Pipeline_MAC_fir_int_int_c_2_ROM_AUTO_1R.
INFO-FLOW: Append model fir_fir_Pipeline_MAC_fir_int_int_c_2_ROM_AUTO_1R
INFO-FLOW: Found component fir_fir_Pipeline_MAC_fir_int_int_c_3_ROM_AUTO_1R.
INFO-FLOW: Append model fir_fir_Pipeline_MAC_fir_int_int_c_3_ROM_AUTO_1R
INFO-FLOW: Found component fir_fir_Pipeline_MAC_fir_int_int_c_4_ROM_AUTO_1R.
INFO-FLOW: Append model fir_fir_Pipeline_MAC_fir_int_int_c_4_ROM_AUTO_1R
INFO-FLOW: Found component fir_fir_Pipeline_MAC_fir_int_int_c_5_ROM_AUTO_1R.
INFO-FLOW: Append model fir_fir_Pipeline_MAC_fir_int_int_c_5_ROM_AUTO_1R
INFO-FLOW: Found component fir_fir_Pipeline_MAC_fir_int_int_c_6_ROM_AUTO_1R.
INFO-FLOW: Append model fir_fir_Pipeline_MAC_fir_int_int_c_6_ROM_AUTO_1R
INFO-FLOW: Found component fir_fir_Pipeline_MAC_fir_int_int_c_7_ROM_AUTO_1R.
INFO-FLOW: Append model fir_fir_Pipeline_MAC_fir_int_int_c_7_ROM_AUTO_1R
INFO-FLOW: Found component fir_fir_Pipeline_MAC_fir_int_int_c_8_ROM_AUTO_1R.
INFO-FLOW: Append model fir_fir_Pipeline_MAC_fir_int_int_c_8_ROM_AUTO_1R
INFO-FLOW: Found component fir_fir_Pipeline_MAC_fir_int_int_c_9_ROM_AUTO_1R.
INFO-FLOW: Append model fir_fir_Pipeline_MAC_fir_int_int_c_9_ROM_AUTO_1R
INFO-FLOW: Found component fir_fir_Pipeline_MAC_p_ZZ3firPiiE1c_10_ROM_AUTO_1R.
INFO-FLOW: Append model fir_fir_Pipeline_MAC_p_ZZ3firPiiE1c_10_ROM_AUTO_1R
INFO-FLOW: Found component fir_fir_Pipeline_MAC_p_ZZ3firPiiE1c_11_ROM_AUTO_1R.
INFO-FLOW: Append model fir_fir_Pipeline_MAC_p_ZZ3firPiiE1c_11_ROM_AUTO_1R
INFO-FLOW: Found component fir_fir_Pipeline_MAC_p_ZZ3firPiiE1c_12_ROM_AUTO_1R.
INFO-FLOW: Append model fir_fir_Pipeline_MAC_p_ZZ3firPiiE1c_12_ROM_AUTO_1R
INFO-FLOW: Found component fir_fir_Pipeline_MAC_p_ZZ3firPiiE1c_13_ROM_AUTO_1R.
INFO-FLOW: Append model fir_fir_Pipeline_MAC_p_ZZ3firPiiE1c_13_ROM_AUTO_1R
INFO-FLOW: Found component fir_fir_Pipeline_MAC_p_ZZ3firPiiE1c_14_ROM_AUTO_1R.
INFO-FLOW: Append model fir_fir_Pipeline_MAC_p_ZZ3firPiiE1c_14_ROM_AUTO_1R
INFO-FLOW: Found component fir_fir_Pipeline_MAC_p_ZZ3firPiiE1c_15_ROM_AUTO_1R.
INFO-FLOW: Append model fir_fir_Pipeline_MAC_p_ZZ3firPiiE1c_15_ROM_AUTO_1R
INFO-FLOW: Found component fir_fir_Pipeline_MAC_p_ZZ3firPiiE1c_16_ROM_AUTO_1R.
INFO-FLOW: Append model fir_fir_Pipeline_MAC_p_ZZ3firPiiE1c_16_ROM_AUTO_1R
INFO-FLOW: Found component fir_fir_Pipeline_MAC_p_ZZ3firPiiE1c_17_ROM_AUTO_1R.
INFO-FLOW: Append model fir_fir_Pipeline_MAC_p_ZZ3firPiiE1c_17_ROM_AUTO_1R
INFO-FLOW: Found component fir_fir_Pipeline_MAC_p_ZZ3firPiiE1c_18_ROM_AUTO_1R.
INFO-FLOW: Append model fir_fir_Pipeline_MAC_p_ZZ3firPiiE1c_18_ROM_AUTO_1R
INFO-FLOW: Found component fir_fir_Pipeline_MAC_p_ZZ3firPiiE1c_19_ROM_AUTO_1R.
INFO-FLOW: Append model fir_fir_Pipeline_MAC_p_ZZ3firPiiE1c_19_ROM_AUTO_1R
INFO-FLOW: Found component fir_flow_control_loop_pipe_sequential_init.
INFO-FLOW: Append model fir_flow_control_loop_pipe_sequential_init
INFO-FLOW: Handling components in module [fir] ... 
Execute         source /home/linux/ieng6/students/401/bmscott/fa25-cse237c-projects/fir/Q5/fir.comp/hls/.autopilot/db/fir.compgen.tcl 
INFO-FLOW: Found component fir_fir_int_int_shift_reg_RAM_AUTO_1R1W.
INFO-FLOW: Append model fir_fir_int_int_shift_reg_RAM_AUTO_1R1W
INFO-FLOW: Append model fir_Pipeline_TDL
INFO-FLOW: Append model fir_Pipeline_MAC
INFO-FLOW: Append model fir
INFO-FLOW: Generating RTL model list ...
INFO-FLOW: All models in this session: fir_mul_64ns_66ns_129_5_1 fir_urem_64ns_6ns_5_68_1 fir_sparsemux_41_5_32_1_1 fir_sparsemux_41_5_32_1_1 fir_sparsemux_41_5_32_1_1 fir_sparsemux_41_5_32_1_1 fir_sparsemux_41_5_32_1_1 fir_sparsemux_41_5_32_1_1 fir_sparsemux_41_5_32_1_1 fir_sparsemux_41_5_32_1_1 fir_sparsemux_41_5_32_1_1 fir_sparsemux_41_5_32_1_1 fir_flow_control_loop_pipe_sequential_init fir_mul_7ns_9ns_15_1_1 fir_urem_7ns_6ns_5_11_1 fir_sparsemux_41_5_5_1_1 fir_sparsemux_41_5_5_1_1 fir_sparsemux_41_5_5_1_1 fir_sparsemux_41_5_5_1_1 fir_sparsemux_41_5_5_1_1 fir_sparsemux_41_5_5_1_1 fir_sparsemux_41_5_5_1_1 fir_sparsemux_41_5_5_1_1 fir_sparsemux_41_5_5_1_1 fir_sparsemux_41_5_5_1_1 fir_sparsemux_41_5_5_1_1 fir_sparsemux_41_5_5_1_1 fir_sparsemux_41_5_5_1_1 fir_sparsemux_41_5_5_1_1 fir_sparsemux_41_5_5_1_1 fir_sparsemux_41_5_5_1_1 fir_sparsemux_41_5_5_1_1 fir_sparsemux_41_5_5_1_1 fir_sparsemux_41_5_5_1_1 fir_sparsemux_41_5_5_1_1 fir_sparsemux_41_5_32_1_1_x fir_sparsemux_41_5_32_1_1_x fir_sparsemux_41_5_32_1_1_x fir_sparsemux_41_5_32_1_1_x fir_sparsemux_41_5_32_1_1_x fir_sparsemux_41_5_32_1_1_x fir_sparsemux_41_5_32_1_1_x fir_sparsemux_41_5_32_1_1_x fir_sparsemux_41_5_32_1_1_x fir_sparsemux_41_5_32_1_1_x fir_mul_5s_32s_32_2_1 fir_fir_Pipeline_MAC_fir_int_int_c_ROM_AUTO_1R fir_fir_Pipeline_MAC_fir_int_int_c_1_ROM_AUTO_1R fir_fir_Pipeline_MAC_fir_int_int_c_2_ROM_AUTO_1R fir_fir_Pipeline_MAC_fir_int_int_c_3_ROM_AUTO_1R fir_fir_Pipeline_MAC_fir_int_int_c_4_ROM_AUTO_1R fir_fir_Pipeline_MAC_fir_int_int_c_5_ROM_AUTO_1R fir_fir_Pipeline_MAC_fir_int_int_c_6_ROM_AUTO_1R fir_fir_Pipeline_MAC_fir_int_int_c_7_ROM_AUTO_1R fir_fir_Pipeline_MAC_fir_int_int_c_8_ROM_AUTO_1R fir_fir_Pipeline_MAC_fir_int_int_c_9_ROM_AUTO_1R fir_fir_Pipeline_MAC_p_ZZ3firPiiE1c_10_ROM_AUTO_1R fir_fir_Pipeline_MAC_p_ZZ3firPiiE1c_11_ROM_AUTO_1R fir_fir_Pipeline_MAC_p_ZZ3firPiiE1c_12_ROM_AUTO_1R fir_fir_Pipeline_MAC_p_ZZ3firPiiE1c_13_ROM_AUTO_1R fir_fir_Pipeline_MAC_p_ZZ3firPiiE1c_14_ROM_AUTO_1R fir_fir_Pipeline_MAC_p_ZZ3firPiiE1c_15_ROM_AUTO_1R fir_fir_Pipeline_MAC_p_ZZ3firPiiE1c_16_ROM_AUTO_1R fir_fir_Pipeline_MAC_p_ZZ3firPiiE1c_17_ROM_AUTO_1R fir_fir_Pipeline_MAC_p_ZZ3firPiiE1c_18_ROM_AUTO_1R fir_fir_Pipeline_MAC_p_ZZ3firPiiE1c_19_ROM_AUTO_1R fir_flow_control_loop_pipe_sequential_init fir_fir_int_int_shift_reg_RAM_AUTO_1R1W fir_Pipeline_TDL fir_Pipeline_MAC fir
INFO-FLOW: Generating /home/linux/ieng6/students/401/bmscott/fa25-cse237c-projects/fir/Q5/fir.comp/hls/.autopilot/db/autopilot.rtl.models.txt file...
INFO-FLOW: To file: write model fir_mul_64ns_66ns_129_5_1
INFO-FLOW: To file: write model fir_urem_64ns_6ns_5_68_1
INFO-FLOW: To file: write model fir_sparsemux_41_5_32_1_1
INFO-FLOW: To file: write model fir_sparsemux_41_5_32_1_1
INFO-FLOW: To file: write model fir_sparsemux_41_5_32_1_1
INFO-FLOW: To file: write model fir_sparsemux_41_5_32_1_1
INFO-FLOW: To file: write model fir_sparsemux_41_5_32_1_1
INFO-FLOW: To file: write model fir_sparsemux_41_5_32_1_1
INFO-FLOW: To file: write model fir_sparsemux_41_5_32_1_1
INFO-FLOW: To file: write model fir_sparsemux_41_5_32_1_1
INFO-FLOW: To file: write model fir_sparsemux_41_5_32_1_1
INFO-FLOW: To file: write model fir_sparsemux_41_5_32_1_1
INFO-FLOW: To file: write model fir_flow_control_loop_pipe_sequential_init
INFO-FLOW: To file: write model fir_mul_7ns_9ns_15_1_1
INFO-FLOW: To file: write model fir_urem_7ns_6ns_5_11_1
INFO-FLOW: To file: write model fir_sparsemux_41_5_5_1_1
INFO-FLOW: To file: write model fir_sparsemux_41_5_5_1_1
INFO-FLOW: To file: write model fir_sparsemux_41_5_5_1_1
INFO-FLOW: To file: write model fir_sparsemux_41_5_5_1_1
INFO-FLOW: To file: write model fir_sparsemux_41_5_5_1_1
INFO-FLOW: To file: write model fir_sparsemux_41_5_5_1_1
INFO-FLOW: To file: write model fir_sparsemux_41_5_5_1_1
INFO-FLOW: To file: write model fir_sparsemux_41_5_5_1_1
INFO-FLOW: To file: write model fir_sparsemux_41_5_5_1_1
INFO-FLOW: To file: write model fir_sparsemux_41_5_5_1_1
INFO-FLOW: To file: write model fir_sparsemux_41_5_5_1_1
INFO-FLOW: To file: write model fir_sparsemux_41_5_5_1_1
INFO-FLOW: To file: write model fir_sparsemux_41_5_5_1_1
INFO-FLOW: To file: write model fir_sparsemux_41_5_5_1_1
INFO-FLOW: To file: write model fir_sparsemux_41_5_5_1_1
INFO-FLOW: To file: write model fir_sparsemux_41_5_5_1_1
INFO-FLOW: To file: write model fir_sparsemux_41_5_5_1_1
INFO-FLOW: To file: write model fir_sparsemux_41_5_5_1_1
INFO-FLOW: To file: write model fir_sparsemux_41_5_5_1_1
INFO-FLOW: To file: write model fir_sparsemux_41_5_5_1_1
INFO-FLOW: To file: write model fir_sparsemux_41_5_32_1_1_x
INFO-FLOW: To file: write model fir_sparsemux_41_5_32_1_1_x
INFO-FLOW: To file: write model fir_sparsemux_41_5_32_1_1_x
INFO-FLOW: To file: write model fir_sparsemux_41_5_32_1_1_x
INFO-FLOW: To file: write model fir_sparsemux_41_5_32_1_1_x
INFO-FLOW: To file: write model fir_sparsemux_41_5_32_1_1_x
INFO-FLOW: To file: write model fir_sparsemux_41_5_32_1_1_x
INFO-FLOW: To file: write model fir_sparsemux_41_5_32_1_1_x
INFO-FLOW: To file: write model fir_sparsemux_41_5_32_1_1_x
INFO-FLOW: To file: write model fir_sparsemux_41_5_32_1_1_x
INFO-FLOW: To file: write model fir_mul_5s_32s_32_2_1
INFO-FLOW: To file: write model fir_fir_Pipeline_MAC_fir_int_int_c_ROM_AUTO_1R
INFO-FLOW: To file: write model fir_fir_Pipeline_MAC_fir_int_int_c_1_ROM_AUTO_1R
INFO-FLOW: To file: write model fir_fir_Pipeline_MAC_fir_int_int_c_2_ROM_AUTO_1R
INFO-FLOW: To file: write model fir_fir_Pipeline_MAC_fir_int_int_c_3_ROM_AUTO_1R
INFO-FLOW: To file: write model fir_fir_Pipeline_MAC_fir_int_int_c_4_ROM_AUTO_1R
INFO-FLOW: To file: write model fir_fir_Pipeline_MAC_fir_int_int_c_5_ROM_AUTO_1R
INFO-FLOW: To file: write model fir_fir_Pipeline_MAC_fir_int_int_c_6_ROM_AUTO_1R
INFO-FLOW: To file: write model fir_fir_Pipeline_MAC_fir_int_int_c_7_ROM_AUTO_1R
INFO-FLOW: To file: write model fir_fir_Pipeline_MAC_fir_int_int_c_8_ROM_AUTO_1R
INFO-FLOW: To file: write model fir_fir_Pipeline_MAC_fir_int_int_c_9_ROM_AUTO_1R
INFO-FLOW: To file: write model fir_fir_Pipeline_MAC_p_ZZ3firPiiE1c_10_ROM_AUTO_1R
INFO-FLOW: To file: write model fir_fir_Pipeline_MAC_p_ZZ3firPiiE1c_11_ROM_AUTO_1R
INFO-FLOW: To file: write model fir_fir_Pipeline_MAC_p_ZZ3firPiiE1c_12_ROM_AUTO_1R
INFO-FLOW: To file: write model fir_fir_Pipeline_MAC_p_ZZ3firPiiE1c_13_ROM_AUTO_1R
INFO-FLOW: To file: write model fir_fir_Pipeline_MAC_p_ZZ3firPiiE1c_14_ROM_AUTO_1R
INFO-FLOW: To file: write model fir_fir_Pipeline_MAC_p_ZZ3firPiiE1c_15_ROM_AUTO_1R
INFO-FLOW: To file: write model fir_fir_Pipeline_MAC_p_ZZ3firPiiE1c_16_ROM_AUTO_1R
INFO-FLOW: To file: write model fir_fir_Pipeline_MAC_p_ZZ3firPiiE1c_17_ROM_AUTO_1R
INFO-FLOW: To file: write model fir_fir_Pipeline_MAC_p_ZZ3firPiiE1c_18_ROM_AUTO_1R
INFO-FLOW: To file: write model fir_fir_Pipeline_MAC_p_ZZ3firPiiE1c_19_ROM_AUTO_1R
INFO-FLOW: To file: write model fir_flow_control_loop_pipe_sequential_init
INFO-FLOW: To file: write model fir_fir_int_int_shift_reg_RAM_AUTO_1R1W
INFO-FLOW: To file: write model fir_Pipeline_TDL
INFO-FLOW: To file: write model fir_Pipeline_MAC
INFO-FLOW: To file: write model fir
INFO-FLOW: Generating /home/linux/ieng6/students/401/bmscott/fa25-cse237c-projects/fir/Q5/fir.comp/hls/.autopilot/db/autopilot.rtl.models.tcl file...
INFO-FLOW: Finished generating RTL model list.


INFO-FLOW: RTL Generation done.
INFO-FLOW: CAS Generation done.
INFO-FLOW: CBC Generation done.
INFO-FLOW: DBG:PROC: ::AESL_AUTOMG::auto_generate_csynth_design
INFO-FLOW: DBG:PUTS: read_platform_lib /home/linux/ieng6/students/401/bmscott/fa25-cse237c-projects/fir/Q5/fir.comp/hls/.autopilot/db/global.setting.tcl
Execute         source /software/common/Xilinx_Vitis/Vitis/2024.2/common/technology/generic/autopilot/common.gen 
Execute           source /software/common/Xilinx_Vitis/Vitis/2024.2/common/technology/generic/autopilot/APCoreGen.gen 
Execute         source /software/common/Xilinx_Vitis/Vitis/2024.2/common/technology/generic/autopilot/op.gen 
Execute         source /software/common/Xilinx_Vitis/Vitis/2024.2/common/technology/generic/autopilot/op_simcore.gen 
Execute         source /software/common/Xilinx_Vitis/Vitis/2024.2/common/technology/generic/autopilot/interface.gen 
Execute         source /home/linux/ieng6/students/401/bmscott/fa25-cse237c-projects/fir/Q5/fir.comp/hls/.autopilot/db/global.setting.tcl 
Execute         source /software/common/Xilinx_Vitis/Vitis/2024.2/common/technology/xilinx/common/xilinx.gen 
Execute           source /software/common/Xilinx_Vitis/Vitis/2024.2/common/technology/xilinx/interface/plb46.gen 
Execute           source /software/common/Xilinx_Vitis/Vitis/2024.2/common/technology/xilinx/interface/axi4.gen 
Execute           source /software/common/Xilinx_Vitis/Vitis/2024.2/common/technology/xilinx/interface/nativeAXI4.gen 
Execute             source /software/common/Xilinx_Vitis/Vitis/2024.2/common/technology/xilinx/interface/saxilite.gen 
Execute           source /software/common/Xilinx_Vitis/Vitis/2024.2/common/technology/xilinx/scripts/xilinxcoregen.gen 
Execute           source /software/common/Xilinx_Vitis/Vitis/2024.2/common/technology/xilinx/interface/XilEDKCoreGen.gen 
Execute           source /software/common/Xilinx_Vitis/Vitis/2024.2/common/technology/xilinx/ip/xfir.gen 
Execute           source /software/common/Xilinx_Vitis/Vitis/2024.2/common/technology/xilinx/ip/dds_compiler.gen 
Execute           source /software/common/Xilinx_Vitis/Vitis/2024.2/common/technology/xilinx/ip/util.gen 
Execute           source /software/common/Xilinx_Vitis/Vitis/2024.2/common/technology/xilinx/ip/xfft.gen 
Execute           source /software/common/Xilinx_Vitis/Vitis/2024.2/common/technology/xilinx/DSP48/dsp48.gen 
Command         ap_source done; 0.11 sec.
INFO-FLOW: DBG:PUTS:   using AESL_AUTOCG::g_clock_period=10.000 (was NA)
INFO-FLOW: DBG:PROC: ::AESL_AUTOMG::generate_ip_cores gen_sim_model='1' gen_fp_models='0' gen_for_export='0' dstSCDir='' dstVhdlDir='/home/linux/ieng6/students/401/bmscott/fa25-cse237c-projects/fir/Q5/fir.comp/hls/.autopilot/db/vhdl' dstVlogDir='/home/linux/ieng6/students/401/bmscott/fa25-cse237c-projects/fir/Q5/fir.comp/hls/.autopilot/db/vlog' tclDir='/home/linux/ieng6/students/401/bmscott/fa25-cse237c-projects/fir/Q5/fir.comp/hls/.autopilot/db' modelList='fir_mul_64ns_66ns_129_5_1
fir_urem_64ns_6ns_5_68_1
fir_sparsemux_41_5_32_1_1
fir_sparsemux_41_5_32_1_1
fir_sparsemux_41_5_32_1_1
fir_sparsemux_41_5_32_1_1
fir_sparsemux_41_5_32_1_1
fir_sparsemux_41_5_32_1_1
fir_sparsemux_41_5_32_1_1
fir_sparsemux_41_5_32_1_1
fir_sparsemux_41_5_32_1_1
fir_sparsemux_41_5_32_1_1
fir_flow_control_loop_pipe_sequential_init
fir_mul_7ns_9ns_15_1_1
fir_urem_7ns_6ns_5_11_1
fir_sparsemux_41_5_5_1_1
fir_sparsemux_41_5_5_1_1
fir_sparsemux_41_5_5_1_1
fir_sparsemux_41_5_5_1_1
fir_sparsemux_41_5_5_1_1
fir_sparsemux_41_5_5_1_1
fir_sparsemux_41_5_5_1_1
fir_sparsemux_41_5_5_1_1
fir_sparsemux_41_5_5_1_1
fir_sparsemux_41_5_5_1_1
fir_sparsemux_41_5_5_1_1
fir_sparsemux_41_5_5_1_1
fir_sparsemux_41_5_5_1_1
fir_sparsemux_41_5_5_1_1
fir_sparsemux_41_5_5_1_1
fir_sparsemux_41_5_5_1_1
fir_sparsemux_41_5_5_1_1
fir_sparsemux_41_5_5_1_1
fir_sparsemux_41_5_5_1_1
fir_sparsemux_41_5_5_1_1
fir_sparsemux_41_5_32_1_1_x
fir_sparsemux_41_5_32_1_1_x
fir_sparsemux_41_5_32_1_1_x
fir_sparsemux_41_5_32_1_1_x
fir_sparsemux_41_5_32_1_1_x
fir_sparsemux_41_5_32_1_1_x
fir_sparsemux_41_5_32_1_1_x
fir_sparsemux_41_5_32_1_1_x
fir_sparsemux_41_5_32_1_1_x
fir_sparsemux_41_5_32_1_1_x
fir_mul_5s_32s_32_2_1
fir_fir_Pipeline_MAC_fir_int_int_c_ROM_AUTO_1R
fir_fir_Pipeline_MAC_fir_int_int_c_1_ROM_AUTO_1R
fir_fir_Pipeline_MAC_fir_int_int_c_2_ROM_AUTO_1R
fir_fir_Pipeline_MAC_fir_int_int_c_3_ROM_AUTO_1R
fir_fir_Pipeline_MAC_fir_int_int_c_4_ROM_AUTO_1R
fir_fir_Pipeline_MAC_fir_int_int_c_5_ROM_AUTO_1R
fir_fir_Pipeline_MAC_fir_int_int_c_6_ROM_AUTO_1R
fir_fir_Pipeline_MAC_fir_int_int_c_7_ROM_AUTO_1R
fir_fir_Pipeline_MAC_fir_int_int_c_8_ROM_AUTO_1R
fir_fir_Pipeline_MAC_fir_int_int_c_9_ROM_AUTO_1R
fir_fir_Pipeline_MAC_p_ZZ3firPiiE1c_10_ROM_AUTO_1R
fir_fir_Pipeline_MAC_p_ZZ3firPiiE1c_11_ROM_AUTO_1R
fir_fir_Pipeline_MAC_p_ZZ3firPiiE1c_12_ROM_AUTO_1R
fir_fir_Pipeline_MAC_p_ZZ3firPiiE1c_13_ROM_AUTO_1R
fir_fir_Pipeline_MAC_p_ZZ3firPiiE1c_14_ROM_AUTO_1R
fir_fir_Pipeline_MAC_p_ZZ3firPiiE1c_15_ROM_AUTO_1R
fir_fir_Pipeline_MAC_p_ZZ3firPiiE1c_16_ROM_AUTO_1R
fir_fir_Pipeline_MAC_p_ZZ3firPiiE1c_17_ROM_AUTO_1R
fir_fir_Pipeline_MAC_p_ZZ3firPiiE1c_18_ROM_AUTO_1R
fir_fir_Pipeline_MAC_p_ZZ3firPiiE1c_19_ROM_AUTO_1R
fir_flow_control_loop_pipe_sequential_init
fir_fir_int_int_shift_reg_RAM_AUTO_1R1W
fir_Pipeline_TDL
fir_Pipeline_MAC
fir
' expOnly='0'
Execute         source /home/linux/ieng6/students/401/bmscott/fa25-cse237c-projects/fir/Q5/fir.comp/hls/.autopilot/db/global.setting.tcl 
Execute         ap_part_info -name xc7z020-clg400-1 -data names -quiet 
Execute         ap_part_info -name xc7z020-clg400-1 -data info -quiet 
Execute         source /home/linux/ieng6/students/401/bmscott/fa25-cse237c-projects/fir/Q5/fir.comp/hls/.autopilot/db/global.setting.tcl 
Execute         source /home/linux/ieng6/students/401/bmscott/fa25-cse237c-projects/fir/Q5/fir.comp/hls/.autopilot/db/global.setting.tcl 
Execute         source /home/linux/ieng6/students/401/bmscott/fa25-cse237c-projects/fir/Q5/fir.comp/hls/.autopilot/db/fir_Pipeline_TDL.compgen.tcl 
Execute         source /home/linux/ieng6/students/401/bmscott/fa25-cse237c-projects/fir/Q5/fir.comp/hls/.autopilot/db/fir_Pipeline_MAC.compgen.tcl 
Execute         source /home/linux/ieng6/students/401/bmscott/fa25-cse237c-projects/fir/Q5/fir.comp/hls/.autopilot/db/fir.compgen.tcl 
INFO: [HLS 200-111] Finished Generating all RTL models: CPU user time: 0.76 seconds. CPU system time: 0.21 seconds. Elapsed time: 1.65 seconds; current allocated memory: 928.906 MB.
INFO-FLOW: DBG:PROC: ::HLSREPORTS::create_csynth_xml bind_info_var='bind_info' RtlSubPrefix='fir_' outfile=''
INFO-FLOW: Running: create_csynth_xml read xml data
INFO-FLOW: Done: create_csynth_xml read xml data time: 0 seconds per iteration
INFO-FLOW: Running: create_csynth_xml bind info
INFO-FLOW: Done: create_csynth_xml bind info time: 0 seconds per iteration
INFO-FLOW: Running: create_csynth_xml config info
INFO-FLOW: Done: create_csynth_xml config info time: 0.2 seconds per iteration
INFO-FLOW: Running: create_csynth_xml write xml
INFO-FLOW: Done: create_csynth_xml write xml time: 0 seconds per iteration
INFO-FLOW: DBG:PUTS:      create_csynth_xml wrote csynth_xml=/home/linux/ieng6/students/401/bmscott/fa25-cse237c-projects/fir/Q5/fir.comp/hls/syn/report/csynth.xml
INFO-FLOW: DBG:PROC: ::AP::DESIGN_DATA::generate_json generate_bd_files='0' generate_xo_files='0' modelList='fir_mul_64ns_66ns_129_5_1
fir_urem_64ns_6ns_5_68_1
fir_sparsemux_41_5_32_1_1
fir_sparsemux_41_5_32_1_1
fir_sparsemux_41_5_32_1_1
fir_sparsemux_41_5_32_1_1
fir_sparsemux_41_5_32_1_1
fir_sparsemux_41_5_32_1_1
fir_sparsemux_41_5_32_1_1
fir_sparsemux_41_5_32_1_1
fir_sparsemux_41_5_32_1_1
fir_sparsemux_41_5_32_1_1
fir_flow_control_loop_pipe_sequential_init
fir_mul_7ns_9ns_15_1_1
fir_urem_7ns_6ns_5_11_1
fir_sparsemux_41_5_5_1_1
fir_sparsemux_41_5_5_1_1
fir_sparsemux_41_5_5_1_1
fir_sparsemux_41_5_5_1_1
fir_sparsemux_41_5_5_1_1
fir_sparsemux_41_5_5_1_1
fir_sparsemux_41_5_5_1_1
fir_sparsemux_41_5_5_1_1
fir_sparsemux_41_5_5_1_1
fir_sparsemux_41_5_5_1_1
fir_sparsemux_41_5_5_1_1
fir_sparsemux_41_5_5_1_1
fir_sparsemux_41_5_5_1_1
fir_sparsemux_41_5_5_1_1
fir_sparsemux_41_5_5_1_1
fir_sparsemux_41_5_5_1_1
fir_sparsemux_41_5_5_1_1
fir_sparsemux_41_5_5_1_1
fir_sparsemux_41_5_5_1_1
fir_sparsemux_41_5_5_1_1
fir_sparsemux_41_5_32_1_1_x
fir_sparsemux_41_5_32_1_1_x
fir_sparsemux_41_5_32_1_1_x
fir_sparsemux_41_5_32_1_1_x
fir_sparsemux_41_5_32_1_1_x
fir_sparsemux_41_5_32_1_1_x
fir_sparsemux_41_5_32_1_1_x
fir_sparsemux_41_5_32_1_1_x
fir_sparsemux_41_5_32_1_1_x
fir_sparsemux_41_5_32_1_1_x
fir_mul_5s_32s_32_2_1
fir_fir_Pipeline_MAC_fir_int_int_c_ROM_AUTO_1R
fir_fir_Pipeline_MAC_fir_int_int_c_1_ROM_AUTO_1R
fir_fir_Pipeline_MAC_fir_int_int_c_2_ROM_AUTO_1R
fir_fir_Pipeline_MAC_fir_int_int_c_3_ROM_AUTO_1R
fir_fir_Pipeline_MAC_fir_int_int_c_4_ROM_AUTO_1R
fir_fir_Pipeline_MAC_fir_int_int_c_5_ROM_AUTO_1R
fir_fir_Pipeline_MAC_fir_int_int_c_6_ROM_AUTO_1R
fir_fir_Pipeline_MAC_fir_int_int_c_7_ROM_AUTO_1R
fir_fir_Pipeline_MAC_fir_int_int_c_8_ROM_AUTO_1R
fir_fir_Pipeline_MAC_fir_int_int_c_9_ROM_AUTO_1R
fir_fir_Pipeline_MAC_p_ZZ3firPiiE1c_10_ROM_AUTO_1R
fir_fir_Pipeline_MAC_p_ZZ3firPiiE1c_11_ROM_AUTO_1R
fir_fir_Pipeline_MAC_p_ZZ3firPiiE1c_12_ROM_AUTO_1R
fir_fir_Pipeline_MAC_p_ZZ3firPiiE1c_13_ROM_AUTO_1R
fir_fir_Pipeline_MAC_p_ZZ3firPiiE1c_14_ROM_AUTO_1R
fir_fir_Pipeline_MAC_p_ZZ3firPiiE1c_15_ROM_AUTO_1R
fir_fir_Pipeline_MAC_p_ZZ3firPiiE1c_16_ROM_AUTO_1R
fir_fir_Pipeline_MAC_p_ZZ3firPiiE1c_17_ROM_AUTO_1R
fir_fir_Pipeline_MAC_p_ZZ3firPiiE1c_18_ROM_AUTO_1R
fir_fir_Pipeline_MAC_p_ZZ3firPiiE1c_19_ROM_AUTO_1R
fir_flow_control_loop_pipe_sequential_init
fir_fir_int_int_shift_reg_RAM_AUTO_1R1W
fir_Pipeline_TDL
fir_Pipeline_MAC
fir
' rtl_lang='both' bootstrap_tcl='false' outdir='' outfilename=''
Execute         source /home/linux/ieng6/students/401/bmscott/fa25-cse237c-projects/fir/Q5/fir.comp/hls/.autopilot/db/global.setting.tcl 
Execute         source /home/linux/ieng6/students/401/bmscott/fa25-cse237c-projects/fir/Q5/fir.comp/hls/.autopilot/db/global.setting.tcl 
Execute         source /home/linux/ieng6/students/401/bmscott/fa25-cse237c-projects/fir/Q5/fir.comp/hls/.autopilot/db/top-io-be.tcl 
Execute         source /home/linux/ieng6/students/401/bmscott/fa25-cse237c-projects/fir/Q5/fir.comp/hls/.autopilot/db/fir.tbgen.tcl 
Execute         source /home/linux/ieng6/students/401/bmscott/fa25-cse237c-projects/fir/Q5/fir.comp/hls/.autopilot/db/fir.rtl_wrap.cfg.tcl 
Execute         source /home/linux/ieng6/students/401/bmscott/fa25-cse237c-projects/fir/Q5/fir.comp/hls/.autopilot/db/fir.compgen.dataonly.tcl 
Execute         source /home/linux/ieng6/students/401/bmscott/fa25-cse237c-projects/fir/Q5/fir.comp/hls/.autopilot/db/fir_Pipeline_TDL.tbgen.tcl 
Execute         source /home/linux/ieng6/students/401/bmscott/fa25-cse237c-projects/fir/Q5/fir.comp/hls/.autopilot/db/fir_Pipeline_MAC.tbgen.tcl 
Execute         source /home/linux/ieng6/students/401/bmscott/fa25-cse237c-projects/fir/Q5/fir.comp/hls/.autopilot/db/fir.tbgen.tcl 
Execute         source /home/linux/ieng6/students/401/bmscott/fa25-cse237c-projects/fir/Q5/fir.comp/hls/.autopilot/db/global.setting.tcl 
Execute         ap_part_info -name xc7z020-clg400-1 -data names -quiet 
Execute         ap_part_info -name xc7z020-clg400-1 -data info -quiet 
Execute         source /home/linux/ieng6/students/401/bmscott/fa25-cse237c-projects/fir/Q5/fir.comp/hls/.autopilot/db/fir.constraint.tcl 
Execute         sc_get_clocks fir 
Execute         source /home/linux/ieng6/students/401/bmscott/fa25-cse237c-projects/fir/Q5/fir.comp/hls/.autopilot/db/global.setting.tcl 
INFO-FLOW: DBG:PROC: ::HLSREPORTS::add_csynth_report_sections bind_info_dict='adapter_nodes {} cache_nodes {} report_dict {TOPINST fir MODULE2INSTS {fir fir fir_Pipeline_TDL grp_fir_Pipeline_TDL_fu_136 fir_Pipeline_MAC grp_fir_Pipeline_MAC_fu_180} INST2MODULE {fir fir grp_fir_Pipeline_TDL_fu_136 fir_Pipeline_TDL grp_fir_Pipeline_MAC_fu_180 fir_Pipeline_MAC} INSTDATA {fir {DEPTH 1 CHILDREN {grp_fir_Pipeline_TDL_fu_136 grp_fir_Pipeline_MAC_fu_180}} grp_fir_Pipeline_TDL_fu_136 {DEPTH 2 CHILDREN {}} grp_fir_Pipeline_MAC_fu_180 {DEPTH 2 CHILDREN {}}} MODULEDATA {fir_Pipeline_TDL {BINDINFO {{BINDTYPE op ID {} IMPL auto LATENCY 4 OPTYPE mul PRAGMA {} RTLNAME mul_64ns_66ns_129_5_1_U5 SOURCE fir.cpp:27 VARIABLE mul_ln27 LOOP TDL BUNDLEDNAME {} DSP 16 BRAM 0 URAM 0 STORAGESUBTYPE {} DISPNAME {bind_op mul} VISIBLE true} {BINDTYPE op ID {} IMPL auto LATENCY 67 OPTYPE urem PRAGMA {} RTLNAME urem_64ns_6ns_5_68_1_U7 SOURCE fir.cpp:27 VARIABLE urem_ln27 LOOP TDL BUNDLEDNAME {} DSP 0 BRAM 0 URAM 0 STORAGESUBTYPE {} DISPNAME {bind_op urem} VISIBLE false} {BINDTYPE op ID {} IMPL fabric LATENCY 0 OPTYPE add PRAGMA {} RTLNAME add_ln33_fu_2189_p2 SOURCE fir.cpp:33 VARIABLE add_ln33 LOOP TDL BUNDLEDNAME {} DSP 0 BRAM 0 URAM 0 STORAGESUBTYPE {} DISPNAME {bind_op add} VISIBLE true} {BINDTYPE op ID {} IMPL auto LATENCY 4 OPTYPE mul PRAGMA {} RTLNAME mul_64ns_66ns_129_5_1_U1 SOURCE fir.cpp:33 VARIABLE mul_ln33 LOOP TDL BUNDLEDNAME {} DSP 16 BRAM 0 URAM 0 STORAGESUBTYPE {} DISPNAME {bind_op mul} VISIBLE true} {BINDTYPE op ID {} IMPL compactencoding_dontcare LATENCY 0 OPTYPE sparsemux PRAGMA {} RTLNAME sparsemux_41_5_32_1_1_U8 SOURCE fir.cpp:33 VARIABLE tmp LOOP TDL BUNDLEDNAME {} DSP 0 BRAM 0 URAM 0 STORAGESUBTYPE {} DISPNAME {bind_op sparsemux} VISIBLE false} {BINDTYPE op ID {} IMPL fabric LATENCY 0 OPTYPE add PRAGMA {} RTLNAME add_ln33_1_fu_2194_p2 SOURCE fir.cpp:33 VARIABLE add_ln33_1 LOOP TDL BUNDLEDNAME {} DSP 0 BRAM 0 URAM 0 STORAGESUBTYPE {} DISPNAME {bind_op add} VISIBLE true} {BINDTYPE op ID {} IMPL auto LATENCY 4 OPTYPE mul PRAGMA {} RTLNAME mul_64ns_66ns_129_5_1_U2 SOURCE fir.cpp:33 VARIABLE mul_ln33_1 LOOP TDL BUNDLEDNAME {} DSP 16 BRAM 0 URAM 0 STORAGESUBTYPE {} DISPNAME {bind_op mul} VISIBLE true} {BINDTYPE op ID {} IMPL fabric LATENCY 0 OPTYPE add PRAGMA {} RTLNAME add_ln33_2_fu_2199_p2 SOURCE fir.cpp:33 VARIABLE add_ln33_2 LOOP TDL BUNDLEDNAME {} DSP 0 BRAM 0 URAM 0 STORAGESUBTYPE {} DISPNAME {bind_op add} VISIBLE true} {BINDTYPE op ID {} IMPL auto LATENCY 4 OPTYPE mul PRAGMA {} RTLNAME mul_64ns_66ns_129_5_1_U3 SOURCE fir.cpp:33 VARIABLE mul_ln33_2 LOOP TDL BUNDLEDNAME {} DSP 16 BRAM 0 URAM 0 STORAGESUBTYPE {} DISPNAME {bind_op mul} VISIBLE true} {BINDTYPE op ID {} IMPL fabric LATENCY 0 OPTYPE add PRAGMA {} RTLNAME add_ln33_3_fu_2204_p2 SOURCE fir.cpp:33 VARIABLE add_ln33_3 LOOP TDL BUNDLEDNAME {} DSP 0 BRAM 0 URAM 0 STORAGESUBTYPE {} DISPNAME {bind_op add} VISIBLE true} {BINDTYPE op ID {} IMPL auto LATENCY 4 OPTYPE mul PRAGMA {} RTLNAME mul_64ns_66ns_129_5_1_U4 SOURCE fir.cpp:33 VARIABLE mul_ln33_3 LOOP TDL BUNDLEDNAME {} DSP 16 BRAM 0 URAM 0 STORAGESUBTYPE {} DISPNAME {bind_op mul} VISIBLE true} {BINDTYPE op ID {} IMPL fabric LATENCY 0 OPTYPE add PRAGMA {} RTLNAME add_ln33_4_fu_2209_p2 SOURCE fir.cpp:33 VARIABLE add_ln33_4 LOOP TDL BUNDLEDNAME {} DSP 0 BRAM 0 URAM 0 STORAGESUBTYPE {} DISPNAME {bind_op add} VISIBLE true} {BINDTYPE op ID {} IMPL auto LATENCY 4 OPTYPE mul PRAGMA {} RTLNAME mul_64ns_66ns_129_5_1_U5 SOURCE fir.cpp:33 VARIABLE mul_ln33_4 LOOP TDL BUNDLEDNAME {} DSP 16 BRAM 0 URAM 0 STORAGESUBTYPE {} DISPNAME {bind_op mul} VISIBLE true} {BINDTYPE op ID {} IMPL fabric LATENCY 0 OPTYPE add PRAGMA {} RTLNAME add_ln33_5_fu_2214_p2 SOURCE fir.cpp:33 VARIABLE add_ln33_5 LOOP TDL BUNDLEDNAME {} DSP 0 BRAM 0 URAM 0 STORAGESUBTYPE {} DISPNAME {bind_op add} VISIBLE true} {BINDTYPE op ID {} IMPL auto LATENCY 4 OPTYPE mul PRAGMA {} RTLNAME mul_64ns_66ns_129_5_1_U6 SOURCE fir.cpp:33 VARIABLE mul_ln33_5 LOOP TDL BUNDLEDNAME {} DSP 16 BRAM 0 URAM 0 STORAGESUBTYPE {} DISPNAME {bind_op mul} VISIBLE true} {BINDTYPE op ID {} IMPL fabric LATENCY 0 OPTYPE add PRAGMA {} RTLNAME add_ln33_6_fu_2158_p2 SOURCE fir.cpp:33 VARIABLE add_ln33_6 LOOP TDL BUNDLEDNAME {} DSP 0 BRAM 0 URAM 0 STORAGESUBTYPE {} DISPNAME {bind_op add} VISIBLE true} {BINDTYPE op ID {} IMPL auto LATENCY 4 OPTYPE mul PRAGMA {} RTLNAME mul_64ns_66ns_129_5_1_U1 SOURCE fir.cpp:33 VARIABLE mul_ln33_6 LOOP TDL BUNDLEDNAME {} DSP 16 BRAM 0 URAM 0 STORAGESUBTYPE {} DISPNAME {bind_op mul} VISIBLE true} {BINDTYPE op ID {} IMPL compactencoding_dontcare LATENCY 0 OPTYPE sparsemux PRAGMA {} RTLNAME sparsemux_41_5_32_1_1_U9 SOURCE fir.cpp:33 VARIABLE tmp_1 LOOP TDL BUNDLEDNAME {} DSP 0 BRAM 0 URAM 0 STORAGESUBTYPE {} DISPNAME {bind_op sparsemux} VISIBLE false} {BINDTYPE op ID {} IMPL compactencoding_dontcare LATENCY 0 OPTYPE sparsemux PRAGMA {} RTLNAME sparsemux_41_5_32_1_1_U10 SOURCE fir.cpp:33 VARIABLE tmp_2 LOOP TDL BUNDLEDNAME {} DSP 0 BRAM 0 URAM 0 STORAGESUBTYPE {} DISPNAME {bind_op sparsemux} VISIBLE false} {BINDTYPE op ID {} IMPL compactencoding_dontcare LATENCY 0 OPTYPE sparsemux PRAGMA {} RTLNAME sparsemux_41_5_32_1_1_U11 SOURCE fir.cpp:33 VARIABLE tmp_3 LOOP TDL BUNDLEDNAME {} DSP 0 BRAM 0 URAM 0 STORAGESUBTYPE {} DISPNAME {bind_op sparsemux} VISIBLE false} {BINDTYPE op ID {} IMPL compactencoding_dontcare LATENCY 0 OPTYPE sparsemux PRAGMA {} RTLNAME sparsemux_41_5_32_1_1_U12 SOURCE fir.cpp:33 VARIABLE tmp_4 LOOP TDL BUNDLEDNAME {} DSP 0 BRAM 0 URAM 0 STORAGESUBTYPE {} DISPNAME {bind_op sparsemux} VISIBLE false} {BINDTYPE op ID {} IMPL compactencoding_dontcare LATENCY 0 OPTYPE sparsemux PRAGMA {} RTLNAME sparsemux_41_5_32_1_1_U13 SOURCE fir.cpp:33 VARIABLE tmp_5 LOOP TDL BUNDLEDNAME {} DSP 0 BRAM 0 URAM 0 STORAGESUBTYPE {} DISPNAME {bind_op sparsemux} VISIBLE false} {BINDTYPE op ID {} IMPL compactencoding_dontcare LATENCY 0 OPTYPE sparsemux PRAGMA {} RTLNAME sparsemux_41_5_32_1_1_U14 SOURCE fir.cpp:33 VARIABLE tmp_6 LOOP TDL BUNDLEDNAME {} DSP 0 BRAM 0 URAM 0 STORAGESUBTYPE {} DISPNAME {bind_op sparsemux} VISIBLE false} {BINDTYPE op ID {} IMPL auto LATENCY 0 OPTYPE setgt PRAGMA {} RTLNAME icmp_ln31_fu_2164_p2 SOURCE fir.cpp:31 VARIABLE icmp_ln31 LOOP TDL BUNDLEDNAME {} DSP 0 BRAM 0 URAM 0 STORAGESUBTYPE {} DISPNAME {bind_op setgt} VISIBLE false} {BINDTYPE op ID {} IMPL fabric LATENCY 0 OPTYPE add PRAGMA {} RTLNAME add_ln33_7_fu_2179_p2 SOURCE fir.cpp:33 VARIABLE add_ln33_7 LOOP TDL BUNDLEDNAME {} DSP 0 BRAM 0 URAM 0 STORAGESUBTYPE {} DISPNAME {bind_op add} VISIBLE true} {BINDTYPE op ID {} IMPL auto LATENCY 4 OPTYPE mul PRAGMA {} RTLNAME mul_64ns_66ns_129_5_1_U2 SOURCE fir.cpp:33 VARIABLE mul_ln33_7 LOOP TDL BUNDLEDNAME {} DSP 16 BRAM 0 URAM 0 STORAGESUBTYPE {} DISPNAME {bind_op mul} VISIBLE true} {BINDTYPE op ID {} IMPL compactencoding_dontcare LATENCY 0 OPTYPE sparsemux PRAGMA {} RTLNAME sparsemux_41_5_32_1_1_U15 SOURCE fir.cpp:33 VARIABLE tmp_7 LOOP TDL BUNDLEDNAME {} DSP 0 BRAM 0 URAM 0 STORAGESUBTYPE {} DISPNAME {bind_op sparsemux} VISIBLE false} {BINDTYPE op ID {} IMPL fabric LATENCY 0 OPTYPE add PRAGMA {} RTLNAME add_ln33_8_fu_2184_p2 SOURCE fir.cpp:33 VARIABLE add_ln33_8 LOOP TDL BUNDLEDNAME {} DSP 0 BRAM 0 URAM 0 STORAGESUBTYPE {} DISPNAME {bind_op add} VISIBLE true} {BINDTYPE op ID {} IMPL auto LATENCY 4 OPTYPE mul PRAGMA {} RTLNAME mul_64ns_66ns_129_5_1_U3 SOURCE fir.cpp:33 VARIABLE mul_ln33_8 LOOP TDL BUNDLEDNAME {} DSP 16 BRAM 0 URAM 0 STORAGESUBTYPE {} DISPNAME {bind_op mul} VISIBLE true} {BINDTYPE op ID {} IMPL fabric LATENCY 0 OPTYPE add PRAGMA {} RTLNAME add_ln33_9_fu_2169_p2 SOURCE fir.cpp:33 VARIABLE add_ln33_9 LOOP TDL BUNDLEDNAME {} DSP 0 BRAM 0 URAM 0 STORAGESUBTYPE {} DISPNAME {bind_op add} VISIBLE true} {BINDTYPE op ID {} IMPL auto LATENCY 4 OPTYPE mul PRAGMA {} RTLNAME mul_64ns_66ns_129_5_1_U4 SOURCE fir.cpp:33 VARIABLE mul_ln33_9 LOOP TDL BUNDLEDNAME {} DSP 16 BRAM 0 URAM 0 STORAGESUBTYPE {} DISPNAME {bind_op mul} VISIBLE true} {BINDTYPE op ID {} IMPL compactencoding_dontcare LATENCY 0 OPTYPE sparsemux PRAGMA {} RTLNAME sparsemux_41_5_32_1_1_U16 SOURCE fir.cpp:33 VARIABLE tmp_8 LOOP TDL BUNDLEDNAME {} DSP 0 BRAM 0 URAM 0 STORAGESUBTYPE {} DISPNAME {bind_op sparsemux} VISIBLE false} {BINDTYPE op ID {} IMPL compactencoding_dontcare LATENCY 0 OPTYPE sparsemux PRAGMA {} RTLNAME sparsemux_41_5_32_1_1_U17 SOURCE fir.cpp:33 VARIABLE tmp_9 LOOP TDL BUNDLEDNAME {} DSP 0 BRAM 0 URAM 0 STORAGESUBTYPE {} DISPNAME {bind_op sparsemux} VISIBLE false}} AREA {DSP 96 BRAM 0 URAM 0}} fir_Pipeline_MAC {BINDINFO {{BINDTYPE op ID {} IMPL auto LATENCY 0 OPTYPE mul PRAGMA {} RTLNAME mul_7ns_9ns_15_1_1_U50 SOURCE fir.cpp:26 VARIABLE mul_ln26 LOOP MAC BUNDLEDNAME {} DSP 0 BRAM 0 URAM 0 STORAGESUBTYPE {} DISPNAME {bind_op mul} VISIBLE true} {BINDTYPE op ID {} IMPL auto LATENCY 10 OPTYPE urem PRAGMA {} RTLNAME urem_7ns_6ns_5_11_1_U51 SOURCE fir.cpp:26 VARIABLE urem_ln26 LOOP MAC BUNDLEDNAME {} DSP 0 BRAM 0 URAM 0 STORAGESUBTYPE {} DISPNAME {bind_op urem} VISIBLE false} {BINDTYPE op ID {} IMPL compactencoding_dontcare LATENCY 0 OPTYPE sparsemux PRAGMA {} RTLNAME sparsemux_41_5_32_1_1_x_U131 SOURCE fir.cpp:42 VARIABLE tmp_s LOOP MAC BUNDLEDNAME {} DSP 0 BRAM 0 URAM 0 STORAGESUBTYPE {} DISPNAME {bind_op sparsemux} VISIBLE false} {BINDTYPE op ID {} IMPL compactencoding_dontcare LATENCY 0 OPTYPE sparsemux PRAGMA {} RTLNAME sparsemux_41_5_5_1_1_U91 SOURCE fir.cpp:42 VARIABLE tmp_1 LOOP MAC BUNDLEDNAME {} DSP 0 BRAM 0 URAM 0 STORAGESUBTYPE {} DISPNAME {bind_op sparsemux} VISIBLE false} {BINDTYPE op ID {} IMPL fabric LATENCY 0 OPTYPE add PRAGMA {} RTLNAME add_ln40_fu_14904_p2 SOURCE fir.cpp:40 VARIABLE add_ln40 LOOP MAC BUNDLEDNAME {} DSP 0 BRAM 0 URAM 0 STORAGESUBTYPE {} DISPNAME {bind_op add} VISIBLE true} {BINDTYPE op ID {} IMPL auto LATENCY 0 OPTYPE mul PRAGMA {} RTLNAME mul_7ns_9ns_15_1_1_U52 SOURCE fir.cpp:42 VARIABLE mul_ln42_40 LOOP MAC BUNDLEDNAME {} DSP 0 BRAM 0 URAM 0 STORAGESUBTYPE {} DISPNAME {bind_op mul} VISIBLE true} {BINDTYPE op ID {} IMPL compactencoding_dontcare LATENCY 0 OPTYPE sparsemux PRAGMA {} RTLNAME sparsemux_41_5_32_1_1_U132 SOURCE fir.cpp:42 VARIABLE tmp_2 LOOP MAC BUNDLEDNAME {} DSP 0 BRAM 0 URAM 0 STORAGESUBTYPE {} DISPNAME {bind_op sparsemux} VISIBLE false} {BINDTYPE op ID {} IMPL compactencoding_dontcare LATENCY 0 OPTYPE sparsemux PRAGMA {} RTLNAME sparsemux_41_5_5_1_1_U92 SOURCE fir.cpp:42 VARIABLE tmp_3 LOOP MAC BUNDLEDNAME {} DSP 0 BRAM 0 URAM 0 STORAGESUBTYPE {} DISPNAME {bind_op sparsemux} VISIBLE false} {BINDTYPE op ID {} IMPL fabric LATENCY 0 OPTYPE add PRAGMA {} RTLNAME add_ln40_1_fu_14910_p2 SOURCE fir.cpp:40 VARIABLE add_ln40_1 LOOP MAC BUNDLEDNAME {} DSP 0 BRAM 0 URAM 0 STORAGESUBTYPE {} DISPNAME {bind_op add} VISIBLE true} {BINDTYPE op ID {} IMPL auto LATENCY 0 OPTYPE mul PRAGMA {} RTLNAME mul_7ns_9ns_15_1_1_U53 SOURCE fir.cpp:42 VARIABLE mul_ln42_41 LOOP MAC BUNDLEDNAME {} DSP 0 BRAM 0 URAM 0 STORAGESUBTYPE {} DISPNAME {bind_op mul} VISIBLE true} {BINDTYPE op ID {} IMPL compactencoding_dontcare LATENCY 0 OPTYPE sparsemux PRAGMA {} RTLNAME sparsemux_41_5_32_1_1_U133 SOURCE fir.cpp:42 VARIABLE tmp_4 LOOP MAC BUNDLEDNAME {} DSP 0 BRAM 0 URAM 0 STORAGESUBTYPE {} DISPNAME {bind_op sparsemux} VISIBLE false} {BINDTYPE op ID {} IMPL compactencoding_dontcare LATENCY 0 OPTYPE sparsemux PRAGMA {} RTLNAME sparsemux_41_5_5_1_1_U93 SOURCE fir.cpp:42 VARIABLE tmp_5 LOOP MAC BUNDLEDNAME {} DSP 0 BRAM 0 URAM 0 STORAGESUBTYPE {} DISPNAME {bind_op sparsemux} VISIBLE false} {BINDTYPE op ID {} IMPL fabric LATENCY 0 OPTYPE add PRAGMA {} RTLNAME add_ln40_2_fu_14916_p2 SOURCE fir.cpp:40 VARIABLE add_ln40_2 LOOP MAC BUNDLEDNAME {} DSP 0 BRAM 0 URAM 0 STORAGESUBTYPE {} DISPNAME {bind_op add} VISIBLE true} {BINDTYPE op ID {} IMPL auto LATENCY 0 OPTYPE mul PRAGMA {} RTLNAME mul_7ns_9ns_15_1_1_U54 SOURCE fir.cpp:42 VARIABLE mul_ln42_42 LOOP MAC BUNDLEDNAME {} DSP 0 BRAM 0 URAM 0 STORAGESUBTYPE {} DISPNAME {bind_op mul} VISIBLE true} {BINDTYPE op ID {} IMPL compactencoding_dontcare LATENCY 0 OPTYPE sparsemux PRAGMA {} RTLNAME sparsemux_41_5_32_1_1_U134 SOURCE fir.cpp:42 VARIABLE tmp_6 LOOP MAC BUNDLEDNAME {} DSP 0 BRAM 0 URAM 0 STORAGESUBTYPE {} DISPNAME {bind_op sparsemux} VISIBLE false} {BINDTYPE op ID {} IMPL compactencoding_dontcare LATENCY 0 OPTYPE sparsemux PRAGMA {} RTLNAME sparsemux_41_5_5_1_1_U94 SOURCE fir.cpp:42 VARIABLE tmp_7 LOOP MAC BUNDLEDNAME {} DSP 0 BRAM 0 URAM 0 STORAGESUBTYPE {} DISPNAME {bind_op sparsemux} VISIBLE false} {BINDTYPE op ID {} IMPL fabric LATENCY 0 OPTYPE add PRAGMA {} RTLNAME add_ln40_3_fu_14922_p2 SOURCE fir.cpp:40 VARIABLE add_ln40_3 LOOP MAC BUNDLEDNAME {} DSP 0 BRAM 0 URAM 0 STORAGESUBTYPE {} DISPNAME {bind_op add} VISIBLE true} {BINDTYPE op ID {} IMPL auto LATENCY 0 OPTYPE mul PRAGMA {} RTLNAME mul_7ns_9ns_15_1_1_U55 SOURCE fir.cpp:42 VARIABLE mul_ln42_43 LOOP MAC BUNDLEDNAME {} DSP 0 BRAM 0 URAM 0 STORAGESUBTYPE {} DISPNAME {bind_op mul} VISIBLE true} {BINDTYPE op ID {} IMPL compactencoding_dontcare LATENCY 0 OPTYPE sparsemux PRAGMA {} RTLNAME sparsemux_41_5_32_1_1_U135 SOURCE fir.cpp:42 VARIABLE tmp_8 LOOP MAC BUNDLEDNAME {} DSP 0 BRAM 0 URAM 0 STORAGESUBTYPE {} DISPNAME {bind_op sparsemux} VISIBLE false} {BINDTYPE op ID {} IMPL compactencoding_dontcare LATENCY 0 OPTYPE sparsemux PRAGMA {} RTLNAME sparsemux_41_5_5_1_1_U95 SOURCE fir.cpp:42 VARIABLE tmp_9 LOOP MAC BUNDLEDNAME {} DSP 0 BRAM 0 URAM 0 STORAGESUBTYPE {} DISPNAME {bind_op sparsemux} VISIBLE false} {BINDTYPE op ID {} IMPL fabric LATENCY 0 OPTYPE add PRAGMA {} RTLNAME add_ln40_4_fu_14928_p2 SOURCE fir.cpp:40 VARIABLE add_ln40_4 LOOP MAC BUNDLEDNAME {} DSP 0 BRAM 0 URAM 0 STORAGESUBTYPE {} DISPNAME {bind_op add} VISIBLE true} {BINDTYPE op ID {} IMPL auto LATENCY 0 OPTYPE mul PRAGMA {} RTLNAME mul_7ns_9ns_15_1_1_U56 SOURCE fir.cpp:42 VARIABLE mul_ln42_44 LOOP MAC BUNDLEDNAME {} DSP 0 BRAM 0 URAM 0 STORAGESUBTYPE {} DISPNAME {bind_op mul} VISIBLE true} {BINDTYPE op ID {} IMPL compactencoding_dontcare LATENCY 0 OPTYPE sparsemux PRAGMA {} RTLNAME sparsemux_41_5_32_1_1_U136 SOURCE fir.cpp:42 VARIABLE tmp_10 LOOP MAC BUNDLEDNAME {} DSP 0 BRAM 0 URAM 0 STORAGESUBTYPE {} DISPNAME {bind_op sparsemux} VISIBLE false} {BINDTYPE op ID {} IMPL compactencoding_dontcare LATENCY 0 OPTYPE sparsemux PRAGMA {} RTLNAME sparsemux_41_5_5_1_1_U96 SOURCE fir.cpp:42 VARIABLE tmp_11 LOOP MAC BUNDLEDNAME {} DSP 0 BRAM 0 URAM 0 STORAGESUBTYPE {} DISPNAME {bind_op sparsemux} VISIBLE false} {BINDTYPE op ID {} IMPL fabric LATENCY 0 OPTYPE add PRAGMA {} RTLNAME add_ln40_5_fu_14934_p2 SOURCE fir.cpp:40 VARIABLE add_ln40_5 LOOP MAC BUNDLEDNAME {} DSP 0 BRAM 0 URAM 0 STORAGESUBTYPE {} DISPNAME {bind_op add} VISIBLE true} {BINDTYPE op ID {} IMPL auto LATENCY 0 OPTYPE mul PRAGMA {} RTLNAME mul_7ns_9ns_15_1_1_U57 SOURCE fir.cpp:42 VARIABLE mul_ln42_45 LOOP MAC BUNDLEDNAME {} DSP 0 BRAM 0 URAM 0 STORAGESUBTYPE {} DISPNAME {bind_op mul} VISIBLE true} {BINDTYPE op ID {} IMPL compactencoding_dontcare LATENCY 0 OPTYPE sparsemux PRAGMA {} RTLNAME sparsemux_41_5_32_1_1_U137 SOURCE fir.cpp:42 VARIABLE tmp_12 LOOP MAC BUNDLEDNAME {} DSP 0 BRAM 0 URAM 0 STORAGESUBTYPE {} DISPNAME {bind_op sparsemux} VISIBLE false} {BINDTYPE op ID {} IMPL compactencoding_dontcare LATENCY 0 OPTYPE sparsemux PRAGMA {} RTLNAME sparsemux_41_5_5_1_1_U97 SOURCE fir.cpp:42 VARIABLE tmp_13 LOOP MAC BUNDLEDNAME {} DSP 0 BRAM 0 URAM 0 STORAGESUBTYPE {} DISPNAME {bind_op sparsemux} VISIBLE false} {BINDTYPE op ID {} IMPL fabric LATENCY 0 OPTYPE add PRAGMA {} RTLNAME add_ln40_6_fu_14940_p2 SOURCE fir.cpp:40 VARIABLE add_ln40_6 LOOP MAC BUNDLEDNAME {} DSP 0 BRAM 0 URAM 0 STORAGESUBTYPE {} DISPNAME {bind_op add} VISIBLE true} {BINDTYPE op ID {} IMPL auto LATENCY 0 OPTYPE mul PRAGMA {} RTLNAME mul_7ns_9ns_15_1_1_U58 SOURCE fir.cpp:42 VARIABLE mul_ln42_46 LOOP MAC BUNDLEDNAME {} DSP 0 BRAM 0 URAM 0 STORAGESUBTYPE {} DISPNAME {bind_op mul} VISIBLE true} {BINDTYPE op ID {} IMPL compactencoding_dontcare LATENCY 0 OPTYPE sparsemux PRAGMA {} RTLNAME sparsemux_41_5_32_1_1_U138 SOURCE fir.cpp:42 VARIABLE tmp_14 LOOP MAC BUNDLEDNAME {} DSP 0 BRAM 0 URAM 0 STORAGESUBTYPE {} DISPNAME {bind_op sparsemux} VISIBLE false} {BINDTYPE op ID {} IMPL compactencoding_dontcare LATENCY 0 OPTYPE sparsemux PRAGMA {} RTLNAME sparsemux_41_5_5_1_1_U98 SOURCE fir.cpp:42 VARIABLE tmp_15 LOOP MAC BUNDLEDNAME {} DSP 0 BRAM 0 URAM 0 STORAGESUBTYPE {} DISPNAME {bind_op sparsemux} VISIBLE false} {BINDTYPE op ID {} IMPL auto LATENCY 1 OPTYPE mul PRAGMA {} RTLNAME mul_5s_32s_32_2_1_U172 SOURCE fir.cpp:42 VARIABLE mul_ln42 LOOP MAC BUNDLEDNAME {} DSP 2 BRAM 0 URAM 0 STORAGESUBTYPE {} DISPNAME {bind_op mul} VISIBLE true} {BINDTYPE op ID {} IMPL auto LATENCY 1 OPTYPE mul PRAGMA {} RTLNAME mul_5s_32s_32_2_1_U173 SOURCE fir.cpp:42 VARIABLE mul_ln42_1 LOOP MAC BUNDLEDNAME {} DSP 2 BRAM 0 URAM 0 STORAGESUBTYPE {} DISPNAME {bind_op mul} VISIBLE true} {BINDTYPE op ID {} IMPL auto LATENCY 1 OPTYPE mul PRAGMA {} RTLNAME mul_5s_32s_32_2_1_U174 SOURCE fir.cpp:42 VARIABLE mul_ln42_2 LOOP MAC BUNDLEDNAME {} DSP 2 BRAM 0 URAM 0 STORAGESUBTYPE {} DISPNAME {bind_op mul} VISIBLE true} {BINDTYPE op ID {} IMPL auto LATENCY 1 OPTYPE mul PRAGMA {} RTLNAME mul_5s_32s_32_2_1_U175 SOURCE fir.cpp:42 VARIABLE mul_ln42_3 LOOP MAC BUNDLEDNAME {} DSP 2 BRAM 0 URAM 0 STORAGESUBTYPE {} DISPNAME {bind_op mul} VISIBLE true} {BINDTYPE op ID {} IMPL auto LATENCY 1 OPTYPE mul PRAGMA {} RTLNAME mul_5s_32s_32_2_1_U176 SOURCE fir.cpp:42 VARIABLE mul_ln42_4 LOOP MAC BUNDLEDNAME {} DSP 2 BRAM 0 URAM 0 STORAGESUBTYPE {} DISPNAME {bind_op mul} VISIBLE true} {BINDTYPE op ID {} IMPL auto LATENCY 1 OPTYPE mul PRAGMA {} RTLNAME mul_5s_32s_32_2_1_U177 SOURCE fir.cpp:42 VARIABLE mul_ln42_5 LOOP MAC BUNDLEDNAME {} DSP 2 BRAM 0 URAM 0 STORAGESUBTYPE {} DISPNAME {bind_op mul} VISIBLE true} {BINDTYPE op ID {} IMPL auto LATENCY 1 OPTYPE mul PRAGMA {} RTLNAME mul_5s_32s_32_2_1_U178 SOURCE fir.cpp:42 VARIABLE mul_ln42_6 LOOP MAC BUNDLEDNAME {} DSP 2 BRAM 0 URAM 0 STORAGESUBTYPE {} DISPNAME {bind_op mul} VISIBLE true} {BINDTYPE op ID {} IMPL auto LATENCY 1 OPTYPE mul PRAGMA {} RTLNAME mul_5s_32s_32_2_1_U179 SOURCE fir.cpp:42 VARIABLE mul_ln42_7 LOOP MAC BUNDLEDNAME {} DSP 2 BRAM 0 URAM 0 STORAGESUBTYPE {} DISPNAME {bind_op mul} VISIBLE true} {BINDTYPE op ID {} IMPL fabric LATENCY 0 OPTYPE add PRAGMA {} RTLNAME add_ln42_1_fu_26568_p2 SOURCE fir.cpp:42 VARIABLE add_ln42_1 LOOP MAC BUNDLEDNAME {} DSP 0 BRAM 0 URAM 0 STORAGESUBTYPE {} DISPNAME {bind_op add} VISIBLE true} {BINDTYPE op ID {} IMPL fabric LATENCY 0 OPTYPE add PRAGMA {} RTLNAME add_ln42_4_fu_26578_p2 SOURCE fir.cpp:42 VARIABLE add_ln42_4 LOOP MAC BUNDLEDNAME {} DSP 0 BRAM 0 URAM 0 STORAGESUBTYPE {} DISPNAME {bind_op add} VISIBLE true} {BINDTYPE op ID {} IMPL fabric LATENCY 0 OPTYPE add PRAGMA {} RTLNAME add_ln40_7_fu_14946_p2 SOURCE fir.cpp:40 VARIABLE add_ln40_7 LOOP MAC BUNDLEDNAME {} DSP 0 BRAM 0 URAM 0 STORAGESUBTYPE {} DISPNAME {bind_op add} VISIBLE true} {BINDTYPE op ID {} IMPL auto LATENCY 0 OPTYPE mul PRAGMA {} RTLNAME mul_7ns_9ns_15_1_1_U59 SOURCE fir.cpp:26 VARIABLE mul_ln26_1 LOOP MAC BUNDLEDNAME {} DSP 0 BRAM 0 URAM 0 STORAGESUBTYPE {} DISPNAME {bind_op mul} VISIBLE true} {BINDTYPE op ID {} IMPL compactencoding_dontcare LATENCY 0 OPTYPE sparsemux PRAGMA {} RTLNAME sparsemux_41_5_32_1_1_U139 SOURCE fir.cpp:42 VARIABLE tmp_16 LOOP MAC BUNDLEDNAME {} DSP 0 BRAM 0 URAM 0 STORAGESUBTYPE {} DISPNAME {bind_op sparsemux} VISIBLE false} {BINDTYPE op ID {} IMPL compactencoding_dontcare LATENCY 0 OPTYPE sparsemux PRAGMA {} RTLNAME sparsemux_41_5_5_1_1_U99 SOURCE fir.cpp:42 VARIABLE tmp_17 LOOP MAC BUNDLEDNAME {} DSP 0 BRAM 0 URAM 0 STORAGESUBTYPE {} DISPNAME {bind_op sparsemux} VISIBLE false} {BINDTYPE op ID {} IMPL fabric LATENCY 0 OPTYPE add PRAGMA {} RTLNAME add_ln40_8_fu_14960_p2 SOURCE fir.cpp:40 VARIABLE add_ln40_8 LOOP MAC BUNDLEDNAME {} DSP 0 BRAM 0 URAM 0 STORAGESUBTYPE {} DISPNAME {bind_op add} VISIBLE true} {BINDTYPE op ID {} IMPL auto LATENCY 0 OPTYPE mul PRAGMA {} RTLNAME mul_7ns_9ns_15_1_1_U60 SOURCE fir.cpp:42 VARIABLE mul_ln42_47 LOOP MAC BUNDLEDNAME {} DSP 0 BRAM 0 URAM 0 STORAGESUBTYPE {} DISPNAME {bind_op mul} VISIBLE true} {BINDTYPE op ID {} IMPL compactencoding_dontcare LATENCY 0 OPTYPE sparsemux PRAGMA {} RTLNAME sparsemux_41_5_32_1_1_U140 SOURCE fir.cpp:42 VARIABLE tmp_18 LOOP MAC BUNDLEDNAME {} DSP 0 BRAM 0 URAM 0 STORAGESUBTYPE {} DISPNAME {bind_op sparsemux} VISIBLE false} {BINDTYPE op ID {} IMPL compactencoding_dontcare LATENCY 0 OPTYPE sparsemux PRAGMA {} RTLNAME sparsemux_41_5_5_1_1_U100 SOURCE fir.cpp:42 VARIABLE tmp_19 LOOP MAC BUNDLEDNAME {} DSP 0 BRAM 0 URAM 0 STORAGESUBTYPE {} DISPNAME {bind_op sparsemux} VISIBLE false} {BINDTYPE op ID {} IMPL fabric LATENCY 0 OPTYPE add PRAGMA {} RTLNAME add_ln40_9_fu_14966_p2 SOURCE fir.cpp:40 VARIABLE add_ln40_9 LOOP MAC BUNDLEDNAME {} DSP 0 BRAM 0 URAM 0 STORAGESUBTYPE {} DISPNAME {bind_op add} VISIBLE true} {BINDTYPE op ID {} IMPL auto LATENCY 0 OPTYPE mul PRAGMA {} RTLNAME mul_7ns_9ns_15_1_1_U61 SOURCE fir.cpp:42 VARIABLE mul_ln42_48 LOOP MAC BUNDLEDNAME {} DSP 0 BRAM 0 URAM 0 STORAGESUBTYPE {} DISPNAME {bind_op mul} VISIBLE true} {BINDTYPE op ID {} IMPL compactencoding_dontcare LATENCY 0 OPTYPE sparsemux PRAGMA {} RTLNAME sparsemux_41_5_32_1_1_U141 SOURCE fir.cpp:42 VARIABLE tmp_20 LOOP MAC BUNDLEDNAME {} DSP 0 BRAM 0 URAM 0 STORAGESUBTYPE {} DISPNAME {bind_op sparsemux} VISIBLE false} {BINDTYPE op ID {} IMPL compactencoding_dontcare LATENCY 0 OPTYPE sparsemux PRAGMA {} RTLNAME sparsemux_41_5_5_1_1_U101 SOURCE fir.cpp:42 VARIABLE tmp_21 LOOP MAC BUNDLEDNAME {} DSP 0 BRAM 0 URAM 0 STORAGESUBTYPE {} DISPNAME {bind_op sparsemux} VISIBLE false} {BINDTYPE op ID {} IMPL fabric LATENCY 0 OPTYPE add PRAGMA {} RTLNAME add_ln40_10_fu_15483_p2 SOURCE fir.cpp:40 VARIABLE add_ln40_10 LOOP MAC BUNDLEDNAME {} DSP 0 BRAM 0 URAM 0 STORAGESUBTYPE {} DISPNAME {bind_op add} VISIBLE true} {BINDTYPE op ID {} IMPL auto LATENCY 0 OPTYPE mul PRAGMA {} RTLNAME mul_7ns_9ns_15_1_1_U62 SOURCE fir.cpp:42 VARIABLE mul_ln42_49 LOOP MAC BUNDLEDNAME {} DSP 0 BRAM 0 URAM 0 STORAGESUBTYPE {} DISPNAME {bind_op mul} VISIBLE true} {BINDTYPE op ID {} IMPL compactencoding_dontcare LATENCY 0 OPTYPE sparsemux PRAGMA {} RTLNAME sparsemux_41_5_32_1_1_x_U142 SOURCE fir.cpp:42 VARIABLE tmp_22 LOOP MAC BUNDLEDNAME {} DSP 0 BRAM 0 URAM 0 STORAGESUBTYPE {} DISPNAME {bind_op sparsemux} VISIBLE false} {BINDTYPE op ID {} IMPL compactencoding_dontcare LATENCY 0 OPTYPE sparsemux PRAGMA {} RTLNAME sparsemux_41_5_5_1_1_U102 SOURCE fir.cpp:42 VARIABLE tmp_23 LOOP MAC BUNDLEDNAME {} DSP 0 BRAM 0 URAM 0 STORAGESUBTYPE {} DISPNAME {bind_op sparsemux} VISIBLE false} {BINDTYPE op ID {} IMPL fabric LATENCY 0 OPTYPE add PRAGMA {} RTLNAME add_ln40_11_fu_15508_p2 SOURCE fir.cpp:40 VARIABLE add_ln40_11 LOOP MAC BUNDLEDNAME {} DSP 0 BRAM 0 URAM 0 STORAGESUBTYPE {} DISPNAME {bind_op add} VISIBLE true} {BINDTYPE op ID {} IMPL auto LATENCY 0 OPTYPE mul PRAGMA {} RTLNAME mul_7ns_9ns_15_1_1_U63 SOURCE fir.cpp:42 VARIABLE mul_ln42_50 LOOP MAC BUNDLEDNAME {} DSP 0 BRAM 0 URAM 0 STORAGESUBTYPE {} DISPNAME {bind_op mul} VISIBLE true} {BINDTYPE op ID {} IMPL compactencoding_dontcare LATENCY 0 OPTYPE sparsemux PRAGMA {} RTLNAME sparsemux_41_5_32_1_1_x_U143 SOURCE fir.cpp:42 VARIABLE tmp_24 LOOP MAC BUNDLEDNAME {} DSP 0 BRAM 0 URAM 0 STORAGESUBTYPE {} DISPNAME {bind_op sparsemux} VISIBLE false} {BINDTYPE op ID {} IMPL compactencoding_dontcare LATENCY 0 OPTYPE sparsemux PRAGMA {} RTLNAME sparsemux_41_5_5_1_1_U103 SOURCE fir.cpp:42 VARIABLE tmp_25 LOOP MAC BUNDLEDNAME {} DSP 0 BRAM 0 URAM 0 STORAGESUBTYPE {} DISPNAME {bind_op sparsemux} VISIBLE false} {BINDTYPE op ID {} IMPL fabric LATENCY 0 OPTYPE add PRAGMA {} RTLNAME add_ln40_12_fu_15533_p2 SOURCE fir.cpp:40 VARIABLE add_ln40_12 LOOP MAC BUNDLEDNAME {} DSP 0 BRAM 0 URAM 0 STORAGESUBTYPE {} DISPNAME {bind_op add} VISIBLE true} {BINDTYPE op ID {} IMPL auto LATENCY 0 OPTYPE mul PRAGMA {} RTLNAME mul_7ns_9ns_15_1_1_U64 SOURCE fir.cpp:42 VARIABLE mul_ln42_51 LOOP MAC BUNDLEDNAME {} DSP 0 BRAM 0 URAM 0 STORAGESUBTYPE {} DISPNAME {bind_op mul} VISIBLE true} {BINDTYPE op ID {} IMPL compactencoding_dontcare LATENCY 0 OPTYPE sparsemux PRAGMA {} RTLNAME sparsemux_41_5_32_1_1_x_U144 SOURCE fir.cpp:42 VARIABLE tmp_26 LOOP MAC BUNDLEDNAME {} DSP 0 BRAM 0 URAM 0 STORAGESUBTYPE {} DISPNAME {bind_op sparsemux} VISIBLE false} {BINDTYPE op ID {} IMPL compactencoding_dontcare LATENCY 0 OPTYPE sparsemux PRAGMA {} RTLNAME sparsemux_41_5_5_1_1_U104 SOURCE fir.cpp:42 VARIABLE tmp_27 LOOP MAC BUNDLEDNAME {} DSP 0 BRAM 0 URAM 0 STORAGESUBTYPE {} DISPNAME {bind_op sparsemux} VISIBLE false} {BINDTYPE op ID {} IMPL fabric LATENCY 0 OPTYPE add PRAGMA {} RTLNAME add_ln40_13_fu_15558_p2 SOURCE fir.cpp:40 VARIABLE add_ln40_13 LOOP MAC BUNDLEDNAME {} DSP 0 BRAM 0 URAM 0 STORAGESUBTYPE {} DISPNAME {bind_op add} VISIBLE true} {BINDTYPE op ID {} IMPL auto LATENCY 0 OPTYPE mul PRAGMA {} RTLNAME mul_7ns_9ns_15_1_1_U65 SOURCE fir.cpp:42 VARIABLE mul_ln42_52 LOOP MAC BUNDLEDNAME {} DSP 0 BRAM 0 URAM 0 STORAGESUBTYPE {} DISPNAME {bind_op mul} VISIBLE true} {BINDTYPE op ID {} IMPL compactencoding_dontcare LATENCY 0 OPTYPE sparsemux PRAGMA {} RTLNAME sparsemux_41_5_32_1_1_x_U145 SOURCE fir.cpp:42 VARIABLE tmp_28 LOOP MAC BUNDLEDNAME {} DSP 0 BRAM 0 URAM 0 STORAGESUBTYPE {} DISPNAME {bind_op sparsemux} VISIBLE false} {BINDTYPE op ID {} IMPL compactencoding_dontcare LATENCY 0 OPTYPE sparsemux PRAGMA {} RTLNAME sparsemux_41_5_5_1_1_U105 SOURCE fir.cpp:42 VARIABLE tmp_29 LOOP MAC BUNDLEDNAME {} DSP 0 BRAM 0 URAM 0 STORAGESUBTYPE {} DISPNAME {bind_op sparsemux} VISIBLE false} {BINDTYPE op ID {} IMPL fabric LATENCY 0 OPTYPE add PRAGMA {} RTLNAME add_ln40_14_fu_15583_p2 SOURCE fir.cpp:40 VARIABLE add_ln40_14 LOOP MAC BUNDLEDNAME {} DSP 0 BRAM 0 URAM 0 STORAGESUBTYPE {} DISPNAME {bind_op add} VISIBLE true} {BINDTYPE op ID {} IMPL auto LATENCY 0 OPTYPE mul PRAGMA {} RTLNAME mul_7ns_9ns_15_1_1_U66 SOURCE fir.cpp:42 VARIABLE mul_ln42_53 LOOP MAC BUNDLEDNAME {} DSP 0 BRAM 0 URAM 0 STORAGESUBTYPE {} DISPNAME {bind_op mul} VISIBLE true} {BINDTYPE op ID {} IMPL compactencoding_dontcare LATENCY 0 OPTYPE sparsemux PRAGMA {} RTLNAME sparsemux_41_5_32_1_1_x_U146 SOURCE fir.cpp:42 VARIABLE tmp_30 LOOP MAC BUNDLEDNAME {} DSP 0 BRAM 0 URAM 0 STORAGESUBTYPE {} DISPNAME {bind_op sparsemux} VISIBLE false} {BINDTYPE op ID {} IMPL compactencoding_dontcare LATENCY 0 OPTYPE sparsemux PRAGMA {} RTLNAME sparsemux_41_5_5_1_1_U106 SOURCE fir.cpp:42 VARIABLE tmp_31 LOOP MAC BUNDLEDNAME {} DSP 0 BRAM 0 URAM 0 STORAGESUBTYPE {} DISPNAME {bind_op sparsemux} VISIBLE false} {BINDTYPE op ID {} IMPL fabric LATENCY 0 OPTYPE add PRAGMA {} RTLNAME add_ln40_15_fu_15608_p2 SOURCE fir.cpp:40 VARIABLE add_ln40_15 LOOP MAC BUNDLEDNAME {} DSP 0 BRAM 0 URAM 0 STORAGESUBTYPE {} DISPNAME {bind_op add} VISIBLE true} {BINDTYPE op ID {} IMPL auto LATENCY 0 OPTYPE mul PRAGMA {} RTLNAME mul_7ns_9ns_15_1_1_U67 SOURCE fir.cpp:42 VARIABLE mul_ln42_54 LOOP MAC BUNDLEDNAME {} DSP 0 BRAM 0 URAM 0 STORAGESUBTYPE {} DISPNAME {bind_op mul} VISIBLE true} {BINDTYPE op ID {} IMPL compactencoding_dontcare LATENCY 0 OPTYPE sparsemux PRAGMA {} RTLNAME sparsemux_41_5_32_1_1_x_U147 SOURCE fir.cpp:42 VARIABLE tmp_32 LOOP MAC BUNDLEDNAME {} DSP 0 BRAM 0 URAM 0 STORAGESUBTYPE {} DISPNAME {bind_op sparsemux} VISIBLE false} {BINDTYPE op ID {} IMPL compactencoding_dontcare LATENCY 0 OPTYPE sparsemux PRAGMA {} RTLNAME sparsemux_41_5_5_1_1_U107 SOURCE fir.cpp:42 VARIABLE tmp_33 LOOP MAC BUNDLEDNAME {} DSP 0 BRAM 0 URAM 0 STORAGESUBTYPE {} DISPNAME {bind_op sparsemux} VISIBLE false} {BINDTYPE op ID {} IMPL fabric LATENCY 0 OPTYPE add PRAGMA {} RTLNAME add_ln40_16_fu_15633_p2 SOURCE fir.cpp:40 VARIABLE add_ln40_16 LOOP MAC BUNDLEDNAME {} DSP 0 BRAM 0 URAM 0 STORAGESUBTYPE {} DISPNAME {bind_op add} VISIBLE true} {BINDTYPE op ID {} IMPL auto LATENCY 0 OPTYPE mul PRAGMA {} RTLNAME mul_7ns_9ns_15_1_1_U68 SOURCE fir.cpp:42 VARIABLE mul_ln42_55 LOOP MAC BUNDLEDNAME {} DSP 0 BRAM 0 URAM 0 STORAGESUBTYPE {} DISPNAME {bind_op mul} VISIBLE true} {BINDTYPE op ID {} IMPL compactencoding_dontcare LATENCY 0 OPTYPE sparsemux PRAGMA {} RTLNAME sparsemux_41_5_32_1_1_x_U148 SOURCE fir.cpp:42 VARIABLE tmp_34 LOOP MAC BUNDLEDNAME {} DSP 0 BRAM 0 URAM 0 STORAGESUBTYPE {} DISPNAME {bind_op sparsemux} VISIBLE false} {BINDTYPE op ID {} IMPL compactencoding_dontcare LATENCY 0 OPTYPE sparsemux PRAGMA {} RTLNAME sparsemux_41_5_5_1_1_U108 SOURCE fir.cpp:42 VARIABLE tmp_35 LOOP MAC BUNDLEDNAME {} DSP 0 BRAM 0 URAM 0 STORAGESUBTYPE {} DISPNAME {bind_op sparsemux} VISIBLE false} {BINDTYPE op ID {} IMPL fabric LATENCY 0 OPTYPE add PRAGMA {} RTLNAME add_ln40_17_fu_15658_p2 SOURCE fir.cpp:40 VARIABLE add_ln40_17 LOOP MAC BUNDLEDNAME {} DSP 0 BRAM 0 URAM 0 STORAGESUBTYPE {} DISPNAME {bind_op add} VISIBLE true} {BINDTYPE op ID {} IMPL auto LATENCY 0 OPTYPE mul PRAGMA {} RTLNAME mul_7ns_9ns_15_1_1_U69 SOURCE fir.cpp:42 VARIABLE mul_ln42_56 LOOP MAC BUNDLEDNAME {} DSP 0 BRAM 0 URAM 0 STORAGESUBTYPE {} DISPNAME {bind_op mul} VISIBLE true} {BINDTYPE op ID {} IMPL compactencoding_dontcare LATENCY 0 OPTYPE sparsemux PRAGMA {} RTLNAME sparsemux_41_5_32_1_1_x_U149 SOURCE fir.cpp:42 VARIABLE tmp_36 LOOP MAC BUNDLEDNAME {} DSP 0 BRAM 0 URAM 0 STORAGESUBTYPE {} DISPNAME {bind_op sparsemux} VISIBLE false} {BINDTYPE op ID {} IMPL compactencoding_dontcare LATENCY 0 OPTYPE sparsemux PRAGMA {} RTLNAME sparsemux_41_5_5_1_1_U109 SOURCE fir.cpp:42 VARIABLE tmp_37 LOOP MAC BUNDLEDNAME {} DSP 0 BRAM 0 URAM 0 STORAGESUBTYPE {} DISPNAME {bind_op sparsemux} VISIBLE false} {BINDTYPE op ID {} IMPL fabric LATENCY 0 OPTYPE add PRAGMA {} RTLNAME add_ln40_18_fu_14972_p2 SOURCE fir.cpp:40 VARIABLE add_ln40_18 LOOP MAC BUNDLEDNAME {} DSP 0 BRAM 0 URAM 0 STORAGESUBTYPE {} DISPNAME {bind_op add} VISIBLE true} {BINDTYPE op ID {} IMPL auto LATENCY 0 OPTYPE mul PRAGMA {} RTLNAME mul_7ns_9ns_15_1_1_U70 SOURCE fir.cpp:42 VARIABLE mul_ln42_57 LOOP MAC BUNDLEDNAME {} DSP 0 BRAM 0 URAM 0 STORAGESUBTYPE {} DISPNAME {bind_op mul} VISIBLE true} {BINDTYPE op ID {} IMPL compactencoding_dontcare LATENCY 0 OPTYPE sparsemux PRAGMA {} RTLNAME sparsemux_41_5_32_1_1_x_U150 SOURCE fir.cpp:42 VARIABLE tmp_38 LOOP MAC BUNDLEDNAME {} DSP 0 BRAM 0 URAM 0 STORAGESUBTYPE {} DISPNAME {bind_op sparsemux} VISIBLE false} {BINDTYPE op ID {} IMPL compactencoding_dontcare LATENCY 0 OPTYPE sparsemux PRAGMA {} RTLNAME sparsemux_41_5_5_1_1_U110 SOURCE fir.cpp:42 VARIABLE tmp_39 LOOP MAC BUNDLEDNAME {} DSP 0 BRAM 0 URAM 0 STORAGESUBTYPE {} DISPNAME {bind_op sparsemux} VISIBLE false} {BINDTYPE op ID {} IMPL fabric LATENCY 0 OPTYPE add PRAGMA {} RTLNAME add_ln40_19_fu_14978_p2 SOURCE fir.cpp:40 VARIABLE add_ln40_19 LOOP MAC BUNDLEDNAME {} DSP 0 BRAM 0 URAM 0 STORAGESUBTYPE {} DISPNAME {bind_op add} VISIBLE true} {BINDTYPE op ID {} IMPL auto LATENCY 0 OPTYPE mul PRAGMA {} RTLNAME mul_7ns_9ns_15_1_1_U71 SOURCE fir.cpp:42 VARIABLE mul_ln42_58 LOOP MAC BUNDLEDNAME {} DSP 0 BRAM 0 URAM 0 STORAGESUBTYPE {} DISPNAME {bind_op mul} VISIBLE true} {BINDTYPE op ID {} IMPL compactencoding_dontcare LATENCY 0 OPTYPE sparsemux PRAGMA {} RTLNAME sparsemux_41_5_32_1_1_x_U151 SOURCE fir.cpp:42 VARIABLE tmp_40 LOOP MAC BUNDLEDNAME {} DSP 0 BRAM 0 URAM 0 STORAGESUBTYPE {} DISPNAME {bind_op sparsemux} VISIBLE false} {BINDTYPE op ID {} IMPL compactencoding_dontcare LATENCY 0 OPTYPE sparsemux PRAGMA {} RTLNAME sparsemux_41_5_5_1_1_U111 SOURCE fir.cpp:42 VARIABLE tmp_41 LOOP MAC BUNDLEDNAME {} DSP 0 BRAM 0 URAM 0 STORAGESUBTYPE {} DISPNAME {bind_op sparsemux} VISIBLE false} {BINDTYPE op ID {} IMPL fabric LATENCY 0 OPTYPE add PRAGMA {} RTLNAME add_ln40_20_fu_14984_p2 SOURCE fir.cpp:40 VARIABLE add_ln40_20 LOOP MAC BUNDLEDNAME {} DSP 0 BRAM 0 URAM 0 STORAGESUBTYPE {} DISPNAME {bind_op add} VISIBLE true} {BINDTYPE op ID {} IMPL auto LATENCY 0 OPTYPE mul PRAGMA {} RTLNAME mul_7ns_9ns_15_1_1_U72 SOURCE fir.cpp:42 VARIABLE mul_ln42_59 LOOP MAC BUNDLEDNAME {} DSP 0 BRAM 0 URAM 0 STORAGESUBTYPE {} DISPNAME {bind_op mul} VISIBLE true} {BINDTYPE op ID {} IMPL compactencoding_dontcare LATENCY 0 OPTYPE sparsemux PRAGMA {} RTLNAME sparsemux_41_5_32_1_1_U152 SOURCE fir.cpp:42 VARIABLE tmp_42 LOOP MAC BUNDLEDNAME {} DSP 0 BRAM 0 URAM 0 STORAGESUBTYPE {} DISPNAME {bind_op sparsemux} VISIBLE false} {BINDTYPE op ID {} IMPL compactencoding_dontcare LATENCY 0 OPTYPE sparsemux PRAGMA {} RTLNAME sparsemux_41_5_5_1_1_U112 SOURCE fir.cpp:42 VARIABLE tmp_43 LOOP MAC BUNDLEDNAME {} DSP 0 BRAM 0 URAM 0 STORAGESUBTYPE {} DISPNAME {bind_op sparsemux} VISIBLE false} {BINDTYPE op ID {} IMPL fabric LATENCY 0 OPTYPE add PRAGMA {} RTLNAME add_ln40_21_fu_14990_p2 SOURCE fir.cpp:40 VARIABLE add_ln40_21 LOOP MAC BUNDLEDNAME {} DSP 0 BRAM 0 URAM 0 STORAGESUBTYPE {} DISPNAME {bind_op add} VISIBLE true} {BINDTYPE op ID {} IMPL auto LATENCY 0 OPTYPE mul PRAGMA {} RTLNAME mul_7ns_9ns_15_1_1_U73 SOURCE fir.cpp:42 VARIABLE mul_ln42_60 LOOP MAC BUNDLEDNAME {} DSP 0 BRAM 0 URAM 0 STORAGESUBTYPE {} DISPNAME {bind_op mul} VISIBLE true} {BINDTYPE op ID {} IMPL compactencoding_dontcare LATENCY 0 OPTYPE sparsemux PRAGMA {} RTLNAME sparsemux_41_5_32_1_1_U153 SOURCE fir.cpp:42 VARIABLE tmp_44 LOOP MAC BUNDLEDNAME {} DSP 0 BRAM 0 URAM 0 STORAGESUBTYPE {} DISPNAME {bind_op sparsemux} VISIBLE false} {BINDTYPE op ID {} IMPL compactencoding_dontcare LATENCY 0 OPTYPE sparsemux PRAGMA {} RTLNAME sparsemux_41_5_5_1_1_U113 SOURCE fir.cpp:42 VARIABLE tmp_45 LOOP MAC BUNDLEDNAME {} DSP 0 BRAM 0 URAM 0 STORAGESUBTYPE {} DISPNAME {bind_op sparsemux} VISIBLE false} {BINDTYPE op ID {} IMPL fabric LATENCY 0 OPTYPE add PRAGMA {} RTLNAME add_ln40_22_fu_15855_p2 SOURCE fir.cpp:40 VARIABLE add_ln40_22 LOOP MAC BUNDLEDNAME {} DSP 0 BRAM 0 URAM 0 STORAGESUBTYPE {} DISPNAME {bind_op add} VISIBLE true} {BINDTYPE op ID {} IMPL auto LATENCY 0 OPTYPE mul PRAGMA {} RTLNAME mul_7ns_9ns_15_1_1_U74 SOURCE fir.cpp:42 VARIABLE mul_ln42_61 LOOP MAC BUNDLEDNAME {} DSP 0 BRAM 0 URAM 0 STORAGESUBTYPE {} DISPNAME {bind_op mul} VISIBLE true} {BINDTYPE op ID {} IMPL compactencoding_dontcare LATENCY 0 OPTYPE sparsemux PRAGMA {} RTLNAME sparsemux_41_5_32_1_1_U154 SOURCE fir.cpp:42 VARIABLE tmp_46 LOOP MAC BUNDLEDNAME {} DSP 0 BRAM 0 URAM 0 STORAGESUBTYPE {} DISPNAME {bind_op sparsemux} VISIBLE false} {BINDTYPE op ID {} IMPL compactencoding_dontcare LATENCY 0 OPTYPE sparsemux PRAGMA {} RTLNAME sparsemux_41_5_5_1_1_U114 SOURCE fir.cpp:42 VARIABLE tmp_47 LOOP MAC BUNDLEDNAME {} DSP 0 BRAM 0 URAM 0 STORAGESUBTYPE {} DISPNAME {bind_op sparsemux} VISIBLE false} {BINDTYPE op ID {} IMPL fabric LATENCY 0 OPTYPE add PRAGMA {} RTLNAME add_ln40_23_fu_15880_p2 SOURCE fir.cpp:40 VARIABLE add_ln40_23 LOOP MAC BUNDLEDNAME {} DSP 0 BRAM 0 URAM 0 STORAGESUBTYPE {} DISPNAME {bind_op add} VISIBLE true} {BINDTYPE op ID {} IMPL auto LATENCY 0 OPTYPE mul PRAGMA {} RTLNAME mul_7ns_9ns_15_1_1_U75 SOURCE fir.cpp:42 VARIABLE mul_ln42_62 LOOP MAC BUNDLEDNAME {} DSP 0 BRAM 0 URAM 0 STORAGESUBTYPE {} DISPNAME {bind_op mul} VISIBLE true} {BINDTYPE op ID {} IMPL compactencoding_dontcare LATENCY 0 OPTYPE sparsemux PRAGMA {} RTLNAME sparsemux_41_5_32_1_1_U155 SOURCE fir.cpp:42 VARIABLE tmp_48 LOOP MAC BUNDLEDNAME {} DSP 0 BRAM 0 URAM 0 STORAGESUBTYPE {} DISPNAME {bind_op sparsemux} VISIBLE false} {BINDTYPE op ID {} IMPL compactencoding_dontcare LATENCY 0 OPTYPE sparsemux PRAGMA {} RTLNAME sparsemux_41_5_5_1_1_U115 SOURCE fir.cpp:42 VARIABLE tmp_49 LOOP MAC BUNDLEDNAME {} DSP 0 BRAM 0 URAM 0 STORAGESUBTYPE {} DISPNAME {bind_op sparsemux} VISIBLE false} {BINDTYPE op ID {} IMPL fabric LATENCY 0 OPTYPE add PRAGMA {} RTLNAME add_ln40_24_fu_15905_p2 SOURCE fir.cpp:40 VARIABLE add_ln40_24 LOOP MAC BUNDLEDNAME {} DSP 0 BRAM 0 URAM 0 STORAGESUBTYPE {} DISPNAME {bind_op add} VISIBLE true} {BINDTYPE op ID {} IMPL auto LATENCY 0 OPTYPE mul PRAGMA {} RTLNAME mul_7ns_9ns_15_1_1_U76 SOURCE fir.cpp:42 VARIABLE mul_ln42_63 LOOP MAC BUNDLEDNAME {} DSP 0 BRAM 0 URAM 0 STORAGESUBTYPE {} DISPNAME {bind_op mul} VISIBLE true} {BINDTYPE op ID {} IMPL compactencoding_dontcare LATENCY 0 OPTYPE sparsemux PRAGMA {} RTLNAME sparsemux_41_5_32_1_1_U156 SOURCE fir.cpp:42 VARIABLE tmp_50 LOOP MAC BUNDLEDNAME {} DSP 0 BRAM 0 URAM 0 STORAGESUBTYPE {} DISPNAME {bind_op sparsemux} VISIBLE false} {BINDTYPE op ID {} IMPL compactencoding_dontcare LATENCY 0 OPTYPE sparsemux PRAGMA {} RTLNAME sparsemux_41_5_5_1_1_U116 SOURCE fir.cpp:42 VARIABLE tmp_51 LOOP MAC BUNDLEDNAME {} DSP 0 BRAM 0 URAM 0 STORAGESUBTYPE {} DISPNAME {bind_op sparsemux} VISIBLE false} {BINDTYPE op ID {} IMPL fabric LATENCY 0 OPTYPE add PRAGMA {} RTLNAME add_ln40_25_fu_15930_p2 SOURCE fir.cpp:40 VARIABLE add_ln40_25 LOOP MAC BUNDLEDNAME {} DSP 0 BRAM 0 URAM 0 STORAGESUBTYPE {} DISPNAME {bind_op add} VISIBLE true} {BINDTYPE op ID {} IMPL auto LATENCY 0 OPTYPE mul PRAGMA {} RTLNAME mul_7ns_9ns_15_1_1_U77 SOURCE fir.cpp:42 VARIABLE mul_ln42_64 LOOP MAC BUNDLEDNAME {} DSP 0 BRAM 0 URAM 0 STORAGESUBTYPE {} DISPNAME {bind_op mul} VISIBLE true} {BINDTYPE op ID {} IMPL compactencoding_dontcare LATENCY 0 OPTYPE sparsemux PRAGMA {} RTLNAME sparsemux_41_5_32_1_1_U157 SOURCE fir.cpp:42 VARIABLE tmp_52 LOOP MAC BUNDLEDNAME {} DSP 0 BRAM 0 URAM 0 STORAGESUBTYPE {} DISPNAME {bind_op sparsemux} VISIBLE false} {BINDTYPE op ID {} IMPL compactencoding_dontcare LATENCY 0 OPTYPE sparsemux PRAGMA {} RTLNAME sparsemux_41_5_5_1_1_U117 SOURCE fir.cpp:42 VARIABLE tmp_53 LOOP MAC BUNDLEDNAME {} DSP 0 BRAM 0 URAM 0 STORAGESUBTYPE {} DISPNAME {bind_op sparsemux} VISIBLE false} {BINDTYPE op ID {} IMPL fabric LATENCY 0 OPTYPE add PRAGMA {} RTLNAME add_ln40_26_fu_15955_p2 SOURCE fir.cpp:40 VARIABLE add_ln40_26 LOOP MAC BUNDLEDNAME {} DSP 0 BRAM 0 URAM 0 STORAGESUBTYPE {} DISPNAME {bind_op add} VISIBLE true} {BINDTYPE op ID {} IMPL auto LATENCY 0 OPTYPE mul PRAGMA {} RTLNAME mul_7ns_9ns_15_1_1_U78 SOURCE fir.cpp:42 VARIABLE mul_ln42_65 LOOP MAC BUNDLEDNAME {} DSP 0 BRAM 0 URAM 0 STORAGESUBTYPE {} DISPNAME {bind_op mul} VISIBLE true} {BINDTYPE op ID {} IMPL compactencoding_dontcare LATENCY 0 OPTYPE sparsemux PRAGMA {} RTLNAME sparsemux_41_5_32_1_1_U158 SOURCE fir.cpp:42 VARIABLE tmp_54 LOOP MAC BUNDLEDNAME {} DSP 0 BRAM 0 URAM 0 STORAGESUBTYPE {} DISPNAME {bind_op sparsemux} VISIBLE false} {BINDTYPE op ID {} IMPL compactencoding_dontcare LATENCY 0 OPTYPE sparsemux PRAGMA {} RTLNAME sparsemux_41_5_5_1_1_U118 SOURCE fir.cpp:42 VARIABLE tmp_55 LOOP MAC BUNDLEDNAME {} DSP 0 BRAM 0 URAM 0 STORAGESUBTYPE {} DISPNAME {bind_op sparsemux} VISIBLE false} {BINDTYPE op ID {} IMPL fabric LATENCY 0 OPTYPE add PRAGMA {} RTLNAME add_ln40_27_fu_15980_p2 SOURCE fir.cpp:40 VARIABLE add_ln40_27 LOOP MAC BUNDLEDNAME {} DSP 0 BRAM 0 URAM 0 STORAGESUBTYPE {} DISPNAME {bind_op add} VISIBLE true} {BINDTYPE op ID {} IMPL auto LATENCY 0 OPTYPE mul PRAGMA {} RTLNAME mul_7ns_9ns_15_1_1_U79 SOURCE fir.cpp:42 VARIABLE mul_ln42_66 LOOP MAC BUNDLEDNAME {} DSP 0 BRAM 0 URAM 0 STORAGESUBTYPE {} DISPNAME {bind_op mul} VISIBLE true} {BINDTYPE op ID {} IMPL compactencoding_dontcare LATENCY 0 OPTYPE sparsemux PRAGMA {} RTLNAME sparsemux_41_5_32_1_1_U159 SOURCE fir.cpp:42 VARIABLE tmp_56 LOOP MAC BUNDLEDNAME {} DSP 0 BRAM 0 URAM 0 STORAGESUBTYPE {} DISPNAME {bind_op sparsemux} VISIBLE false} {BINDTYPE op ID {} IMPL compactencoding_dontcare LATENCY 0 OPTYPE sparsemux PRAGMA {} RTLNAME sparsemux_41_5_5_1_1_U119 SOURCE fir.cpp:42 VARIABLE tmp_57 LOOP MAC BUNDLEDNAME {} DSP 0 BRAM 0 URAM 0 STORAGESUBTYPE {} DISPNAME {bind_op sparsemux} VISIBLE false} {BINDTYPE op ID {} IMPL fabric LATENCY 0 OPTYPE add PRAGMA {} RTLNAME add_ln40_28_fu_16005_p2 SOURCE fir.cpp:40 VARIABLE add_ln40_28 LOOP MAC BUNDLEDNAME {} DSP 0 BRAM 0 URAM 0 STORAGESUBTYPE {} DISPNAME {bind_op add} VISIBLE true} {BINDTYPE op ID {} IMPL auto LATENCY 0 OPTYPE mul PRAGMA {} RTLNAME mul_7ns_9ns_15_1_1_U80 SOURCE fir.cpp:42 VARIABLE mul_ln42_67 LOOP MAC BUNDLEDNAME {} DSP 0 BRAM 0 URAM 0 STORAGESUBTYPE {} DISPNAME {bind_op mul} VISIBLE true} {BINDTYPE op ID {} IMPL compactencoding_dontcare LATENCY 0 OPTYPE sparsemux PRAGMA {} RTLNAME sparsemux_41_5_32_1_1_U160 SOURCE fir.cpp:42 VARIABLE tmp_58 LOOP MAC BUNDLEDNAME {} DSP 0 BRAM 0 URAM 0 STORAGESUBTYPE {} DISPNAME {bind_op sparsemux} VISIBLE false} {BINDTYPE op ID {} IMPL compactencoding_dontcare LATENCY 0 OPTYPE sparsemux PRAGMA {} RTLNAME sparsemux_41_5_5_1_1_U120 SOURCE fir.cpp:42 VARIABLE tmp_59 LOOP MAC BUNDLEDNAME {} DSP 0 BRAM 0 URAM 0 STORAGESUBTYPE {} DISPNAME {bind_op sparsemux} VISIBLE false} {BINDTYPE op ID {} IMPL fabric LATENCY 0 OPTYPE add PRAGMA {} RTLNAME add_ln40_29_fu_16030_p2 SOURCE fir.cpp:40 VARIABLE add_ln40_29 LOOP MAC BUNDLEDNAME {} DSP 0 BRAM 0 URAM 0 STORAGESUBTYPE {} DISPNAME {bind_op add} VISIBLE true} {BINDTYPE op ID {} IMPL auto LATENCY 0 OPTYPE mul PRAGMA {} RTLNAME mul_7ns_9ns_15_1_1_U81 SOURCE fir.cpp:42 VARIABLE mul_ln42_68 LOOP MAC BUNDLEDNAME {} DSP 0 BRAM 0 URAM 0 STORAGESUBTYPE {} DISPNAME {bind_op mul} VISIBLE true} {BINDTYPE op ID {} IMPL compactencoding_dontcare LATENCY 0 OPTYPE sparsemux PRAGMA {} RTLNAME sparsemux_41_5_32_1_1_U161 SOURCE fir.cpp:42 VARIABLE tmp_60 LOOP MAC BUNDLEDNAME {} DSP 0 BRAM 0 URAM 0 STORAGESUBTYPE {} DISPNAME {bind_op sparsemux} VISIBLE false} {BINDTYPE op ID {} IMPL compactencoding_dontcare LATENCY 0 OPTYPE sparsemux PRAGMA {} RTLNAME sparsemux_41_5_5_1_1_U121 SOURCE fir.cpp:42 VARIABLE tmp_61 LOOP MAC BUNDLEDNAME {} DSP 0 BRAM 0 URAM 0 STORAGESUBTYPE {} DISPNAME {bind_op sparsemux} VISIBLE false} {BINDTYPE op ID {} IMPL fabric LATENCY 0 OPTYPE add PRAGMA {} RTLNAME add_ln40_30_fu_16055_p2 SOURCE fir.cpp:40 VARIABLE add_ln40_30 LOOP MAC BUNDLEDNAME {} DSP 0 BRAM 0 URAM 0 STORAGESUBTYPE {} DISPNAME {bind_op add} VISIBLE true} {BINDTYPE op ID {} IMPL auto LATENCY 0 OPTYPE mul PRAGMA {} RTLNAME mul_7ns_9ns_15_1_1_U82 SOURCE fir.cpp:42 VARIABLE mul_ln42_69 LOOP MAC BUNDLEDNAME {} DSP 0 BRAM 0 URAM 0 STORAGESUBTYPE {} DISPNAME {bind_op mul} VISIBLE true} {BINDTYPE op ID {} IMPL compactencoding_dontcare LATENCY 0 OPTYPE sparsemux PRAGMA {} RTLNAME sparsemux_41_5_32_1_1_x_U162 SOURCE fir.cpp:42 VARIABLE tmp_62 LOOP MAC BUNDLEDNAME {} DSP 0 BRAM 0 URAM 0 STORAGESUBTYPE {} DISPNAME {bind_op sparsemux} VISIBLE false} {BINDTYPE op ID {} IMPL compactencoding_dontcare LATENCY 0 OPTYPE sparsemux PRAGMA {} RTLNAME sparsemux_41_5_5_1_1_U122 SOURCE fir.cpp:42 VARIABLE tmp_63 LOOP MAC BUNDLEDNAME {} DSP 0 BRAM 0 URAM 0 STORAGESUBTYPE {} DISPNAME {bind_op sparsemux} VISIBLE false} {BINDTYPE op ID {} IMPL fabric LATENCY 0 OPTYPE add PRAGMA {} RTLNAME add_ln40_31_fu_16080_p2 SOURCE fir.cpp:40 VARIABLE add_ln40_31 LOOP MAC BUNDLEDNAME {} DSP 0 BRAM 0 URAM 0 STORAGESUBTYPE {} DISPNAME {bind_op add} VISIBLE true} {BINDTYPE op ID {} IMPL auto LATENCY 0 OPTYPE mul PRAGMA {} RTLNAME mul_7ns_9ns_15_1_1_U83 SOURCE fir.cpp:42 VARIABLE mul_ln42_70 LOOP MAC BUNDLEDNAME {} DSP 0 BRAM 0 URAM 0 STORAGESUBTYPE {} DISPNAME {bind_op mul} VISIBLE true} {BINDTYPE op ID {} IMPL compactencoding_dontcare LATENCY 0 OPTYPE sparsemux PRAGMA {} RTLNAME sparsemux_41_5_32_1_1_x_U163 SOURCE fir.cpp:42 VARIABLE tmp_64 LOOP MAC BUNDLEDNAME {} DSP 0 BRAM 0 URAM 0 STORAGESUBTYPE {} DISPNAME {bind_op sparsemux} VISIBLE false} {BINDTYPE op ID {} IMPL compactencoding_dontcare LATENCY 0 OPTYPE sparsemux PRAGMA {} RTLNAME sparsemux_41_5_5_1_1_U123 SOURCE fir.cpp:42 VARIABLE tmp_65 LOOP MAC BUNDLEDNAME {} DSP 0 BRAM 0 URAM 0 STORAGESUBTYPE {} DISPNAME {bind_op sparsemux} VISIBLE false} {BINDTYPE op ID {} IMPL fabric LATENCY 0 OPTYPE add PRAGMA {} RTLNAME add_ln40_32_fu_16105_p2 SOURCE fir.cpp:40 VARIABLE add_ln40_32 LOOP MAC BUNDLEDNAME {} DSP 0 BRAM 0 URAM 0 STORAGESUBTYPE {} DISPNAME {bind_op add} VISIBLE true} {BINDTYPE op ID {} IMPL auto LATENCY 0 OPTYPE mul PRAGMA {} RTLNAME mul_7ns_9ns_15_1_1_U84 SOURCE fir.cpp:42 VARIABLE mul_ln42_71 LOOP MAC BUNDLEDNAME {} DSP 0 BRAM 0 URAM 0 STORAGESUBTYPE {} DISPNAME {bind_op mul} VISIBLE true} {BINDTYPE op ID {} IMPL compactencoding_dontcare LATENCY 0 OPTYPE sparsemux PRAGMA {} RTLNAME sparsemux_41_5_32_1_1_x_U164 SOURCE fir.cpp:42 VARIABLE tmp_66 LOOP MAC BUNDLEDNAME {} DSP 0 BRAM 0 URAM 0 STORAGESUBTYPE {} DISPNAME {bind_op sparsemux} VISIBLE false} {BINDTYPE op ID {} IMPL compactencoding_dontcare LATENCY 0 OPTYPE sparsemux PRAGMA {} RTLNAME sparsemux_41_5_5_1_1_U124 SOURCE fir.cpp:42 VARIABLE tmp_67 LOOP MAC BUNDLEDNAME {} DSP 0 BRAM 0 URAM 0 STORAGESUBTYPE {} DISPNAME {bind_op sparsemux} VISIBLE false} {BINDTYPE op ID {} IMPL fabric LATENCY 0 OPTYPE add PRAGMA {} RTLNAME add_ln40_33_fu_16130_p2 SOURCE fir.cpp:40 VARIABLE add_ln40_33 LOOP MAC BUNDLEDNAME {} DSP 0 BRAM 0 URAM 0 STORAGESUBTYPE {} DISPNAME {bind_op add} VISIBLE true} {BINDTYPE op ID {} IMPL auto LATENCY 0 OPTYPE mul PRAGMA {} RTLNAME mul_7ns_9ns_15_1_1_U85 SOURCE fir.cpp:42 VARIABLE mul_ln42_72 LOOP MAC BUNDLEDNAME {} DSP 0 BRAM 0 URAM 0 STORAGESUBTYPE {} DISPNAME {bind_op mul} VISIBLE true} {BINDTYPE op ID {} IMPL compactencoding_dontcare LATENCY 0 OPTYPE sparsemux PRAGMA {} RTLNAME sparsemux_41_5_32_1_1_x_U165 SOURCE fir.cpp:42 VARIABLE tmp_68 LOOP MAC BUNDLEDNAME {} DSP 0 BRAM 0 URAM 0 STORAGESUBTYPE {} DISPNAME {bind_op sparsemux} VISIBLE false} {BINDTYPE op ID {} IMPL compactencoding_dontcare LATENCY 0 OPTYPE sparsemux PRAGMA {} RTLNAME sparsemux_41_5_5_1_1_U125 SOURCE fir.cpp:42 VARIABLE tmp_69 LOOP MAC BUNDLEDNAME {} DSP 0 BRAM 0 URAM 0 STORAGESUBTYPE {} DISPNAME {bind_op sparsemux} VISIBLE false} {BINDTYPE op ID {} IMPL fabric LATENCY 0 OPTYPE add PRAGMA {} RTLNAME add_ln40_34_fu_14996_p2 SOURCE fir.cpp:40 VARIABLE add_ln40_34 LOOP MAC BUNDLEDNAME {} DSP 0 BRAM 0 URAM 0 STORAGESUBTYPE {} DISPNAME {bind_op add} VISIBLE true} {BINDTYPE op ID {} IMPL auto LATENCY 0 OPTYPE mul PRAGMA {} RTLNAME mul_7ns_9ns_15_1_1_U86 SOURCE fir.cpp:42 VARIABLE mul_ln42_73 LOOP MAC BUNDLEDNAME {} DSP 0 BRAM 0 URAM 0 STORAGESUBTYPE {} DISPNAME {bind_op mul} VISIBLE true} {BINDTYPE op ID {} IMPL compactencoding_dontcare LATENCY 0 OPTYPE sparsemux PRAGMA {} RTLNAME sparsemux_41_5_32_1_1_x_U166 SOURCE fir.cpp:42 VARIABLE tmp_70 LOOP MAC BUNDLEDNAME {} DSP 0 BRAM 0 URAM 0 STORAGESUBTYPE {} DISPNAME {bind_op sparsemux} VISIBLE false} {BINDTYPE op ID {} IMPL compactencoding_dontcare LATENCY 0 OPTYPE sparsemux PRAGMA {} RTLNAME sparsemux_41_5_5_1_1_U126 SOURCE fir.cpp:42 VARIABLE tmp_71 LOOP MAC BUNDLEDNAME {} DSP 0 BRAM 0 URAM 0 STORAGESUBTYPE {} DISPNAME {bind_op sparsemux} VISIBLE false} {BINDTYPE op ID {} IMPL fabric LATENCY 0 OPTYPE add PRAGMA {} RTLNAME add_ln40_35_fu_15002_p2 SOURCE fir.cpp:40 VARIABLE add_ln40_35 LOOP MAC BUNDLEDNAME {} DSP 0 BRAM 0 URAM 0 STORAGESUBTYPE {} DISPNAME {bind_op add} VISIBLE true} {BINDTYPE op ID {} IMPL auto LATENCY 0 OPTYPE mul PRAGMA {} RTLNAME mul_7ns_9ns_15_1_1_U87 SOURCE fir.cpp:42 VARIABLE mul_ln42_74 LOOP MAC BUNDLEDNAME {} DSP 0 BRAM 0 URAM 0 STORAGESUBTYPE {} DISPNAME {bind_op mul} VISIBLE true} {BINDTYPE op ID {} IMPL compactencoding_dontcare LATENCY 0 OPTYPE sparsemux PRAGMA {} RTLNAME sparsemux_41_5_32_1_1_x_U167 SOURCE fir.cpp:42 VARIABLE tmp_72 LOOP MAC BUNDLEDNAME {} DSP 0 BRAM 0 URAM 0 STORAGESUBTYPE {} DISPNAME {bind_op sparsemux} VISIBLE false} {BINDTYPE op ID {} IMPL compactencoding_dontcare LATENCY 0 OPTYPE sparsemux PRAGMA {} RTLNAME sparsemux_41_5_5_1_1_U127 SOURCE fir.cpp:42 VARIABLE tmp_73 LOOP MAC BUNDLEDNAME {} DSP 0 BRAM 0 URAM 0 STORAGESUBTYPE {} DISPNAME {bind_op sparsemux} VISIBLE false} {BINDTYPE op ID {} IMPL fabric LATENCY 0 OPTYPE add PRAGMA {} RTLNAME add_ln40_36_fu_15008_p2 SOURCE fir.cpp:40 VARIABLE add_ln40_36 LOOP MAC BUNDLEDNAME {} DSP 0 BRAM 0 URAM 0 STORAGESUBTYPE {} DISPNAME {bind_op add} VISIBLE true} {BINDTYPE op ID {} IMPL auto LATENCY 0 OPTYPE mul PRAGMA {} RTLNAME mul_7ns_9ns_15_1_1_U88 SOURCE fir.cpp:42 VARIABLE mul_ln42_75 LOOP MAC BUNDLEDNAME {} DSP 0 BRAM 0 URAM 0 STORAGESUBTYPE {} DISPNAME {bind_op mul} VISIBLE true} {BINDTYPE op ID {} IMPL compactencoding_dontcare LATENCY 0 OPTYPE sparsemux PRAGMA {} RTLNAME sparsemux_41_5_32_1_1_x_U168 SOURCE fir.cpp:42 VARIABLE tmp_74 LOOP MAC BUNDLEDNAME {} DSP 0 BRAM 0 URAM 0 STORAGESUBTYPE {} DISPNAME {bind_op sparsemux} VISIBLE false} {BINDTYPE op ID {} IMPL compactencoding_dontcare LATENCY 0 OPTYPE sparsemux PRAGMA {} RTLNAME sparsemux_41_5_5_1_1_U128 SOURCE fir.cpp:42 VARIABLE tmp_75 LOOP MAC BUNDLEDNAME {} DSP 0 BRAM 0 URAM 0 STORAGESUBTYPE {} DISPNAME {bind_op sparsemux} VISIBLE false} {BINDTYPE op ID {} IMPL fabric LATENCY 0 OPTYPE add PRAGMA {} RTLNAME add_ln40_37_fu_15014_p2 SOURCE fir.cpp:40 VARIABLE add_ln40_37 LOOP MAC BUNDLEDNAME {} DSP 0 BRAM 0 URAM 0 STORAGESUBTYPE {} DISPNAME {bind_op add} VISIBLE true} {BINDTYPE op ID {} IMPL auto LATENCY 0 OPTYPE mul PRAGMA {} RTLNAME mul_7ns_9ns_15_1_1_U89 SOURCE fir.cpp:42 VARIABLE mul_ln42_76 LOOP MAC BUNDLEDNAME {} DSP 0 BRAM 0 URAM 0 STORAGESUBTYPE {} DISPNAME {bind_op mul} VISIBLE true} {BINDTYPE op ID {} IMPL compactencoding_dontcare LATENCY 0 OPTYPE sparsemux PRAGMA {} RTLNAME sparsemux_41_5_32_1_1_x_U169 SOURCE fir.cpp:42 VARIABLE tmp_76 LOOP MAC BUNDLEDNAME {} DSP 0 BRAM 0 URAM 0 STORAGESUBTYPE {} DISPNAME {bind_op sparsemux} VISIBLE false} {BINDTYPE op ID {} IMPL compactencoding_dontcare LATENCY 0 OPTYPE sparsemux PRAGMA {} RTLNAME sparsemux_41_5_5_1_1_U129 SOURCE fir.cpp:42 VARIABLE tmp_77 LOOP MAC BUNDLEDNAME {} DSP 0 BRAM 0 URAM 0 STORAGESUBTYPE {} DISPNAME {bind_op sparsemux} VISIBLE false} {BINDTYPE op ID {} IMPL fabric LATENCY 0 OPTYPE add PRAGMA {} RTLNAME add_ln40_38_fu_15020_p2 SOURCE fir.cpp:40 VARIABLE add_ln40_38 LOOP MAC BUNDLEDNAME {} DSP 0 BRAM 0 URAM 0 STORAGESUBTYPE {} DISPNAME {bind_op add} VISIBLE true} {BINDTYPE op ID {} IMPL auto LATENCY 0 OPTYPE mul PRAGMA {} RTLNAME mul_7ns_9ns_15_1_1_U90 SOURCE fir.cpp:42 VARIABLE mul_ln42_77 LOOP MAC BUNDLEDNAME {} DSP 0 BRAM 0 URAM 0 STORAGESUBTYPE {} DISPNAME {bind_op mul} VISIBLE true} {BINDTYPE op ID {} IMPL compactencoding_dontcare LATENCY 0 OPTYPE sparsemux PRAGMA {} RTLNAME sparsemux_41_5_32_1_1_x_U170 SOURCE fir.cpp:42 VARIABLE tmp_78 LOOP MAC BUNDLEDNAME {} DSP 0 BRAM 0 URAM 0 STORAGESUBTYPE {} DISPNAME {bind_op sparsemux} VISIBLE false} {BINDTYPE op ID {} IMPL compactencoding_dontcare LATENCY 0 OPTYPE sparsemux PRAGMA {} RTLNAME sparsemux_41_5_5_1_1_U130 SOURCE fir.cpp:42 VARIABLE tmp_79 LOOP MAC BUNDLEDNAME {} DSP 0 BRAM 0 URAM 0 STORAGESUBTYPE {} DISPNAME {bind_op sparsemux} VISIBLE false} {BINDTYPE op ID {} IMPL auto LATENCY 1 OPTYPE mul PRAGMA {} RTLNAME mul_5s_32s_32_2_1_U180 SOURCE fir.cpp:42 VARIABLE mul_ln42_8 LOOP MAC BUNDLEDNAME {} DSP 2 BRAM 0 URAM 0 STORAGESUBTYPE {} DISPNAME {bind_op mul} VISIBLE true} {BINDTYPE op ID {} IMPL auto LATENCY 1 OPTYPE mul PRAGMA {} RTLNAME mul_5s_32s_32_2_1_U181 SOURCE fir.cpp:42 VARIABLE mul_ln42_9 LOOP MAC BUNDLEDNAME {} DSP 2 BRAM 0 URAM 0 STORAGESUBTYPE {} DISPNAME {bind_op mul} VISIBLE true} {BINDTYPE op ID {} IMPL auto LATENCY 1 OPTYPE mul PRAGMA {} RTLNAME mul_5s_32s_32_2_1_U171 SOURCE fir.cpp:42 VARIABLE mul_ln42_10 LOOP MAC BUNDLEDNAME {} DSP 2 BRAM 0 URAM 0 STORAGESUBTYPE {} DISPNAME {bind_op mul} VISIBLE true} {BINDTYPE op ID {} IMPL auto LATENCY 1 OPTYPE mul PRAGMA {} RTLNAME mul_5s_32s_32_2_1_U182 SOURCE fir.cpp:42 VARIABLE mul_ln42_11 LOOP MAC BUNDLEDNAME {} DSP 2 BRAM 0 URAM 0 STORAGESUBTYPE {} DISPNAME {bind_op mul} VISIBLE true} {BINDTYPE op ID {} IMPL auto LATENCY 1 OPTYPE mul PRAGMA {} RTLNAME mul_5s_32s_32_2_1_U183 SOURCE fir.cpp:42 VARIABLE mul_ln42_12 LOOP MAC BUNDLEDNAME {} DSP 2 BRAM 0 URAM 0 STORAGESUBTYPE {} DISPNAME {bind_op mul} VISIBLE true} {BINDTYPE op ID {} IMPL auto LATENCY 1 OPTYPE mul PRAGMA {} RTLNAME mul_5s_32s_32_2_1_U184 SOURCE fir.cpp:42 VARIABLE mul_ln42_13 LOOP MAC BUNDLEDNAME {} DSP 2 BRAM 0 URAM 0 STORAGESUBTYPE {} DISPNAME {bind_op mul} VISIBLE true} {BINDTYPE op ID {} IMPL auto LATENCY 1 OPTYPE mul PRAGMA {} RTLNAME mul_5s_32s_32_2_1_U185 SOURCE fir.cpp:42 VARIABLE mul_ln42_14 LOOP MAC BUNDLEDNAME {} DSP 2 BRAM 0 URAM 0 STORAGESUBTYPE {} DISPNAME {bind_op mul} VISIBLE true} {BINDTYPE op ID {} IMPL auto LATENCY 1 OPTYPE mul PRAGMA {} RTLNAME mul_5s_32s_32_2_1_U186 SOURCE fir.cpp:42 VARIABLE mul_ln42_15 LOOP MAC BUNDLEDNAME {} DSP 2 BRAM 0 URAM 0 STORAGESUBTYPE {} DISPNAME {bind_op mul} VISIBLE true} {BINDTYPE op ID {} IMPL auto LATENCY 1 OPTYPE mul PRAGMA {} RTLNAME mul_5s_32s_32_2_1_U187 SOURCE fir.cpp:42 VARIABLE mul_ln42_16 LOOP MAC BUNDLEDNAME {} DSP 2 BRAM 0 URAM 0 STORAGESUBTYPE {} DISPNAME {bind_op mul} VISIBLE true} {BINDTYPE op ID {} IMPL auto LATENCY 1 OPTYPE mul PRAGMA {} RTLNAME mul_5s_32s_32_2_1_U188 SOURCE fir.cpp:42 VARIABLE mul_ln42_17 LOOP MAC BUNDLEDNAME {} DSP 2 BRAM 0 URAM 0 STORAGESUBTYPE {} DISPNAME {bind_op mul} VISIBLE true} {BINDTYPE op ID {} IMPL auto LATENCY 1 OPTYPE mul PRAGMA {} RTLNAME mul_5s_32s_32_2_1_U189 SOURCE fir.cpp:42 VARIABLE mul_ln42_18 LOOP MAC BUNDLEDNAME {} DSP 2 BRAM 0 URAM 0 STORAGESUBTYPE {} DISPNAME {bind_op mul} VISIBLE true} {BINDTYPE op ID {} IMPL auto LATENCY 1 OPTYPE mul PRAGMA {} RTLNAME mul_5s_32s_32_2_1_U190 SOURCE fir.cpp:42 VARIABLE mul_ln42_19 LOOP MAC BUNDLEDNAME {} DSP 2 BRAM 0 URAM 0 STORAGESUBTYPE {} DISPNAME {bind_op mul} VISIBLE true} {BINDTYPE op ID {} IMPL auto LATENCY 1 OPTYPE mul PRAGMA {} RTLNAME mul_5s_32s_32_2_1_U191 SOURCE fir.cpp:42 VARIABLE mul_ln42_20 LOOP MAC BUNDLEDNAME {} DSP 2 BRAM 0 URAM 0 STORAGESUBTYPE {} DISPNAME {bind_op mul} VISIBLE true} {BINDTYPE op ID {} IMPL auto LATENCY 1 OPTYPE mul PRAGMA {} RTLNAME mul_5s_32s_32_2_1_U192 SOURCE fir.cpp:42 VARIABLE mul_ln42_21 LOOP MAC BUNDLEDNAME {} DSP 2 BRAM 0 URAM 0 STORAGESUBTYPE {} DISPNAME {bind_op mul} VISIBLE true} {BINDTYPE op ID {} IMPL auto LATENCY 1 OPTYPE mul PRAGMA {} RTLNAME mul_5s_32s_32_2_1_U193 SOURCE fir.cpp:42 VARIABLE mul_ln42_22 LOOP MAC BUNDLEDNAME {} DSP 2 BRAM 0 URAM 0 STORAGESUBTYPE {} DISPNAME {bind_op mul} VISIBLE true} {BINDTYPE op ID {} IMPL auto LATENCY 1 OPTYPE mul PRAGMA {} RTLNAME mul_5s_32s_32_2_1_U194 SOURCE fir.cpp:42 VARIABLE mul_ln42_23 LOOP MAC BUNDLEDNAME {} DSP 2 BRAM 0 URAM 0 STORAGESUBTYPE {} DISPNAME {bind_op mul} VISIBLE true} {BINDTYPE op ID {} IMPL auto LATENCY 1 OPTYPE mul PRAGMA {} RTLNAME mul_5s_32s_32_2_1_U195 SOURCE fir.cpp:42 VARIABLE mul_ln42_24 LOOP MAC BUNDLEDNAME {} DSP 2 BRAM 0 URAM 0 STORAGESUBTYPE {} DISPNAME {bind_op mul} VISIBLE true} {BINDTYPE op ID {} IMPL auto LATENCY 1 OPTYPE mul PRAGMA {} RTLNAME mul_5s_32s_32_2_1_U196 SOURCE fir.cpp:42 VARIABLE mul_ln42_25 LOOP MAC BUNDLEDNAME {} DSP 2 BRAM 0 URAM 0 STORAGESUBTYPE {} DISPNAME {bind_op mul} VISIBLE true} {BINDTYPE op ID {} IMPL auto LATENCY 1 OPTYPE mul PRAGMA {} RTLNAME mul_5s_32s_32_2_1_U197 SOURCE fir.cpp:42 VARIABLE mul_ln42_26 LOOP MAC BUNDLEDNAME {} DSP 2 BRAM 0 URAM 0 STORAGESUBTYPE {} DISPNAME {bind_op mul} VISIBLE true} {BINDTYPE op ID {} IMPL auto LATENCY 1 OPTYPE mul PRAGMA {} RTLNAME mul_5s_32s_32_2_1_U198 SOURCE fir.cpp:42 VARIABLE mul_ln42_27 LOOP MAC BUNDLEDNAME {} DSP 2 BRAM 0 URAM 0 STORAGESUBTYPE {} DISPNAME {bind_op mul} VISIBLE true} {BINDTYPE op ID {} IMPL auto LATENCY 1 OPTYPE mul PRAGMA {} RTLNAME mul_5s_32s_32_2_1_U199 SOURCE fir.cpp:42 VARIABLE mul_ln42_28 LOOP MAC BUNDLEDNAME {} DSP 2 BRAM 0 URAM 0 STORAGESUBTYPE {} DISPNAME {bind_op mul} VISIBLE true} {BINDTYPE op ID {} IMPL auto LATENCY 1 OPTYPE mul PRAGMA {} RTLNAME mul_5s_32s_32_2_1_U200 SOURCE fir.cpp:42 VARIABLE mul_ln42_29 LOOP MAC BUNDLEDNAME {} DSP 2 BRAM 0 URAM 0 STORAGESUBTYPE {} DISPNAME {bind_op mul} VISIBLE true} {BINDTYPE op ID {} IMPL auto LATENCY 1 OPTYPE mul PRAGMA {} RTLNAME mul_5s_32s_32_2_1_U201 SOURCE fir.cpp:42 VARIABLE mul_ln42_30 LOOP MAC BUNDLEDNAME {} DSP 2 BRAM 0 URAM 0 STORAGESUBTYPE {} DISPNAME {bind_op mul} VISIBLE true} {BINDTYPE op ID {} IMPL auto LATENCY 1 OPTYPE mul PRAGMA {} RTLNAME mul_5s_32s_32_2_1_U202 SOURCE fir.cpp:42 VARIABLE mul_ln42_31 LOOP MAC BUNDLEDNAME {} DSP 2 BRAM 0 URAM 0 STORAGESUBTYPE {} DISPNAME {bind_op mul} VISIBLE true} {BINDTYPE op ID {} IMPL auto LATENCY 1 OPTYPE mul PRAGMA {} RTLNAME mul_5s_32s_32_2_1_U203 SOURCE fir.cpp:42 VARIABLE mul_ln42_32 LOOP MAC BUNDLEDNAME {} DSP 2 BRAM 0 URAM 0 STORAGESUBTYPE {} DISPNAME {bind_op mul} VISIBLE true} {BINDTYPE op ID {} IMPL auto LATENCY 1 OPTYPE mul PRAGMA {} RTLNAME mul_5s_32s_32_2_1_U204 SOURCE fir.cpp:42 VARIABLE mul_ln42_33 LOOP MAC BUNDLEDNAME {} DSP 2 BRAM 0 URAM 0 STORAGESUBTYPE {} DISPNAME {bind_op mul} VISIBLE true} {BINDTYPE op ID {} IMPL auto LATENCY 1 OPTYPE mul PRAGMA {} RTLNAME mul_5s_32s_32_2_1_U205 SOURCE fir.cpp:42 VARIABLE mul_ln42_34 LOOP MAC BUNDLEDNAME {} DSP 2 BRAM 0 URAM 0 STORAGESUBTYPE {} DISPNAME {bind_op mul} VISIBLE true} {BINDTYPE op ID {} IMPL auto LATENCY 1 OPTYPE mul PRAGMA {} RTLNAME mul_5s_32s_32_2_1_U206 SOURCE fir.cpp:42 VARIABLE mul_ln42_35 LOOP MAC BUNDLEDNAME {} DSP 2 BRAM 0 URAM 0 STORAGESUBTYPE {} DISPNAME {bind_op mul} VISIBLE true} {BINDTYPE op ID {} IMPL auto LATENCY 1 OPTYPE mul PRAGMA {} RTLNAME mul_5s_32s_32_2_1_U207 SOURCE fir.cpp:42 VARIABLE mul_ln42_36 LOOP MAC BUNDLEDNAME {} DSP 2 BRAM 0 URAM 0 STORAGESUBTYPE {} DISPNAME {bind_op mul} VISIBLE true} {BINDTYPE op ID {} IMPL auto LATENCY 1 OPTYPE mul PRAGMA {} RTLNAME mul_5s_32s_32_2_1_U208 SOURCE fir.cpp:42 VARIABLE mul_ln42_37 LOOP MAC BUNDLEDNAME {} DSP 2 BRAM 0 URAM 0 STORAGESUBTYPE {} DISPNAME {bind_op mul} VISIBLE true} {BINDTYPE op ID {} IMPL auto LATENCY 1 OPTYPE mul PRAGMA {} RTLNAME mul_5s_32s_32_2_1_U209 SOURCE fir.cpp:42 VARIABLE mul_ln42_38 LOOP MAC BUNDLEDNAME {} DSP 2 BRAM 0 URAM 0 STORAGESUBTYPE {} DISPNAME {bind_op mul} VISIBLE true} {BINDTYPE op ID {} IMPL auto LATENCY 1 OPTYPE mul PRAGMA {} RTLNAME mul_5s_32s_32_2_1_U210 SOURCE fir.cpp:42 VARIABLE mul_ln42_39 LOOP MAC BUNDLEDNAME {} DSP 2 BRAM 0 URAM 0 STORAGESUBTYPE {} DISPNAME {bind_op mul} VISIBLE true} {BINDTYPE op ID {} IMPL fabric LATENCY 0 OPTYPE add PRAGMA {} RTLNAME add_ln42_12_fu_26605_p2 SOURCE fir.cpp:42 VARIABLE add_ln42_12 LOOP MAC BUNDLEDNAME {} DSP 0 BRAM 0 URAM 0 STORAGESUBTYPE {} DISPNAME {bind_op add} VISIBLE true} {BINDTYPE op ID {} IMPL fabric LATENCY 0 OPTYPE add PRAGMA {} RTLNAME add_ln42_15_fu_26615_p2 SOURCE fir.cpp:42 VARIABLE add_ln42_15 LOOP MAC BUNDLEDNAME {} DSP 0 BRAM 0 URAM 0 STORAGESUBTYPE {} DISPNAME {bind_op add} VISIBLE true} {BINDTYPE op ID {} IMPL fabric LATENCY 0 OPTYPE add PRAGMA {} RTLNAME add_ln42_16_fu_26619_p2 SOURCE fir.cpp:42 VARIABLE add_ln42_16 LOOP MAC BUNDLEDNAME {} DSP 0 BRAM 0 URAM 0 STORAGESUBTYPE {} DISPNAME {bind_op add} VISIBLE true} {BINDTYPE op ID {} IMPL fabric LATENCY 0 OPTYPE add PRAGMA {} RTLNAME add_ln42_19_fu_26627_p2 SOURCE fir.cpp:42 VARIABLE add_ln42_19 LOOP MAC BUNDLEDNAME {} DSP 0 BRAM 0 URAM 0 STORAGESUBTYPE {} DISPNAME {bind_op add} VISIBLE true} {BINDTYPE op ID {} IMPL fabric LATENCY 0 OPTYPE add PRAGMA {} RTLNAME add_ln42_24_fu_26641_p2 SOURCE fir.cpp:42 VARIABLE add_ln42_24 LOOP MAC BUNDLEDNAME {} DSP 0 BRAM 0 URAM 0 STORAGESUBTYPE {} DISPNAME {bind_op add} VISIBLE true} {BINDTYPE op ID {} IMPL fabric LATENCY 0 OPTYPE add PRAGMA {} RTLNAME add_ln42_27_fu_26655_p2 SOURCE fir.cpp:42 VARIABLE add_ln42_27 LOOP MAC BUNDLEDNAME {} DSP 0 BRAM 0 URAM 0 STORAGESUBTYPE {} DISPNAME {bind_op add} VISIBLE true} {BINDTYPE op ID {} IMPL fabric LATENCY 0 OPTYPE add PRAGMA {} RTLNAME add_ln42_30_fu_26665_p2 SOURCE fir.cpp:42 VARIABLE add_ln42_30 LOOP MAC BUNDLEDNAME {} DSP 0 BRAM 0 URAM 0 STORAGESUBTYPE {} DISPNAME {bind_op add} VISIBLE true} {BINDTYPE op ID {} IMPL fabric LATENCY 0 OPTYPE add PRAGMA {} RTLNAME add_ln42_31_fu_26669_p2 SOURCE fir.cpp:42 VARIABLE add_ln42_31 LOOP MAC BUNDLEDNAME {} DSP 0 BRAM 0 URAM 0 STORAGESUBTYPE {} DISPNAME {bind_op add} VISIBLE true} {BINDTYPE op ID {} IMPL fabric LATENCY 0 OPTYPE add PRAGMA {} RTLNAME add_ln40_39_fu_16370_p2 SOURCE fir.cpp:40 VARIABLE add_ln40_39 LOOP MAC BUNDLEDNAME {} DSP 0 BRAM 0 URAM 0 STORAGESUBTYPE {} DISPNAME {bind_op add} VISIBLE true} {BINDTYPE storage ID {} IMPL auto LATENCY 1 OPTYPE rom_np PRAGMA {} RTLNAME fir_int_int_c_U SOURCE {} VARIABLE fir_int_int_c LOOP {} BUNDLEDNAME {} DSP 0 BRAM 0 URAM 0 STORAGESUBTYPE {} STORAGESIZE {32 7 1} STORAGEUSAGE rom_np DISPNAME {bind_storage rom_np} VISIBLE true} {BINDTYPE storage ID {} IMPL auto LATENCY 1 OPTYPE rom_np PRAGMA {} RTLNAME fir_int_int_c_1_U SOURCE {} VARIABLE fir_int_int_c_1 LOOP {} BUNDLEDNAME {} DSP 0 BRAM 0 URAM 0 STORAGESUBTYPE {} STORAGESIZE {32 7 1} STORAGEUSAGE rom_np DISPNAME {bind_storage rom_np} VISIBLE true} {BINDTYPE storage ID {} IMPL auto LATENCY 1 OPTYPE rom_np PRAGMA {} RTLNAME fir_int_int_c_2_U SOURCE {} VARIABLE fir_int_int_c_2 LOOP {} BUNDLEDNAME {} DSP 0 BRAM 0 URAM 0 STORAGESUBTYPE {} STORAGESIZE {32 7 1} STORAGEUSAGE rom_np DISPNAME {bind_storage rom_np} VISIBLE true} {BINDTYPE storage ID {} IMPL auto LATENCY 1 OPTYPE rom_np PRAGMA {} RTLNAME fir_int_int_c_3_U SOURCE {} VARIABLE fir_int_int_c_3 LOOP {} BUNDLEDNAME {} DSP 0 BRAM 0 URAM 0 STORAGESUBTYPE {} STORAGESIZE {32 7 1} STORAGEUSAGE rom_np DISPNAME {bind_storage rom_np} VISIBLE true} {BINDTYPE storage ID {} IMPL auto LATENCY 1 OPTYPE rom_np PRAGMA {} RTLNAME fir_int_int_c_4_U SOURCE {} VARIABLE fir_int_int_c_4 LOOP {} BUNDLEDNAME {} DSP 0 BRAM 0 URAM 0 STORAGESUBTYPE {} STORAGESIZE {32 7 1} STORAGEUSAGE rom_np DISPNAME {bind_storage rom_np} VISIBLE true} {BINDTYPE storage ID {} IMPL auto LATENCY 1 OPTYPE rom_np PRAGMA {} RTLNAME fir_int_int_c_5_U SOURCE {} VARIABLE fir_int_int_c_5 LOOP {} BUNDLEDNAME {} DSP 0 BRAM 0 URAM 0 STORAGESUBTYPE {} STORAGESIZE {32 7 1} STORAGEUSAGE rom_np DISPNAME {bind_storage rom_np} VISIBLE true} {BINDTYPE storage ID {} IMPL auto LATENCY 1 OPTYPE rom_np PRAGMA {} RTLNAME fir_int_int_c_6_U SOURCE {} VARIABLE fir_int_int_c_6 LOOP {} BUNDLEDNAME {} DSP 0 BRAM 0 URAM 0 STORAGESUBTYPE {} STORAGESIZE {32 7 1} STORAGEUSAGE rom_np DISPNAME {bind_storage rom_np} VISIBLE true} {BINDTYPE storage ID {} IMPL auto LATENCY 1 OPTYPE rom_np PRAGMA {} RTLNAME fir_int_int_c_7_U SOURCE {} VARIABLE fir_int_int_c_7 LOOP {} BUNDLEDNAME {} DSP 0 BRAM 0 URAM 0 STORAGESUBTYPE {} STORAGESIZE {32 7 1} STORAGEUSAGE rom_np DISPNAME {bind_storage rom_np} VISIBLE true} {BINDTYPE storage ID {} IMPL auto LATENCY 1 OPTYPE rom_np PRAGMA {} RTLNAME fir_int_int_c_8_U SOURCE {} VARIABLE fir_int_int_c_8 LOOP {} BUNDLEDNAME {} DSP 0 BRAM 0 URAM 0 STORAGESUBTYPE {} STORAGESIZE {32 7 1} STORAGEUSAGE rom_np DISPNAME {bind_storage rom_np} VISIBLE true} {BINDTYPE storage ID {} IMPL auto LATENCY 1 OPTYPE rom_np PRAGMA {} RTLNAME fir_int_int_c_9_U SOURCE {} VARIABLE fir_int_int_c_9 LOOP {} BUNDLEDNAME {} DSP 0 BRAM 0 URAM 0 STORAGESUBTYPE {} STORAGESIZE {32 7 1} STORAGEUSAGE rom_np DISPNAME {bind_storage rom_np} VISIBLE true} {BINDTYPE storage ID {} IMPL auto LATENCY 1 OPTYPE rom_np PRAGMA {} RTLNAME p_ZZ3firPiiE1c_10_U SOURCE {} VARIABLE p_ZZ3firPiiE1c_10 LOOP {} BUNDLEDNAME {} DSP 0 BRAM 0 URAM 0 STORAGESUBTYPE {} STORAGESIZE {32 7 1} STORAGEUSAGE rom_np DISPNAME {bind_storage rom_np} VISIBLE true} {BINDTYPE storage ID {} IMPL auto LATENCY 1 OPTYPE rom_np PRAGMA {} RTLNAME p_ZZ3firPiiE1c_11_U SOURCE {} VARIABLE p_ZZ3firPiiE1c_11 LOOP {} BUNDLEDNAME {} DSP 0 BRAM 0 URAM 0 STORAGESUBTYPE {} STORAGESIZE {32 7 1} STORAGEUSAGE rom_np DISPNAME {bind_storage rom_np} VISIBLE true} {BINDTYPE storage ID {} IMPL auto LATENCY 1 OPTYPE rom_np PRAGMA {} RTLNAME p_ZZ3firPiiE1c_12_U SOURCE {} VARIABLE p_ZZ3firPiiE1c_12 LOOP {} BUNDLEDNAME {} DSP 0 BRAM 0 URAM 0 STORAGESUBTYPE {} STORAGESIZE {32 7 1} STORAGEUSAGE rom_np DISPNAME {bind_storage rom_np} VISIBLE true} {BINDTYPE storage ID {} IMPL auto LATENCY 1 OPTYPE rom_np PRAGMA {} RTLNAME p_ZZ3firPiiE1c_13_U SOURCE {} VARIABLE p_ZZ3firPiiE1c_13 LOOP {} BUNDLEDNAME {} DSP 0 BRAM 0 URAM 0 STORAGESUBTYPE {} STORAGESIZE {32 7 1} STORAGEUSAGE rom_np DISPNAME {bind_storage rom_np} VISIBLE true} {BINDTYPE storage ID {} IMPL auto LATENCY 1 OPTYPE rom_np PRAGMA {} RTLNAME p_ZZ3firPiiE1c_14_U SOURCE {} VARIABLE p_ZZ3firPiiE1c_14 LOOP {} BUNDLEDNAME {} DSP 0 BRAM 0 URAM 0 STORAGESUBTYPE {} STORAGESIZE {32 7 1} STORAGEUSAGE rom_np DISPNAME {bind_storage rom_np} VISIBLE true} {BINDTYPE storage ID {} IMPL auto LATENCY 1 OPTYPE rom_np PRAGMA {} RTLNAME p_ZZ3firPiiE1c_15_U SOURCE {} VARIABLE p_ZZ3firPiiE1c_15 LOOP {} BUNDLEDNAME {} DSP 0 BRAM 0 URAM 0 STORAGESUBTYPE {} STORAGESIZE {32 7 1} STORAGEUSAGE rom_np DISPNAME {bind_storage rom_np} VISIBLE true} {BINDTYPE storage ID {} IMPL auto LATENCY 1 OPTYPE rom_np PRAGMA {} RTLNAME p_ZZ3firPiiE1c_16_U SOURCE {} VARIABLE p_ZZ3firPiiE1c_16 LOOP {} BUNDLEDNAME {} DSP 0 BRAM 0 URAM 0 STORAGESUBTYPE {} STORAGESIZE {32 7 1} STORAGEUSAGE rom_np DISPNAME {bind_storage rom_np} VISIBLE true} {BINDTYPE storage ID {} IMPL auto LATENCY 1 OPTYPE rom_np PRAGMA {} RTLNAME p_ZZ3firPiiE1c_17_U SOURCE {} VARIABLE p_ZZ3firPiiE1c_17 LOOP {} BUNDLEDNAME {} DSP 0 BRAM 0 URAM 0 STORAGESUBTYPE {} STORAGESIZE {32 7 1} STORAGEUSAGE rom_np DISPNAME {bind_storage rom_np} VISIBLE true} {BINDTYPE storage ID {} IMPL auto LATENCY 1 OPTYPE rom_np PRAGMA {} RTLNAME p_ZZ3firPiiE1c_18_U SOURCE {} VARIABLE p_ZZ3firPiiE1c_18 LOOP {} BUNDLEDNAME {} DSP 0 BRAM 0 URAM 0 STORAGESUBTYPE {} STORAGESIZE {32 7 1} STORAGEUSAGE rom_np DISPNAME {bind_storage rom_np} VISIBLE true} {BINDTYPE storage ID {} IMPL auto LATENCY 1 OPTYPE rom_np PRAGMA {} RTLNAME p_ZZ3firPiiE1c_19_U SOURCE {} VARIABLE p_ZZ3firPiiE1c_19 LOOP {} BUNDLEDNAME {} DSP 0 BRAM 0 URAM 0 STORAGESUBTYPE {} STORAGESIZE {32 7 1} STORAGEUSAGE rom_np DISPNAME {bind_storage rom_np} VISIBLE true}} AREA {DSP 80 BRAM 0 URAM 0}} fir {BINDINFO {{BINDTYPE storage ID {} IMPL auto LATENCY 1 OPTYPE ram_2p PRAGMA {} RTLNAME fir_int_int_shift_reg_U SOURCE {} VARIABLE fir_int_int_shift_reg LOOP {} BUNDLEDNAME {} DSP 0 BRAM 0 URAM 0 STORAGESUBTYPE {} STORAGESIZE {32 7 1} STORAGEUSAGE ram_2p DISPNAME {bind_storage ram_2p} VISIBLE true} {BINDTYPE storage ID {} IMPL auto LATENCY 1 OPTYPE ram_2p PRAGMA {} RTLNAME fir_int_int_shift_reg_10_U SOURCE {} VARIABLE fir_int_int_shift_reg_10 LOOP {} BUNDLEDNAME {} DSP 0 BRAM 0 URAM 0 STORAGESUBTYPE {} STORAGESIZE {32 7 1} STORAGEUSAGE ram_2p DISPNAME {bind_storage ram_2p} VISIBLE true} {BINDTYPE storage ID {} IMPL auto LATENCY 1 OPTYPE ram_2p PRAGMA {} RTLNAME fir_int_int_shift_reg_11_U SOURCE {} VARIABLE fir_int_int_shift_reg_11 LOOP {} BUNDLEDNAME {} DSP 0 BRAM 0 URAM 0 STORAGESUBTYPE {} STORAGESIZE {32 7 1} STORAGEUSAGE ram_2p DISPNAME {bind_storage ram_2p} VISIBLE true} {BINDTYPE storage ID {} IMPL auto LATENCY 1 OPTYPE ram_2p PRAGMA {} RTLNAME fir_int_int_shift_reg_12_U SOURCE {} VARIABLE fir_int_int_shift_reg_12 LOOP {} BUNDLEDNAME {} DSP 0 BRAM 0 URAM 0 STORAGESUBTYPE {} STORAGESIZE {32 7 1} STORAGEUSAGE ram_2p DISPNAME {bind_storage ram_2p} VISIBLE true} {BINDTYPE storage ID {} IMPL auto LATENCY 1 OPTYPE ram_2p PRAGMA {} RTLNAME fir_int_int_shift_reg_13_U SOURCE {} VARIABLE fir_int_int_shift_reg_13 LOOP {} BUNDLEDNAME {} DSP 0 BRAM 0 URAM 0 STORAGESUBTYPE {} STORAGESIZE {32 7 1} STORAGEUSAGE ram_2p DISPNAME {bind_storage ram_2p} VISIBLE true} {BINDTYPE storage ID {} IMPL auto LATENCY 1 OPTYPE ram_2p PRAGMA {} RTLNAME fir_int_int_shift_reg_14_U SOURCE {} VARIABLE fir_int_int_shift_reg_14 LOOP {} BUNDLEDNAME {} DSP 0 BRAM 0 URAM 0 STORAGESUBTYPE {} STORAGESIZE {32 7 1} STORAGEUSAGE ram_2p DISPNAME {bind_storage ram_2p} VISIBLE true} {BINDTYPE storage ID {} IMPL auto LATENCY 1 OPTYPE ram_2p PRAGMA {} RTLNAME fir_int_int_shift_reg_15_U SOURCE {} VARIABLE fir_int_int_shift_reg_15 LOOP {} BUNDLEDNAME {} DSP 0 BRAM 0 URAM 0 STORAGESUBTYPE {} STORAGESIZE {32 7 1} STORAGEUSAGE ram_2p DISPNAME {bind_storage ram_2p} VISIBLE true} {BINDTYPE storage ID {} IMPL auto LATENCY 1 OPTYPE ram_2p PRAGMA {} RTLNAME fir_int_int_shift_reg_16_U SOURCE {} VARIABLE fir_int_int_shift_reg_16 LOOP {} BUNDLEDNAME {} DSP 0 BRAM 0 URAM 0 STORAGESUBTYPE {} STORAGESIZE {32 7 1} STORAGEUSAGE ram_2p DISPNAME {bind_storage ram_2p} VISIBLE true} {BINDTYPE storage ID {} IMPL auto LATENCY 1 OPTYPE ram_2p PRAGMA {} RTLNAME fir_int_int_shift_reg_17_U SOURCE {} VARIABLE fir_int_int_shift_reg_17 LOOP {} BUNDLEDNAME {} DSP 0 BRAM 0 URAM 0 STORAGESUBTYPE {} STORAGESIZE {32 7 1} STORAGEUSAGE ram_2p DISPNAME {bind_storage ram_2p} VISIBLE true} {BINDTYPE storage ID {} IMPL auto LATENCY 1 OPTYPE ram_2p PRAGMA {} RTLNAME fir_int_int_shift_reg_18_U SOURCE {} VARIABLE fir_int_int_shift_reg_18 LOOP {} BUNDLEDNAME {} DSP 0 BRAM 0 URAM 0 STORAGESUBTYPE {} STORAGESIZE {32 7 1} STORAGEUSAGE ram_2p DISPNAME {bind_storage ram_2p} VISIBLE true} {BINDTYPE storage ID {} IMPL auto LATENCY 1 OPTYPE ram_2p PRAGMA {} RTLNAME p_ZZ3firPiiE9shift_reg_10_U SOURCE {} VARIABLE p_ZZ3firPiiE9shift_reg_10 LOOP {} BUNDLEDNAME {} DSP 0 BRAM 0 URAM 0 STORAGESUBTYPE {} STORAGESIZE {32 7 1} STORAGEUSAGE ram_2p DISPNAME {bind_storage ram_2p} VISIBLE true} {BINDTYPE storage ID {} IMPL auto LATENCY 1 OPTYPE ram_2p PRAGMA {} RTLNAME p_ZZ3firPiiE9shift_reg_11_U SOURCE {} VARIABLE p_ZZ3firPiiE9shift_reg_11 LOOP {} BUNDLEDNAME {} DSP 0 BRAM 0 URAM 0 STORAGESUBTYPE {} STORAGESIZE {32 7 1} STORAGEUSAGE ram_2p DISPNAME {bind_storage ram_2p} VISIBLE true} {BINDTYPE storage ID {} IMPL auto LATENCY 1 OPTYPE ram_2p PRAGMA {} RTLNAME p_ZZ3firPiiE9shift_reg_12_U SOURCE {} VARIABLE p_ZZ3firPiiE9shift_reg_12 LOOP {} BUNDLEDNAME {} DSP 0 BRAM 0 URAM 0 STORAGESUBTYPE {} STORAGESIZE {32 7 1} STORAGEUSAGE ram_2p DISPNAME {bind_storage ram_2p} VISIBLE true} {BINDTYPE storage ID {} IMPL auto LATENCY 1 OPTYPE ram_2p PRAGMA {} RTLNAME p_ZZ3firPiiE9shift_reg_13_U SOURCE {} VARIABLE p_ZZ3firPiiE9shift_reg_13 LOOP {} BUNDLEDNAME {} DSP 0 BRAM 0 URAM 0 STORAGESUBTYPE {} STORAGESIZE {32 7 1} STORAGEUSAGE ram_2p DISPNAME {bind_storage ram_2p} VISIBLE true} {BINDTYPE storage ID {} IMPL auto LATENCY 1 OPTYPE ram_2p PRAGMA {} RTLNAME p_ZZ3firPiiE9shift_reg_14_U SOURCE {} VARIABLE p_ZZ3firPiiE9shift_reg_14 LOOP {} BUNDLEDNAME {} DSP 0 BRAM 0 URAM 0 STORAGESUBTYPE {} STORAGESIZE {32 7 1} STORAGEUSAGE ram_2p DISPNAME {bind_storage ram_2p} VISIBLE true} {BINDTYPE storage ID {} IMPL auto LATENCY 1 OPTYPE ram_2p PRAGMA {} RTLNAME p_ZZ3firPiiE9shift_reg_15_U SOURCE {} VARIABLE p_ZZ3firPiiE9shift_reg_15 LOOP {} BUNDLEDNAME {} DSP 0 BRAM 0 URAM 0 STORAGESUBTYPE {} STORAGESIZE {32 7 1} STORAGEUSAGE ram_2p DISPNAME {bind_storage ram_2p} VISIBLE true} {BINDTYPE storage ID {} IMPL auto LATENCY 1 OPTYPE ram_2p PRAGMA {} RTLNAME p_ZZ3firPiiE9shift_reg_16_U SOURCE {} VARIABLE p_ZZ3firPiiE9shift_reg_16 LOOP {} BUNDLEDNAME {} DSP 0 BRAM 0 URAM 0 STORAGESUBTYPE {} STORAGESIZE {32 7 1} STORAGEUSAGE ram_2p DISPNAME {bind_storage ram_2p} VISIBLE true} {BINDTYPE storage ID {} IMPL auto LATENCY 1 OPTYPE ram_2p PRAGMA {} RTLNAME p_ZZ3firPiiE9shift_reg_17_U SOURCE {} VARIABLE p_ZZ3firPiiE9shift_reg_17 LOOP {} BUNDLEDNAME {} DSP 0 BRAM 0 URAM 0 STORAGESUBTYPE {} STORAGESIZE {32 7 1} STORAGEUSAGE ram_2p DISPNAME {bind_storage ram_2p} VISIBLE true} {BINDTYPE storage ID {} IMPL auto LATENCY 1 OPTYPE ram_2p PRAGMA {} RTLNAME p_ZZ3firPiiE9shift_reg_18_U SOURCE {} VARIABLE p_ZZ3firPiiE9shift_reg_18 LOOP {} BUNDLEDNAME {} DSP 0 BRAM 0 URAM 0 STORAGESUBTYPE {} STORAGESIZE {32 7 1} STORAGEUSAGE ram_2p DISPNAME {bind_storage ram_2p} VISIBLE true} {BINDTYPE storage ID {} IMPL auto LATENCY 1 OPTYPE ram_2p PRAGMA {} RTLNAME p_ZZ3firPiiE9shift_reg_19_U SOURCE {} VARIABLE p_ZZ3firPiiE9shift_reg_19 LOOP {} BUNDLEDNAME {} DSP 0 BRAM 0 URAM 0 STORAGESUBTYPE {} STORAGESIZE {32 7 1} STORAGEUSAGE ram_2p DISPNAME {bind_storage ram_2p} VISIBLE true}} AREA {DSP 176 BRAM 0 URAM 0}}}}'
INFO-FLOW: DBG:PUTS:      update_csynth_reports json2rpt_hw_sw_interfaces
INFO-FLOW: Running: gen_csynth_sec_pragma
INFO-FLOW: Done: gen_csynth_sec_pragma time: 0 seconds per iteration
INFO-FLOW: DBG:PUTS:      update_csynth_reports wrote xml
INFO-FLOW: DBG:PUTS:      update_csynth_reports appended to csynth rpt file
INFO: [HLS 200-111] Finished Updating report files: CPU user time: 0.45 seconds. CPU system time: 0.05 seconds. Elapsed time: 0.62 seconds; current allocated memory: 936.172 MB.
INFO: [VHDL 208-304] Generating VHDL RTL for fir.
INFO: [VLOG 209-307] Generating Verilog RTL for fir.
Execute         syn_report -model fir -printsummary 
INFO: [HLS 200-790] **** Loop Constraint Status: All loop constraints were NOT satisfied.
INFO: [HLS 200-789] **** Estimated Fmax: 138.23 MHz
Command       autosyn done; 94.96 sec.
Command     csynth_design done; 119.66 sec.
INFO: [HLS 200-2161] Finished Command csynth_design Elapsed time: 00:01:59; Allocated memory: 293.156 MB.
Execute     cleanup_all 
Command     cleanup_all done; 0.18 sec.
