

================================================================
== Vitis HLS Report for 'fir_Pipeline_TDL'
================================================================
* Date:           Sun Oct 12 20:23:04 2025

* Version:        2024.2 (Build 5238294 on Nov  8 2024)
* Project:        fir.comp
* Solution:       hls (Vivado IP Flow Target)
* Product family: zynq
* Target device:  xc7z020-clg400-1


================================================================
== Performance Estimates
================================================================
+ Timing: 
    * Summary: 
    +--------+----------+----------+------------+
    |  Clock |  Target  | Estimated| Uncertainty|
    +--------+----------+----------+------------+
    |ap_clk  |  10.00 ns|  7.052 ns|     2.70 ns|
    +--------+----------+----------+------------+

+ Latency: 
    * Summary: 
    +---------+---------+----------+----------+-----+-----+------------------------------------------------+
    |  Latency (cycles) |  Latency (absolute) |  Interval |                    Pipeline                    |
    |   min   |   max   |    min   |    max   | min | max |                      Type                      |
    +---------+---------+----------+----------+-----+-----+------------------------------------------------+
    |       98|       98|  0.980 us|  0.980 us|   28|   28|  loop auto-rewind stp (delay=0 clock cycles(s))|
    +---------+---------+----------+----------+-----+-----+------------------------------------------------+

    + Detail: 
        * Instance: 
        N/A

        * Loop: 
        +----------+---------+---------+----------+-----------+-----------+------+----------+
        |          |  Latency (cycles) | Iteration|  Initiation Interval  | Trip |          |
        | Loop Name|   min   |   max   |  Latency |  achieved |   target  | Count| Pipelined|
        +----------+---------+---------+----------+-----------+-----------+------+----------+
        |- TDL     |       96|       96|        71|          2|          1|    13|       yes|
        +----------+---------+---------+----------+-----------+-----------+------+----------+

============================================================
+ Verbose Summary: Synthesis Manager
============================================================
InlineROM: 1
ExposeGlobal: 0
============================================================
+ Verbose Summary: CDFG Model
============================================================
IsTopModel: 0
ResetActiveHigh: 1
IsCombinational: 0
IsDatapathOnly: 0
HasWiredReturn: 1
HasMFsm: 2
HasVarLatency: 1
IsPipeline: 0
IsRtlPipelined: 0
IsInstanceOverlapped: 0
IsDontTouch: 0
HasImplIP: 0
IsGatedGlobalClock: 0

+ Individual pipeline summary: 
  * Pipeline-0: initiation interval (II) = 2, depth = 72


============================================================
+ Verbose Summary: Schedule
============================================================
* Number of FSM states : 72
* Pipeline : 1
  Pipeline-0 : II = 2, D = 72, States = { 1 2 3 4 5 6 7 8 9 10 11 12 13 14 15 16 17 18 19 20 21 22 23 24 25 26 27 28 29 30 31 32 33 34 35 36 37 38 39 40 41 42 43 44 45 46 47 48 49 50 51 52 53 54 55 56 57 58 59 60 61 62 63 64 65 66 67 68 69 70 71 72 }
* Dataflow Pipeline: 0

* FSM state transitions: 
1 --> 2 
2 --> 3 
3 --> 4 
4 --> 5 
5 --> 6 
6 --> 7 
7 --> 8 
8 --> 9 
9 --> 10 
10 --> 11 
11 --> 12 
12 --> 13 
13 --> 14 
14 --> 15 
15 --> 16 
16 --> 17 
17 --> 18 
18 --> 19 
19 --> 20 
20 --> 21 
21 --> 22 
22 --> 23 
23 --> 24 
24 --> 25 
25 --> 26 
26 --> 27 
27 --> 28 
28 --> 29 
29 --> 30 
30 --> 31 
31 --> 32 
32 --> 33 
33 --> 34 
34 --> 35 
35 --> 36 
36 --> 37 
37 --> 38 
38 --> 39 
39 --> 40 
40 --> 41 
41 --> 42 
42 --> 43 
43 --> 44 
44 --> 45 
45 --> 46 
46 --> 47 
47 --> 48 
48 --> 49 
49 --> 50 
50 --> 51 
51 --> 52 
52 --> 53 
53 --> 54 
54 --> 55 
55 --> 56 
56 --> 57 
57 --> 58 
58 --> 59 
59 --> 60 
60 --> 61 
61 --> 62 
62 --> 63 
63 --> 64 
64 --> 65 
65 --> 66 
66 --> 67 
67 --> 68 
68 --> 69 
69 --> 70 
70 --> 71 
71 --> 72 
72 --> 

* FSM state operations: 

State 1 <SV = 0> <Delay = 1.58>
ST_1 : Operation 74 [1/1] (0.00ns)   --->   "%i = alloca i32 1" [fir.cpp:27]   --->   Operation 74 'alloca' 'i' <Predicate = true> <Delay = 0.00>
ST_1 : Operation 75 [1/1] (1.58ns)   --->   "%store_ln27 = store i64 127, i64 %i" [fir.cpp:27]   --->   Operation 75 'store' 'store_ln27' <Predicate = true> <Delay = 1.58>
ST_1 : Operation 76 [1/1] (0.00ns)   --->   "%br_ln0 = br void %for.inc.0.split"   --->   Operation 76 'br' 'br_ln0' <Predicate = true> <Delay = 0.00>

State 2 <SV = 1> <Delay = 5.27>
ST_2 : Operation 77 [1/1] (0.00ns)   --->   "%i_1 = load i64 %i" [fir.cpp:33]   --->   Operation 77 'load' 'i_1' <Predicate = true> <Delay = 0.00>
ST_2 : Operation 78 [68/68] (5.27ns)   --->   "%urem_ln27 = urem i64 %i_1, i64 20" [fir.cpp:27]   --->   Operation 78 'urem' 'urem_ln27' <Predicate = true> <Delay = 5.27> <CoreInst = "Divider">   --->   Core 6 'Divider' <Latency = 67> <II = 1> <Delay = 5.27> <FuncUnit> <Opcode : 'udiv' 'sdiv' 'urem' 'srem'> <InPorts = 2> <OutPorts = 1>
ST_2 : Operation 79 [1/1] (3.52ns)   --->   "%add_ln33_6 = add i64 %i_1, i64 18446744073709551609" [fir.cpp:33]   --->   Operation 79 'add' 'add_ln33_6' <Predicate = true> <Delay = 3.52> <CoreInst = "Adder">   --->   Core 1 'Adder' <Latency = 0> <II = 1> <Delay = 3.52> <FuncUnit> <Opcode : 'add' 'sub'> <InPorts = 2> <OutPorts = 1>

State 3 <SV = 2> <Delay = 5.27>
ST_3 : Operation 80 [67/68] (5.27ns)   --->   "%urem_ln27 = urem i64 %i_1, i64 20" [fir.cpp:27]   --->   Operation 80 'urem' 'urem_ln27' <Predicate = true> <Delay = 5.27> <CoreInst = "Divider">   --->   Core 6 'Divider' <Latency = 67> <II = 1> <Delay = 5.27> <FuncUnit> <Opcode : 'udiv' 'sdiv' 'urem' 'srem'> <InPorts = 2> <OutPorts = 1>
ST_3 : Operation 81 [1/1] (3.52ns)   --->   "%icmp_ln31 = icmp_sgt  i64 %add_ln33_6, i64 0" [fir.cpp:31]   --->   Operation 81 'icmp' 'icmp_ln31' <Predicate = true> <Delay = 3.52> <CoreInst = "Cmp">   --->   Core 9 'Cmp' <Latency = 0> <II = 1> <Delay = 3.52> <FuncUnit> <Opcode : 'seteq' 'setne' 'setle' 'setge' 'setlt' 'setgt'> <InPorts = 2> <OutPorts = 1>
ST_3 : Operation 82 [1/1] (0.00ns)   --->   "%br_ln31 = br i1 %icmp_ln31, void %for.end.exitStub, void %for.inc.7" [fir.cpp:31]   --->   Operation 82 'br' 'br_ln31' <Predicate = true> <Delay = 0.00>
ST_3 : Operation 83 [1/1] (3.52ns)   --->   "%add_ln33_9 = add i64 %i_1, i64 18446744073709551606" [fir.cpp:33]   --->   Operation 83 'add' 'add_ln33_9' <Predicate = (icmp_ln31)> <Delay = 3.52> <CoreInst = "Adder">   --->   Core 1 'Adder' <Latency = 0> <II = 1> <Delay = 3.52> <FuncUnit> <Opcode : 'add' 'sub'> <InPorts = 2> <OutPorts = 1>
ST_3 : Operation 84 [1/1] (1.58ns)   --->   "%store_ln27 = store i64 %add_ln33_9, i64 %i" [fir.cpp:27]   --->   Operation 84 'store' 'store_ln27' <Predicate = (icmp_ln31)> <Delay = 1.58>
ST_3 : Operation 85 [1/1] (0.00ns)   --->   "%br_ln31 = br void %for.inc.0.split" [fir.cpp:31]   --->   Operation 85 'br' 'br_ln31' <Predicate = (icmp_ln31)> <Delay = 0.00>

State 4 <SV = 3> <Delay = 5.27>
ST_4 : Operation 86 [66/68] (5.27ns)   --->   "%urem_ln27 = urem i64 %i_1, i64 20" [fir.cpp:27]   --->   Operation 86 'urem' 'urem_ln27' <Predicate = true> <Delay = 5.27> <CoreInst = "Divider">   --->   Core 6 'Divider' <Latency = 67> <II = 1> <Delay = 5.27> <FuncUnit> <Opcode : 'udiv' 'sdiv' 'urem' 'srem'> <InPorts = 2> <OutPorts = 1>

State 5 <SV = 4> <Delay = 5.27>
ST_5 : Operation 87 [65/68] (5.27ns)   --->   "%urem_ln27 = urem i64 %i_1, i64 20" [fir.cpp:27]   --->   Operation 87 'urem' 'urem_ln27' <Predicate = true> <Delay = 5.27> <CoreInst = "Divider">   --->   Core 6 'Divider' <Latency = 67> <II = 1> <Delay = 5.27> <FuncUnit> <Opcode : 'udiv' 'sdiv' 'urem' 'srem'> <InPorts = 2> <OutPorts = 1>

State 6 <SV = 5> <Delay = 5.27>
ST_6 : Operation 88 [64/68] (5.27ns)   --->   "%urem_ln27 = urem i64 %i_1, i64 20" [fir.cpp:27]   --->   Operation 88 'urem' 'urem_ln27' <Predicate = true> <Delay = 5.27> <CoreInst = "Divider">   --->   Core 6 'Divider' <Latency = 67> <II = 1> <Delay = 5.27> <FuncUnit> <Opcode : 'udiv' 'sdiv' 'urem' 'srem'> <InPorts = 2> <OutPorts = 1>

State 7 <SV = 6> <Delay = 5.27>
ST_7 : Operation 89 [63/68] (5.27ns)   --->   "%urem_ln27 = urem i64 %i_1, i64 20" [fir.cpp:27]   --->   Operation 89 'urem' 'urem_ln27' <Predicate = true> <Delay = 5.27> <CoreInst = "Divider">   --->   Core 6 'Divider' <Latency = 67> <II = 1> <Delay = 5.27> <FuncUnit> <Opcode : 'udiv' 'sdiv' 'urem' 'srem'> <InPorts = 2> <OutPorts = 1>

State 8 <SV = 7> <Delay = 5.27>
ST_8 : Operation 90 [62/68] (5.27ns)   --->   "%urem_ln27 = urem i64 %i_1, i64 20" [fir.cpp:27]   --->   Operation 90 'urem' 'urem_ln27' <Predicate = true> <Delay = 5.27> <CoreInst = "Divider">   --->   Core 6 'Divider' <Latency = 67> <II = 1> <Delay = 5.27> <FuncUnit> <Opcode : 'udiv' 'sdiv' 'urem' 'srem'> <InPorts = 2> <OutPorts = 1>

State 9 <SV = 8> <Delay = 5.27>
ST_9 : Operation 91 [61/68] (5.27ns)   --->   "%urem_ln27 = urem i64 %i_1, i64 20" [fir.cpp:27]   --->   Operation 91 'urem' 'urem_ln27' <Predicate = true> <Delay = 5.27> <CoreInst = "Divider">   --->   Core 6 'Divider' <Latency = 67> <II = 1> <Delay = 5.27> <FuncUnit> <Opcode : 'udiv' 'sdiv' 'urem' 'srem'> <InPorts = 2> <OutPorts = 1>

State 10 <SV = 9> <Delay = 5.27>
ST_10 : Operation 92 [60/68] (5.27ns)   --->   "%urem_ln27 = urem i64 %i_1, i64 20" [fir.cpp:27]   --->   Operation 92 'urem' 'urem_ln27' <Predicate = true> <Delay = 5.27> <CoreInst = "Divider">   --->   Core 6 'Divider' <Latency = 67> <II = 1> <Delay = 5.27> <FuncUnit> <Opcode : 'udiv' 'sdiv' 'urem' 'srem'> <InPorts = 2> <OutPorts = 1>

State 11 <SV = 10> <Delay = 5.27>
ST_11 : Operation 93 [59/68] (5.27ns)   --->   "%urem_ln27 = urem i64 %i_1, i64 20" [fir.cpp:27]   --->   Operation 93 'urem' 'urem_ln27' <Predicate = true> <Delay = 5.27> <CoreInst = "Divider">   --->   Core 6 'Divider' <Latency = 67> <II = 1> <Delay = 5.27> <FuncUnit> <Opcode : 'udiv' 'sdiv' 'urem' 'srem'> <InPorts = 2> <OutPorts = 1>

State 12 <SV = 11> <Delay = 5.27>
ST_12 : Operation 94 [58/68] (5.27ns)   --->   "%urem_ln27 = urem i64 %i_1, i64 20" [fir.cpp:27]   --->   Operation 94 'urem' 'urem_ln27' <Predicate = true> <Delay = 5.27> <CoreInst = "Divider">   --->   Core 6 'Divider' <Latency = 67> <II = 1> <Delay = 5.27> <FuncUnit> <Opcode : 'udiv' 'sdiv' 'urem' 'srem'> <InPorts = 2> <OutPorts = 1>

State 13 <SV = 12> <Delay = 5.27>
ST_13 : Operation 95 [57/68] (5.27ns)   --->   "%urem_ln27 = urem i64 %i_1, i64 20" [fir.cpp:27]   --->   Operation 95 'urem' 'urem_ln27' <Predicate = true> <Delay = 5.27> <CoreInst = "Divider">   --->   Core 6 'Divider' <Latency = 67> <II = 1> <Delay = 5.27> <FuncUnit> <Opcode : 'udiv' 'sdiv' 'urem' 'srem'> <InPorts = 2> <OutPorts = 1>

State 14 <SV = 13> <Delay = 5.27>
ST_14 : Operation 96 [56/68] (5.27ns)   --->   "%urem_ln27 = urem i64 %i_1, i64 20" [fir.cpp:27]   --->   Operation 96 'urem' 'urem_ln27' <Predicate = true> <Delay = 5.27> <CoreInst = "Divider">   --->   Core 6 'Divider' <Latency = 67> <II = 1> <Delay = 5.27> <FuncUnit> <Opcode : 'udiv' 'sdiv' 'urem' 'srem'> <InPorts = 2> <OutPorts = 1>

State 15 <SV = 14> <Delay = 5.27>
ST_15 : Operation 97 [55/68] (5.27ns)   --->   "%urem_ln27 = urem i64 %i_1, i64 20" [fir.cpp:27]   --->   Operation 97 'urem' 'urem_ln27' <Predicate = true> <Delay = 5.27> <CoreInst = "Divider">   --->   Core 6 'Divider' <Latency = 67> <II = 1> <Delay = 5.27> <FuncUnit> <Opcode : 'udiv' 'sdiv' 'urem' 'srem'> <InPorts = 2> <OutPorts = 1>

State 16 <SV = 15> <Delay = 5.27>
ST_16 : Operation 98 [54/68] (5.27ns)   --->   "%urem_ln27 = urem i64 %i_1, i64 20" [fir.cpp:27]   --->   Operation 98 'urem' 'urem_ln27' <Predicate = true> <Delay = 5.27> <CoreInst = "Divider">   --->   Core 6 'Divider' <Latency = 67> <II = 1> <Delay = 5.27> <FuncUnit> <Opcode : 'udiv' 'sdiv' 'urem' 'srem'> <InPorts = 2> <OutPorts = 1>

State 17 <SV = 16> <Delay = 5.27>
ST_17 : Operation 99 [53/68] (5.27ns)   --->   "%urem_ln27 = urem i64 %i_1, i64 20" [fir.cpp:27]   --->   Operation 99 'urem' 'urem_ln27' <Predicate = true> <Delay = 5.27> <CoreInst = "Divider">   --->   Core 6 'Divider' <Latency = 67> <II = 1> <Delay = 5.27> <FuncUnit> <Opcode : 'udiv' 'sdiv' 'urem' 'srem'> <InPorts = 2> <OutPorts = 1>

State 18 <SV = 17> <Delay = 5.27>
ST_18 : Operation 100 [52/68] (5.27ns)   --->   "%urem_ln27 = urem i64 %i_1, i64 20" [fir.cpp:27]   --->   Operation 100 'urem' 'urem_ln27' <Predicate = true> <Delay = 5.27> <CoreInst = "Divider">   --->   Core 6 'Divider' <Latency = 67> <II = 1> <Delay = 5.27> <FuncUnit> <Opcode : 'udiv' 'sdiv' 'urem' 'srem'> <InPorts = 2> <OutPorts = 1>

State 19 <SV = 18> <Delay = 5.27>
ST_19 : Operation 101 [51/68] (5.27ns)   --->   "%urem_ln27 = urem i64 %i_1, i64 20" [fir.cpp:27]   --->   Operation 101 'urem' 'urem_ln27' <Predicate = true> <Delay = 5.27> <CoreInst = "Divider">   --->   Core 6 'Divider' <Latency = 67> <II = 1> <Delay = 5.27> <FuncUnit> <Opcode : 'udiv' 'sdiv' 'urem' 'srem'> <InPorts = 2> <OutPorts = 1>

State 20 <SV = 19> <Delay = 5.27>
ST_20 : Operation 102 [50/68] (5.27ns)   --->   "%urem_ln27 = urem i64 %i_1, i64 20" [fir.cpp:27]   --->   Operation 102 'urem' 'urem_ln27' <Predicate = true> <Delay = 5.27> <CoreInst = "Divider">   --->   Core 6 'Divider' <Latency = 67> <II = 1> <Delay = 5.27> <FuncUnit> <Opcode : 'udiv' 'sdiv' 'urem' 'srem'> <InPorts = 2> <OutPorts = 1>

State 21 <SV = 20> <Delay = 5.27>
ST_21 : Operation 103 [49/68] (5.27ns)   --->   "%urem_ln27 = urem i64 %i_1, i64 20" [fir.cpp:27]   --->   Operation 103 'urem' 'urem_ln27' <Predicate = true> <Delay = 5.27> <CoreInst = "Divider">   --->   Core 6 'Divider' <Latency = 67> <II = 1> <Delay = 5.27> <FuncUnit> <Opcode : 'udiv' 'sdiv' 'urem' 'srem'> <InPorts = 2> <OutPorts = 1>

State 22 <SV = 21> <Delay = 5.27>
ST_22 : Operation 104 [48/68] (5.27ns)   --->   "%urem_ln27 = urem i64 %i_1, i64 20" [fir.cpp:27]   --->   Operation 104 'urem' 'urem_ln27' <Predicate = true> <Delay = 5.27> <CoreInst = "Divider">   --->   Core 6 'Divider' <Latency = 67> <II = 1> <Delay = 5.27> <FuncUnit> <Opcode : 'udiv' 'sdiv' 'urem' 'srem'> <InPorts = 2> <OutPorts = 1>

State 23 <SV = 22> <Delay = 5.27>
ST_23 : Operation 105 [47/68] (5.27ns)   --->   "%urem_ln27 = urem i64 %i_1, i64 20" [fir.cpp:27]   --->   Operation 105 'urem' 'urem_ln27' <Predicate = true> <Delay = 5.27> <CoreInst = "Divider">   --->   Core 6 'Divider' <Latency = 67> <II = 1> <Delay = 5.27> <FuncUnit> <Opcode : 'udiv' 'sdiv' 'urem' 'srem'> <InPorts = 2> <OutPorts = 1>

State 24 <SV = 23> <Delay = 5.27>
ST_24 : Operation 106 [46/68] (5.27ns)   --->   "%urem_ln27 = urem i64 %i_1, i64 20" [fir.cpp:27]   --->   Operation 106 'urem' 'urem_ln27' <Predicate = true> <Delay = 5.27> <CoreInst = "Divider">   --->   Core 6 'Divider' <Latency = 67> <II = 1> <Delay = 5.27> <FuncUnit> <Opcode : 'udiv' 'sdiv' 'urem' 'srem'> <InPorts = 2> <OutPorts = 1>

State 25 <SV = 24> <Delay = 5.27>
ST_25 : Operation 107 [45/68] (5.27ns)   --->   "%urem_ln27 = urem i64 %i_1, i64 20" [fir.cpp:27]   --->   Operation 107 'urem' 'urem_ln27' <Predicate = true> <Delay = 5.27> <CoreInst = "Divider">   --->   Core 6 'Divider' <Latency = 67> <II = 1> <Delay = 5.27> <FuncUnit> <Opcode : 'udiv' 'sdiv' 'urem' 'srem'> <InPorts = 2> <OutPorts = 1>

State 26 <SV = 25> <Delay = 5.27>
ST_26 : Operation 108 [44/68] (5.27ns)   --->   "%urem_ln27 = urem i64 %i_1, i64 20" [fir.cpp:27]   --->   Operation 108 'urem' 'urem_ln27' <Predicate = true> <Delay = 5.27> <CoreInst = "Divider">   --->   Core 6 'Divider' <Latency = 67> <II = 1> <Delay = 5.27> <FuncUnit> <Opcode : 'udiv' 'sdiv' 'urem' 'srem'> <InPorts = 2> <OutPorts = 1>

State 27 <SV = 26> <Delay = 5.27>
ST_27 : Operation 109 [43/68] (5.27ns)   --->   "%urem_ln27 = urem i64 %i_1, i64 20" [fir.cpp:27]   --->   Operation 109 'urem' 'urem_ln27' <Predicate = true> <Delay = 5.27> <CoreInst = "Divider">   --->   Core 6 'Divider' <Latency = 67> <II = 1> <Delay = 5.27> <FuncUnit> <Opcode : 'udiv' 'sdiv' 'urem' 'srem'> <InPorts = 2> <OutPorts = 1>

State 28 <SV = 27> <Delay = 5.27>
ST_28 : Operation 110 [42/68] (5.27ns)   --->   "%urem_ln27 = urem i64 %i_1, i64 20" [fir.cpp:27]   --->   Operation 110 'urem' 'urem_ln27' <Predicate = true> <Delay = 5.27> <CoreInst = "Divider">   --->   Core 6 'Divider' <Latency = 67> <II = 1> <Delay = 5.27> <FuncUnit> <Opcode : 'udiv' 'sdiv' 'urem' 'srem'> <InPorts = 2> <OutPorts = 1>

State 29 <SV = 28> <Delay = 5.27>
ST_29 : Operation 111 [41/68] (5.27ns)   --->   "%urem_ln27 = urem i64 %i_1, i64 20" [fir.cpp:27]   --->   Operation 111 'urem' 'urem_ln27' <Predicate = true> <Delay = 5.27> <CoreInst = "Divider">   --->   Core 6 'Divider' <Latency = 67> <II = 1> <Delay = 5.27> <FuncUnit> <Opcode : 'udiv' 'sdiv' 'urem' 'srem'> <InPorts = 2> <OutPorts = 1>

State 30 <SV = 29> <Delay = 5.27>
ST_30 : Operation 112 [40/68] (5.27ns)   --->   "%urem_ln27 = urem i64 %i_1, i64 20" [fir.cpp:27]   --->   Operation 112 'urem' 'urem_ln27' <Predicate = true> <Delay = 5.27> <CoreInst = "Divider">   --->   Core 6 'Divider' <Latency = 67> <II = 1> <Delay = 5.27> <FuncUnit> <Opcode : 'udiv' 'sdiv' 'urem' 'srem'> <InPorts = 2> <OutPorts = 1>

State 31 <SV = 30> <Delay = 5.27>
ST_31 : Operation 113 [39/68] (5.27ns)   --->   "%urem_ln27 = urem i64 %i_1, i64 20" [fir.cpp:27]   --->   Operation 113 'urem' 'urem_ln27' <Predicate = true> <Delay = 5.27> <CoreInst = "Divider">   --->   Core 6 'Divider' <Latency = 67> <II = 1> <Delay = 5.27> <FuncUnit> <Opcode : 'udiv' 'sdiv' 'urem' 'srem'> <InPorts = 2> <OutPorts = 1>

State 32 <SV = 31> <Delay = 5.27>
ST_32 : Operation 114 [38/68] (5.27ns)   --->   "%urem_ln27 = urem i64 %i_1, i64 20" [fir.cpp:27]   --->   Operation 114 'urem' 'urem_ln27' <Predicate = true> <Delay = 5.27> <CoreInst = "Divider">   --->   Core 6 'Divider' <Latency = 67> <II = 1> <Delay = 5.27> <FuncUnit> <Opcode : 'udiv' 'sdiv' 'urem' 'srem'> <InPorts = 2> <OutPorts = 1>

State 33 <SV = 32> <Delay = 5.27>
ST_33 : Operation 115 [37/68] (5.27ns)   --->   "%urem_ln27 = urem i64 %i_1, i64 20" [fir.cpp:27]   --->   Operation 115 'urem' 'urem_ln27' <Predicate = true> <Delay = 5.27> <CoreInst = "Divider">   --->   Core 6 'Divider' <Latency = 67> <II = 1> <Delay = 5.27> <FuncUnit> <Opcode : 'udiv' 'sdiv' 'urem' 'srem'> <InPorts = 2> <OutPorts = 1>

State 34 <SV = 33> <Delay = 5.27>
ST_34 : Operation 116 [36/68] (5.27ns)   --->   "%urem_ln27 = urem i64 %i_1, i64 20" [fir.cpp:27]   --->   Operation 116 'urem' 'urem_ln27' <Predicate = true> <Delay = 5.27> <CoreInst = "Divider">   --->   Core 6 'Divider' <Latency = 67> <II = 1> <Delay = 5.27> <FuncUnit> <Opcode : 'udiv' 'sdiv' 'urem' 'srem'> <InPorts = 2> <OutPorts = 1>

State 35 <SV = 34> <Delay = 5.27>
ST_35 : Operation 117 [35/68] (5.27ns)   --->   "%urem_ln27 = urem i64 %i_1, i64 20" [fir.cpp:27]   --->   Operation 117 'urem' 'urem_ln27' <Predicate = true> <Delay = 5.27> <CoreInst = "Divider">   --->   Core 6 'Divider' <Latency = 67> <II = 1> <Delay = 5.27> <FuncUnit> <Opcode : 'udiv' 'sdiv' 'urem' 'srem'> <InPorts = 2> <OutPorts = 1>

State 36 <SV = 35> <Delay = 5.27>
ST_36 : Operation 118 [34/68] (5.27ns)   --->   "%urem_ln27 = urem i64 %i_1, i64 20" [fir.cpp:27]   --->   Operation 118 'urem' 'urem_ln27' <Predicate = true> <Delay = 5.27> <CoreInst = "Divider">   --->   Core 6 'Divider' <Latency = 67> <II = 1> <Delay = 5.27> <FuncUnit> <Opcode : 'udiv' 'sdiv' 'urem' 'srem'> <InPorts = 2> <OutPorts = 1>

State 37 <SV = 36> <Delay = 5.27>
ST_37 : Operation 119 [33/68] (5.27ns)   --->   "%urem_ln27 = urem i64 %i_1, i64 20" [fir.cpp:27]   --->   Operation 119 'urem' 'urem_ln27' <Predicate = true> <Delay = 5.27> <CoreInst = "Divider">   --->   Core 6 'Divider' <Latency = 67> <II = 1> <Delay = 5.27> <FuncUnit> <Opcode : 'udiv' 'sdiv' 'urem' 'srem'> <InPorts = 2> <OutPorts = 1>

State 38 <SV = 37> <Delay = 5.27>
ST_38 : Operation 120 [32/68] (5.27ns)   --->   "%urem_ln27 = urem i64 %i_1, i64 20" [fir.cpp:27]   --->   Operation 120 'urem' 'urem_ln27' <Predicate = true> <Delay = 5.27> <CoreInst = "Divider">   --->   Core 6 'Divider' <Latency = 67> <II = 1> <Delay = 5.27> <FuncUnit> <Opcode : 'udiv' 'sdiv' 'urem' 'srem'> <InPorts = 2> <OutPorts = 1>

State 39 <SV = 38> <Delay = 5.27>
ST_39 : Operation 121 [31/68] (5.27ns)   --->   "%urem_ln27 = urem i64 %i_1, i64 20" [fir.cpp:27]   --->   Operation 121 'urem' 'urem_ln27' <Predicate = true> <Delay = 5.27> <CoreInst = "Divider">   --->   Core 6 'Divider' <Latency = 67> <II = 1> <Delay = 5.27> <FuncUnit> <Opcode : 'udiv' 'sdiv' 'urem' 'srem'> <InPorts = 2> <OutPorts = 1>

State 40 <SV = 39> <Delay = 5.27>
ST_40 : Operation 122 [30/68] (5.27ns)   --->   "%urem_ln27 = urem i64 %i_1, i64 20" [fir.cpp:27]   --->   Operation 122 'urem' 'urem_ln27' <Predicate = true> <Delay = 5.27> <CoreInst = "Divider">   --->   Core 6 'Divider' <Latency = 67> <II = 1> <Delay = 5.27> <FuncUnit> <Opcode : 'udiv' 'sdiv' 'urem' 'srem'> <InPorts = 2> <OutPorts = 1>

State 41 <SV = 40> <Delay = 5.27>
ST_41 : Operation 123 [29/68] (5.27ns)   --->   "%urem_ln27 = urem i64 %i_1, i64 20" [fir.cpp:27]   --->   Operation 123 'urem' 'urem_ln27' <Predicate = true> <Delay = 5.27> <CoreInst = "Divider">   --->   Core 6 'Divider' <Latency = 67> <II = 1> <Delay = 5.27> <FuncUnit> <Opcode : 'udiv' 'sdiv' 'urem' 'srem'> <InPorts = 2> <OutPorts = 1>

State 42 <SV = 41> <Delay = 5.27>
ST_42 : Operation 124 [28/68] (5.27ns)   --->   "%urem_ln27 = urem i64 %i_1, i64 20" [fir.cpp:27]   --->   Operation 124 'urem' 'urem_ln27' <Predicate = true> <Delay = 5.27> <CoreInst = "Divider">   --->   Core 6 'Divider' <Latency = 67> <II = 1> <Delay = 5.27> <FuncUnit> <Opcode : 'udiv' 'sdiv' 'urem' 'srem'> <InPorts = 2> <OutPorts = 1>

State 43 <SV = 42> <Delay = 5.27>
ST_43 : Operation 125 [27/68] (5.27ns)   --->   "%urem_ln27 = urem i64 %i_1, i64 20" [fir.cpp:27]   --->   Operation 125 'urem' 'urem_ln27' <Predicate = true> <Delay = 5.27> <CoreInst = "Divider">   --->   Core 6 'Divider' <Latency = 67> <II = 1> <Delay = 5.27> <FuncUnit> <Opcode : 'udiv' 'sdiv' 'urem' 'srem'> <InPorts = 2> <OutPorts = 1>

State 44 <SV = 43> <Delay = 5.27>
ST_44 : Operation 126 [26/68] (5.27ns)   --->   "%urem_ln27 = urem i64 %i_1, i64 20" [fir.cpp:27]   --->   Operation 126 'urem' 'urem_ln27' <Predicate = true> <Delay = 5.27> <CoreInst = "Divider">   --->   Core 6 'Divider' <Latency = 67> <II = 1> <Delay = 5.27> <FuncUnit> <Opcode : 'udiv' 'sdiv' 'urem' 'srem'> <InPorts = 2> <OutPorts = 1>

State 45 <SV = 44> <Delay = 5.27>
ST_45 : Operation 127 [25/68] (5.27ns)   --->   "%urem_ln27 = urem i64 %i_1, i64 20" [fir.cpp:27]   --->   Operation 127 'urem' 'urem_ln27' <Predicate = true> <Delay = 5.27> <CoreInst = "Divider">   --->   Core 6 'Divider' <Latency = 67> <II = 1> <Delay = 5.27> <FuncUnit> <Opcode : 'udiv' 'sdiv' 'urem' 'srem'> <InPorts = 2> <OutPorts = 1>

State 46 <SV = 45> <Delay = 5.27>
ST_46 : Operation 128 [24/68] (5.27ns)   --->   "%urem_ln27 = urem i64 %i_1, i64 20" [fir.cpp:27]   --->   Operation 128 'urem' 'urem_ln27' <Predicate = true> <Delay = 5.27> <CoreInst = "Divider">   --->   Core 6 'Divider' <Latency = 67> <II = 1> <Delay = 5.27> <FuncUnit> <Opcode : 'udiv' 'sdiv' 'urem' 'srem'> <InPorts = 2> <OutPorts = 1>

State 47 <SV = 46> <Delay = 5.27>
ST_47 : Operation 129 [23/68] (5.27ns)   --->   "%urem_ln27 = urem i64 %i_1, i64 20" [fir.cpp:27]   --->   Operation 129 'urem' 'urem_ln27' <Predicate = true> <Delay = 5.27> <CoreInst = "Divider">   --->   Core 6 'Divider' <Latency = 67> <II = 1> <Delay = 5.27> <FuncUnit> <Opcode : 'udiv' 'sdiv' 'urem' 'srem'> <InPorts = 2> <OutPorts = 1>

State 48 <SV = 47> <Delay = 5.27>
ST_48 : Operation 130 [22/68] (5.27ns)   --->   "%urem_ln27 = urem i64 %i_1, i64 20" [fir.cpp:27]   --->   Operation 130 'urem' 'urem_ln27' <Predicate = true> <Delay = 5.27> <CoreInst = "Divider">   --->   Core 6 'Divider' <Latency = 67> <II = 1> <Delay = 5.27> <FuncUnit> <Opcode : 'udiv' 'sdiv' 'urem' 'srem'> <InPorts = 2> <OutPorts = 1>

State 49 <SV = 48> <Delay = 5.27>
ST_49 : Operation 131 [21/68] (5.27ns)   --->   "%urem_ln27 = urem i64 %i_1, i64 20" [fir.cpp:27]   --->   Operation 131 'urem' 'urem_ln27' <Predicate = true> <Delay = 5.27> <CoreInst = "Divider">   --->   Core 6 'Divider' <Latency = 67> <II = 1> <Delay = 5.27> <FuncUnit> <Opcode : 'udiv' 'sdiv' 'urem' 'srem'> <InPorts = 2> <OutPorts = 1>

State 50 <SV = 49> <Delay = 5.27>
ST_50 : Operation 132 [20/68] (5.27ns)   --->   "%urem_ln27 = urem i64 %i_1, i64 20" [fir.cpp:27]   --->   Operation 132 'urem' 'urem_ln27' <Predicate = true> <Delay = 5.27> <CoreInst = "Divider">   --->   Core 6 'Divider' <Latency = 67> <II = 1> <Delay = 5.27> <FuncUnit> <Opcode : 'udiv' 'sdiv' 'urem' 'srem'> <InPorts = 2> <OutPorts = 1>

State 51 <SV = 50> <Delay = 5.27>
ST_51 : Operation 133 [19/68] (5.27ns)   --->   "%urem_ln27 = urem i64 %i_1, i64 20" [fir.cpp:27]   --->   Operation 133 'urem' 'urem_ln27' <Predicate = true> <Delay = 5.27> <CoreInst = "Divider">   --->   Core 6 'Divider' <Latency = 67> <II = 1> <Delay = 5.27> <FuncUnit> <Opcode : 'udiv' 'sdiv' 'urem' 'srem'> <InPorts = 2> <OutPorts = 1>

State 52 <SV = 51> <Delay = 5.27>
ST_52 : Operation 134 [18/68] (5.27ns)   --->   "%urem_ln27 = urem i64 %i_1, i64 20" [fir.cpp:27]   --->   Operation 134 'urem' 'urem_ln27' <Predicate = true> <Delay = 5.27> <CoreInst = "Divider">   --->   Core 6 'Divider' <Latency = 67> <II = 1> <Delay = 5.27> <FuncUnit> <Opcode : 'udiv' 'sdiv' 'urem' 'srem'> <InPorts = 2> <OutPorts = 1>

State 53 <SV = 52> <Delay = 5.27>
ST_53 : Operation 135 [17/68] (5.27ns)   --->   "%urem_ln27 = urem i64 %i_1, i64 20" [fir.cpp:27]   --->   Operation 135 'urem' 'urem_ln27' <Predicate = true> <Delay = 5.27> <CoreInst = "Divider">   --->   Core 6 'Divider' <Latency = 67> <II = 1> <Delay = 5.27> <FuncUnit> <Opcode : 'udiv' 'sdiv' 'urem' 'srem'> <InPorts = 2> <OutPorts = 1>

State 54 <SV = 53> <Delay = 5.27>
ST_54 : Operation 136 [16/68] (5.27ns)   --->   "%urem_ln27 = urem i64 %i_1, i64 20" [fir.cpp:27]   --->   Operation 136 'urem' 'urem_ln27' <Predicate = true> <Delay = 5.27> <CoreInst = "Divider">   --->   Core 6 'Divider' <Latency = 67> <II = 1> <Delay = 5.27> <FuncUnit> <Opcode : 'udiv' 'sdiv' 'urem' 'srem'> <InPorts = 2> <OutPorts = 1>

State 55 <SV = 54> <Delay = 5.27>
ST_55 : Operation 137 [15/68] (5.27ns)   --->   "%urem_ln27 = urem i64 %i_1, i64 20" [fir.cpp:27]   --->   Operation 137 'urem' 'urem_ln27' <Predicate = true> <Delay = 5.27> <CoreInst = "Divider">   --->   Core 6 'Divider' <Latency = 67> <II = 1> <Delay = 5.27> <FuncUnit> <Opcode : 'udiv' 'sdiv' 'urem' 'srem'> <InPorts = 2> <OutPorts = 1>

State 56 <SV = 55> <Delay = 5.27>
ST_56 : Operation 138 [14/68] (5.27ns)   --->   "%urem_ln27 = urem i64 %i_1, i64 20" [fir.cpp:27]   --->   Operation 138 'urem' 'urem_ln27' <Predicate = true> <Delay = 5.27> <CoreInst = "Divider">   --->   Core 6 'Divider' <Latency = 67> <II = 1> <Delay = 5.27> <FuncUnit> <Opcode : 'udiv' 'sdiv' 'urem' 'srem'> <InPorts = 2> <OutPorts = 1>

State 57 <SV = 56> <Delay = 5.27>
ST_57 : Operation 139 [13/68] (5.27ns)   --->   "%urem_ln27 = urem i64 %i_1, i64 20" [fir.cpp:27]   --->   Operation 139 'urem' 'urem_ln27' <Predicate = true> <Delay = 5.27> <CoreInst = "Divider">   --->   Core 6 'Divider' <Latency = 67> <II = 1> <Delay = 5.27> <FuncUnit> <Opcode : 'udiv' 'sdiv' 'urem' 'srem'> <InPorts = 2> <OutPorts = 1>

State 58 <SV = 57> <Delay = 5.27>
ST_58 : Operation 140 [12/68] (5.27ns)   --->   "%urem_ln27 = urem i64 %i_1, i64 20" [fir.cpp:27]   --->   Operation 140 'urem' 'urem_ln27' <Predicate = true> <Delay = 5.27> <CoreInst = "Divider">   --->   Core 6 'Divider' <Latency = 67> <II = 1> <Delay = 5.27> <FuncUnit> <Opcode : 'udiv' 'sdiv' 'urem' 'srem'> <InPorts = 2> <OutPorts = 1>

State 59 <SV = 58> <Delay = 5.27>
ST_59 : Operation 141 [11/68] (5.27ns)   --->   "%urem_ln27 = urem i64 %i_1, i64 20" [fir.cpp:27]   --->   Operation 141 'urem' 'urem_ln27' <Predicate = true> <Delay = 5.27> <CoreInst = "Divider">   --->   Core 6 'Divider' <Latency = 67> <II = 1> <Delay = 5.27> <FuncUnit> <Opcode : 'udiv' 'sdiv' 'urem' 'srem'> <InPorts = 2> <OutPorts = 1>

State 60 <SV = 59> <Delay = 5.27>
ST_60 : Operation 142 [10/68] (5.27ns)   --->   "%urem_ln27 = urem i64 %i_1, i64 20" [fir.cpp:27]   --->   Operation 142 'urem' 'urem_ln27' <Predicate = true> <Delay = 5.27> <CoreInst = "Divider">   --->   Core 6 'Divider' <Latency = 67> <II = 1> <Delay = 5.27> <FuncUnit> <Opcode : 'udiv' 'sdiv' 'urem' 'srem'> <InPorts = 2> <OutPorts = 1>

State 61 <SV = 60> <Delay = 5.27>
ST_61 : Operation 143 [9/68] (5.27ns)   --->   "%urem_ln27 = urem i64 %i_1, i64 20" [fir.cpp:27]   --->   Operation 143 'urem' 'urem_ln27' <Predicate = true> <Delay = 5.27> <CoreInst = "Divider">   --->   Core 6 'Divider' <Latency = 67> <II = 1> <Delay = 5.27> <FuncUnit> <Opcode : 'udiv' 'sdiv' 'urem' 'srem'> <InPorts = 2> <OutPorts = 1>

State 62 <SV = 61> <Delay = 5.27>
ST_62 : Operation 144 [8/68] (5.27ns)   --->   "%urem_ln27 = urem i64 %i_1, i64 20" [fir.cpp:27]   --->   Operation 144 'urem' 'urem_ln27' <Predicate = true> <Delay = 5.27> <CoreInst = "Divider">   --->   Core 6 'Divider' <Latency = 67> <II = 1> <Delay = 5.27> <FuncUnit> <Opcode : 'udiv' 'sdiv' 'urem' 'srem'> <InPorts = 2> <OutPorts = 1>

State 63 <SV = 62> <Delay = 5.27>
ST_63 : Operation 145 [7/68] (5.27ns)   --->   "%urem_ln27 = urem i64 %i_1, i64 20" [fir.cpp:27]   --->   Operation 145 'urem' 'urem_ln27' <Predicate = true> <Delay = 5.27> <CoreInst = "Divider">   --->   Core 6 'Divider' <Latency = 67> <II = 1> <Delay = 5.27> <FuncUnit> <Opcode : 'udiv' 'sdiv' 'urem' 'srem'> <InPorts = 2> <OutPorts = 1>
ST_63 : Operation 146 [1/1] (3.52ns)   --->   "%add_ln33_7 = add i64 %i_1, i64 18446744073709551608" [fir.cpp:33]   --->   Operation 146 'add' 'add_ln33_7' <Predicate = (icmp_ln31)> <Delay = 3.52> <CoreInst = "Adder">   --->   Core 1 'Adder' <Latency = 0> <II = 1> <Delay = 3.52> <FuncUnit> <Opcode : 'add' 'sub'> <InPorts = 2> <OutPorts = 1>
ST_63 : Operation 147 [1/1] (3.52ns)   --->   "%add_ln33_8 = add i64 %i_1, i64 18446744073709551607" [fir.cpp:33]   --->   Operation 147 'add' 'add_ln33_8' <Predicate = (icmp_ln31)> <Delay = 3.52> <CoreInst = "Adder">   --->   Core 1 'Adder' <Latency = 0> <II = 1> <Delay = 3.52> <FuncUnit> <Opcode : 'add' 'sub'> <InPorts = 2> <OutPorts = 1>

State 64 <SV = 63> <Delay = 6.97>
ST_64 : Operation 148 [6/68] (5.27ns)   --->   "%urem_ln27 = urem i64 %i_1, i64 20" [fir.cpp:27]   --->   Operation 148 'urem' 'urem_ln27' <Predicate = true> <Delay = 5.27> <CoreInst = "Divider">   --->   Core 6 'Divider' <Latency = 67> <II = 1> <Delay = 5.27> <FuncUnit> <Opcode : 'udiv' 'sdiv' 'urem' 'srem'> <InPorts = 2> <OutPorts = 1>
ST_64 : Operation 149 [1/1] (3.52ns)   --->   "%add_ln33 = add i64 %i_1, i64 18446744073709551615" [fir.cpp:33]   --->   Operation 149 'add' 'add_ln33' <Predicate = true> <Delay = 3.52> <CoreInst = "Adder">   --->   Core 1 'Adder' <Latency = 0> <II = 1> <Delay = 3.52> <FuncUnit> <Opcode : 'add' 'sub'> <InPorts = 2> <OutPorts = 1>
ST_64 : Operation 150 [1/1] (3.52ns)   --->   "%add_ln33_1 = add i64 %i_1, i64 18446744073709551614" [fir.cpp:33]   --->   Operation 150 'add' 'add_ln33_1' <Predicate = true> <Delay = 3.52> <CoreInst = "Adder">   --->   Core 1 'Adder' <Latency = 0> <II = 1> <Delay = 3.52> <FuncUnit> <Opcode : 'add' 'sub'> <InPorts = 2> <OutPorts = 1>
ST_64 : Operation 151 [1/1] (3.52ns)   --->   "%add_ln33_2 = add i64 %i_1, i64 18446744073709551613" [fir.cpp:33]   --->   Operation 151 'add' 'add_ln33_2' <Predicate = true> <Delay = 3.52> <CoreInst = "Adder">   --->   Core 1 'Adder' <Latency = 0> <II = 1> <Delay = 3.52> <FuncUnit> <Opcode : 'add' 'sub'> <InPorts = 2> <OutPorts = 1>
ST_64 : Operation 152 [1/1] (3.52ns)   --->   "%add_ln33_3 = add i64 %i_1, i64 18446744073709551612" [fir.cpp:33]   --->   Operation 152 'add' 'add_ln33_3' <Predicate = true> <Delay = 3.52> <CoreInst = "Adder">   --->   Core 1 'Adder' <Latency = 0> <II = 1> <Delay = 3.52> <FuncUnit> <Opcode : 'add' 'sub'> <InPorts = 2> <OutPorts = 1>
ST_64 : Operation 153 [1/1] (3.52ns)   --->   "%add_ln33_4 = add i64 %i_1, i64 18446744073709551611" [fir.cpp:33]   --->   Operation 153 'add' 'add_ln33_4' <Predicate = true> <Delay = 3.52> <CoreInst = "Adder">   --->   Core 1 'Adder' <Latency = 0> <II = 1> <Delay = 3.52> <FuncUnit> <Opcode : 'add' 'sub'> <InPorts = 2> <OutPorts = 1>
ST_64 : Operation 154 [1/1] (3.52ns)   --->   "%add_ln33_5 = add i64 %i_1, i64 18446744073709551610" [fir.cpp:33]   --->   Operation 154 'add' 'add_ln33_5' <Predicate = true> <Delay = 3.52> <CoreInst = "Adder">   --->   Core 1 'Adder' <Latency = 0> <II = 1> <Delay = 3.52> <FuncUnit> <Opcode : 'add' 'sub'> <InPorts = 2> <OutPorts = 1>
ST_64 : Operation 155 [1/1] (0.00ns)   --->   "%zext_ln33_12 = zext i64 %add_ln33_6" [fir.cpp:33]   --->   Operation 155 'zext' 'zext_ln33_12' <Predicate = true> <Delay = 0.00>
ST_64 : Operation 156 [5/5] (6.97ns)   --->   "%mul_ln33_6 = mul i129 %zext_ln33_12, i129 29514790517935282586" [fir.cpp:33]   --->   Operation 156 'mul' 'mul_ln33_6' <Predicate = true> <Delay = 6.97> <CoreInst = "Multiplier">   --->   Core 3 'Multiplier' <Latency = 4> <II = 1> <Delay = 6.97> <FuncUnit> <Opcode : 'mul'> <InPorts = 2> <OutPorts = 1>
ST_64 : Operation 157 [1/1] (0.00ns)   --->   "%zext_ln33_14 = zext i64 %add_ln33_7" [fir.cpp:33]   --->   Operation 157 'zext' 'zext_ln33_14' <Predicate = (icmp_ln31)> <Delay = 0.00>
ST_64 : Operation 158 [5/5] (6.97ns)   --->   "%mul_ln33_7 = mul i129 %zext_ln33_14, i129 29514790517935282586" [fir.cpp:33]   --->   Operation 158 'mul' 'mul_ln33_7' <Predicate = (icmp_ln31)> <Delay = 6.97> <CoreInst = "Multiplier">   --->   Core 3 'Multiplier' <Latency = 4> <II = 1> <Delay = 6.97> <FuncUnit> <Opcode : 'mul'> <InPorts = 2> <OutPorts = 1>
ST_64 : Operation 159 [1/1] (0.00ns)   --->   "%zext_ln33_16 = zext i64 %add_ln33_8" [fir.cpp:33]   --->   Operation 159 'zext' 'zext_ln33_16' <Predicate = (icmp_ln31)> <Delay = 0.00>
ST_64 : Operation 160 [5/5] (6.97ns)   --->   "%mul_ln33_8 = mul i129 %zext_ln33_16, i129 29514790517935282586" [fir.cpp:33]   --->   Operation 160 'mul' 'mul_ln33_8' <Predicate = (icmp_ln31)> <Delay = 6.97> <CoreInst = "Multiplier">   --->   Core 3 'Multiplier' <Latency = 4> <II = 1> <Delay = 6.97> <FuncUnit> <Opcode : 'mul'> <InPorts = 2> <OutPorts = 1>
ST_64 : Operation 161 [1/1] (0.00ns)   --->   "%zext_ln33_18 = zext i64 %add_ln33_9" [fir.cpp:33]   --->   Operation 161 'zext' 'zext_ln33_18' <Predicate = (icmp_ln31)> <Delay = 0.00>
ST_64 : Operation 162 [5/5] (6.97ns)   --->   "%mul_ln33_9 = mul i129 %zext_ln33_18, i129 29514790517935282586" [fir.cpp:33]   --->   Operation 162 'mul' 'mul_ln33_9' <Predicate = (icmp_ln31)> <Delay = 6.97> <CoreInst = "Multiplier">   --->   Core 3 'Multiplier' <Latency = 4> <II = 1> <Delay = 6.97> <FuncUnit> <Opcode : 'mul'> <InPorts = 2> <OutPorts = 1>

State 65 <SV = 64> <Delay = 6.97>
ST_65 : Operation 163 [5/68] (5.27ns)   --->   "%urem_ln27 = urem i64 %i_1, i64 20" [fir.cpp:27]   --->   Operation 163 'urem' 'urem_ln27' <Predicate = true> <Delay = 5.27> <CoreInst = "Divider">   --->   Core 6 'Divider' <Latency = 67> <II = 1> <Delay = 5.27> <FuncUnit> <Opcode : 'udiv' 'sdiv' 'urem' 'srem'> <InPorts = 2> <OutPorts = 1>
ST_65 : Operation 164 [1/1] (0.00ns)   --->   "%zext_ln33 = zext i64 %add_ln33" [fir.cpp:33]   --->   Operation 164 'zext' 'zext_ln33' <Predicate = true> <Delay = 0.00>
ST_65 : Operation 165 [5/5] (6.97ns)   --->   "%mul_ln33 = mul i129 %zext_ln33, i129 29514790517935282586" [fir.cpp:33]   --->   Operation 165 'mul' 'mul_ln33' <Predicate = true> <Delay = 6.97> <CoreInst = "Multiplier">   --->   Core 3 'Multiplier' <Latency = 4> <II = 1> <Delay = 6.97> <FuncUnit> <Opcode : 'mul'> <InPorts = 2> <OutPorts = 1>
ST_65 : Operation 166 [1/1] (0.00ns)   --->   "%zext_ln33_2 = zext i64 %add_ln33_1" [fir.cpp:33]   --->   Operation 166 'zext' 'zext_ln33_2' <Predicate = true> <Delay = 0.00>
ST_65 : Operation 167 [5/5] (6.97ns)   --->   "%mul_ln33_1 = mul i129 %zext_ln33_2, i129 29514790517935282586" [fir.cpp:33]   --->   Operation 167 'mul' 'mul_ln33_1' <Predicate = true> <Delay = 6.97> <CoreInst = "Multiplier">   --->   Core 3 'Multiplier' <Latency = 4> <II = 1> <Delay = 6.97> <FuncUnit> <Opcode : 'mul'> <InPorts = 2> <OutPorts = 1>
ST_65 : Operation 168 [1/1] (0.00ns)   --->   "%zext_ln33_4 = zext i64 %add_ln33_2" [fir.cpp:33]   --->   Operation 168 'zext' 'zext_ln33_4' <Predicate = true> <Delay = 0.00>
ST_65 : Operation 169 [5/5] (6.97ns)   --->   "%mul_ln33_2 = mul i129 %zext_ln33_4, i129 29514790517935282586" [fir.cpp:33]   --->   Operation 169 'mul' 'mul_ln33_2' <Predicate = true> <Delay = 6.97> <CoreInst = "Multiplier">   --->   Core 3 'Multiplier' <Latency = 4> <II = 1> <Delay = 6.97> <FuncUnit> <Opcode : 'mul'> <InPorts = 2> <OutPorts = 1>
ST_65 : Operation 170 [1/1] (0.00ns)   --->   "%zext_ln33_6 = zext i64 %add_ln33_3" [fir.cpp:33]   --->   Operation 170 'zext' 'zext_ln33_6' <Predicate = true> <Delay = 0.00>
ST_65 : Operation 171 [5/5] (6.97ns)   --->   "%mul_ln33_3 = mul i129 %zext_ln33_6, i129 29514790517935282586" [fir.cpp:33]   --->   Operation 171 'mul' 'mul_ln33_3' <Predicate = true> <Delay = 6.97> <CoreInst = "Multiplier">   --->   Core 3 'Multiplier' <Latency = 4> <II = 1> <Delay = 6.97> <FuncUnit> <Opcode : 'mul'> <InPorts = 2> <OutPorts = 1>
ST_65 : Operation 172 [1/1] (0.00ns)   --->   "%zext_ln33_8 = zext i64 %add_ln33_4" [fir.cpp:33]   --->   Operation 172 'zext' 'zext_ln33_8' <Predicate = true> <Delay = 0.00>
ST_65 : Operation 173 [5/5] (6.97ns)   --->   "%mul_ln33_4 = mul i129 %zext_ln33_8, i129 29514790517935282586" [fir.cpp:33]   --->   Operation 173 'mul' 'mul_ln33_4' <Predicate = true> <Delay = 6.97> <CoreInst = "Multiplier">   --->   Core 3 'Multiplier' <Latency = 4> <II = 1> <Delay = 6.97> <FuncUnit> <Opcode : 'mul'> <InPorts = 2> <OutPorts = 1>
ST_65 : Operation 174 [1/1] (0.00ns)   --->   "%zext_ln33_10 = zext i64 %add_ln33_5" [fir.cpp:33]   --->   Operation 174 'zext' 'zext_ln33_10' <Predicate = true> <Delay = 0.00>
ST_65 : Operation 175 [5/5] (6.97ns)   --->   "%mul_ln33_5 = mul i129 %zext_ln33_10, i129 29514790517935282586" [fir.cpp:33]   --->   Operation 175 'mul' 'mul_ln33_5' <Predicate = true> <Delay = 6.97> <CoreInst = "Multiplier">   --->   Core 3 'Multiplier' <Latency = 4> <II = 1> <Delay = 6.97> <FuncUnit> <Opcode : 'mul'> <InPorts = 2> <OutPorts = 1>
ST_65 : Operation 176 [4/5] (6.97ns)   --->   "%mul_ln33_6 = mul i129 %zext_ln33_12, i129 29514790517935282586" [fir.cpp:33]   --->   Operation 176 'mul' 'mul_ln33_6' <Predicate = true> <Delay = 6.97> <CoreInst = "Multiplier">   --->   Core 3 'Multiplier' <Latency = 4> <II = 1> <Delay = 6.97> <FuncUnit> <Opcode : 'mul'> <InPorts = 2> <OutPorts = 1>
ST_65 : Operation 177 [4/5] (6.97ns)   --->   "%mul_ln33_7 = mul i129 %zext_ln33_14, i129 29514790517935282586" [fir.cpp:33]   --->   Operation 177 'mul' 'mul_ln33_7' <Predicate = (icmp_ln31)> <Delay = 6.97> <CoreInst = "Multiplier">   --->   Core 3 'Multiplier' <Latency = 4> <II = 1> <Delay = 6.97> <FuncUnit> <Opcode : 'mul'> <InPorts = 2> <OutPorts = 1>
ST_65 : Operation 178 [4/5] (6.97ns)   --->   "%mul_ln33_8 = mul i129 %zext_ln33_16, i129 29514790517935282586" [fir.cpp:33]   --->   Operation 178 'mul' 'mul_ln33_8' <Predicate = (icmp_ln31)> <Delay = 6.97> <CoreInst = "Multiplier">   --->   Core 3 'Multiplier' <Latency = 4> <II = 1> <Delay = 6.97> <FuncUnit> <Opcode : 'mul'> <InPorts = 2> <OutPorts = 1>
ST_65 : Operation 179 [4/5] (6.97ns)   --->   "%mul_ln33_9 = mul i129 %zext_ln33_18, i129 29514790517935282586" [fir.cpp:33]   --->   Operation 179 'mul' 'mul_ln33_9' <Predicate = (icmp_ln31)> <Delay = 6.97> <CoreInst = "Multiplier">   --->   Core 3 'Multiplier' <Latency = 4> <II = 1> <Delay = 6.97> <FuncUnit> <Opcode : 'mul'> <InPorts = 2> <OutPorts = 1>

State 66 <SV = 65> <Delay = 6.97>
ST_66 : Operation 180 [1/1] (0.00ns)   --->   "%zext_ln27 = zext i64 %i_1" [fir.cpp:27]   --->   Operation 180 'zext' 'zext_ln27' <Predicate = true> <Delay = 0.00>
ST_66 : Operation 181 [5/5] (6.97ns)   --->   "%mul_ln27 = mul i129 %zext_ln27, i129 29514790517935282586" [fir.cpp:27]   --->   Operation 181 'mul' 'mul_ln27' <Predicate = true> <Delay = 6.97> <CoreInst = "Multiplier">   --->   Core 3 'Multiplier' <Latency = 4> <II = 1> <Delay = 6.97> <FuncUnit> <Opcode : 'mul'> <InPorts = 2> <OutPorts = 1>
ST_66 : Operation 182 [4/68] (5.27ns)   --->   "%urem_ln27 = urem i64 %i_1, i64 20" [fir.cpp:27]   --->   Operation 182 'urem' 'urem_ln27' <Predicate = true> <Delay = 5.27> <CoreInst = "Divider">   --->   Core 6 'Divider' <Latency = 67> <II = 1> <Delay = 5.27> <FuncUnit> <Opcode : 'udiv' 'sdiv' 'urem' 'srem'> <InPorts = 2> <OutPorts = 1>
ST_66 : Operation 183 [4/5] (6.97ns)   --->   "%mul_ln33 = mul i129 %zext_ln33, i129 29514790517935282586" [fir.cpp:33]   --->   Operation 183 'mul' 'mul_ln33' <Predicate = true> <Delay = 6.97> <CoreInst = "Multiplier">   --->   Core 3 'Multiplier' <Latency = 4> <II = 1> <Delay = 6.97> <FuncUnit> <Opcode : 'mul'> <InPorts = 2> <OutPorts = 1>
ST_66 : Operation 184 [4/5] (6.97ns)   --->   "%mul_ln33_1 = mul i129 %zext_ln33_2, i129 29514790517935282586" [fir.cpp:33]   --->   Operation 184 'mul' 'mul_ln33_1' <Predicate = true> <Delay = 6.97> <CoreInst = "Multiplier">   --->   Core 3 'Multiplier' <Latency = 4> <II = 1> <Delay = 6.97> <FuncUnit> <Opcode : 'mul'> <InPorts = 2> <OutPorts = 1>
ST_66 : Operation 185 [4/5] (6.97ns)   --->   "%mul_ln33_2 = mul i129 %zext_ln33_4, i129 29514790517935282586" [fir.cpp:33]   --->   Operation 185 'mul' 'mul_ln33_2' <Predicate = true> <Delay = 6.97> <CoreInst = "Multiplier">   --->   Core 3 'Multiplier' <Latency = 4> <II = 1> <Delay = 6.97> <FuncUnit> <Opcode : 'mul'> <InPorts = 2> <OutPorts = 1>
ST_66 : Operation 186 [4/5] (6.97ns)   --->   "%mul_ln33_3 = mul i129 %zext_ln33_6, i129 29514790517935282586" [fir.cpp:33]   --->   Operation 186 'mul' 'mul_ln33_3' <Predicate = true> <Delay = 6.97> <CoreInst = "Multiplier">   --->   Core 3 'Multiplier' <Latency = 4> <II = 1> <Delay = 6.97> <FuncUnit> <Opcode : 'mul'> <InPorts = 2> <OutPorts = 1>
ST_66 : Operation 187 [4/5] (6.97ns)   --->   "%mul_ln33_4 = mul i129 %zext_ln33_8, i129 29514790517935282586" [fir.cpp:33]   --->   Operation 187 'mul' 'mul_ln33_4' <Predicate = true> <Delay = 6.97> <CoreInst = "Multiplier">   --->   Core 3 'Multiplier' <Latency = 4> <II = 1> <Delay = 6.97> <FuncUnit> <Opcode : 'mul'> <InPorts = 2> <OutPorts = 1>
ST_66 : Operation 188 [4/5] (6.97ns)   --->   "%mul_ln33_5 = mul i129 %zext_ln33_10, i129 29514790517935282586" [fir.cpp:33]   --->   Operation 188 'mul' 'mul_ln33_5' <Predicate = true> <Delay = 6.97> <CoreInst = "Multiplier">   --->   Core 3 'Multiplier' <Latency = 4> <II = 1> <Delay = 6.97> <FuncUnit> <Opcode : 'mul'> <InPorts = 2> <OutPorts = 1>
ST_66 : Operation 189 [3/5] (6.97ns)   --->   "%mul_ln33_6 = mul i129 %zext_ln33_12, i129 29514790517935282586" [fir.cpp:33]   --->   Operation 189 'mul' 'mul_ln33_6' <Predicate = true> <Delay = 6.97> <CoreInst = "Multiplier">   --->   Core 3 'Multiplier' <Latency = 4> <II = 1> <Delay = 6.97> <FuncUnit> <Opcode : 'mul'> <InPorts = 2> <OutPorts = 1>
ST_66 : Operation 190 [3/5] (6.97ns)   --->   "%mul_ln33_7 = mul i129 %zext_ln33_14, i129 29514790517935282586" [fir.cpp:33]   --->   Operation 190 'mul' 'mul_ln33_7' <Predicate = (icmp_ln31)> <Delay = 6.97> <CoreInst = "Multiplier">   --->   Core 3 'Multiplier' <Latency = 4> <II = 1> <Delay = 6.97> <FuncUnit> <Opcode : 'mul'> <InPorts = 2> <OutPorts = 1>
ST_66 : Operation 191 [3/5] (6.97ns)   --->   "%mul_ln33_8 = mul i129 %zext_ln33_16, i129 29514790517935282586" [fir.cpp:33]   --->   Operation 191 'mul' 'mul_ln33_8' <Predicate = (icmp_ln31)> <Delay = 6.97> <CoreInst = "Multiplier">   --->   Core 3 'Multiplier' <Latency = 4> <II = 1> <Delay = 6.97> <FuncUnit> <Opcode : 'mul'> <InPorts = 2> <OutPorts = 1>
ST_66 : Operation 192 [3/5] (6.97ns)   --->   "%mul_ln33_9 = mul i129 %zext_ln33_18, i129 29514790517935282586" [fir.cpp:33]   --->   Operation 192 'mul' 'mul_ln33_9' <Predicate = (icmp_ln31)> <Delay = 6.97> <CoreInst = "Multiplier">   --->   Core 3 'Multiplier' <Latency = 4> <II = 1> <Delay = 6.97> <FuncUnit> <Opcode : 'mul'> <InPorts = 2> <OutPorts = 1>

State 67 <SV = 66> <Delay = 6.97>
ST_67 : Operation 193 [4/5] (6.97ns)   --->   "%mul_ln27 = mul i129 %zext_ln27, i129 29514790517935282586" [fir.cpp:27]   --->   Operation 193 'mul' 'mul_ln27' <Predicate = true> <Delay = 6.97> <CoreInst = "Multiplier">   --->   Core 3 'Multiplier' <Latency = 4> <II = 1> <Delay = 6.97> <FuncUnit> <Opcode : 'mul'> <InPorts = 2> <OutPorts = 1>
ST_67 : Operation 194 [3/68] (5.27ns)   --->   "%urem_ln27 = urem i64 %i_1, i64 20" [fir.cpp:27]   --->   Operation 194 'urem' 'urem_ln27' <Predicate = true> <Delay = 5.27> <CoreInst = "Divider">   --->   Core 6 'Divider' <Latency = 67> <II = 1> <Delay = 5.27> <FuncUnit> <Opcode : 'udiv' 'sdiv' 'urem' 'srem'> <InPorts = 2> <OutPorts = 1>
ST_67 : Operation 195 [3/5] (6.97ns)   --->   "%mul_ln33 = mul i129 %zext_ln33, i129 29514790517935282586" [fir.cpp:33]   --->   Operation 195 'mul' 'mul_ln33' <Predicate = true> <Delay = 6.97> <CoreInst = "Multiplier">   --->   Core 3 'Multiplier' <Latency = 4> <II = 1> <Delay = 6.97> <FuncUnit> <Opcode : 'mul'> <InPorts = 2> <OutPorts = 1>
ST_67 : Operation 196 [3/5] (6.97ns)   --->   "%mul_ln33_1 = mul i129 %zext_ln33_2, i129 29514790517935282586" [fir.cpp:33]   --->   Operation 196 'mul' 'mul_ln33_1' <Predicate = true> <Delay = 6.97> <CoreInst = "Multiplier">   --->   Core 3 'Multiplier' <Latency = 4> <II = 1> <Delay = 6.97> <FuncUnit> <Opcode : 'mul'> <InPorts = 2> <OutPorts = 1>
ST_67 : Operation 197 [3/5] (6.97ns)   --->   "%mul_ln33_2 = mul i129 %zext_ln33_4, i129 29514790517935282586" [fir.cpp:33]   --->   Operation 197 'mul' 'mul_ln33_2' <Predicate = true> <Delay = 6.97> <CoreInst = "Multiplier">   --->   Core 3 'Multiplier' <Latency = 4> <II = 1> <Delay = 6.97> <FuncUnit> <Opcode : 'mul'> <InPorts = 2> <OutPorts = 1>
ST_67 : Operation 198 [3/5] (6.97ns)   --->   "%mul_ln33_3 = mul i129 %zext_ln33_6, i129 29514790517935282586" [fir.cpp:33]   --->   Operation 198 'mul' 'mul_ln33_3' <Predicate = true> <Delay = 6.97> <CoreInst = "Multiplier">   --->   Core 3 'Multiplier' <Latency = 4> <II = 1> <Delay = 6.97> <FuncUnit> <Opcode : 'mul'> <InPorts = 2> <OutPorts = 1>
ST_67 : Operation 199 [3/5] (6.97ns)   --->   "%mul_ln33_4 = mul i129 %zext_ln33_8, i129 29514790517935282586" [fir.cpp:33]   --->   Operation 199 'mul' 'mul_ln33_4' <Predicate = true> <Delay = 6.97> <CoreInst = "Multiplier">   --->   Core 3 'Multiplier' <Latency = 4> <II = 1> <Delay = 6.97> <FuncUnit> <Opcode : 'mul'> <InPorts = 2> <OutPorts = 1>
ST_67 : Operation 200 [3/5] (6.97ns)   --->   "%mul_ln33_5 = mul i129 %zext_ln33_10, i129 29514790517935282586" [fir.cpp:33]   --->   Operation 200 'mul' 'mul_ln33_5' <Predicate = true> <Delay = 6.97> <CoreInst = "Multiplier">   --->   Core 3 'Multiplier' <Latency = 4> <II = 1> <Delay = 6.97> <FuncUnit> <Opcode : 'mul'> <InPorts = 2> <OutPorts = 1>
ST_67 : Operation 201 [2/5] (6.97ns)   --->   "%mul_ln33_6 = mul i129 %zext_ln33_12, i129 29514790517935282586" [fir.cpp:33]   --->   Operation 201 'mul' 'mul_ln33_6' <Predicate = true> <Delay = 6.97> <CoreInst = "Multiplier">   --->   Core 3 'Multiplier' <Latency = 4> <II = 1> <Delay = 6.97> <FuncUnit> <Opcode : 'mul'> <InPorts = 2> <OutPorts = 1>
ST_67 : Operation 202 [2/5] (6.97ns)   --->   "%mul_ln33_7 = mul i129 %zext_ln33_14, i129 29514790517935282586" [fir.cpp:33]   --->   Operation 202 'mul' 'mul_ln33_7' <Predicate = (icmp_ln31)> <Delay = 6.97> <CoreInst = "Multiplier">   --->   Core 3 'Multiplier' <Latency = 4> <II = 1> <Delay = 6.97> <FuncUnit> <Opcode : 'mul'> <InPorts = 2> <OutPorts = 1>
ST_67 : Operation 203 [2/5] (6.97ns)   --->   "%mul_ln33_8 = mul i129 %zext_ln33_16, i129 29514790517935282586" [fir.cpp:33]   --->   Operation 203 'mul' 'mul_ln33_8' <Predicate = (icmp_ln31)> <Delay = 6.97> <CoreInst = "Multiplier">   --->   Core 3 'Multiplier' <Latency = 4> <II = 1> <Delay = 6.97> <FuncUnit> <Opcode : 'mul'> <InPorts = 2> <OutPorts = 1>
ST_67 : Operation 204 [2/5] (6.97ns)   --->   "%mul_ln33_9 = mul i129 %zext_ln33_18, i129 29514790517935282586" [fir.cpp:33]   --->   Operation 204 'mul' 'mul_ln33_9' <Predicate = (icmp_ln31)> <Delay = 6.97> <CoreInst = "Multiplier">   --->   Core 3 'Multiplier' <Latency = 4> <II = 1> <Delay = 6.97> <FuncUnit> <Opcode : 'mul'> <InPorts = 2> <OutPorts = 1>

State 68 <SV = 67> <Delay = 6.97>
ST_68 : Operation 205 [3/5] (6.97ns)   --->   "%mul_ln27 = mul i129 %zext_ln27, i129 29514790517935282586" [fir.cpp:27]   --->   Operation 205 'mul' 'mul_ln27' <Predicate = true> <Delay = 6.97> <CoreInst = "Multiplier">   --->   Core 3 'Multiplier' <Latency = 4> <II = 1> <Delay = 6.97> <FuncUnit> <Opcode : 'mul'> <InPorts = 2> <OutPorts = 1>
ST_68 : Operation 206 [2/68] (5.27ns)   --->   "%urem_ln27 = urem i64 %i_1, i64 20" [fir.cpp:27]   --->   Operation 206 'urem' 'urem_ln27' <Predicate = true> <Delay = 5.27> <CoreInst = "Divider">   --->   Core 6 'Divider' <Latency = 67> <II = 1> <Delay = 5.27> <FuncUnit> <Opcode : 'udiv' 'sdiv' 'urem' 'srem'> <InPorts = 2> <OutPorts = 1>
ST_68 : Operation 207 [2/5] (6.97ns)   --->   "%mul_ln33 = mul i129 %zext_ln33, i129 29514790517935282586" [fir.cpp:33]   --->   Operation 207 'mul' 'mul_ln33' <Predicate = true> <Delay = 6.97> <CoreInst = "Multiplier">   --->   Core 3 'Multiplier' <Latency = 4> <II = 1> <Delay = 6.97> <FuncUnit> <Opcode : 'mul'> <InPorts = 2> <OutPorts = 1>
ST_68 : Operation 208 [2/5] (6.97ns)   --->   "%mul_ln33_1 = mul i129 %zext_ln33_2, i129 29514790517935282586" [fir.cpp:33]   --->   Operation 208 'mul' 'mul_ln33_1' <Predicate = true> <Delay = 6.97> <CoreInst = "Multiplier">   --->   Core 3 'Multiplier' <Latency = 4> <II = 1> <Delay = 6.97> <FuncUnit> <Opcode : 'mul'> <InPorts = 2> <OutPorts = 1>
ST_68 : Operation 209 [2/5] (6.97ns)   --->   "%mul_ln33_2 = mul i129 %zext_ln33_4, i129 29514790517935282586" [fir.cpp:33]   --->   Operation 209 'mul' 'mul_ln33_2' <Predicate = true> <Delay = 6.97> <CoreInst = "Multiplier">   --->   Core 3 'Multiplier' <Latency = 4> <II = 1> <Delay = 6.97> <FuncUnit> <Opcode : 'mul'> <InPorts = 2> <OutPorts = 1>
ST_68 : Operation 210 [2/5] (6.97ns)   --->   "%mul_ln33_3 = mul i129 %zext_ln33_6, i129 29514790517935282586" [fir.cpp:33]   --->   Operation 210 'mul' 'mul_ln33_3' <Predicate = true> <Delay = 6.97> <CoreInst = "Multiplier">   --->   Core 3 'Multiplier' <Latency = 4> <II = 1> <Delay = 6.97> <FuncUnit> <Opcode : 'mul'> <InPorts = 2> <OutPorts = 1>
ST_68 : Operation 211 [2/5] (6.97ns)   --->   "%mul_ln33_4 = mul i129 %zext_ln33_8, i129 29514790517935282586" [fir.cpp:33]   --->   Operation 211 'mul' 'mul_ln33_4' <Predicate = true> <Delay = 6.97> <CoreInst = "Multiplier">   --->   Core 3 'Multiplier' <Latency = 4> <II = 1> <Delay = 6.97> <FuncUnit> <Opcode : 'mul'> <InPorts = 2> <OutPorts = 1>
ST_68 : Operation 212 [2/5] (6.97ns)   --->   "%mul_ln33_5 = mul i129 %zext_ln33_10, i129 29514790517935282586" [fir.cpp:33]   --->   Operation 212 'mul' 'mul_ln33_5' <Predicate = true> <Delay = 6.97> <CoreInst = "Multiplier">   --->   Core 3 'Multiplier' <Latency = 4> <II = 1> <Delay = 6.97> <FuncUnit> <Opcode : 'mul'> <InPorts = 2> <OutPorts = 1>
ST_68 : Operation 213 [1/5] (6.97ns)   --->   "%mul_ln33_6 = mul i129 %zext_ln33_12, i129 29514790517935282586" [fir.cpp:33]   --->   Operation 213 'mul' 'mul_ln33_6' <Predicate = true> <Delay = 6.97> <CoreInst = "Multiplier">   --->   Core 3 'Multiplier' <Latency = 4> <II = 1> <Delay = 6.97> <FuncUnit> <Opcode : 'mul'> <InPorts = 2> <OutPorts = 1>
ST_68 : Operation 214 [1/1] (0.00ns)   --->   "%tmp_17 = partselect i60 @_ssdm_op_PartSelect.i60.i129.i32.i32, i129 %mul_ln33_6, i32 69, i32 128" [fir.cpp:33]   --->   Operation 214 'partselect' 'tmp_17' <Predicate = true> <Delay = 0.00>
ST_68 : Operation 215 [1/5] (6.97ns)   --->   "%mul_ln33_7 = mul i129 %zext_ln33_14, i129 29514790517935282586" [fir.cpp:33]   --->   Operation 215 'mul' 'mul_ln33_7' <Predicate = (icmp_ln31)> <Delay = 6.97> <CoreInst = "Multiplier">   --->   Core 3 'Multiplier' <Latency = 4> <II = 1> <Delay = 6.97> <FuncUnit> <Opcode : 'mul'> <InPorts = 2> <OutPorts = 1>
ST_68 : Operation 216 [1/1] (0.00ns)   --->   "%tmp_18 = partselect i60 @_ssdm_op_PartSelect.i60.i129.i32.i32, i129 %mul_ln33_7, i32 69, i32 128" [fir.cpp:33]   --->   Operation 216 'partselect' 'tmp_18' <Predicate = (icmp_ln31)> <Delay = 0.00>
ST_68 : Operation 217 [1/5] (6.97ns)   --->   "%mul_ln33_8 = mul i129 %zext_ln33_16, i129 29514790517935282586" [fir.cpp:33]   --->   Operation 217 'mul' 'mul_ln33_8' <Predicate = (icmp_ln31)> <Delay = 6.97> <CoreInst = "Multiplier">   --->   Core 3 'Multiplier' <Latency = 4> <II = 1> <Delay = 6.97> <FuncUnit> <Opcode : 'mul'> <InPorts = 2> <OutPorts = 1>
ST_68 : Operation 218 [1/1] (0.00ns)   --->   "%tmp_19 = partselect i60 @_ssdm_op_PartSelect.i60.i129.i32.i32, i129 %mul_ln33_8, i32 69, i32 128" [fir.cpp:33]   --->   Operation 218 'partselect' 'tmp_19' <Predicate = (icmp_ln31)> <Delay = 0.00>
ST_68 : Operation 219 [1/5] (6.97ns)   --->   "%mul_ln33_9 = mul i129 %zext_ln33_18, i129 29514790517935282586" [fir.cpp:33]   --->   Operation 219 'mul' 'mul_ln33_9' <Predicate = (icmp_ln31)> <Delay = 6.97> <CoreInst = "Multiplier">   --->   Core 3 'Multiplier' <Latency = 4> <II = 1> <Delay = 6.97> <FuncUnit> <Opcode : 'mul'> <InPorts = 2> <OutPorts = 1>
ST_68 : Operation 220 [1/1] (0.00ns)   --->   "%tmp_20 = partselect i60 @_ssdm_op_PartSelect.i60.i129.i32.i32, i129 %mul_ln33_9, i32 69, i32 128" [fir.cpp:33]   --->   Operation 220 'partselect' 'tmp_20' <Predicate = (icmp_ln31)> <Delay = 0.00>

State 69 <SV = 68> <Delay = 7.05>
ST_69 : Operation 221 [2/5] (6.97ns)   --->   "%mul_ln27 = mul i129 %zext_ln27, i129 29514790517935282586" [fir.cpp:27]   --->   Operation 221 'mul' 'mul_ln27' <Predicate = true> <Delay = 6.97> <CoreInst = "Multiplier">   --->   Core 3 'Multiplier' <Latency = 4> <II = 1> <Delay = 6.97> <FuncUnit> <Opcode : 'mul'> <InPorts = 2> <OutPorts = 1>
ST_69 : Operation 222 [1/68] (5.27ns)   --->   "%urem_ln27 = urem i64 %i_1, i64 20" [fir.cpp:27]   --->   Operation 222 'urem' 'urem_ln27' <Predicate = true> <Delay = 5.27> <CoreInst = "Divider">   --->   Core 6 'Divider' <Latency = 67> <II = 1> <Delay = 5.27> <FuncUnit> <Opcode : 'udiv' 'sdiv' 'urem' 'srem'> <InPorts = 2> <OutPorts = 1>
ST_69 : Operation 223 [1/1] (0.00ns)   --->   "%trunc_ln27 = trunc i5 %urem_ln27" [fir.cpp:27]   --->   Operation 223 'trunc' 'trunc_ln27' <Predicate = true> <Delay = 0.00>
ST_69 : Operation 224 [1/5] (6.97ns)   --->   "%mul_ln33 = mul i129 %zext_ln33, i129 29514790517935282586" [fir.cpp:33]   --->   Operation 224 'mul' 'mul_ln33' <Predicate = true> <Delay = 6.97> <CoreInst = "Multiplier">   --->   Core 3 'Multiplier' <Latency = 4> <II = 1> <Delay = 6.97> <FuncUnit> <Opcode : 'mul'> <InPorts = 2> <OutPorts = 1>
ST_69 : Operation 225 [1/1] (0.00ns)   --->   "%tmp_11 = partselect i60 @_ssdm_op_PartSelect.i60.i129.i32.i32, i129 %mul_ln33, i32 69, i32 128" [fir.cpp:33]   --->   Operation 225 'partselect' 'tmp_11' <Predicate = true> <Delay = 0.00>
ST_69 : Operation 226 [1/5] (6.97ns)   --->   "%mul_ln33_1 = mul i129 %zext_ln33_2, i129 29514790517935282586" [fir.cpp:33]   --->   Operation 226 'mul' 'mul_ln33_1' <Predicate = true> <Delay = 6.97> <CoreInst = "Multiplier">   --->   Core 3 'Multiplier' <Latency = 4> <II = 1> <Delay = 6.97> <FuncUnit> <Opcode : 'mul'> <InPorts = 2> <OutPorts = 1>
ST_69 : Operation 227 [1/1] (0.00ns)   --->   "%tmp_12 = partselect i60 @_ssdm_op_PartSelect.i60.i129.i32.i32, i129 %mul_ln33_1, i32 69, i32 128" [fir.cpp:33]   --->   Operation 227 'partselect' 'tmp_12' <Predicate = true> <Delay = 0.00>
ST_69 : Operation 228 [1/5] (6.97ns)   --->   "%mul_ln33_2 = mul i129 %zext_ln33_4, i129 29514790517935282586" [fir.cpp:33]   --->   Operation 228 'mul' 'mul_ln33_2' <Predicate = true> <Delay = 6.97> <CoreInst = "Multiplier">   --->   Core 3 'Multiplier' <Latency = 4> <II = 1> <Delay = 6.97> <FuncUnit> <Opcode : 'mul'> <InPorts = 2> <OutPorts = 1>
ST_69 : Operation 229 [1/1] (0.00ns)   --->   "%tmp_13 = partselect i60 @_ssdm_op_PartSelect.i60.i129.i32.i32, i129 %mul_ln33_2, i32 69, i32 128" [fir.cpp:33]   --->   Operation 229 'partselect' 'tmp_13' <Predicate = true> <Delay = 0.00>
ST_69 : Operation 230 [1/5] (6.97ns)   --->   "%mul_ln33_3 = mul i129 %zext_ln33_6, i129 29514790517935282586" [fir.cpp:33]   --->   Operation 230 'mul' 'mul_ln33_3' <Predicate = true> <Delay = 6.97> <CoreInst = "Multiplier">   --->   Core 3 'Multiplier' <Latency = 4> <II = 1> <Delay = 6.97> <FuncUnit> <Opcode : 'mul'> <InPorts = 2> <OutPorts = 1>
ST_69 : Operation 231 [1/1] (0.00ns)   --->   "%tmp_14 = partselect i60 @_ssdm_op_PartSelect.i60.i129.i32.i32, i129 %mul_ln33_3, i32 69, i32 128" [fir.cpp:33]   --->   Operation 231 'partselect' 'tmp_14' <Predicate = true> <Delay = 0.00>
ST_69 : Operation 232 [1/5] (6.97ns)   --->   "%mul_ln33_4 = mul i129 %zext_ln33_8, i129 29514790517935282586" [fir.cpp:33]   --->   Operation 232 'mul' 'mul_ln33_4' <Predicate = true> <Delay = 6.97> <CoreInst = "Multiplier">   --->   Core 3 'Multiplier' <Latency = 4> <II = 1> <Delay = 6.97> <FuncUnit> <Opcode : 'mul'> <InPorts = 2> <OutPorts = 1>
ST_69 : Operation 233 [1/1] (0.00ns)   --->   "%tmp_15 = partselect i60 @_ssdm_op_PartSelect.i60.i129.i32.i32, i129 %mul_ln33_4, i32 69, i32 128" [fir.cpp:33]   --->   Operation 233 'partselect' 'tmp_15' <Predicate = true> <Delay = 0.00>
ST_69 : Operation 234 [1/5] (6.97ns)   --->   "%mul_ln33_5 = mul i129 %zext_ln33_10, i129 29514790517935282586" [fir.cpp:33]   --->   Operation 234 'mul' 'mul_ln33_5' <Predicate = true> <Delay = 6.97> <CoreInst = "Multiplier">   --->   Core 3 'Multiplier' <Latency = 4> <II = 1> <Delay = 6.97> <FuncUnit> <Opcode : 'mul'> <InPorts = 2> <OutPorts = 1>
ST_69 : Operation 235 [1/1] (0.00ns)   --->   "%tmp_16 = partselect i60 @_ssdm_op_PartSelect.i60.i129.i32.i32, i129 %mul_ln33_5, i32 69, i32 128" [fir.cpp:33]   --->   Operation 235 'partselect' 'tmp_16' <Predicate = true> <Delay = 0.00>
ST_69 : Operation 236 [1/1] (1.78ns)   --->   "%switch_ln33 = switch i5 %trunc_ln27, void %arrayidx.5.case.13, i5 0, void %arrayidx.5.case.14, i5 1, void %arrayidx.5.case.15, i5 2, void %arrayidx.5.case.16, i5 3, void %arrayidx.5.case.17, i5 4, void %arrayidx.5.case.18, i5 5, void %arrayidx.5.case.19, i5 6, void %arrayidx.5.case.0, i5 7, void %arrayidx.5.case.1, i5 8, void %arrayidx.5.case.2, i5 9, void %arrayidx.5.case.3, i5 10, void %arrayidx.5.case.4, i5 11, void %arrayidx.5.case.5, i5 12, void %arrayidx.5.case.6, i5 13, void %arrayidx.5.case.7, i5 14, void %arrayidx.5.case.8, i5 15, void %arrayidx.5.case.9, i5 16, void %arrayidx.5.case.10, i5 17, void %arrayidx.5.case.11, i5 18, void %arrayidx.5.case.12" [fir.cpp:33]   --->   Operation 236 'switch' 'switch_ln33' <Predicate = true> <Delay = 1.78>
ST_69 : Operation 237 [1/1] (1.78ns)   --->   "%switch_ln33 = switch i5 %trunc_ln27, void %arrayidx.8.case.10, i5 7, void %arrayidx.8.case.18, i5 8, void %arrayidx.8.case.19, i5 9, void %arrayidx.8.case.0, i5 10, void %arrayidx.8.case.1, i5 11, void %arrayidx.8.case.2, i5 12, void %arrayidx.8.case.3, i5 13, void %arrayidx.8.case.4, i5 14, void %arrayidx.8.case.5, i5 15, void %arrayidx.8.case.6, i5 16, void %arrayidx.8.case.7, i5 17, void %arrayidx.8.case.8, i5 18, void %arrayidx.8.case.9, i5 6, void %arrayidx.8.case.17, i5 0, void %arrayidx.8.case.11, i5 1, void %arrayidx.8.case.12, i5 2, void %arrayidx.8.case.13, i5 3, void %arrayidx.8.case.14, i5 4, void %arrayidx.8.case.15, i5 5, void %arrayidx.8.case.16" [fir.cpp:33]   --->   Operation 237 'switch' 'switch_ln33' <Predicate = (icmp_ln31)> <Delay = 1.78>

State 70 <SV = 69> <Delay = 6.97>
ST_70 : Operation 238 [1/5] (6.97ns)   --->   "%mul_ln27 = mul i129 %zext_ln27, i129 29514790517935282586" [fir.cpp:27]   --->   Operation 238 'mul' 'mul_ln27' <Predicate = true> <Delay = 6.97> <CoreInst = "Multiplier">   --->   Core 3 'Multiplier' <Latency = 4> <II = 1> <Delay = 6.97> <FuncUnit> <Opcode : 'mul'> <InPorts = 2> <OutPorts = 1>
ST_70 : Operation 239 [1/1] (0.00ns)   --->   "%tmp_10 = partselect i60 @_ssdm_op_PartSelect.i60.i129.i32.i32, i129 %mul_ln27, i32 69, i32 128" [fir.cpp:27]   --->   Operation 239 'partselect' 'tmp_10' <Predicate = true> <Delay = 0.00>
ST_70 : Operation 240 [1/1] (0.00ns)   --->   "%zext_ln33_1 = zext i60 %tmp_11" [fir.cpp:33]   --->   Operation 240 'zext' 'zext_ln33_1' <Predicate = true> <Delay = 0.00>
ST_70 : Operation 241 [1/1] (0.00ns)   --->   "%fir_int_int_shift_reg_addr = getelementptr i32 %fir_int_int_shift_reg, i64 0, i64 %zext_ln33_1" [fir.cpp:33]   --->   Operation 241 'getelementptr' 'fir_int_int_shift_reg_addr' <Predicate = true> <Delay = 0.00>
ST_70 : Operation 242 [1/1] (0.00ns)   --->   "%fir_int_int_shift_reg_10_addr = getelementptr i32 %fir_int_int_shift_reg_10, i64 0, i64 %zext_ln33_1" [fir.cpp:33]   --->   Operation 242 'getelementptr' 'fir_int_int_shift_reg_10_addr' <Predicate = true> <Delay = 0.00>
ST_70 : Operation 243 [1/1] (0.00ns)   --->   "%fir_int_int_shift_reg_11_addr = getelementptr i32 %fir_int_int_shift_reg_11, i64 0, i64 %zext_ln33_1" [fir.cpp:33]   --->   Operation 243 'getelementptr' 'fir_int_int_shift_reg_11_addr' <Predicate = true> <Delay = 0.00>
ST_70 : Operation 244 [1/1] (0.00ns)   --->   "%fir_int_int_shift_reg_12_addr = getelementptr i32 %fir_int_int_shift_reg_12, i64 0, i64 %zext_ln33_1" [fir.cpp:33]   --->   Operation 244 'getelementptr' 'fir_int_int_shift_reg_12_addr' <Predicate = true> <Delay = 0.00>
ST_70 : Operation 245 [1/1] (0.00ns)   --->   "%fir_int_int_shift_reg_13_addr = getelementptr i32 %fir_int_int_shift_reg_13, i64 0, i64 %zext_ln33_1" [fir.cpp:33]   --->   Operation 245 'getelementptr' 'fir_int_int_shift_reg_13_addr' <Predicate = true> <Delay = 0.00>
ST_70 : Operation 246 [1/1] (0.00ns)   --->   "%fir_int_int_shift_reg_14_addr = getelementptr i32 %fir_int_int_shift_reg_14, i64 0, i64 %zext_ln33_1" [fir.cpp:33]   --->   Operation 246 'getelementptr' 'fir_int_int_shift_reg_14_addr' <Predicate = true> <Delay = 0.00>
ST_70 : Operation 247 [1/1] (0.00ns)   --->   "%fir_int_int_shift_reg_15_addr = getelementptr i32 %fir_int_int_shift_reg_15, i64 0, i64 %zext_ln33_1" [fir.cpp:33]   --->   Operation 247 'getelementptr' 'fir_int_int_shift_reg_15_addr' <Predicate = true> <Delay = 0.00>
ST_70 : Operation 248 [1/1] (0.00ns)   --->   "%fir_int_int_shift_reg_16_addr = getelementptr i32 %fir_int_int_shift_reg_16, i64 0, i64 %zext_ln33_1" [fir.cpp:33]   --->   Operation 248 'getelementptr' 'fir_int_int_shift_reg_16_addr' <Predicate = true> <Delay = 0.00>
ST_70 : Operation 249 [1/1] (0.00ns)   --->   "%fir_int_int_shift_reg_17_addr = getelementptr i32 %fir_int_int_shift_reg_17, i64 0, i64 %zext_ln33_1" [fir.cpp:33]   --->   Operation 249 'getelementptr' 'fir_int_int_shift_reg_17_addr' <Predicate = true> <Delay = 0.00>
ST_70 : Operation 250 [1/1] (0.00ns)   --->   "%fir_int_int_shift_reg_18_addr = getelementptr i32 %fir_int_int_shift_reg_18, i64 0, i64 %zext_ln33_1" [fir.cpp:33]   --->   Operation 250 'getelementptr' 'fir_int_int_shift_reg_18_addr' <Predicate = true> <Delay = 0.00>
ST_70 : Operation 251 [1/1] (0.00ns)   --->   "%p_ZZ3firPiiE9shift_reg_10_addr = getelementptr i32 %p_ZZ3firPiiE9shift_reg_10, i64 0, i64 %zext_ln33_1" [fir.cpp:33]   --->   Operation 251 'getelementptr' 'p_ZZ3firPiiE9shift_reg_10_addr' <Predicate = true> <Delay = 0.00>
ST_70 : Operation 252 [1/1] (0.00ns)   --->   "%p_ZZ3firPiiE9shift_reg_11_addr = getelementptr i32 %p_ZZ3firPiiE9shift_reg_11, i64 0, i64 %zext_ln33_1" [fir.cpp:33]   --->   Operation 252 'getelementptr' 'p_ZZ3firPiiE9shift_reg_11_addr' <Predicate = true> <Delay = 0.00>
ST_70 : Operation 253 [1/1] (0.00ns)   --->   "%p_ZZ3firPiiE9shift_reg_12_addr = getelementptr i32 %p_ZZ3firPiiE9shift_reg_12, i64 0, i64 %zext_ln33_1" [fir.cpp:33]   --->   Operation 253 'getelementptr' 'p_ZZ3firPiiE9shift_reg_12_addr' <Predicate = true> <Delay = 0.00>
ST_70 : Operation 254 [1/1] (0.00ns)   --->   "%p_ZZ3firPiiE9shift_reg_13_addr = getelementptr i32 %p_ZZ3firPiiE9shift_reg_13, i64 0, i64 %zext_ln33_1" [fir.cpp:33]   --->   Operation 254 'getelementptr' 'p_ZZ3firPiiE9shift_reg_13_addr' <Predicate = true> <Delay = 0.00>
ST_70 : Operation 255 [1/1] (0.00ns)   --->   "%p_ZZ3firPiiE9shift_reg_14_addr = getelementptr i32 %p_ZZ3firPiiE9shift_reg_14, i64 0, i64 %zext_ln33_1" [fir.cpp:33]   --->   Operation 255 'getelementptr' 'p_ZZ3firPiiE9shift_reg_14_addr' <Predicate = true> <Delay = 0.00>
ST_70 : Operation 256 [1/1] (0.00ns)   --->   "%fir_int_int_shift_reg = getelementptr i32 %p_ZZ3firPiiE9shift_reg_15, i64 0, i64 %zext_ln33_1" [fir.cpp:33]   --->   Operation 256 'getelementptr' 'fir_int_int_shift_reg' <Predicate = true> <Delay = 0.00>
ST_70 : Operation 257 [1/1] (0.00ns)   --->   "%p_ZZ3firPiiE9shift_reg_16_addr = getelementptr i32 %p_ZZ3firPiiE9shift_reg_16, i64 0, i64 %zext_ln33_1" [fir.cpp:33]   --->   Operation 257 'getelementptr' 'p_ZZ3firPiiE9shift_reg_16_addr' <Predicate = true> <Delay = 0.00>
ST_70 : Operation 258 [1/1] (0.00ns)   --->   "%p_ZZ3firPiiE9shift_reg_17_addr = getelementptr i32 %p_ZZ3firPiiE9shift_reg_17, i64 0, i64 %zext_ln33_1" [fir.cpp:33]   --->   Operation 258 'getelementptr' 'p_ZZ3firPiiE9shift_reg_17_addr' <Predicate = true> <Delay = 0.00>
ST_70 : Operation 259 [1/1] (0.00ns)   --->   "%p_ZZ3firPiiE9shift_reg_18_addr = getelementptr i32 %p_ZZ3firPiiE9shift_reg_18, i64 0, i64 %zext_ln33_1" [fir.cpp:33]   --->   Operation 259 'getelementptr' 'p_ZZ3firPiiE9shift_reg_18_addr' <Predicate = true> <Delay = 0.00>
ST_70 : Operation 260 [1/1] (0.00ns)   --->   "%p_ZZ3firPiiE9shift_reg_19_addr = getelementptr i32 %p_ZZ3firPiiE9shift_reg_19, i64 0, i64 %zext_ln33_1" [fir.cpp:33]   --->   Operation 260 'getelementptr' 'p_ZZ3firPiiE9shift_reg_19_addr' <Predicate = true> <Delay = 0.00>
ST_70 : Operation 261 [2/2] (2.32ns)   --->   "%fir_int_int_shift_reg_load = load i3 %fir_int_int_shift_reg_addr" [fir.cpp:33]   --->   Operation 261 'load' 'fir_int_int_shift_reg_load' <Predicate = (trunc_ln27 == 1)> <Delay = 2.32> <CoreInst = "RAM">   --->   Core 81 'RAM' <Latency = 1> <II = 1> <Delay = 2.32> <Storage> <Opcode : 'load' 'store'> <Ports = 2> <Width = 32> <Depth = 7> <RAM>
ST_70 : Operation 262 [2/2] (2.32ns)   --->   "%fir_int_int_shift_reg_10_load = load i3 %fir_int_int_shift_reg_10_addr" [fir.cpp:33]   --->   Operation 262 'load' 'fir_int_int_shift_reg_10_load' <Predicate = (trunc_ln27 == 2)> <Delay = 2.32> <CoreInst = "RAM">   --->   Core 81 'RAM' <Latency = 1> <II = 1> <Delay = 2.32> <Storage> <Opcode : 'load' 'store'> <Ports = 2> <Width = 32> <Depth = 7> <RAM>
ST_70 : Operation 263 [2/2] (2.32ns)   --->   "%fir_int_int_shift_reg_11_load = load i3 %fir_int_int_shift_reg_11_addr" [fir.cpp:33]   --->   Operation 263 'load' 'fir_int_int_shift_reg_11_load' <Predicate = (trunc_ln27 == 3)> <Delay = 2.32> <CoreInst = "RAM">   --->   Core 81 'RAM' <Latency = 1> <II = 1> <Delay = 2.32> <Storage> <Opcode : 'load' 'store'> <Ports = 2> <Width = 32> <Depth = 7> <RAM>
ST_70 : Operation 264 [2/2] (2.32ns)   --->   "%fir_int_int_shift_reg_12_load = load i3 %fir_int_int_shift_reg_12_addr" [fir.cpp:33]   --->   Operation 264 'load' 'fir_int_int_shift_reg_12_load' <Predicate = (trunc_ln27 == 4)> <Delay = 2.32> <CoreInst = "RAM">   --->   Core 81 'RAM' <Latency = 1> <II = 1> <Delay = 2.32> <Storage> <Opcode : 'load' 'store'> <Ports = 2> <Width = 32> <Depth = 7> <RAM>
ST_70 : Operation 265 [2/2] (2.32ns)   --->   "%fir_int_int_shift_reg_13_load = load i3 %fir_int_int_shift_reg_13_addr" [fir.cpp:33]   --->   Operation 265 'load' 'fir_int_int_shift_reg_13_load' <Predicate = (trunc_ln27 == 5)> <Delay = 2.32> <CoreInst = "RAM">   --->   Core 81 'RAM' <Latency = 1> <II = 1> <Delay = 2.32> <Storage> <Opcode : 'load' 'store'> <Ports = 2> <Width = 32> <Depth = 7> <RAM>
ST_70 : Operation 266 [2/2] (2.32ns)   --->   "%fir_int_int_shift_reg_14_load = load i3 %fir_int_int_shift_reg_14_addr" [fir.cpp:33]   --->   Operation 266 'load' 'fir_int_int_shift_reg_14_load' <Predicate = (trunc_ln27 == 6)> <Delay = 2.32> <CoreInst = "RAM">   --->   Core 81 'RAM' <Latency = 1> <II = 1> <Delay = 2.32> <Storage> <Opcode : 'load' 'store'> <Ports = 2> <Width = 32> <Depth = 7> <RAM>
ST_70 : Operation 267 [2/2] (2.32ns)   --->   "%fir_int_int_shift_reg_15_load = load i3 %fir_int_int_shift_reg_15_addr" [fir.cpp:33]   --->   Operation 267 'load' 'fir_int_int_shift_reg_15_load' <Predicate = (trunc_ln27 == 7)> <Delay = 2.32> <CoreInst = "RAM">   --->   Core 81 'RAM' <Latency = 1> <II = 1> <Delay = 2.32> <Storage> <Opcode : 'load' 'store'> <Ports = 2> <Width = 32> <Depth = 7> <RAM>
ST_70 : Operation 268 [2/2] (2.32ns)   --->   "%fir_int_int_shift_reg_16_load = load i3 %fir_int_int_shift_reg_16_addr" [fir.cpp:33]   --->   Operation 268 'load' 'fir_int_int_shift_reg_16_load' <Predicate = (trunc_ln27 == 8)> <Delay = 2.32> <CoreInst = "RAM">   --->   Core 81 'RAM' <Latency = 1> <II = 1> <Delay = 2.32> <Storage> <Opcode : 'load' 'store'> <Ports = 2> <Width = 32> <Depth = 7> <RAM>
ST_70 : Operation 269 [2/2] (2.32ns)   --->   "%fir_int_int_shift_reg_17_load = load i3 %fir_int_int_shift_reg_17_addr" [fir.cpp:33]   --->   Operation 269 'load' 'fir_int_int_shift_reg_17_load' <Predicate = (trunc_ln27 == 9)> <Delay = 2.32> <CoreInst = "RAM">   --->   Core 81 'RAM' <Latency = 1> <II = 1> <Delay = 2.32> <Storage> <Opcode : 'load' 'store'> <Ports = 2> <Width = 32> <Depth = 7> <RAM>
ST_70 : Operation 270 [2/2] (2.32ns)   --->   "%fir_int_int_shift_reg_18_load = load i3 %fir_int_int_shift_reg_18_addr" [fir.cpp:33]   --->   Operation 270 'load' 'fir_int_int_shift_reg_18_load' <Predicate = (trunc_ln27 == 10)> <Delay = 2.32> <CoreInst = "RAM">   --->   Core 81 'RAM' <Latency = 1> <II = 1> <Delay = 2.32> <Storage> <Opcode : 'load' 'store'> <Ports = 2> <Width = 32> <Depth = 7> <RAM>
ST_70 : Operation 271 [2/2] (2.32ns)   --->   "%p_ZZ3firPiiE9shift_reg_10_load = load i3 %p_ZZ3firPiiE9shift_reg_10_addr" [fir.cpp:33]   --->   Operation 271 'load' 'p_ZZ3firPiiE9shift_reg_10_load' <Predicate = (trunc_ln27 == 11)> <Delay = 2.32> <CoreInst = "RAM">   --->   Core 81 'RAM' <Latency = 1> <II = 1> <Delay = 2.32> <Storage> <Opcode : 'load' 'store'> <Ports = 2> <Width = 32> <Depth = 7> <RAM>
ST_70 : Operation 272 [2/2] (2.32ns)   --->   "%fir_int_int_shift_reg_11 = load i3 %p_ZZ3firPiiE9shift_reg_11_addr" [fir.cpp:33]   --->   Operation 272 'load' 'fir_int_int_shift_reg_11' <Predicate = (trunc_ln27 == 12)> <Delay = 2.32> <CoreInst = "RAM">   --->   Core 81 'RAM' <Latency = 1> <II = 1> <Delay = 2.32> <Storage> <Opcode : 'load' 'store'> <Ports = 2> <Width = 32> <Depth = 7> <RAM>
ST_70 : Operation 273 [2/2] (2.32ns)   --->   "%fir_int_int_shift_reg_12 = load i3 %p_ZZ3firPiiE9shift_reg_12_addr" [fir.cpp:33]   --->   Operation 273 'load' 'fir_int_int_shift_reg_12' <Predicate = (trunc_ln27 == 13)> <Delay = 2.32> <CoreInst = "RAM">   --->   Core 81 'RAM' <Latency = 1> <II = 1> <Delay = 2.32> <Storage> <Opcode : 'load' 'store'> <Ports = 2> <Width = 32> <Depth = 7> <RAM>
ST_70 : Operation 274 [2/2] (2.32ns)   --->   "%fir_int_int_shift_reg_13 = load i3 %p_ZZ3firPiiE9shift_reg_13_addr" [fir.cpp:33]   --->   Operation 274 'load' 'fir_int_int_shift_reg_13' <Predicate = (trunc_ln27 == 14)> <Delay = 2.32> <CoreInst = "RAM">   --->   Core 81 'RAM' <Latency = 1> <II = 1> <Delay = 2.32> <Storage> <Opcode : 'load' 'store'> <Ports = 2> <Width = 32> <Depth = 7> <RAM>
ST_70 : Operation 275 [2/2] (2.32ns)   --->   "%fir_int_int_shift_reg_14 = load i3 %p_ZZ3firPiiE9shift_reg_14_addr" [fir.cpp:33]   --->   Operation 275 'load' 'fir_int_int_shift_reg_14' <Predicate = (trunc_ln27 == 15)> <Delay = 2.32> <CoreInst = "RAM">   --->   Core 81 'RAM' <Latency = 1> <II = 1> <Delay = 2.32> <Storage> <Opcode : 'load' 'store'> <Ports = 2> <Width = 32> <Depth = 7> <RAM>
ST_70 : Operation 276 [2/2] (2.32ns)   --->   "%fir_int_int_shift_reg_15 = load i3 %fir_int_int_shift_reg" [fir.cpp:33]   --->   Operation 276 'load' 'fir_int_int_shift_reg_15' <Predicate = (trunc_ln27 == 16)> <Delay = 2.32> <CoreInst = "RAM">   --->   Core 81 'RAM' <Latency = 1> <II = 1> <Delay = 2.32> <Storage> <Opcode : 'load' 'store'> <Ports = 2> <Width = 32> <Depth = 7> <RAM>
ST_70 : Operation 277 [2/2] (2.32ns)   --->   "%p_ZZ3firPiiE9shift_reg_16_load = load i3 %p_ZZ3firPiiE9shift_reg_16_addr" [fir.cpp:33]   --->   Operation 277 'load' 'p_ZZ3firPiiE9shift_reg_16_load' <Predicate = (trunc_ln27 == 17)> <Delay = 2.32> <CoreInst = "RAM">   --->   Core 81 'RAM' <Latency = 1> <II = 1> <Delay = 2.32> <Storage> <Opcode : 'load' 'store'> <Ports = 2> <Width = 32> <Depth = 7> <RAM>
ST_70 : Operation 278 [2/2] (2.32ns)   --->   "%p_ZZ3firPiiE9shift_reg_17_load = load i3 %p_ZZ3firPiiE9shift_reg_17_addr" [fir.cpp:33]   --->   Operation 278 'load' 'p_ZZ3firPiiE9shift_reg_17_load' <Predicate = (trunc_ln27 == 18)> <Delay = 2.32> <CoreInst = "RAM">   --->   Core 81 'RAM' <Latency = 1> <II = 1> <Delay = 2.32> <Storage> <Opcode : 'load' 'store'> <Ports = 2> <Width = 32> <Depth = 7> <RAM>
ST_70 : Operation 279 [2/2] (2.32ns)   --->   "%p_ZZ3firPiiE9shift_reg_18_load = load i3 %p_ZZ3firPiiE9shift_reg_18_addr" [fir.cpp:33]   --->   Operation 279 'load' 'p_ZZ3firPiiE9shift_reg_18_load' <Predicate = (trunc_ln27 == 19)> <Delay = 2.32> <CoreInst = "RAM">   --->   Core 81 'RAM' <Latency = 1> <II = 1> <Delay = 2.32> <Storage> <Opcode : 'load' 'store'> <Ports = 2> <Width = 32> <Depth = 7> <RAM>
ST_70 : Operation 280 [2/2] (2.32ns)   --->   "%p_ZZ3firPiiE9shift_reg_19_load = load i3 %p_ZZ3firPiiE9shift_reg_19_addr" [fir.cpp:33]   --->   Operation 280 'load' 'p_ZZ3firPiiE9shift_reg_19_load' <Predicate = (trunc_ln27 == 0)> <Delay = 2.32> <CoreInst = "RAM">   --->   Core 81 'RAM' <Latency = 1> <II = 1> <Delay = 2.32> <Storage> <Opcode : 'load' 'store'> <Ports = 2> <Width = 32> <Depth = 7> <RAM>
ST_70 : Operation 281 [1/1] (0.00ns)   --->   "%zext_ln33_3 = zext i60 %tmp_12" [fir.cpp:33]   --->   Operation 281 'zext' 'zext_ln33_3' <Predicate = true> <Delay = 0.00>
ST_70 : Operation 282 [1/1] (0.00ns)   --->   "%fir_int_int_shift_reg_addr_2 = getelementptr i32 %fir_int_int_shift_reg, i64 0, i64 %zext_ln33_3" [fir.cpp:33]   --->   Operation 282 'getelementptr' 'fir_int_int_shift_reg_addr_2' <Predicate = true> <Delay = 0.00>
ST_70 : Operation 283 [1/1] (0.00ns)   --->   "%fir_int_int_shift_reg_10_addr_2 = getelementptr i32 %fir_int_int_shift_reg_10, i64 0, i64 %zext_ln33_3" [fir.cpp:33]   --->   Operation 283 'getelementptr' 'fir_int_int_shift_reg_10_addr_2' <Predicate = true> <Delay = 0.00>
ST_70 : Operation 284 [1/1] (0.00ns)   --->   "%fir_int_int_shift_reg_11_addr_2 = getelementptr i32 %fir_int_int_shift_reg_11, i64 0, i64 %zext_ln33_3" [fir.cpp:33]   --->   Operation 284 'getelementptr' 'fir_int_int_shift_reg_11_addr_2' <Predicate = true> <Delay = 0.00>
ST_70 : Operation 285 [1/1] (0.00ns)   --->   "%fir_int_int_shift_reg_12_addr_2 = getelementptr i32 %fir_int_int_shift_reg_12, i64 0, i64 %zext_ln33_3" [fir.cpp:33]   --->   Operation 285 'getelementptr' 'fir_int_int_shift_reg_12_addr_2' <Predicate = true> <Delay = 0.00>
ST_70 : Operation 286 [1/1] (0.00ns)   --->   "%fir_int_int_shift_reg_13_addr_2 = getelementptr i32 %fir_int_int_shift_reg_13, i64 0, i64 %zext_ln33_3" [fir.cpp:33]   --->   Operation 286 'getelementptr' 'fir_int_int_shift_reg_13_addr_2' <Predicate = true> <Delay = 0.00>
ST_70 : Operation 287 [1/1] (0.00ns)   --->   "%fir_int_int_shift_reg_14_addr_2 = getelementptr i32 %fir_int_int_shift_reg_14, i64 0, i64 %zext_ln33_3" [fir.cpp:33]   --->   Operation 287 'getelementptr' 'fir_int_int_shift_reg_14_addr_2' <Predicate = true> <Delay = 0.00>
ST_70 : Operation 288 [1/1] (0.00ns)   --->   "%fir_int_int_shift_reg_15_addr_2 = getelementptr i32 %fir_int_int_shift_reg_15, i64 0, i64 %zext_ln33_3" [fir.cpp:33]   --->   Operation 288 'getelementptr' 'fir_int_int_shift_reg_15_addr_2' <Predicate = true> <Delay = 0.00>
ST_70 : Operation 289 [1/1] (0.00ns)   --->   "%fir_int_int_shift_reg_16_addr_2 = getelementptr i32 %fir_int_int_shift_reg_16, i64 0, i64 %zext_ln33_3" [fir.cpp:33]   --->   Operation 289 'getelementptr' 'fir_int_int_shift_reg_16_addr_2' <Predicate = true> <Delay = 0.00>
ST_70 : Operation 290 [1/1] (0.00ns)   --->   "%fir_int_int_shift_reg_17_addr_2 = getelementptr i32 %fir_int_int_shift_reg_17, i64 0, i64 %zext_ln33_3" [fir.cpp:33]   --->   Operation 290 'getelementptr' 'fir_int_int_shift_reg_17_addr_2' <Predicate = true> <Delay = 0.00>
ST_70 : Operation 291 [1/1] (0.00ns)   --->   "%fir_int_int_shift_reg_18_addr_2 = getelementptr i32 %fir_int_int_shift_reg_18, i64 0, i64 %zext_ln33_3" [fir.cpp:33]   --->   Operation 291 'getelementptr' 'fir_int_int_shift_reg_18_addr_2' <Predicate = true> <Delay = 0.00>
ST_70 : Operation 292 [1/1] (0.00ns)   --->   "%p_ZZ3firPiiE9shift_reg_10_addr_2 = getelementptr i32 %p_ZZ3firPiiE9shift_reg_10, i64 0, i64 %zext_ln33_3" [fir.cpp:33]   --->   Operation 292 'getelementptr' 'p_ZZ3firPiiE9shift_reg_10_addr_2' <Predicate = true> <Delay = 0.00>
ST_70 : Operation 293 [1/1] (0.00ns)   --->   "%p_ZZ3firPiiE9shift_reg_11_addr_2 = getelementptr i32 %p_ZZ3firPiiE9shift_reg_11, i64 0, i64 %zext_ln33_3" [fir.cpp:33]   --->   Operation 293 'getelementptr' 'p_ZZ3firPiiE9shift_reg_11_addr_2' <Predicate = true> <Delay = 0.00>
ST_70 : Operation 294 [1/1] (0.00ns)   --->   "%p_ZZ3firPiiE9shift_reg_12_addr_2 = getelementptr i32 %p_ZZ3firPiiE9shift_reg_12, i64 0, i64 %zext_ln33_3" [fir.cpp:33]   --->   Operation 294 'getelementptr' 'p_ZZ3firPiiE9shift_reg_12_addr_2' <Predicate = true> <Delay = 0.00>
ST_70 : Operation 295 [1/1] (0.00ns)   --->   "%p_ZZ3firPiiE9shift_reg_13_addr_2 = getelementptr i32 %p_ZZ3firPiiE9shift_reg_13, i64 0, i64 %zext_ln33_3" [fir.cpp:33]   --->   Operation 295 'getelementptr' 'p_ZZ3firPiiE9shift_reg_13_addr_2' <Predicate = true> <Delay = 0.00>
ST_70 : Operation 296 [1/1] (0.00ns)   --->   "%p_ZZ3firPiiE9shift_reg_14_addr_2 = getelementptr i32 %p_ZZ3firPiiE9shift_reg_14, i64 0, i64 %zext_ln33_3" [fir.cpp:33]   --->   Operation 296 'getelementptr' 'p_ZZ3firPiiE9shift_reg_14_addr_2' <Predicate = true> <Delay = 0.00>
ST_70 : Operation 297 [1/1] (0.00ns)   --->   "%fir_mulint_int_shift_reg_addr_2 = getelementptr i32 %p_ZZ3firPiiE9shift_reg_15, i64 0, i64 %zext_ln33_3" [fir.cpp:33]   --->   Operation 297 'getelementptr' 'fir_mulint_int_shift_reg_addr_2' <Predicate = true> <Delay = 0.00>
ST_70 : Operation 298 [1/1] (0.00ns)   --->   "%p_ZZ3firPiiE9shift_reg_16_addr_2 = getelementptr i32 %p_ZZ3firPiiE9shift_reg_16, i64 0, i64 %zext_ln33_3" [fir.cpp:33]   --->   Operation 298 'getelementptr' 'p_ZZ3firPiiE9shift_reg_16_addr_2' <Predicate = true> <Delay = 0.00>
ST_70 : Operation 299 [1/1] (0.00ns)   --->   "%fir_int_int_shift_reg_17 = getelementptr i32 %p_ZZ3firPiiE9shift_reg_17, i64 0, i64 %zext_ln33_3" [fir.cpp:33]   --->   Operation 299 'getelementptr' 'fir_int_int_shift_reg_17' <Predicate = true> <Delay = 0.00>
ST_70 : Operation 300 [1/1] (0.00ns)   --->   "%p_ZZ3firPiiE9shift_reg_18_addr_2 = getelementptr i32 %p_ZZ3firPiiE9shift_reg_18, i64 0, i64 %zext_ln33_3" [fir.cpp:33]   --->   Operation 300 'getelementptr' 'p_ZZ3firPiiE9shift_reg_18_addr_2' <Predicate = true> <Delay = 0.00>
ST_70 : Operation 301 [1/1] (0.00ns)   --->   "%p_ZZ3firPiiE9shift_reg_19_addr_2 = getelementptr i32 %p_ZZ3firPiiE9shift_reg_19, i64 0, i64 %zext_ln33_3" [fir.cpp:33]   --->   Operation 301 'getelementptr' 'p_ZZ3firPiiE9shift_reg_19_addr_2' <Predicate = true> <Delay = 0.00>
ST_70 : Operation 302 [1/1] (0.00ns)   --->   "%zext_ln33_5 = zext i60 %tmp_13" [fir.cpp:33]   --->   Operation 302 'zext' 'zext_ln33_5' <Predicate = true> <Delay = 0.00>
ST_70 : Operation 303 [1/1] (0.00ns)   --->   "%fir_int_int_shift_reg_addr_3 = getelementptr i32 %fir_int_int_shift_reg, i64 0, i64 %zext_ln33_5" [fir.cpp:33]   --->   Operation 303 'getelementptr' 'fir_int_int_shift_reg_addr_3' <Predicate = true> <Delay = 0.00>
ST_70 : Operation 304 [1/1] (0.00ns)   --->   "%fir_int_int_shift_reg_10_addr_3 = getelementptr i32 %fir_int_int_shift_reg_10, i64 0, i64 %zext_ln33_5" [fir.cpp:33]   --->   Operation 304 'getelementptr' 'fir_int_int_shift_reg_10_addr_3' <Predicate = true> <Delay = 0.00>
ST_70 : Operation 305 [1/1] (0.00ns)   --->   "%fir_int_int_shift_reg_11_addr_3 = getelementptr i32 %fir_int_int_shift_reg_11, i64 0, i64 %zext_ln33_5" [fir.cpp:33]   --->   Operation 305 'getelementptr' 'fir_int_int_shift_reg_11_addr_3' <Predicate = true> <Delay = 0.00>
ST_70 : Operation 306 [1/1] (0.00ns)   --->   "%fir_int_int_shift_reg_12_addr_3 = getelementptr i32 %fir_int_int_shift_reg_12, i64 0, i64 %zext_ln33_5" [fir.cpp:33]   --->   Operation 306 'getelementptr' 'fir_int_int_shift_reg_12_addr_3' <Predicate = true> <Delay = 0.00>
ST_70 : Operation 307 [1/1] (0.00ns)   --->   "%fir_int_int_shift_reg_13_addr_3 = getelementptr i32 %fir_int_int_shift_reg_13, i64 0, i64 %zext_ln33_5" [fir.cpp:33]   --->   Operation 307 'getelementptr' 'fir_int_int_shift_reg_13_addr_3' <Predicate = true> <Delay = 0.00>
ST_70 : Operation 308 [1/1] (0.00ns)   --->   "%fir_int_int_shift_reg_14_addr_3 = getelementptr i32 %fir_int_int_shift_reg_14, i64 0, i64 %zext_ln33_5" [fir.cpp:33]   --->   Operation 308 'getelementptr' 'fir_int_int_shift_reg_14_addr_3' <Predicate = true> <Delay = 0.00>
ST_70 : Operation 309 [1/1] (0.00ns)   --->   "%fir_int_int_shift_reg_15_addr_3 = getelementptr i32 %fir_int_int_shift_reg_15, i64 0, i64 %zext_ln33_5" [fir.cpp:33]   --->   Operation 309 'getelementptr' 'fir_int_int_shift_reg_15_addr_3' <Predicate = true> <Delay = 0.00>
ST_70 : Operation 310 [1/1] (0.00ns)   --->   "%fir_int_int_shift_reg_16_addr_3 = getelementptr i32 %fir_int_int_shift_reg_16, i64 0, i64 %zext_ln33_5" [fir.cpp:33]   --->   Operation 310 'getelementptr' 'fir_int_int_shift_reg_16_addr_3' <Predicate = true> <Delay = 0.00>
ST_70 : Operation 311 [1/1] (0.00ns)   --->   "%fir_int_int_shift_reg_17_addr_3 = getelementptr i32 %fir_int_int_shift_reg_17, i64 0, i64 %zext_ln33_5" [fir.cpp:33]   --->   Operation 311 'getelementptr' 'fir_int_int_shift_reg_17_addr_3' <Predicate = true> <Delay = 0.00>
ST_70 : Operation 312 [1/1] (0.00ns)   --->   "%fir_int_int_shift_reg_18_addr_3 = getelementptr i32 %fir_int_int_shift_reg_18, i64 0, i64 %zext_ln33_5" [fir.cpp:33]   --->   Operation 312 'getelementptr' 'fir_int_int_shift_reg_18_addr_3' <Predicate = true> <Delay = 0.00>
ST_70 : Operation 313 [1/1] (0.00ns)   --->   "%p_ZZ3firPiiE9shift_reg_10_addr_3 = getelementptr i32 %p_ZZ3firPiiE9shift_reg_10, i64 0, i64 %zext_ln33_5" [fir.cpp:33]   --->   Operation 313 'getelementptr' 'p_ZZ3firPiiE9shift_reg_10_addr_3' <Predicate = true> <Delay = 0.00>
ST_70 : Operation 314 [1/1] (0.00ns)   --->   "%p_ZZ3firPiiE9shift_reg_11_addr_3 = getelementptr i32 %p_ZZ3firPiiE9shift_reg_11, i64 0, i64 %zext_ln33_5" [fir.cpp:33]   --->   Operation 314 'getelementptr' 'p_ZZ3firPiiE9shift_reg_11_addr_3' <Predicate = true> <Delay = 0.00>
ST_70 : Operation 315 [1/1] (0.00ns)   --->   "%p_ZZ3firPiiE9shift_reg_12_addr_3 = getelementptr i32 %p_ZZ3firPiiE9shift_reg_12, i64 0, i64 %zext_ln33_5" [fir.cpp:33]   --->   Operation 315 'getelementptr' 'p_ZZ3firPiiE9shift_reg_12_addr_3' <Predicate = true> <Delay = 0.00>
ST_70 : Operation 316 [1/1] (0.00ns)   --->   "%p_ZZ3firPiiE9shift_reg_13_addr_3 = getelementptr i32 %p_ZZ3firPiiE9shift_reg_13, i64 0, i64 %zext_ln33_5" [fir.cpp:33]   --->   Operation 316 'getelementptr' 'p_ZZ3firPiiE9shift_reg_13_addr_3' <Predicate = true> <Delay = 0.00>
ST_70 : Operation 317 [1/1] (0.00ns)   --->   "%p_ZZ3firPiiE9shift_reg_14_addr_3 = getelementptr i32 %p_ZZ3firPiiE9shift_reg_14, i64 0, i64 %zext_ln33_5" [fir.cpp:33]   --->   Operation 317 'getelementptr' 'p_ZZ3firPiiE9shift_reg_14_addr_3' <Predicate = true> <Delay = 0.00>
ST_70 : Operation 318 [1/1] (0.00ns)   --->   "%fir_mulint_int_shift_reg_addr_3 = getelementptr i32 %p_ZZ3firPiiE9shift_reg_15, i64 0, i64 %zext_ln33_5" [fir.cpp:33]   --->   Operation 318 'getelementptr' 'fir_mulint_int_shift_reg_addr_3' <Predicate = true> <Delay = 0.00>
ST_70 : Operation 319 [1/1] (0.00ns)   --->   "%p_ZZ3firPiiE9shift_reg_16_addr_3 = getelementptr i32 %p_ZZ3firPiiE9shift_reg_16, i64 0, i64 %zext_ln33_5" [fir.cpp:33]   --->   Operation 319 'getelementptr' 'p_ZZ3firPiiE9shift_reg_16_addr_3' <Predicate = true> <Delay = 0.00>
ST_70 : Operation 320 [1/1] (0.00ns)   --->   "%fir_int_int_shift_reg_18 = getelementptr i32 %p_ZZ3firPiiE9shift_reg_17, i64 0, i64 %zext_ln33_5" [fir.cpp:33]   --->   Operation 320 'getelementptr' 'fir_int_int_shift_reg_18' <Predicate = true> <Delay = 0.00>
ST_70 : Operation 321 [1/1] (0.00ns)   --->   "%p_ZZ3firPiiE9shift_reg_18_addr_3 = getelementptr i32 %p_ZZ3firPiiE9shift_reg_18, i64 0, i64 %zext_ln33_5" [fir.cpp:33]   --->   Operation 321 'getelementptr' 'p_ZZ3firPiiE9shift_reg_18_addr_3' <Predicate = true> <Delay = 0.00>
ST_70 : Operation 322 [1/1] (0.00ns)   --->   "%p_ZZ3firPiiE9shift_reg_19_addr_3 = getelementptr i32 %p_ZZ3firPiiE9shift_reg_19, i64 0, i64 %zext_ln33_5" [fir.cpp:33]   --->   Operation 322 'getelementptr' 'p_ZZ3firPiiE9shift_reg_19_addr_3' <Predicate = true> <Delay = 0.00>
ST_70 : Operation 323 [1/1] (0.00ns)   --->   "%zext_ln33_7 = zext i60 %tmp_14" [fir.cpp:33]   --->   Operation 323 'zext' 'zext_ln33_7' <Predicate = true> <Delay = 0.00>
ST_70 : Operation 324 [1/1] (0.00ns)   --->   "%fir_int_int_shift_reg_addr_4 = getelementptr i32 %fir_int_int_shift_reg, i64 0, i64 %zext_ln33_7" [fir.cpp:33]   --->   Operation 324 'getelementptr' 'fir_int_int_shift_reg_addr_4' <Predicate = true> <Delay = 0.00>
ST_70 : Operation 325 [1/1] (0.00ns)   --->   "%fir_int_int_shift_reg_10_addr_4 = getelementptr i32 %fir_int_int_shift_reg_10, i64 0, i64 %zext_ln33_7" [fir.cpp:33]   --->   Operation 325 'getelementptr' 'fir_int_int_shift_reg_10_addr_4' <Predicate = true> <Delay = 0.00>
ST_70 : Operation 326 [1/1] (0.00ns)   --->   "%fir_int_int_shift_reg_11_addr_4 = getelementptr i32 %fir_int_int_shift_reg_11, i64 0, i64 %zext_ln33_7" [fir.cpp:33]   --->   Operation 326 'getelementptr' 'fir_int_int_shift_reg_11_addr_4' <Predicate = true> <Delay = 0.00>
ST_70 : Operation 327 [1/1] (0.00ns)   --->   "%fir_int_int_shift_reg_12_addr_4 = getelementptr i32 %fir_int_int_shift_reg_12, i64 0, i64 %zext_ln33_7" [fir.cpp:33]   --->   Operation 327 'getelementptr' 'fir_int_int_shift_reg_12_addr_4' <Predicate = true> <Delay = 0.00>
ST_70 : Operation 328 [1/1] (0.00ns)   --->   "%fir_int_int_shift_reg_13_addr_4 = getelementptr i32 %fir_int_int_shift_reg_13, i64 0, i64 %zext_ln33_7" [fir.cpp:33]   --->   Operation 328 'getelementptr' 'fir_int_int_shift_reg_13_addr_4' <Predicate = true> <Delay = 0.00>
ST_70 : Operation 329 [1/1] (0.00ns)   --->   "%fir_int_int_shift_reg_14_addr_4 = getelementptr i32 %fir_int_int_shift_reg_14, i64 0, i64 %zext_ln33_7" [fir.cpp:33]   --->   Operation 329 'getelementptr' 'fir_int_int_shift_reg_14_addr_4' <Predicate = true> <Delay = 0.00>
ST_70 : Operation 330 [1/1] (0.00ns)   --->   "%fir_int_int_shift_reg_15_addr_4 = getelementptr i32 %fir_int_int_shift_reg_15, i64 0, i64 %zext_ln33_7" [fir.cpp:33]   --->   Operation 330 'getelementptr' 'fir_int_int_shift_reg_15_addr_4' <Predicate = true> <Delay = 0.00>
ST_70 : Operation 331 [1/1] (0.00ns)   --->   "%fir_int_int_shift_reg_16_addr_4 = getelementptr i32 %fir_int_int_shift_reg_16, i64 0, i64 %zext_ln33_7" [fir.cpp:33]   --->   Operation 331 'getelementptr' 'fir_int_int_shift_reg_16_addr_4' <Predicate = true> <Delay = 0.00>
ST_70 : Operation 332 [1/1] (0.00ns)   --->   "%fir_int_int_shift_reg_17_addr_4 = getelementptr i32 %fir_int_int_shift_reg_17, i64 0, i64 %zext_ln33_7" [fir.cpp:33]   --->   Operation 332 'getelementptr' 'fir_int_int_shift_reg_17_addr_4' <Predicate = true> <Delay = 0.00>
ST_70 : Operation 333 [1/1] (0.00ns)   --->   "%fir_int_int_shift_reg_18_addr_4 = getelementptr i32 %fir_int_int_shift_reg_18, i64 0, i64 %zext_ln33_7" [fir.cpp:33]   --->   Operation 333 'getelementptr' 'fir_int_int_shift_reg_18_addr_4' <Predicate = true> <Delay = 0.00>
ST_70 : Operation 334 [1/1] (0.00ns)   --->   "%p_ZZ3firPiiE9shift_reg_10_addr_4 = getelementptr i32 %p_ZZ3firPiiE9shift_reg_10, i64 0, i64 %zext_ln33_7" [fir.cpp:33]   --->   Operation 334 'getelementptr' 'p_ZZ3firPiiE9shift_reg_10_addr_4' <Predicate = true> <Delay = 0.00>
ST_70 : Operation 335 [1/1] (0.00ns)   --->   "%p_ZZ3firPiiE9shift_reg_11_addr_4 = getelementptr i32 %p_ZZ3firPiiE9shift_reg_11, i64 0, i64 %zext_ln33_7" [fir.cpp:33]   --->   Operation 335 'getelementptr' 'p_ZZ3firPiiE9shift_reg_11_addr_4' <Predicate = true> <Delay = 0.00>
ST_70 : Operation 336 [1/1] (0.00ns)   --->   "%p_ZZ3firPiiE9shift_reg_12_addr_4 = getelementptr i32 %p_ZZ3firPiiE9shift_reg_12, i64 0, i64 %zext_ln33_7" [fir.cpp:33]   --->   Operation 336 'getelementptr' 'p_ZZ3firPiiE9shift_reg_12_addr_4' <Predicate = true> <Delay = 0.00>
ST_70 : Operation 337 [1/1] (0.00ns)   --->   "%p_ZZ3firPiiE9shift_reg_13_addr_4 = getelementptr i32 %p_ZZ3firPiiE9shift_reg_13, i64 0, i64 %zext_ln33_7" [fir.cpp:33]   --->   Operation 337 'getelementptr' 'p_ZZ3firPiiE9shift_reg_13_addr_4' <Predicate = true> <Delay = 0.00>
ST_70 : Operation 338 [1/1] (0.00ns)   --->   "%p_ZZ3firPiiE9shift_reg_14_addr_4 = getelementptr i32 %p_ZZ3firPiiE9shift_reg_14, i64 0, i64 %zext_ln33_7" [fir.cpp:33]   --->   Operation 338 'getelementptr' 'p_ZZ3firPiiE9shift_reg_14_addr_4' <Predicate = true> <Delay = 0.00>
ST_70 : Operation 339 [1/1] (0.00ns)   --->   "%fir_mulint_int_shift_reg_addr_4 = getelementptr i32 %p_ZZ3firPiiE9shift_reg_15, i64 0, i64 %zext_ln33_7" [fir.cpp:33]   --->   Operation 339 'getelementptr' 'fir_mulint_int_shift_reg_addr_4' <Predicate = true> <Delay = 0.00>
ST_70 : Operation 340 [1/1] (0.00ns)   --->   "%p_ZZ3firPiiE9shift_reg_16_addr_4 = getelementptr i32 %p_ZZ3firPiiE9shift_reg_16, i64 0, i64 %zext_ln33_7" [fir.cpp:33]   --->   Operation 340 'getelementptr' 'p_ZZ3firPiiE9shift_reg_16_addr_4' <Predicate = true> <Delay = 0.00>
ST_70 : Operation 341 [1/1] (0.00ns)   --->   "%fir_int_int_shift_reg_19 = getelementptr i32 %p_ZZ3firPiiE9shift_reg_17, i64 0, i64 %zext_ln33_7" [fir.cpp:33]   --->   Operation 341 'getelementptr' 'fir_int_int_shift_reg_19' <Predicate = true> <Delay = 0.00>
ST_70 : Operation 342 [1/1] (0.00ns)   --->   "%p_ZZ3firPiiE9shift_reg_18_addr_4 = getelementptr i32 %p_ZZ3firPiiE9shift_reg_18, i64 0, i64 %zext_ln33_7" [fir.cpp:33]   --->   Operation 342 'getelementptr' 'p_ZZ3firPiiE9shift_reg_18_addr_4' <Predicate = true> <Delay = 0.00>
ST_70 : Operation 343 [1/1] (0.00ns)   --->   "%p_ZZ3firPiiE9shift_reg_19_addr_4 = getelementptr i32 %p_ZZ3firPiiE9shift_reg_19, i64 0, i64 %zext_ln33_7" [fir.cpp:33]   --->   Operation 343 'getelementptr' 'p_ZZ3firPiiE9shift_reg_19_addr_4' <Predicate = true> <Delay = 0.00>
ST_70 : Operation 344 [1/1] (0.00ns)   --->   "%zext_ln33_9 = zext i60 %tmp_15" [fir.cpp:33]   --->   Operation 344 'zext' 'zext_ln33_9' <Predicate = true> <Delay = 0.00>
ST_70 : Operation 345 [1/1] (0.00ns)   --->   "%fir_int_int_shift_reg_addr_5 = getelementptr i32 %fir_int_int_shift_reg, i64 0, i64 %zext_ln33_9" [fir.cpp:33]   --->   Operation 345 'getelementptr' 'fir_int_int_shift_reg_addr_5' <Predicate = true> <Delay = 0.00>
ST_70 : Operation 346 [1/1] (0.00ns)   --->   "%fir_int_int_shift_reg_10_addr_5 = getelementptr i32 %fir_int_int_shift_reg_10, i64 0, i64 %zext_ln33_9" [fir.cpp:33]   --->   Operation 346 'getelementptr' 'fir_int_int_shift_reg_10_addr_5' <Predicate = true> <Delay = 0.00>
ST_70 : Operation 347 [1/1] (0.00ns)   --->   "%fir_int_int_shift_reg_11_addr_5 = getelementptr i32 %fir_int_int_shift_reg_11, i64 0, i64 %zext_ln33_9" [fir.cpp:33]   --->   Operation 347 'getelementptr' 'fir_int_int_shift_reg_11_addr_5' <Predicate = true> <Delay = 0.00>
ST_70 : Operation 348 [1/1] (0.00ns)   --->   "%fir_int_int_shift_reg_12_addr_5 = getelementptr i32 %fir_int_int_shift_reg_12, i64 0, i64 %zext_ln33_9" [fir.cpp:33]   --->   Operation 348 'getelementptr' 'fir_int_int_shift_reg_12_addr_5' <Predicate = true> <Delay = 0.00>
ST_70 : Operation 349 [1/1] (0.00ns)   --->   "%fir_int_int_shift_reg_13_addr_5 = getelementptr i32 %fir_int_int_shift_reg_13, i64 0, i64 %zext_ln33_9" [fir.cpp:33]   --->   Operation 349 'getelementptr' 'fir_int_int_shift_reg_13_addr_5' <Predicate = true> <Delay = 0.00>
ST_70 : Operation 350 [1/1] (0.00ns)   --->   "%fir_int_int_shift_reg_14_addr_5 = getelementptr i32 %fir_int_int_shift_reg_14, i64 0, i64 %zext_ln33_9" [fir.cpp:33]   --->   Operation 350 'getelementptr' 'fir_int_int_shift_reg_14_addr_5' <Predicate = true> <Delay = 0.00>
ST_70 : Operation 351 [1/1] (0.00ns)   --->   "%fir_int_int_shift_reg_15_addr_5 = getelementptr i32 %fir_int_int_shift_reg_15, i64 0, i64 %zext_ln33_9" [fir.cpp:33]   --->   Operation 351 'getelementptr' 'fir_int_int_shift_reg_15_addr_5' <Predicate = true> <Delay = 0.00>
ST_70 : Operation 352 [1/1] (0.00ns)   --->   "%fir_int_int_shift_reg_16_addr_5 = getelementptr i32 %fir_int_int_shift_reg_16, i64 0, i64 %zext_ln33_9" [fir.cpp:33]   --->   Operation 352 'getelementptr' 'fir_int_int_shift_reg_16_addr_5' <Predicate = true> <Delay = 0.00>
ST_70 : Operation 353 [1/1] (0.00ns)   --->   "%fir_int_int_shift_reg_17_addr_5 = getelementptr i32 %fir_int_int_shift_reg_17, i64 0, i64 %zext_ln33_9" [fir.cpp:33]   --->   Operation 353 'getelementptr' 'fir_int_int_shift_reg_17_addr_5' <Predicate = true> <Delay = 0.00>
ST_70 : Operation 354 [1/1] (0.00ns)   --->   "%fir_int_int_shift_reg_18_addr_5 = getelementptr i32 %fir_int_int_shift_reg_18, i64 0, i64 %zext_ln33_9" [fir.cpp:33]   --->   Operation 354 'getelementptr' 'fir_int_int_shift_reg_18_addr_5' <Predicate = true> <Delay = 0.00>
ST_70 : Operation 355 [1/1] (0.00ns)   --->   "%p_ZZ3firPiiE9shift_reg_10_addr_5 = getelementptr i32 %p_ZZ3firPiiE9shift_reg_10, i64 0, i64 %zext_ln33_9" [fir.cpp:33]   --->   Operation 355 'getelementptr' 'p_ZZ3firPiiE9shift_reg_10_addr_5' <Predicate = true> <Delay = 0.00>
ST_70 : Operation 356 [1/1] (0.00ns)   --->   "%p_ZZ3firPiiE9shift_reg_11_addr_5 = getelementptr i32 %p_ZZ3firPiiE9shift_reg_11, i64 0, i64 %zext_ln33_9" [fir.cpp:33]   --->   Operation 356 'getelementptr' 'p_ZZ3firPiiE9shift_reg_11_addr_5' <Predicate = true> <Delay = 0.00>
ST_70 : Operation 357 [1/1] (0.00ns)   --->   "%p_ZZ3firPiiE9shift_reg_12_addr_5 = getelementptr i32 %p_ZZ3firPiiE9shift_reg_12, i64 0, i64 %zext_ln33_9" [fir.cpp:33]   --->   Operation 357 'getelementptr' 'p_ZZ3firPiiE9shift_reg_12_addr_5' <Predicate = true> <Delay = 0.00>
ST_70 : Operation 358 [1/1] (0.00ns)   --->   "%p_ZZ3firPiiE9shift_reg_13_addr_5 = getelementptr i32 %p_ZZ3firPiiE9shift_reg_13, i64 0, i64 %zext_ln33_9" [fir.cpp:33]   --->   Operation 358 'getelementptr' 'p_ZZ3firPiiE9shift_reg_13_addr_5' <Predicate = true> <Delay = 0.00>
ST_70 : Operation 359 [1/1] (0.00ns)   --->   "%p_ZZ3firPiiE9shift_reg_14_addr_5 = getelementptr i32 %p_ZZ3firPiiE9shift_reg_14, i64 0, i64 %zext_ln33_9" [fir.cpp:33]   --->   Operation 359 'getelementptr' 'p_ZZ3firPiiE9shift_reg_14_addr_5' <Predicate = true> <Delay = 0.00>
ST_70 : Operation 360 [1/1] (0.00ns)   --->   "%fir_mulint_int_shift_reg_addr_5 = getelementptr i32 %p_ZZ3firPiiE9shift_reg_15, i64 0, i64 %zext_ln33_9" [fir.cpp:33]   --->   Operation 360 'getelementptr' 'fir_mulint_int_shift_reg_addr_5' <Predicate = true> <Delay = 0.00>
ST_70 : Operation 361 [1/1] (0.00ns)   --->   "%p_ZZ3firPiiE9shift_reg_16_addr_5 = getelementptr i32 %p_ZZ3firPiiE9shift_reg_16, i64 0, i64 %zext_ln33_9" [fir.cpp:33]   --->   Operation 361 'getelementptr' 'p_ZZ3firPiiE9shift_reg_16_addr_5' <Predicate = true> <Delay = 0.00>
ST_70 : Operation 362 [1/1] (0.00ns)   --->   "%fir_int_int_shift_reg_20 = getelementptr i32 %p_ZZ3firPiiE9shift_reg_17, i64 0, i64 %zext_ln33_9" [fir.cpp:33]   --->   Operation 362 'getelementptr' 'fir_int_int_shift_reg_20' <Predicate = true> <Delay = 0.00>
ST_70 : Operation 363 [1/1] (0.00ns)   --->   "%p_ZZ3firPiiE9shift_reg_18_addr_5 = getelementptr i32 %p_ZZ3firPiiE9shift_reg_18, i64 0, i64 %zext_ln33_9" [fir.cpp:33]   --->   Operation 363 'getelementptr' 'p_ZZ3firPiiE9shift_reg_18_addr_5' <Predicate = true> <Delay = 0.00>
ST_70 : Operation 364 [1/1] (0.00ns)   --->   "%p_ZZ3firPiiE9shift_reg_19_addr_5 = getelementptr i32 %p_ZZ3firPiiE9shift_reg_19, i64 0, i64 %zext_ln33_9" [fir.cpp:33]   --->   Operation 364 'getelementptr' 'p_ZZ3firPiiE9shift_reg_19_addr_5' <Predicate = true> <Delay = 0.00>
ST_70 : Operation 365 [1/1] (0.00ns)   --->   "%zext_ln33_11 = zext i60 %tmp_16" [fir.cpp:33]   --->   Operation 365 'zext' 'zext_ln33_11' <Predicate = true> <Delay = 0.00>
ST_70 : Operation 366 [1/1] (0.00ns)   --->   "%fir_int_int_shift_reg_addr_6 = getelementptr i32 %fir_int_int_shift_reg, i64 0, i64 %zext_ln33_11" [fir.cpp:33]   --->   Operation 366 'getelementptr' 'fir_int_int_shift_reg_addr_6' <Predicate = true> <Delay = 0.00>
ST_70 : Operation 367 [1/1] (0.00ns)   --->   "%fir_int_int_shift_reg_10_addr_6 = getelementptr i32 %fir_int_int_shift_reg_10, i64 0, i64 %zext_ln33_11" [fir.cpp:33]   --->   Operation 367 'getelementptr' 'fir_int_int_shift_reg_10_addr_6' <Predicate = true> <Delay = 0.00>
ST_70 : Operation 368 [1/1] (0.00ns)   --->   "%fir_int_int_shift_reg_11_addr_6 = getelementptr i32 %fir_int_int_shift_reg_11, i64 0, i64 %zext_ln33_11" [fir.cpp:33]   --->   Operation 368 'getelementptr' 'fir_int_int_shift_reg_11_addr_6' <Predicate = true> <Delay = 0.00>
ST_70 : Operation 369 [1/1] (0.00ns)   --->   "%fir_int_int_shift_reg_12_addr_6 = getelementptr i32 %fir_int_int_shift_reg_12, i64 0, i64 %zext_ln33_11" [fir.cpp:33]   --->   Operation 369 'getelementptr' 'fir_int_int_shift_reg_12_addr_6' <Predicate = true> <Delay = 0.00>
ST_70 : Operation 370 [1/1] (0.00ns)   --->   "%fir_int_int_shift_reg_13_addr_6 = getelementptr i32 %fir_int_int_shift_reg_13, i64 0, i64 %zext_ln33_11" [fir.cpp:33]   --->   Operation 370 'getelementptr' 'fir_int_int_shift_reg_13_addr_6' <Predicate = true> <Delay = 0.00>
ST_70 : Operation 371 [1/1] (0.00ns)   --->   "%fir_int_int_shift_reg_14_addr_6 = getelementptr i32 %fir_int_int_shift_reg_14, i64 0, i64 %zext_ln33_11" [fir.cpp:33]   --->   Operation 371 'getelementptr' 'fir_int_int_shift_reg_14_addr_6' <Predicate = true> <Delay = 0.00>
ST_70 : Operation 372 [1/1] (0.00ns)   --->   "%fir_int_int_shift_reg_15_addr_6 = getelementptr i32 %fir_int_int_shift_reg_15, i64 0, i64 %zext_ln33_11" [fir.cpp:33]   --->   Operation 372 'getelementptr' 'fir_int_int_shift_reg_15_addr_6' <Predicate = true> <Delay = 0.00>
ST_70 : Operation 373 [1/1] (0.00ns)   --->   "%fir_int_int_shift_reg_16_addr_6 = getelementptr i32 %fir_int_int_shift_reg_16, i64 0, i64 %zext_ln33_11" [fir.cpp:33]   --->   Operation 373 'getelementptr' 'fir_int_int_shift_reg_16_addr_6' <Predicate = true> <Delay = 0.00>
ST_70 : Operation 374 [1/1] (0.00ns)   --->   "%fir_int_int_shift_reg_17_addr_6 = getelementptr i32 %fir_int_int_shift_reg_17, i64 0, i64 %zext_ln33_11" [fir.cpp:33]   --->   Operation 374 'getelementptr' 'fir_int_int_shift_reg_17_addr_6' <Predicate = true> <Delay = 0.00>
ST_70 : Operation 375 [1/1] (0.00ns)   --->   "%fir_int_int_shift_reg_18_addr_6 = getelementptr i32 %fir_int_int_shift_reg_18, i64 0, i64 %zext_ln33_11" [fir.cpp:33]   --->   Operation 375 'getelementptr' 'fir_int_int_shift_reg_18_addr_6' <Predicate = true> <Delay = 0.00>
ST_70 : Operation 376 [1/1] (0.00ns)   --->   "%p_ZZ3firPiiE9shift_reg_10_addr_6 = getelementptr i32 %p_ZZ3firPiiE9shift_reg_10, i64 0, i64 %zext_ln33_11" [fir.cpp:33]   --->   Operation 376 'getelementptr' 'p_ZZ3firPiiE9shift_reg_10_addr_6' <Predicate = true> <Delay = 0.00>
ST_70 : Operation 377 [1/1] (0.00ns)   --->   "%p_ZZ3firPiiE9shift_reg_11_addr_6 = getelementptr i32 %p_ZZ3firPiiE9shift_reg_11, i64 0, i64 %zext_ln33_11" [fir.cpp:33]   --->   Operation 377 'getelementptr' 'p_ZZ3firPiiE9shift_reg_11_addr_6' <Predicate = true> <Delay = 0.00>
ST_70 : Operation 378 [1/1] (0.00ns)   --->   "%p_ZZ3firPiiE9shift_reg_12_addr_6 = getelementptr i32 %p_ZZ3firPiiE9shift_reg_12, i64 0, i64 %zext_ln33_11" [fir.cpp:33]   --->   Operation 378 'getelementptr' 'p_ZZ3firPiiE9shift_reg_12_addr_6' <Predicate = true> <Delay = 0.00>
ST_70 : Operation 379 [1/1] (0.00ns)   --->   "%p_ZZ3firPiiE9shift_reg_13_addr_6 = getelementptr i32 %p_ZZ3firPiiE9shift_reg_13, i64 0, i64 %zext_ln33_11" [fir.cpp:33]   --->   Operation 379 'getelementptr' 'p_ZZ3firPiiE9shift_reg_13_addr_6' <Predicate = true> <Delay = 0.00>
ST_70 : Operation 380 [1/1] (0.00ns)   --->   "%p_ZZ3firPiiE9shift_reg_14_addr_6 = getelementptr i32 %p_ZZ3firPiiE9shift_reg_14, i64 0, i64 %zext_ln33_11" [fir.cpp:33]   --->   Operation 380 'getelementptr' 'p_ZZ3firPiiE9shift_reg_14_addr_6' <Predicate = true> <Delay = 0.00>
ST_70 : Operation 381 [1/1] (0.00ns)   --->   "%fir_mulint_int_shift_reg_addr_6 = getelementptr i32 %p_ZZ3firPiiE9shift_reg_15, i64 0, i64 %zext_ln33_11" [fir.cpp:33]   --->   Operation 381 'getelementptr' 'fir_mulint_int_shift_reg_addr_6' <Predicate = true> <Delay = 0.00>
ST_70 : Operation 382 [1/1] (0.00ns)   --->   "%p_ZZ3firPiiE9shift_reg_16_addr_6 = getelementptr i32 %p_ZZ3firPiiE9shift_reg_16, i64 0, i64 %zext_ln33_11" [fir.cpp:33]   --->   Operation 382 'getelementptr' 'p_ZZ3firPiiE9shift_reg_16_addr_6' <Predicate = true> <Delay = 0.00>
ST_70 : Operation 383 [1/1] (0.00ns)   --->   "%fir_int_int_shift_reg_21 = getelementptr i32 %p_ZZ3firPiiE9shift_reg_17, i64 0, i64 %zext_ln33_11" [fir.cpp:33]   --->   Operation 383 'getelementptr' 'fir_int_int_shift_reg_21' <Predicate = true> <Delay = 0.00>
ST_70 : Operation 384 [1/1] (0.00ns)   --->   "%p_ZZ3firPiiE9shift_reg_18_addr_6 = getelementptr i32 %p_ZZ3firPiiE9shift_reg_18, i64 0, i64 %zext_ln33_11" [fir.cpp:33]   --->   Operation 384 'getelementptr' 'p_ZZ3firPiiE9shift_reg_18_addr_6' <Predicate = true> <Delay = 0.00>
ST_70 : Operation 385 [1/1] (0.00ns)   --->   "%p_ZZ3firPiiE9shift_reg_19_addr_6 = getelementptr i32 %p_ZZ3firPiiE9shift_reg_19, i64 0, i64 %zext_ln33_11" [fir.cpp:33]   --->   Operation 385 'getelementptr' 'p_ZZ3firPiiE9shift_reg_19_addr_6' <Predicate = true> <Delay = 0.00>
ST_70 : Operation 386 [1/1] (0.00ns)   --->   "%zext_ln33_13 = zext i60 %tmp_17" [fir.cpp:33]   --->   Operation 386 'zext' 'zext_ln33_13' <Predicate = true> <Delay = 0.00>
ST_70 : Operation 387 [1/1] (0.00ns)   --->   "%fir_int_int_shift_reg_addr_7 = getelementptr i32 %fir_int_int_shift_reg, i64 0, i64 %zext_ln33_13" [fir.cpp:33]   --->   Operation 387 'getelementptr' 'fir_int_int_shift_reg_addr_7' <Predicate = true> <Delay = 0.00>
ST_70 : Operation 388 [1/1] (0.00ns)   --->   "%fir_int_int_shift_reg_10_addr_7 = getelementptr i32 %fir_int_int_shift_reg_10, i64 0, i64 %zext_ln33_13" [fir.cpp:33]   --->   Operation 388 'getelementptr' 'fir_int_int_shift_reg_10_addr_7' <Predicate = true> <Delay = 0.00>
ST_70 : Operation 389 [1/1] (0.00ns)   --->   "%fir_int_int_shift_reg_11_addr_7 = getelementptr i32 %fir_int_int_shift_reg_11, i64 0, i64 %zext_ln33_13" [fir.cpp:33]   --->   Operation 389 'getelementptr' 'fir_int_int_shift_reg_11_addr_7' <Predicate = true> <Delay = 0.00>
ST_70 : Operation 390 [1/1] (0.00ns)   --->   "%fir_int_int_shift_reg_12_addr_7 = getelementptr i32 %fir_int_int_shift_reg_12, i64 0, i64 %zext_ln33_13" [fir.cpp:33]   --->   Operation 390 'getelementptr' 'fir_int_int_shift_reg_12_addr_7' <Predicate = true> <Delay = 0.00>
ST_70 : Operation 391 [1/1] (0.00ns)   --->   "%fir_int_int_shift_reg_13_addr_7 = getelementptr i32 %fir_int_int_shift_reg_13, i64 0, i64 %zext_ln33_13" [fir.cpp:33]   --->   Operation 391 'getelementptr' 'fir_int_int_shift_reg_13_addr_7' <Predicate = true> <Delay = 0.00>
ST_70 : Operation 392 [1/1] (0.00ns)   --->   "%fir_int_int_shift_reg_14_addr_7 = getelementptr i32 %fir_int_int_shift_reg_14, i64 0, i64 %zext_ln33_13" [fir.cpp:33]   --->   Operation 392 'getelementptr' 'fir_int_int_shift_reg_14_addr_7' <Predicate = true> <Delay = 0.00>
ST_70 : Operation 393 [1/1] (0.00ns)   --->   "%fir_int_int_shift_reg_15_addr_7 = getelementptr i32 %fir_int_int_shift_reg_15, i64 0, i64 %zext_ln33_13" [fir.cpp:33]   --->   Operation 393 'getelementptr' 'fir_int_int_shift_reg_15_addr_7' <Predicate = true> <Delay = 0.00>
ST_70 : Operation 394 [1/1] (0.00ns)   --->   "%fir_int_int_shift_reg_16_addr_7 = getelementptr i32 %fir_int_int_shift_reg_16, i64 0, i64 %zext_ln33_13" [fir.cpp:33]   --->   Operation 394 'getelementptr' 'fir_int_int_shift_reg_16_addr_7' <Predicate = true> <Delay = 0.00>
ST_70 : Operation 395 [1/1] (0.00ns)   --->   "%fir_int_int_shift_reg_17_addr_7 = getelementptr i32 %fir_int_int_shift_reg_17, i64 0, i64 %zext_ln33_13" [fir.cpp:33]   --->   Operation 395 'getelementptr' 'fir_int_int_shift_reg_17_addr_7' <Predicate = true> <Delay = 0.00>
ST_70 : Operation 396 [1/1] (0.00ns)   --->   "%fir_int_int_shift_reg_18_addr_7 = getelementptr i32 %fir_int_int_shift_reg_18, i64 0, i64 %zext_ln33_13" [fir.cpp:33]   --->   Operation 396 'getelementptr' 'fir_int_int_shift_reg_18_addr_7' <Predicate = true> <Delay = 0.00>
ST_70 : Operation 397 [1/1] (0.00ns)   --->   "%p_ZZ3firPiiE9shift_reg_10_addr_7 = getelementptr i32 %p_ZZ3firPiiE9shift_reg_10, i64 0, i64 %zext_ln33_13" [fir.cpp:33]   --->   Operation 397 'getelementptr' 'p_ZZ3firPiiE9shift_reg_10_addr_7' <Predicate = true> <Delay = 0.00>
ST_70 : Operation 398 [1/1] (0.00ns)   --->   "%p_ZZ3firPiiE9shift_reg_11_addr_7 = getelementptr i32 %p_ZZ3firPiiE9shift_reg_11, i64 0, i64 %zext_ln33_13" [fir.cpp:33]   --->   Operation 398 'getelementptr' 'p_ZZ3firPiiE9shift_reg_11_addr_7' <Predicate = true> <Delay = 0.00>
ST_70 : Operation 399 [1/1] (0.00ns)   --->   "%p_ZZ3firPiiE9shift_reg_12_addr_7 = getelementptr i32 %p_ZZ3firPiiE9shift_reg_12, i64 0, i64 %zext_ln33_13" [fir.cpp:33]   --->   Operation 399 'getelementptr' 'p_ZZ3firPiiE9shift_reg_12_addr_7' <Predicate = true> <Delay = 0.00>
ST_70 : Operation 400 [1/1] (0.00ns)   --->   "%p_ZZ3firPiiE9shift_reg_13_addr_7 = getelementptr i32 %p_ZZ3firPiiE9shift_reg_13, i64 0, i64 %zext_ln33_13" [fir.cpp:33]   --->   Operation 400 'getelementptr' 'p_ZZ3firPiiE9shift_reg_13_addr_7' <Predicate = true> <Delay = 0.00>
ST_70 : Operation 401 [1/1] (0.00ns)   --->   "%p_ZZ3firPiiE9shift_reg_14_addr_7 = getelementptr i32 %p_ZZ3firPiiE9shift_reg_14, i64 0, i64 %zext_ln33_13" [fir.cpp:33]   --->   Operation 401 'getelementptr' 'p_ZZ3firPiiE9shift_reg_14_addr_7' <Predicate = true> <Delay = 0.00>
ST_70 : Operation 402 [1/1] (0.00ns)   --->   "%fir_mulint_int_shift_reg_addr_7 = getelementptr i32 %p_ZZ3firPiiE9shift_reg_15, i64 0, i64 %zext_ln33_13" [fir.cpp:33]   --->   Operation 402 'getelementptr' 'fir_mulint_int_shift_reg_addr_7' <Predicate = true> <Delay = 0.00>
ST_70 : Operation 403 [1/1] (0.00ns)   --->   "%p_ZZ3firPiiE9shift_reg_16_addr_7 = getelementptr i32 %p_ZZ3firPiiE9shift_reg_16, i64 0, i64 %zext_ln33_13" [fir.cpp:33]   --->   Operation 403 'getelementptr' 'p_ZZ3firPiiE9shift_reg_16_addr_7' <Predicate = true> <Delay = 0.00>
ST_70 : Operation 404 [1/1] (0.00ns)   --->   "%fir_int_int_shift_reg_22 = getelementptr i32 %p_ZZ3firPiiE9shift_reg_17, i64 0, i64 %zext_ln33_13" [fir.cpp:33]   --->   Operation 404 'getelementptr' 'fir_int_int_shift_reg_22' <Predicate = true> <Delay = 0.00>
ST_70 : Operation 405 [1/1] (0.00ns)   --->   "%p_ZZ3firPiiE9shift_reg_18_addr_7 = getelementptr i32 %p_ZZ3firPiiE9shift_reg_18, i64 0, i64 %zext_ln33_13" [fir.cpp:33]   --->   Operation 405 'getelementptr' 'p_ZZ3firPiiE9shift_reg_18_addr_7' <Predicate = true> <Delay = 0.00>
ST_70 : Operation 406 [1/1] (0.00ns)   --->   "%p_ZZ3firPiiE9shift_reg_19_addr_7 = getelementptr i32 %p_ZZ3firPiiE9shift_reg_19, i64 0, i64 %zext_ln33_13" [fir.cpp:33]   --->   Operation 406 'getelementptr' 'p_ZZ3firPiiE9shift_reg_19_addr_7' <Predicate = true> <Delay = 0.00>
ST_70 : Operation 407 [2/2] (2.32ns)   --->   "%fir_int_int_shift_reg_load_1 = load i3 %fir_int_int_shift_reg_addr_2" [fir.cpp:33]   --->   Operation 407 'load' 'fir_int_int_shift_reg_load_1' <Predicate = (trunc_ln27 == 2)> <Delay = 2.32> <CoreInst = "RAM">   --->   Core 81 'RAM' <Latency = 1> <II = 1> <Delay = 2.32> <Storage> <Opcode : 'load' 'store'> <Ports = 2> <Width = 32> <Depth = 7> <RAM>
ST_70 : Operation 408 [2/2] (2.32ns)   --->   "%fir_int_int_shift_reg_10_load_1 = load i3 %fir_int_int_shift_reg_10_addr_2" [fir.cpp:33]   --->   Operation 408 'load' 'fir_int_int_shift_reg_10_load_1' <Predicate = (trunc_ln27 == 3)> <Delay = 2.32> <CoreInst = "RAM">   --->   Core 81 'RAM' <Latency = 1> <II = 1> <Delay = 2.32> <Storage> <Opcode : 'load' 'store'> <Ports = 2> <Width = 32> <Depth = 7> <RAM>
ST_70 : Operation 409 [2/2] (2.32ns)   --->   "%fir_int_int_shift_reg_11_load_1 = load i3 %fir_int_int_shift_reg_11_addr_2" [fir.cpp:33]   --->   Operation 409 'load' 'fir_int_int_shift_reg_11_load_1' <Predicate = (trunc_ln27 == 4)> <Delay = 2.32> <CoreInst = "RAM">   --->   Core 81 'RAM' <Latency = 1> <II = 1> <Delay = 2.32> <Storage> <Opcode : 'load' 'store'> <Ports = 2> <Width = 32> <Depth = 7> <RAM>
ST_70 : Operation 410 [2/2] (2.32ns)   --->   "%fir_int_int_shift_reg_12_load_1 = load i3 %fir_int_int_shift_reg_12_addr_2" [fir.cpp:33]   --->   Operation 410 'load' 'fir_int_int_shift_reg_12_load_1' <Predicate = (trunc_ln27 == 5)> <Delay = 2.32> <CoreInst = "RAM">   --->   Core 81 'RAM' <Latency = 1> <II = 1> <Delay = 2.32> <Storage> <Opcode : 'load' 'store'> <Ports = 2> <Width = 32> <Depth = 7> <RAM>
ST_70 : Operation 411 [2/2] (2.32ns)   --->   "%fir_int_int_shift_reg_13_load_1 = load i3 %fir_int_int_shift_reg_13_addr_2" [fir.cpp:33]   --->   Operation 411 'load' 'fir_int_int_shift_reg_13_load_1' <Predicate = (trunc_ln27 == 6)> <Delay = 2.32> <CoreInst = "RAM">   --->   Core 81 'RAM' <Latency = 1> <II = 1> <Delay = 2.32> <Storage> <Opcode : 'load' 'store'> <Ports = 2> <Width = 32> <Depth = 7> <RAM>
ST_70 : Operation 412 [2/2] (2.32ns)   --->   "%fir_int_int_shift_reg_14_load_1 = load i3 %fir_int_int_shift_reg_14_addr_2" [fir.cpp:33]   --->   Operation 412 'load' 'fir_int_int_shift_reg_14_load_1' <Predicate = (trunc_ln27 == 7)> <Delay = 2.32> <CoreInst = "RAM">   --->   Core 81 'RAM' <Latency = 1> <II = 1> <Delay = 2.32> <Storage> <Opcode : 'load' 'store'> <Ports = 2> <Width = 32> <Depth = 7> <RAM>
ST_70 : Operation 413 [2/2] (2.32ns)   --->   "%fir_int_int_shift_reg_15_load_1 = load i3 %fir_int_int_shift_reg_15_addr_2" [fir.cpp:33]   --->   Operation 413 'load' 'fir_int_int_shift_reg_15_load_1' <Predicate = (trunc_ln27 == 8)> <Delay = 2.32> <CoreInst = "RAM">   --->   Core 81 'RAM' <Latency = 1> <II = 1> <Delay = 2.32> <Storage> <Opcode : 'load' 'store'> <Ports = 2> <Width = 32> <Depth = 7> <RAM>
ST_70 : Operation 414 [2/2] (2.32ns)   --->   "%fir_int_int_shift_reg_16_load_1 = load i3 %fir_int_int_shift_reg_16_addr_2" [fir.cpp:33]   --->   Operation 414 'load' 'fir_int_int_shift_reg_16_load_1' <Predicate = (trunc_ln27 == 9)> <Delay = 2.32> <CoreInst = "RAM">   --->   Core 81 'RAM' <Latency = 1> <II = 1> <Delay = 2.32> <Storage> <Opcode : 'load' 'store'> <Ports = 2> <Width = 32> <Depth = 7> <RAM>
ST_70 : Operation 415 [2/2] (2.32ns)   --->   "%fir_int_int_shift_reg_17_load_1 = load i3 %fir_int_int_shift_reg_17_addr_2" [fir.cpp:33]   --->   Operation 415 'load' 'fir_int_int_shift_reg_17_load_1' <Predicate = (trunc_ln27 == 10)> <Delay = 2.32> <CoreInst = "RAM">   --->   Core 81 'RAM' <Latency = 1> <II = 1> <Delay = 2.32> <Storage> <Opcode : 'load' 'store'> <Ports = 2> <Width = 32> <Depth = 7> <RAM>
ST_70 : Operation 416 [2/2] (2.32ns)   --->   "%fir_int_int_shift_reg_18_load_1 = load i3 %fir_int_int_shift_reg_18_addr_2" [fir.cpp:33]   --->   Operation 416 'load' 'fir_int_int_shift_reg_18_load_1' <Predicate = (trunc_ln27 == 11)> <Delay = 2.32> <CoreInst = "RAM">   --->   Core 81 'RAM' <Latency = 1> <II = 1> <Delay = 2.32> <Storage> <Opcode : 'load' 'store'> <Ports = 2> <Width = 32> <Depth = 7> <RAM>
ST_70 : Operation 417 [2/2] (2.32ns)   --->   "%p_ZZ3firPiiE9shift_reg_10_load_1 = load i3 %p_ZZ3firPiiE9shift_reg_10_addr_2" [fir.cpp:33]   --->   Operation 417 'load' 'p_ZZ3firPiiE9shift_reg_10_load_1' <Predicate = (trunc_ln27 == 12)> <Delay = 2.32> <CoreInst = "RAM">   --->   Core 81 'RAM' <Latency = 1> <II = 1> <Delay = 2.32> <Storage> <Opcode : 'load' 'store'> <Ports = 2> <Width = 32> <Depth = 7> <RAM>
ST_70 : Operation 418 [2/2] (2.32ns)   --->   "%fir_mulint_int_shift_reg_long_unsigned_int128_signed_char_double_1 = load i3 %p_ZZ3firPiiE9shift_reg_11_addr_2" [fir.cpp:33]   --->   Operation 418 'load' 'fir_mulint_int_shift_reg_long_unsigned_int128_signed_char_double_1' <Predicate = (trunc_ln27 == 13)> <Delay = 2.32> <CoreInst = "RAM">   --->   Core 81 'RAM' <Latency = 1> <II = 1> <Delay = 2.32> <Storage> <Opcode : 'load' 'store'> <Ports = 2> <Width = 32> <Depth = 7> <RAM>
ST_70 : Operation 419 [2/2] (2.32ns)   --->   "%fir_mulint_int_shift_reg_l_unsigned_int128_signed_char_double_1 = load i3 %p_ZZ3firPiiE9shift_reg_12_addr_2" [fir.cpp:33]   --->   Operation 419 'load' 'fir_mulint_int_shift_reg_l_unsigned_int128_signed_char_double_1' <Predicate = (trunc_ln27 == 14)> <Delay = 2.32> <CoreInst = "RAM">   --->   Core 81 'RAM' <Latency = 1> <II = 1> <Delay = 2.32> <Storage> <Opcode : 'load' 'store'> <Ports = 2> <Width = 32> <Depth = 7> <RAM>
ST_70 : Operation 420 [2/2] (2.32ns)   --->   "%fir_mulint_int_shift_reg_lo_signed_char_double_1 = load i3 %p_ZZ3firPiiE9shift_reg_13_addr_2" [fir.cpp:33]   --->   Operation 420 'load' 'fir_mulint_int_shift_reg_lo_signed_char_double_1' <Predicate = (trunc_ln27 == 15)> <Delay = 2.32> <CoreInst = "RAM">   --->   Core 81 'RAM' <Latency = 1> <II = 1> <Delay = 2.32> <Storage> <Opcode : 'load' 'store'> <Ports = 2> <Width = 32> <Depth = 7> <RAM>
ST_70 : Operation 421 [2/2] (2.32ns)   --->   "%fir_mulint_int_shift_reg_loa_double_1 = load i3 %p_ZZ3firPiiE9shift_reg_14_addr_2" [fir.cpp:33]   --->   Operation 421 'load' 'fir_mulint_int_shift_reg_loa_double_1' <Predicate = (trunc_ln27 == 16)> <Delay = 2.32> <CoreInst = "RAM">   --->   Core 81 'RAM' <Latency = 1> <II = 1> <Delay = 2.32> <Storage> <Opcode : 'load' 'store'> <Ports = 2> <Width = 32> <Depth = 7> <RAM>
ST_70 : Operation 422 [2/2] (2.32ns)   --->   "%fir_mulint_int_shift_reg_load_1 = load i3 %fir_mulint_int_shift_reg_addr_2" [fir.cpp:33]   --->   Operation 422 'load' 'fir_mulint_int_shift_reg_load_1' <Predicate = (trunc_ln27 == 17)> <Delay = 2.32> <CoreInst = "RAM">   --->   Core 81 'RAM' <Latency = 1> <II = 1> <Delay = 2.32> <Storage> <Opcode : 'load' 'store'> <Ports = 2> <Width = 32> <Depth = 7> <RAM>
ST_70 : Operation 423 [2/2] (2.32ns)   --->   "%p_ZZ3firPiiE9shift_reg_16_load_1 = load i3 %p_ZZ3firPiiE9shift_reg_16_addr_2" [fir.cpp:33]   --->   Operation 423 'load' 'p_ZZ3firPiiE9shift_reg_16_load_1' <Predicate = (trunc_ln27 == 18)> <Delay = 2.32> <CoreInst = "RAM">   --->   Core 81 'RAM' <Latency = 1> <II = 1> <Delay = 2.32> <Storage> <Opcode : 'load' 'store'> <Ports = 2> <Width = 32> <Depth = 7> <RAM>
ST_70 : Operation 424 [2/2] (2.32ns)   --->   "%fir_int_int_shift_reg_23 = load i3 %fir_int_int_shift_reg_17" [fir.cpp:33]   --->   Operation 424 'load' 'fir_int_int_shift_reg_23' <Predicate = (trunc_ln27 == 19)> <Delay = 2.32> <CoreInst = "RAM">   --->   Core 81 'RAM' <Latency = 1> <II = 1> <Delay = 2.32> <Storage> <Opcode : 'load' 'store'> <Ports = 2> <Width = 32> <Depth = 7> <RAM>
ST_70 : Operation 425 [2/2] (2.32ns)   --->   "%p_ZZ3firPiiE9shift_reg_18_load_1 = load i3 %p_ZZ3firPiiE9shift_reg_18_addr_2" [fir.cpp:33]   --->   Operation 425 'load' 'p_ZZ3firPiiE9shift_reg_18_load_1' <Predicate = (trunc_ln27 == 0)> <Delay = 2.32> <CoreInst = "RAM">   --->   Core 81 'RAM' <Latency = 1> <II = 1> <Delay = 2.32> <Storage> <Opcode : 'load' 'store'> <Ports = 2> <Width = 32> <Depth = 7> <RAM>
ST_70 : Operation 426 [2/2] (2.32ns)   --->   "%p_ZZ3firPiiE9shift_reg_19_load_1 = load i3 %p_ZZ3firPiiE9shift_reg_19_addr_2" [fir.cpp:33]   --->   Operation 426 'load' 'p_ZZ3firPiiE9shift_reg_19_load_1' <Predicate = (trunc_ln27 == 1)> <Delay = 2.32> <CoreInst = "RAM">   --->   Core 81 'RAM' <Latency = 1> <II = 1> <Delay = 2.32> <Storage> <Opcode : 'load' 'store'> <Ports = 2> <Width = 32> <Depth = 7> <RAM>
ST_70 : Operation 427 [2/2] (2.32ns)   --->   "%fir_int_int_shift_reg_load_2 = load i3 %fir_int_int_shift_reg_addr_3" [fir.cpp:33]   --->   Operation 427 'load' 'fir_int_int_shift_reg_load_2' <Predicate = (trunc_ln27 == 3)> <Delay = 2.32> <CoreInst = "RAM">   --->   Core 81 'RAM' <Latency = 1> <II = 1> <Delay = 2.32> <Storage> <Opcode : 'load' 'store'> <Ports = 2> <Width = 32> <Depth = 7> <RAM>
ST_70 : Operation 428 [2/2] (2.32ns)   --->   "%fir_int_int_shift_reg_10_load_2 = load i3 %fir_int_int_shift_reg_10_addr_3" [fir.cpp:33]   --->   Operation 428 'load' 'fir_int_int_shift_reg_10_load_2' <Predicate = (trunc_ln27 == 4)> <Delay = 2.32> <CoreInst = "RAM">   --->   Core 81 'RAM' <Latency = 1> <II = 1> <Delay = 2.32> <Storage> <Opcode : 'load' 'store'> <Ports = 2> <Width = 32> <Depth = 7> <RAM>
ST_70 : Operation 429 [2/2] (2.32ns)   --->   "%fir_int_int_shift_reg_11_load_2 = load i3 %fir_int_int_shift_reg_11_addr_3" [fir.cpp:33]   --->   Operation 429 'load' 'fir_int_int_shift_reg_11_load_2' <Predicate = (trunc_ln27 == 5)> <Delay = 2.32> <CoreInst = "RAM">   --->   Core 81 'RAM' <Latency = 1> <II = 1> <Delay = 2.32> <Storage> <Opcode : 'load' 'store'> <Ports = 2> <Width = 32> <Depth = 7> <RAM>
ST_70 : Operation 430 [2/2] (2.32ns)   --->   "%fir_int_int_shift_reg_12_load_2 = load i3 %fir_int_int_shift_reg_12_addr_3" [fir.cpp:33]   --->   Operation 430 'load' 'fir_int_int_shift_reg_12_load_2' <Predicate = (trunc_ln27 == 6)> <Delay = 2.32> <CoreInst = "RAM">   --->   Core 81 'RAM' <Latency = 1> <II = 1> <Delay = 2.32> <Storage> <Opcode : 'load' 'store'> <Ports = 2> <Width = 32> <Depth = 7> <RAM>
ST_70 : Operation 431 [2/2] (2.32ns)   --->   "%fir_int_int_shift_reg_13_load_2 = load i3 %fir_int_int_shift_reg_13_addr_3" [fir.cpp:33]   --->   Operation 431 'load' 'fir_int_int_shift_reg_13_load_2' <Predicate = (trunc_ln27 == 7)> <Delay = 2.32> <CoreInst = "RAM">   --->   Core 81 'RAM' <Latency = 1> <II = 1> <Delay = 2.32> <Storage> <Opcode : 'load' 'store'> <Ports = 2> <Width = 32> <Depth = 7> <RAM>
ST_70 : Operation 432 [2/2] (2.32ns)   --->   "%fir_int_int_shift_reg_14_load_2 = load i3 %fir_int_int_shift_reg_14_addr_3" [fir.cpp:33]   --->   Operation 432 'load' 'fir_int_int_shift_reg_14_load_2' <Predicate = (trunc_ln27 == 8)> <Delay = 2.32> <CoreInst = "RAM">   --->   Core 81 'RAM' <Latency = 1> <II = 1> <Delay = 2.32> <Storage> <Opcode : 'load' 'store'> <Ports = 2> <Width = 32> <Depth = 7> <RAM>
ST_70 : Operation 433 [2/2] (2.32ns)   --->   "%fir_int_int_shift_reg_15_load_2 = load i3 %fir_int_int_shift_reg_15_addr_3" [fir.cpp:33]   --->   Operation 433 'load' 'fir_int_int_shift_reg_15_load_2' <Predicate = (trunc_ln27 == 9)> <Delay = 2.32> <CoreInst = "RAM">   --->   Core 81 'RAM' <Latency = 1> <II = 1> <Delay = 2.32> <Storage> <Opcode : 'load' 'store'> <Ports = 2> <Width = 32> <Depth = 7> <RAM>
ST_70 : Operation 434 [2/2] (2.32ns)   --->   "%fir_int_int_shift_reg_16_load_2 = load i3 %fir_int_int_shift_reg_16_addr_3" [fir.cpp:33]   --->   Operation 434 'load' 'fir_int_int_shift_reg_16_load_2' <Predicate = (trunc_ln27 == 10)> <Delay = 2.32> <CoreInst = "RAM">   --->   Core 81 'RAM' <Latency = 1> <II = 1> <Delay = 2.32> <Storage> <Opcode : 'load' 'store'> <Ports = 2> <Width = 32> <Depth = 7> <RAM>
ST_70 : Operation 435 [2/2] (2.32ns)   --->   "%fir_int_int_shift_reg_17_load_2 = load i3 %fir_int_int_shift_reg_17_addr_3" [fir.cpp:33]   --->   Operation 435 'load' 'fir_int_int_shift_reg_17_load_2' <Predicate = (trunc_ln27 == 11)> <Delay = 2.32> <CoreInst = "RAM">   --->   Core 81 'RAM' <Latency = 1> <II = 1> <Delay = 2.32> <Storage> <Opcode : 'load' 'store'> <Ports = 2> <Width = 32> <Depth = 7> <RAM>
ST_70 : Operation 436 [2/2] (2.32ns)   --->   "%fir_int_int_shift_reg_18_load_2 = load i3 %fir_int_int_shift_reg_18_addr_3" [fir.cpp:33]   --->   Operation 436 'load' 'fir_int_int_shift_reg_18_load_2' <Predicate = (trunc_ln27 == 12)> <Delay = 2.32> <CoreInst = "RAM">   --->   Core 81 'RAM' <Latency = 1> <II = 1> <Delay = 2.32> <Storage> <Opcode : 'load' 'store'> <Ports = 2> <Width = 32> <Depth = 7> <RAM>
ST_70 : Operation 437 [2/2] (2.32ns)   --->   "%p_ZZ3firPiiE9shift_reg_10_load_2 = load i3 %p_ZZ3firPiiE9shift_reg_10_addr_3" [fir.cpp:33]   --->   Operation 437 'load' 'p_ZZ3firPiiE9shift_reg_10_load_2' <Predicate = (trunc_ln27 == 13)> <Delay = 2.32> <CoreInst = "RAM">   --->   Core 81 'RAM' <Latency = 1> <II = 1> <Delay = 2.32> <Storage> <Opcode : 'load' 'store'> <Ports = 2> <Width = 32> <Depth = 7> <RAM>
ST_70 : Operation 438 [2/2] (2.32ns)   --->   "%fir_mulint_int_shift_reg_long_unsigned_int128_signed_char_double_2 = load i3 %p_ZZ3firPiiE9shift_reg_11_addr_3" [fir.cpp:33]   --->   Operation 438 'load' 'fir_mulint_int_shift_reg_long_unsigned_int128_signed_char_double_2' <Predicate = (trunc_ln27 == 14)> <Delay = 2.32> <CoreInst = "RAM">   --->   Core 81 'RAM' <Latency = 1> <II = 1> <Delay = 2.32> <Storage> <Opcode : 'load' 'store'> <Ports = 2> <Width = 32> <Depth = 7> <RAM>
ST_70 : Operation 439 [2/2] (2.32ns)   --->   "%fir_mulint_int_shift_reg_l_unsigned_int128_signed_char_double_2 = load i3 %p_ZZ3firPiiE9shift_reg_12_addr_3" [fir.cpp:33]   --->   Operation 439 'load' 'fir_mulint_int_shift_reg_l_unsigned_int128_signed_char_double_2' <Predicate = (trunc_ln27 == 15)> <Delay = 2.32> <CoreInst = "RAM">   --->   Core 81 'RAM' <Latency = 1> <II = 1> <Delay = 2.32> <Storage> <Opcode : 'load' 'store'> <Ports = 2> <Width = 32> <Depth = 7> <RAM>
ST_70 : Operation 440 [2/2] (2.32ns)   --->   "%fir_mulint_int_shift_reg_lo_signed_char_double_2 = load i3 %p_ZZ3firPiiE9shift_reg_13_addr_3" [fir.cpp:33]   --->   Operation 440 'load' 'fir_mulint_int_shift_reg_lo_signed_char_double_2' <Predicate = (trunc_ln27 == 16)> <Delay = 2.32> <CoreInst = "RAM">   --->   Core 81 'RAM' <Latency = 1> <II = 1> <Delay = 2.32> <Storage> <Opcode : 'load' 'store'> <Ports = 2> <Width = 32> <Depth = 7> <RAM>
ST_70 : Operation 441 [2/2] (2.32ns)   --->   "%fir_mulint_int_shift_reg_loa_double_2 = load i3 %p_ZZ3firPiiE9shift_reg_14_addr_3" [fir.cpp:33]   --->   Operation 441 'load' 'fir_mulint_int_shift_reg_loa_double_2' <Predicate = (trunc_ln27 == 17)> <Delay = 2.32> <CoreInst = "RAM">   --->   Core 81 'RAM' <Latency = 1> <II = 1> <Delay = 2.32> <Storage> <Opcode : 'load' 'store'> <Ports = 2> <Width = 32> <Depth = 7> <RAM>
ST_70 : Operation 442 [2/2] (2.32ns)   --->   "%fir_mulint_int_shift_reg_load_2 = load i3 %fir_mulint_int_shift_reg_addr_3" [fir.cpp:33]   --->   Operation 442 'load' 'fir_mulint_int_shift_reg_load_2' <Predicate = (trunc_ln27 == 18)> <Delay = 2.32> <CoreInst = "RAM">   --->   Core 81 'RAM' <Latency = 1> <II = 1> <Delay = 2.32> <Storage> <Opcode : 'load' 'store'> <Ports = 2> <Width = 32> <Depth = 7> <RAM>
ST_70 : Operation 443 [2/2] (2.32ns)   --->   "%p_ZZ3firPiiE9shift_reg_16_load_2 = load i3 %p_ZZ3firPiiE9shift_reg_16_addr_3" [fir.cpp:33]   --->   Operation 443 'load' 'p_ZZ3firPiiE9shift_reg_16_load_2' <Predicate = (trunc_ln27 == 19)> <Delay = 2.32> <CoreInst = "RAM">   --->   Core 81 'RAM' <Latency = 1> <II = 1> <Delay = 2.32> <Storage> <Opcode : 'load' 'store'> <Ports = 2> <Width = 32> <Depth = 7> <RAM>
ST_70 : Operation 444 [2/2] (2.32ns)   --->   "%fir_int_int_shift_reg_24 = load i3 %fir_int_int_shift_reg_18" [fir.cpp:33]   --->   Operation 444 'load' 'fir_int_int_shift_reg_24' <Predicate = (trunc_ln27 == 0)> <Delay = 2.32> <CoreInst = "RAM">   --->   Core 81 'RAM' <Latency = 1> <II = 1> <Delay = 2.32> <Storage> <Opcode : 'load' 'store'> <Ports = 2> <Width = 32> <Depth = 7> <RAM>
ST_70 : Operation 445 [2/2] (2.32ns)   --->   "%p_ZZ3firPiiE9shift_reg_18_load_2 = load i3 %p_ZZ3firPiiE9shift_reg_18_addr_3" [fir.cpp:33]   --->   Operation 445 'load' 'p_ZZ3firPiiE9shift_reg_18_load_2' <Predicate = (trunc_ln27 == 1)> <Delay = 2.32> <CoreInst = "RAM">   --->   Core 81 'RAM' <Latency = 1> <II = 1> <Delay = 2.32> <Storage> <Opcode : 'load' 'store'> <Ports = 2> <Width = 32> <Depth = 7> <RAM>
ST_70 : Operation 446 [2/2] (2.32ns)   --->   "%p_ZZ3firPiiE9shift_reg_19_load_2 = load i3 %p_ZZ3firPiiE9shift_reg_19_addr_3" [fir.cpp:33]   --->   Operation 446 'load' 'p_ZZ3firPiiE9shift_reg_19_load_2' <Predicate = (trunc_ln27 == 2)> <Delay = 2.32> <CoreInst = "RAM">   --->   Core 81 'RAM' <Latency = 1> <II = 1> <Delay = 2.32> <Storage> <Opcode : 'load' 'store'> <Ports = 2> <Width = 32> <Depth = 7> <RAM>
ST_70 : Operation 447 [2/2] (2.32ns)   --->   "%fir_int_int_shift_reg_load_3 = load i3 %fir_int_int_shift_reg_addr_4" [fir.cpp:33]   --->   Operation 447 'load' 'fir_int_int_shift_reg_load_3' <Predicate = (trunc_ln27 == 4)> <Delay = 2.32> <CoreInst = "RAM">   --->   Core 81 'RAM' <Latency = 1> <II = 1> <Delay = 2.32> <Storage> <Opcode : 'load' 'store'> <Ports = 2> <Width = 32> <Depth = 7> <RAM>
ST_70 : Operation 448 [2/2] (2.32ns)   --->   "%fir_int_int_shift_reg_10_load_3 = load i3 %fir_int_int_shift_reg_10_addr_4" [fir.cpp:33]   --->   Operation 448 'load' 'fir_int_int_shift_reg_10_load_3' <Predicate = (trunc_ln27 == 5)> <Delay = 2.32> <CoreInst = "RAM">   --->   Core 81 'RAM' <Latency = 1> <II = 1> <Delay = 2.32> <Storage> <Opcode : 'load' 'store'> <Ports = 2> <Width = 32> <Depth = 7> <RAM>
ST_70 : Operation 449 [2/2] (2.32ns)   --->   "%fir_int_int_shift_reg_11_load_3 = load i3 %fir_int_int_shift_reg_11_addr_4" [fir.cpp:33]   --->   Operation 449 'load' 'fir_int_int_shift_reg_11_load_3' <Predicate = (trunc_ln27 == 6)> <Delay = 2.32> <CoreInst = "RAM">   --->   Core 81 'RAM' <Latency = 1> <II = 1> <Delay = 2.32> <Storage> <Opcode : 'load' 'store'> <Ports = 2> <Width = 32> <Depth = 7> <RAM>
ST_70 : Operation 450 [2/2] (2.32ns)   --->   "%fir_int_int_shift_reg_12_load_3 = load i3 %fir_int_int_shift_reg_12_addr_4" [fir.cpp:33]   --->   Operation 450 'load' 'fir_int_int_shift_reg_12_load_3' <Predicate = (trunc_ln27 == 7)> <Delay = 2.32> <CoreInst = "RAM">   --->   Core 81 'RAM' <Latency = 1> <II = 1> <Delay = 2.32> <Storage> <Opcode : 'load' 'store'> <Ports = 2> <Width = 32> <Depth = 7> <RAM>
ST_70 : Operation 451 [2/2] (2.32ns)   --->   "%fir_int_int_shift_reg_13_load_3 = load i3 %fir_int_int_shift_reg_13_addr_4" [fir.cpp:33]   --->   Operation 451 'load' 'fir_int_int_shift_reg_13_load_3' <Predicate = (trunc_ln27 == 8)> <Delay = 2.32> <CoreInst = "RAM">   --->   Core 81 'RAM' <Latency = 1> <II = 1> <Delay = 2.32> <Storage> <Opcode : 'load' 'store'> <Ports = 2> <Width = 32> <Depth = 7> <RAM>
ST_70 : Operation 452 [2/2] (2.32ns)   --->   "%fir_int_int_shift_reg_14_load_3 = load i3 %fir_int_int_shift_reg_14_addr_4" [fir.cpp:33]   --->   Operation 452 'load' 'fir_int_int_shift_reg_14_load_3' <Predicate = (trunc_ln27 == 9)> <Delay = 2.32> <CoreInst = "RAM">   --->   Core 81 'RAM' <Latency = 1> <II = 1> <Delay = 2.32> <Storage> <Opcode : 'load' 'store'> <Ports = 2> <Width = 32> <Depth = 7> <RAM>
ST_70 : Operation 453 [2/2] (2.32ns)   --->   "%fir_int_int_shift_reg_15_load_3 = load i3 %fir_int_int_shift_reg_15_addr_4" [fir.cpp:33]   --->   Operation 453 'load' 'fir_int_int_shift_reg_15_load_3' <Predicate = (trunc_ln27 == 10)> <Delay = 2.32> <CoreInst = "RAM">   --->   Core 81 'RAM' <Latency = 1> <II = 1> <Delay = 2.32> <Storage> <Opcode : 'load' 'store'> <Ports = 2> <Width = 32> <Depth = 7> <RAM>
ST_70 : Operation 454 [2/2] (2.32ns)   --->   "%fir_int_int_shift_reg_16_load_3 = load i3 %fir_int_int_shift_reg_16_addr_4" [fir.cpp:33]   --->   Operation 454 'load' 'fir_int_int_shift_reg_16_load_3' <Predicate = (trunc_ln27 == 11)> <Delay = 2.32> <CoreInst = "RAM">   --->   Core 81 'RAM' <Latency = 1> <II = 1> <Delay = 2.32> <Storage> <Opcode : 'load' 'store'> <Ports = 2> <Width = 32> <Depth = 7> <RAM>
ST_70 : Operation 455 [2/2] (2.32ns)   --->   "%fir_int_int_shift_reg_17_load_3 = load i3 %fir_int_int_shift_reg_17_addr_4" [fir.cpp:33]   --->   Operation 455 'load' 'fir_int_int_shift_reg_17_load_3' <Predicate = (trunc_ln27 == 12)> <Delay = 2.32> <CoreInst = "RAM">   --->   Core 81 'RAM' <Latency = 1> <II = 1> <Delay = 2.32> <Storage> <Opcode : 'load' 'store'> <Ports = 2> <Width = 32> <Depth = 7> <RAM>
ST_70 : Operation 456 [2/2] (2.32ns)   --->   "%fir_int_int_shift_reg_18_load_3 = load i3 %fir_int_int_shift_reg_18_addr_4" [fir.cpp:33]   --->   Operation 456 'load' 'fir_int_int_shift_reg_18_load_3' <Predicate = (trunc_ln27 == 13)> <Delay = 2.32> <CoreInst = "RAM">   --->   Core 81 'RAM' <Latency = 1> <II = 1> <Delay = 2.32> <Storage> <Opcode : 'load' 'store'> <Ports = 2> <Width = 32> <Depth = 7> <RAM>
ST_70 : Operation 457 [2/2] (2.32ns)   --->   "%p_ZZ3firPiiE9shift_reg_10_load_3 = load i3 %p_ZZ3firPiiE9shift_reg_10_addr_4" [fir.cpp:33]   --->   Operation 457 'load' 'p_ZZ3firPiiE9shift_reg_10_load_3' <Predicate = (trunc_ln27 == 14)> <Delay = 2.32> <CoreInst = "RAM">   --->   Core 81 'RAM' <Latency = 1> <II = 1> <Delay = 2.32> <Storage> <Opcode : 'load' 'store'> <Ports = 2> <Width = 32> <Depth = 7> <RAM>
ST_70 : Operation 458 [2/2] (2.32ns)   --->   "%fir_mulint_int_shift_reg_long_unsigned_int128_signed_char_double_3 = load i3 %p_ZZ3firPiiE9shift_reg_11_addr_4" [fir.cpp:33]   --->   Operation 458 'load' 'fir_mulint_int_shift_reg_long_unsigned_int128_signed_char_double_3' <Predicate = (trunc_ln27 == 15)> <Delay = 2.32> <CoreInst = "RAM">   --->   Core 81 'RAM' <Latency = 1> <II = 1> <Delay = 2.32> <Storage> <Opcode : 'load' 'store'> <Ports = 2> <Width = 32> <Depth = 7> <RAM>
ST_70 : Operation 459 [2/2] (2.32ns)   --->   "%fir_mulint_int_shift_reg_l_unsigned_int128_signed_char_double_3 = load i3 %p_ZZ3firPiiE9shift_reg_12_addr_4" [fir.cpp:33]   --->   Operation 459 'load' 'fir_mulint_int_shift_reg_l_unsigned_int128_signed_char_double_3' <Predicate = (trunc_ln27 == 16)> <Delay = 2.32> <CoreInst = "RAM">   --->   Core 81 'RAM' <Latency = 1> <II = 1> <Delay = 2.32> <Storage> <Opcode : 'load' 'store'> <Ports = 2> <Width = 32> <Depth = 7> <RAM>
ST_70 : Operation 460 [2/2] (2.32ns)   --->   "%fir_mulint_int_shift_reg_lo_signed_char_double_3 = load i3 %p_ZZ3firPiiE9shift_reg_13_addr_4" [fir.cpp:33]   --->   Operation 460 'load' 'fir_mulint_int_shift_reg_lo_signed_char_double_3' <Predicate = (trunc_ln27 == 17)> <Delay = 2.32> <CoreInst = "RAM">   --->   Core 81 'RAM' <Latency = 1> <II = 1> <Delay = 2.32> <Storage> <Opcode : 'load' 'store'> <Ports = 2> <Width = 32> <Depth = 7> <RAM>
ST_70 : Operation 461 [2/2] (2.32ns)   --->   "%fir_mulint_int_shift_reg_loa_double_3 = load i3 %p_ZZ3firPiiE9shift_reg_14_addr_4" [fir.cpp:33]   --->   Operation 461 'load' 'fir_mulint_int_shift_reg_loa_double_3' <Predicate = (trunc_ln27 == 18)> <Delay = 2.32> <CoreInst = "RAM">   --->   Core 81 'RAM' <Latency = 1> <II = 1> <Delay = 2.32> <Storage> <Opcode : 'load' 'store'> <Ports = 2> <Width = 32> <Depth = 7> <RAM>
ST_70 : Operation 462 [2/2] (2.32ns)   --->   "%fir_mulint_int_shift_reg_load_3 = load i3 %fir_mulint_int_shift_reg_addr_4" [fir.cpp:33]   --->   Operation 462 'load' 'fir_mulint_int_shift_reg_load_3' <Predicate = (trunc_ln27 == 19)> <Delay = 2.32> <CoreInst = "RAM">   --->   Core 81 'RAM' <Latency = 1> <II = 1> <Delay = 2.32> <Storage> <Opcode : 'load' 'store'> <Ports = 2> <Width = 32> <Depth = 7> <RAM>
ST_70 : Operation 463 [2/2] (2.32ns)   --->   "%p_ZZ3firPiiE9shift_reg_16_load_3 = load i3 %p_ZZ3firPiiE9shift_reg_16_addr_4" [fir.cpp:33]   --->   Operation 463 'load' 'p_ZZ3firPiiE9shift_reg_16_load_3' <Predicate = (trunc_ln27 == 0)> <Delay = 2.32> <CoreInst = "RAM">   --->   Core 81 'RAM' <Latency = 1> <II = 1> <Delay = 2.32> <Storage> <Opcode : 'load' 'store'> <Ports = 2> <Width = 32> <Depth = 7> <RAM>
ST_70 : Operation 464 [2/2] (2.32ns)   --->   "%fir_int_int_shift_reg_25 = load i3 %fir_int_int_shift_reg_19" [fir.cpp:33]   --->   Operation 464 'load' 'fir_int_int_shift_reg_25' <Predicate = (trunc_ln27 == 1)> <Delay = 2.32> <CoreInst = "RAM">   --->   Core 81 'RAM' <Latency = 1> <II = 1> <Delay = 2.32> <Storage> <Opcode : 'load' 'store'> <Ports = 2> <Width = 32> <Depth = 7> <RAM>
ST_70 : Operation 465 [2/2] (2.32ns)   --->   "%p_ZZ3firPiiE9shift_reg_18_load_3 = load i3 %p_ZZ3firPiiE9shift_reg_18_addr_4" [fir.cpp:33]   --->   Operation 465 'load' 'p_ZZ3firPiiE9shift_reg_18_load_3' <Predicate = (trunc_ln27 == 2)> <Delay = 2.32> <CoreInst = "RAM">   --->   Core 81 'RAM' <Latency = 1> <II = 1> <Delay = 2.32> <Storage> <Opcode : 'load' 'store'> <Ports = 2> <Width = 32> <Depth = 7> <RAM>
ST_70 : Operation 466 [2/2] (2.32ns)   --->   "%p_ZZ3firPiiE9shift_reg_19_load_3 = load i3 %p_ZZ3firPiiE9shift_reg_19_addr_4" [fir.cpp:33]   --->   Operation 466 'load' 'p_ZZ3firPiiE9shift_reg_19_load_3' <Predicate = (trunc_ln27 == 3)> <Delay = 2.32> <CoreInst = "RAM">   --->   Core 81 'RAM' <Latency = 1> <II = 1> <Delay = 2.32> <Storage> <Opcode : 'load' 'store'> <Ports = 2> <Width = 32> <Depth = 7> <RAM>
ST_70 : Operation 467 [2/2] (2.32ns)   --->   "%fir_int_int_shift_reg_load_4 = load i3 %fir_int_int_shift_reg_addr_5" [fir.cpp:33]   --->   Operation 467 'load' 'fir_int_int_shift_reg_load_4' <Predicate = (trunc_ln27 == 5)> <Delay = 2.32> <CoreInst = "RAM">   --->   Core 81 'RAM' <Latency = 1> <II = 1> <Delay = 2.32> <Storage> <Opcode : 'load' 'store'> <Ports = 2> <Width = 32> <Depth = 7> <RAM>
ST_70 : Operation 468 [2/2] (2.32ns)   --->   "%fir_int_int_shift_reg_10_load_4 = load i3 %fir_int_int_shift_reg_10_addr_5" [fir.cpp:33]   --->   Operation 468 'load' 'fir_int_int_shift_reg_10_load_4' <Predicate = (trunc_ln27 == 6)> <Delay = 2.32> <CoreInst = "RAM">   --->   Core 81 'RAM' <Latency = 1> <II = 1> <Delay = 2.32> <Storage> <Opcode : 'load' 'store'> <Ports = 2> <Width = 32> <Depth = 7> <RAM>
ST_70 : Operation 469 [2/2] (2.32ns)   --->   "%fir_int_int_shift_reg_11_load_4 = load i3 %fir_int_int_shift_reg_11_addr_5" [fir.cpp:33]   --->   Operation 469 'load' 'fir_int_int_shift_reg_11_load_4' <Predicate = (trunc_ln27 == 7)> <Delay = 2.32> <CoreInst = "RAM">   --->   Core 81 'RAM' <Latency = 1> <II = 1> <Delay = 2.32> <Storage> <Opcode : 'load' 'store'> <Ports = 2> <Width = 32> <Depth = 7> <RAM>
ST_70 : Operation 470 [2/2] (2.32ns)   --->   "%fir_int_int_shift_reg_12_load_4 = load i3 %fir_int_int_shift_reg_12_addr_5" [fir.cpp:33]   --->   Operation 470 'load' 'fir_int_int_shift_reg_12_load_4' <Predicate = (trunc_ln27 == 8)> <Delay = 2.32> <CoreInst = "RAM">   --->   Core 81 'RAM' <Latency = 1> <II = 1> <Delay = 2.32> <Storage> <Opcode : 'load' 'store'> <Ports = 2> <Width = 32> <Depth = 7> <RAM>
ST_70 : Operation 471 [2/2] (2.32ns)   --->   "%fir_int_int_shift_reg_13_load_4 = load i3 %fir_int_int_shift_reg_13_addr_5" [fir.cpp:33]   --->   Operation 471 'load' 'fir_int_int_shift_reg_13_load_4' <Predicate = (trunc_ln27 == 9)> <Delay = 2.32> <CoreInst = "RAM">   --->   Core 81 'RAM' <Latency = 1> <II = 1> <Delay = 2.32> <Storage> <Opcode : 'load' 'store'> <Ports = 2> <Width = 32> <Depth = 7> <RAM>
ST_70 : Operation 472 [2/2] (2.32ns)   --->   "%fir_int_int_shift_reg_14_load_4 = load i3 %fir_int_int_shift_reg_14_addr_5" [fir.cpp:33]   --->   Operation 472 'load' 'fir_int_int_shift_reg_14_load_4' <Predicate = (trunc_ln27 == 10)> <Delay = 2.32> <CoreInst = "RAM">   --->   Core 81 'RAM' <Latency = 1> <II = 1> <Delay = 2.32> <Storage> <Opcode : 'load' 'store'> <Ports = 2> <Width = 32> <Depth = 7> <RAM>
ST_70 : Operation 473 [2/2] (2.32ns)   --->   "%fir_int_int_shift_reg_15_load_4 = load i3 %fir_int_int_shift_reg_15_addr_5" [fir.cpp:33]   --->   Operation 473 'load' 'fir_int_int_shift_reg_15_load_4' <Predicate = (trunc_ln27 == 11)> <Delay = 2.32> <CoreInst = "RAM">   --->   Core 81 'RAM' <Latency = 1> <II = 1> <Delay = 2.32> <Storage> <Opcode : 'load' 'store'> <Ports = 2> <Width = 32> <Depth = 7> <RAM>
ST_70 : Operation 474 [2/2] (2.32ns)   --->   "%fir_int_int_shift_reg_16_load_4 = load i3 %fir_int_int_shift_reg_16_addr_5" [fir.cpp:33]   --->   Operation 474 'load' 'fir_int_int_shift_reg_16_load_4' <Predicate = (trunc_ln27 == 12)> <Delay = 2.32> <CoreInst = "RAM">   --->   Core 81 'RAM' <Latency = 1> <II = 1> <Delay = 2.32> <Storage> <Opcode : 'load' 'store'> <Ports = 2> <Width = 32> <Depth = 7> <RAM>
ST_70 : Operation 475 [2/2] (2.32ns)   --->   "%fir_int_int_shift_reg_17_load_4 = load i3 %fir_int_int_shift_reg_17_addr_5" [fir.cpp:33]   --->   Operation 475 'load' 'fir_int_int_shift_reg_17_load_4' <Predicate = (trunc_ln27 == 13)> <Delay = 2.32> <CoreInst = "RAM">   --->   Core 81 'RAM' <Latency = 1> <II = 1> <Delay = 2.32> <Storage> <Opcode : 'load' 'store'> <Ports = 2> <Width = 32> <Depth = 7> <RAM>
ST_70 : Operation 476 [2/2] (2.32ns)   --->   "%fir_int_int_shift_reg_18_load_4 = load i3 %fir_int_int_shift_reg_18_addr_5" [fir.cpp:33]   --->   Operation 476 'load' 'fir_int_int_shift_reg_18_load_4' <Predicate = (trunc_ln27 == 14)> <Delay = 2.32> <CoreInst = "RAM">   --->   Core 81 'RAM' <Latency = 1> <II = 1> <Delay = 2.32> <Storage> <Opcode : 'load' 'store'> <Ports = 2> <Width = 32> <Depth = 7> <RAM>
ST_70 : Operation 477 [2/2] (2.32ns)   --->   "%p_ZZ3firPiiE9shift_reg_10_load_4 = load i3 %p_ZZ3firPiiE9shift_reg_10_addr_5" [fir.cpp:33]   --->   Operation 477 'load' 'p_ZZ3firPiiE9shift_reg_10_load_4' <Predicate = (trunc_ln27 == 15)> <Delay = 2.32> <CoreInst = "RAM">   --->   Core 81 'RAM' <Latency = 1> <II = 1> <Delay = 2.32> <Storage> <Opcode : 'load' 'store'> <Ports = 2> <Width = 32> <Depth = 7> <RAM>
ST_70 : Operation 478 [2/2] (2.32ns)   --->   "%fir_mulint_int_shift_reg_long_unsigned_int128_signed_char_double_4 = load i3 %p_ZZ3firPiiE9shift_reg_11_addr_5" [fir.cpp:33]   --->   Operation 478 'load' 'fir_mulint_int_shift_reg_long_unsigned_int128_signed_char_double_4' <Predicate = (trunc_ln27 == 16)> <Delay = 2.32> <CoreInst = "RAM">   --->   Core 81 'RAM' <Latency = 1> <II = 1> <Delay = 2.32> <Storage> <Opcode : 'load' 'store'> <Ports = 2> <Width = 32> <Depth = 7> <RAM>
ST_70 : Operation 479 [2/2] (2.32ns)   --->   "%fir_mulint_int_shift_reg_l_unsigned_int128_signed_char_double_4 = load i3 %p_ZZ3firPiiE9shift_reg_12_addr_5" [fir.cpp:33]   --->   Operation 479 'load' 'fir_mulint_int_shift_reg_l_unsigned_int128_signed_char_double_4' <Predicate = (trunc_ln27 == 17)> <Delay = 2.32> <CoreInst = "RAM">   --->   Core 81 'RAM' <Latency = 1> <II = 1> <Delay = 2.32> <Storage> <Opcode : 'load' 'store'> <Ports = 2> <Width = 32> <Depth = 7> <RAM>
ST_70 : Operation 480 [2/2] (2.32ns)   --->   "%fir_mulint_int_shift_reg_lo_signed_char_double_4 = load i3 %p_ZZ3firPiiE9shift_reg_13_addr_5" [fir.cpp:33]   --->   Operation 480 'load' 'fir_mulint_int_shift_reg_lo_signed_char_double_4' <Predicate = (trunc_ln27 == 18)> <Delay = 2.32> <CoreInst = "RAM">   --->   Core 81 'RAM' <Latency = 1> <II = 1> <Delay = 2.32> <Storage> <Opcode : 'load' 'store'> <Ports = 2> <Width = 32> <Depth = 7> <RAM>
ST_70 : Operation 481 [2/2] (2.32ns)   --->   "%fir_mulint_int_shift_reg_loa_double_4 = load i3 %p_ZZ3firPiiE9shift_reg_14_addr_5" [fir.cpp:33]   --->   Operation 481 'load' 'fir_mulint_int_shift_reg_loa_double_4' <Predicate = (trunc_ln27 == 19)> <Delay = 2.32> <CoreInst = "RAM">   --->   Core 81 'RAM' <Latency = 1> <II = 1> <Delay = 2.32> <Storage> <Opcode : 'load' 'store'> <Ports = 2> <Width = 32> <Depth = 7> <RAM>
ST_70 : Operation 482 [2/2] (2.32ns)   --->   "%fir_mulint_int_shift_reg_load_4 = load i3 %fir_mulint_int_shift_reg_addr_5" [fir.cpp:33]   --->   Operation 482 'load' 'fir_mulint_int_shift_reg_load_4' <Predicate = (trunc_ln27 == 0)> <Delay = 2.32> <CoreInst = "RAM">   --->   Core 81 'RAM' <Latency = 1> <II = 1> <Delay = 2.32> <Storage> <Opcode : 'load' 'store'> <Ports = 2> <Width = 32> <Depth = 7> <RAM>
ST_70 : Operation 483 [2/2] (2.32ns)   --->   "%p_ZZ3firPiiE9shift_reg_16_load_4 = load i3 %p_ZZ3firPiiE9shift_reg_16_addr_5" [fir.cpp:33]   --->   Operation 483 'load' 'p_ZZ3firPiiE9shift_reg_16_load_4' <Predicate = (trunc_ln27 == 1)> <Delay = 2.32> <CoreInst = "RAM">   --->   Core 81 'RAM' <Latency = 1> <II = 1> <Delay = 2.32> <Storage> <Opcode : 'load' 'store'> <Ports = 2> <Width = 32> <Depth = 7> <RAM>
ST_70 : Operation 484 [2/2] (2.32ns)   --->   "%fir_int_int_shift_reg_26 = load i3 %fir_int_int_shift_reg_20" [fir.cpp:33]   --->   Operation 484 'load' 'fir_int_int_shift_reg_26' <Predicate = (trunc_ln27 == 2)> <Delay = 2.32> <CoreInst = "RAM">   --->   Core 81 'RAM' <Latency = 1> <II = 1> <Delay = 2.32> <Storage> <Opcode : 'load' 'store'> <Ports = 2> <Width = 32> <Depth = 7> <RAM>
ST_70 : Operation 485 [2/2] (2.32ns)   --->   "%p_ZZ3firPiiE9shift_reg_18_load_4 = load i3 %p_ZZ3firPiiE9shift_reg_18_addr_5" [fir.cpp:33]   --->   Operation 485 'load' 'p_ZZ3firPiiE9shift_reg_18_load_4' <Predicate = (trunc_ln27 == 3)> <Delay = 2.32> <CoreInst = "RAM">   --->   Core 81 'RAM' <Latency = 1> <II = 1> <Delay = 2.32> <Storage> <Opcode : 'load' 'store'> <Ports = 2> <Width = 32> <Depth = 7> <RAM>
ST_70 : Operation 486 [2/2] (2.32ns)   --->   "%p_ZZ3firPiiE9shift_reg_19_load_4 = load i3 %p_ZZ3firPiiE9shift_reg_19_addr_5" [fir.cpp:33]   --->   Operation 486 'load' 'p_ZZ3firPiiE9shift_reg_19_load_4' <Predicate = (trunc_ln27 == 4)> <Delay = 2.32> <CoreInst = "RAM">   --->   Core 81 'RAM' <Latency = 1> <II = 1> <Delay = 2.32> <Storage> <Opcode : 'load' 'store'> <Ports = 2> <Width = 32> <Depth = 7> <RAM>
ST_70 : Operation 487 [2/2] (2.32ns)   --->   "%fir_int_int_shift_reg_load_5 = load i3 %fir_int_int_shift_reg_addr_6" [fir.cpp:33]   --->   Operation 487 'load' 'fir_int_int_shift_reg_load_5' <Predicate = (trunc_ln27 == 6)> <Delay = 2.32> <CoreInst = "RAM">   --->   Core 81 'RAM' <Latency = 1> <II = 1> <Delay = 2.32> <Storage> <Opcode : 'load' 'store'> <Ports = 2> <Width = 32> <Depth = 7> <RAM>
ST_70 : Operation 488 [2/2] (2.32ns)   --->   "%fir_int_int_shift_reg_10_load_5 = load i3 %fir_int_int_shift_reg_10_addr_6" [fir.cpp:33]   --->   Operation 488 'load' 'fir_int_int_shift_reg_10_load_5' <Predicate = (trunc_ln27 == 7)> <Delay = 2.32> <CoreInst = "RAM">   --->   Core 81 'RAM' <Latency = 1> <II = 1> <Delay = 2.32> <Storage> <Opcode : 'load' 'store'> <Ports = 2> <Width = 32> <Depth = 7> <RAM>
ST_70 : Operation 489 [2/2] (2.32ns)   --->   "%fir_int_int_shift_reg_11_load_5 = load i3 %fir_int_int_shift_reg_11_addr_6" [fir.cpp:33]   --->   Operation 489 'load' 'fir_int_int_shift_reg_11_load_5' <Predicate = (trunc_ln27 == 8)> <Delay = 2.32> <CoreInst = "RAM">   --->   Core 81 'RAM' <Latency = 1> <II = 1> <Delay = 2.32> <Storage> <Opcode : 'load' 'store'> <Ports = 2> <Width = 32> <Depth = 7> <RAM>
ST_70 : Operation 490 [2/2] (2.32ns)   --->   "%fir_int_int_shift_reg_12_load_5 = load i3 %fir_int_int_shift_reg_12_addr_6" [fir.cpp:33]   --->   Operation 490 'load' 'fir_int_int_shift_reg_12_load_5' <Predicate = (trunc_ln27 == 9)> <Delay = 2.32> <CoreInst = "RAM">   --->   Core 81 'RAM' <Latency = 1> <II = 1> <Delay = 2.32> <Storage> <Opcode : 'load' 'store'> <Ports = 2> <Width = 32> <Depth = 7> <RAM>
ST_70 : Operation 491 [2/2] (2.32ns)   --->   "%fir_int_int_shift_reg_13_load_5 = load i3 %fir_int_int_shift_reg_13_addr_6" [fir.cpp:33]   --->   Operation 491 'load' 'fir_int_int_shift_reg_13_load_5' <Predicate = (trunc_ln27 == 10)> <Delay = 2.32> <CoreInst = "RAM">   --->   Core 81 'RAM' <Latency = 1> <II = 1> <Delay = 2.32> <Storage> <Opcode : 'load' 'store'> <Ports = 2> <Width = 32> <Depth = 7> <RAM>
ST_70 : Operation 492 [2/2] (2.32ns)   --->   "%fir_int_int_shift_reg_14_load_5 = load i3 %fir_int_int_shift_reg_14_addr_6" [fir.cpp:33]   --->   Operation 492 'load' 'fir_int_int_shift_reg_14_load_5' <Predicate = (trunc_ln27 == 11)> <Delay = 2.32> <CoreInst = "RAM">   --->   Core 81 'RAM' <Latency = 1> <II = 1> <Delay = 2.32> <Storage> <Opcode : 'load' 'store'> <Ports = 2> <Width = 32> <Depth = 7> <RAM>
ST_70 : Operation 493 [2/2] (2.32ns)   --->   "%fir_int_int_shift_reg_15_load_5 = load i3 %fir_int_int_shift_reg_15_addr_6" [fir.cpp:33]   --->   Operation 493 'load' 'fir_int_int_shift_reg_15_load_5' <Predicate = (trunc_ln27 == 12)> <Delay = 2.32> <CoreInst = "RAM">   --->   Core 81 'RAM' <Latency = 1> <II = 1> <Delay = 2.32> <Storage> <Opcode : 'load' 'store'> <Ports = 2> <Width = 32> <Depth = 7> <RAM>
ST_70 : Operation 494 [2/2] (2.32ns)   --->   "%fir_int_int_shift_reg_16_load_5 = load i3 %fir_int_int_shift_reg_16_addr_6" [fir.cpp:33]   --->   Operation 494 'load' 'fir_int_int_shift_reg_16_load_5' <Predicate = (trunc_ln27 == 13)> <Delay = 2.32> <CoreInst = "RAM">   --->   Core 81 'RAM' <Latency = 1> <II = 1> <Delay = 2.32> <Storage> <Opcode : 'load' 'store'> <Ports = 2> <Width = 32> <Depth = 7> <RAM>
ST_70 : Operation 495 [2/2] (2.32ns)   --->   "%fir_int_int_shift_reg_17_load_5 = load i3 %fir_int_int_shift_reg_17_addr_6" [fir.cpp:33]   --->   Operation 495 'load' 'fir_int_int_shift_reg_17_load_5' <Predicate = (trunc_ln27 == 14)> <Delay = 2.32> <CoreInst = "RAM">   --->   Core 81 'RAM' <Latency = 1> <II = 1> <Delay = 2.32> <Storage> <Opcode : 'load' 'store'> <Ports = 2> <Width = 32> <Depth = 7> <RAM>
ST_70 : Operation 496 [2/2] (2.32ns)   --->   "%fir_int_int_shift_reg_18_load_5 = load i3 %fir_int_int_shift_reg_18_addr_6" [fir.cpp:33]   --->   Operation 496 'load' 'fir_int_int_shift_reg_18_load_5' <Predicate = (trunc_ln27 == 15)> <Delay = 2.32> <CoreInst = "RAM">   --->   Core 81 'RAM' <Latency = 1> <II = 1> <Delay = 2.32> <Storage> <Opcode : 'load' 'store'> <Ports = 2> <Width = 32> <Depth = 7> <RAM>
ST_70 : Operation 497 [2/2] (2.32ns)   --->   "%p_ZZ3firPiiE9shift_reg_10_load_5 = load i3 %p_ZZ3firPiiE9shift_reg_10_addr_6" [fir.cpp:33]   --->   Operation 497 'load' 'p_ZZ3firPiiE9shift_reg_10_load_5' <Predicate = (trunc_ln27 == 16)> <Delay = 2.32> <CoreInst = "RAM">   --->   Core 81 'RAM' <Latency = 1> <II = 1> <Delay = 2.32> <Storage> <Opcode : 'load' 'store'> <Ports = 2> <Width = 32> <Depth = 7> <RAM>
ST_70 : Operation 498 [2/2] (2.32ns)   --->   "%fir_mulint_int_shift_reg_long_unsigned_int128_signed_char_double_5 = load i3 %p_ZZ3firPiiE9shift_reg_11_addr_6" [fir.cpp:33]   --->   Operation 498 'load' 'fir_mulint_int_shift_reg_long_unsigned_int128_signed_char_double_5' <Predicate = (trunc_ln27 == 17)> <Delay = 2.32> <CoreInst = "RAM">   --->   Core 81 'RAM' <Latency = 1> <II = 1> <Delay = 2.32> <Storage> <Opcode : 'load' 'store'> <Ports = 2> <Width = 32> <Depth = 7> <RAM>
ST_70 : Operation 499 [2/2] (2.32ns)   --->   "%fir_mulint_int_shift_reg_l_unsigned_int128_signed_char_double_5 = load i3 %p_ZZ3firPiiE9shift_reg_12_addr_6" [fir.cpp:33]   --->   Operation 499 'load' 'fir_mulint_int_shift_reg_l_unsigned_int128_signed_char_double_5' <Predicate = (trunc_ln27 == 18)> <Delay = 2.32> <CoreInst = "RAM">   --->   Core 81 'RAM' <Latency = 1> <II = 1> <Delay = 2.32> <Storage> <Opcode : 'load' 'store'> <Ports = 2> <Width = 32> <Depth = 7> <RAM>
ST_70 : Operation 500 [2/2] (2.32ns)   --->   "%fir_mulint_int_shift_reg_lo_signed_char_double_5 = load i3 %p_ZZ3firPiiE9shift_reg_13_addr_6" [fir.cpp:33]   --->   Operation 500 'load' 'fir_mulint_int_shift_reg_lo_signed_char_double_5' <Predicate = (trunc_ln27 == 19)> <Delay = 2.32> <CoreInst = "RAM">   --->   Core 81 'RAM' <Latency = 1> <II = 1> <Delay = 2.32> <Storage> <Opcode : 'load' 'store'> <Ports = 2> <Width = 32> <Depth = 7> <RAM>
ST_70 : Operation 501 [2/2] (2.32ns)   --->   "%fir_mulint_int_shift_reg_loa_double_5 = load i3 %p_ZZ3firPiiE9shift_reg_14_addr_6" [fir.cpp:33]   --->   Operation 501 'load' 'fir_mulint_int_shift_reg_loa_double_5' <Predicate = (trunc_ln27 == 0)> <Delay = 2.32> <CoreInst = "RAM">   --->   Core 81 'RAM' <Latency = 1> <II = 1> <Delay = 2.32> <Storage> <Opcode : 'load' 'store'> <Ports = 2> <Width = 32> <Depth = 7> <RAM>
ST_70 : Operation 502 [2/2] (2.32ns)   --->   "%fir_mulint_int_shift_reg_load_5 = load i3 %fir_mulint_int_shift_reg_addr_6" [fir.cpp:33]   --->   Operation 502 'load' 'fir_mulint_int_shift_reg_load_5' <Predicate = (trunc_ln27 == 1)> <Delay = 2.32> <CoreInst = "RAM">   --->   Core 81 'RAM' <Latency = 1> <II = 1> <Delay = 2.32> <Storage> <Opcode : 'load' 'store'> <Ports = 2> <Width = 32> <Depth = 7> <RAM>
ST_70 : Operation 503 [2/2] (2.32ns)   --->   "%p_ZZ3firPiiE9shift_reg_16_load_5 = load i3 %p_ZZ3firPiiE9shift_reg_16_addr_6" [fir.cpp:33]   --->   Operation 503 'load' 'p_ZZ3firPiiE9shift_reg_16_load_5' <Predicate = (trunc_ln27 == 2)> <Delay = 2.32> <CoreInst = "RAM">   --->   Core 81 'RAM' <Latency = 1> <II = 1> <Delay = 2.32> <Storage> <Opcode : 'load' 'store'> <Ports = 2> <Width = 32> <Depth = 7> <RAM>
ST_70 : Operation 504 [2/2] (2.32ns)   --->   "%fir_int_int_shift_reg_27 = load i3 %fir_int_int_shift_reg_21" [fir.cpp:33]   --->   Operation 504 'load' 'fir_int_int_shift_reg_27' <Predicate = (trunc_ln27 == 3)> <Delay = 2.32> <CoreInst = "RAM">   --->   Core 81 'RAM' <Latency = 1> <II = 1> <Delay = 2.32> <Storage> <Opcode : 'load' 'store'> <Ports = 2> <Width = 32> <Depth = 7> <RAM>
ST_70 : Operation 505 [2/2] (2.32ns)   --->   "%p_ZZ3firPiiE9shift_reg_18_load_5 = load i3 %p_ZZ3firPiiE9shift_reg_18_addr_6" [fir.cpp:33]   --->   Operation 505 'load' 'p_ZZ3firPiiE9shift_reg_18_load_5' <Predicate = (trunc_ln27 == 4)> <Delay = 2.32> <CoreInst = "RAM">   --->   Core 81 'RAM' <Latency = 1> <II = 1> <Delay = 2.32> <Storage> <Opcode : 'load' 'store'> <Ports = 2> <Width = 32> <Depth = 7> <RAM>
ST_70 : Operation 506 [2/2] (2.32ns)   --->   "%p_ZZ3firPiiE9shift_reg_19_load_5 = load i3 %p_ZZ3firPiiE9shift_reg_19_addr_6" [fir.cpp:33]   --->   Operation 506 'load' 'p_ZZ3firPiiE9shift_reg_19_load_5' <Predicate = (trunc_ln27 == 5)> <Delay = 2.32> <CoreInst = "RAM">   --->   Core 81 'RAM' <Latency = 1> <II = 1> <Delay = 2.32> <Storage> <Opcode : 'load' 'store'> <Ports = 2> <Width = 32> <Depth = 7> <RAM>
ST_70 : Operation 507 [2/2] (2.32ns)   --->   "%fir_int_int_shift_reg_load_6 = load i3 %fir_int_int_shift_reg_addr_7" [fir.cpp:33]   --->   Operation 507 'load' 'fir_int_int_shift_reg_load_6' <Predicate = (trunc_ln27 == 7)> <Delay = 2.32> <CoreInst = "RAM">   --->   Core 81 'RAM' <Latency = 1> <II = 1> <Delay = 2.32> <Storage> <Opcode : 'load' 'store'> <Ports = 2> <Width = 32> <Depth = 7> <RAM>
ST_70 : Operation 508 [2/2] (2.32ns)   --->   "%fir_int_int_shift_reg_10_load_6 = load i3 %fir_int_int_shift_reg_10_addr_7" [fir.cpp:33]   --->   Operation 508 'load' 'fir_int_int_shift_reg_10_load_6' <Predicate = (trunc_ln27 == 8)> <Delay = 2.32> <CoreInst = "RAM">   --->   Core 81 'RAM' <Latency = 1> <II = 1> <Delay = 2.32> <Storage> <Opcode : 'load' 'store'> <Ports = 2> <Width = 32> <Depth = 7> <RAM>
ST_70 : Operation 509 [2/2] (2.32ns)   --->   "%fir_int_int_shift_reg_11_load_6 = load i3 %fir_int_int_shift_reg_11_addr_7" [fir.cpp:33]   --->   Operation 509 'load' 'fir_int_int_shift_reg_11_load_6' <Predicate = (trunc_ln27 == 9)> <Delay = 2.32> <CoreInst = "RAM">   --->   Core 81 'RAM' <Latency = 1> <II = 1> <Delay = 2.32> <Storage> <Opcode : 'load' 'store'> <Ports = 2> <Width = 32> <Depth = 7> <RAM>
ST_70 : Operation 510 [2/2] (2.32ns)   --->   "%fir_int_int_shift_reg_12_load_6 = load i3 %fir_int_int_shift_reg_12_addr_7" [fir.cpp:33]   --->   Operation 510 'load' 'fir_int_int_shift_reg_12_load_6' <Predicate = (trunc_ln27 == 10)> <Delay = 2.32> <CoreInst = "RAM">   --->   Core 81 'RAM' <Latency = 1> <II = 1> <Delay = 2.32> <Storage> <Opcode : 'load' 'store'> <Ports = 2> <Width = 32> <Depth = 7> <RAM>
ST_70 : Operation 511 [2/2] (2.32ns)   --->   "%fir_int_int_shift_reg_13_load_6 = load i3 %fir_int_int_shift_reg_13_addr_7" [fir.cpp:33]   --->   Operation 511 'load' 'fir_int_int_shift_reg_13_load_6' <Predicate = (trunc_ln27 == 11)> <Delay = 2.32> <CoreInst = "RAM">   --->   Core 81 'RAM' <Latency = 1> <II = 1> <Delay = 2.32> <Storage> <Opcode : 'load' 'store'> <Ports = 2> <Width = 32> <Depth = 7> <RAM>
ST_70 : Operation 512 [2/2] (2.32ns)   --->   "%fir_int_int_shift_reg_14_load_6 = load i3 %fir_int_int_shift_reg_14_addr_7" [fir.cpp:33]   --->   Operation 512 'load' 'fir_int_int_shift_reg_14_load_6' <Predicate = (trunc_ln27 == 12)> <Delay = 2.32> <CoreInst = "RAM">   --->   Core 81 'RAM' <Latency = 1> <II = 1> <Delay = 2.32> <Storage> <Opcode : 'load' 'store'> <Ports = 2> <Width = 32> <Depth = 7> <RAM>
ST_70 : Operation 513 [2/2] (2.32ns)   --->   "%fir_int_int_shift_reg_15_load_6 = load i3 %fir_int_int_shift_reg_15_addr_7" [fir.cpp:33]   --->   Operation 513 'load' 'fir_int_int_shift_reg_15_load_6' <Predicate = (trunc_ln27 == 13)> <Delay = 2.32> <CoreInst = "RAM">   --->   Core 81 'RAM' <Latency = 1> <II = 1> <Delay = 2.32> <Storage> <Opcode : 'load' 'store'> <Ports = 2> <Width = 32> <Depth = 7> <RAM>
ST_70 : Operation 514 [2/2] (2.32ns)   --->   "%fir_int_int_shift_reg_16_load_6 = load i3 %fir_int_int_shift_reg_16_addr_7" [fir.cpp:33]   --->   Operation 514 'load' 'fir_int_int_shift_reg_16_load_6' <Predicate = (trunc_ln27 == 14)> <Delay = 2.32> <CoreInst = "RAM">   --->   Core 81 'RAM' <Latency = 1> <II = 1> <Delay = 2.32> <Storage> <Opcode : 'load' 'store'> <Ports = 2> <Width = 32> <Depth = 7> <RAM>
ST_70 : Operation 515 [2/2] (2.32ns)   --->   "%fir_int_int_shift_reg_17_load_6 = load i3 %fir_int_int_shift_reg_17_addr_7" [fir.cpp:33]   --->   Operation 515 'load' 'fir_int_int_shift_reg_17_load_6' <Predicate = (trunc_ln27 == 15)> <Delay = 2.32> <CoreInst = "RAM">   --->   Core 81 'RAM' <Latency = 1> <II = 1> <Delay = 2.32> <Storage> <Opcode : 'load' 'store'> <Ports = 2> <Width = 32> <Depth = 7> <RAM>
ST_70 : Operation 516 [2/2] (2.32ns)   --->   "%fir_int_int_shift_reg_18_load_6 = load i3 %fir_int_int_shift_reg_18_addr_7" [fir.cpp:33]   --->   Operation 516 'load' 'fir_int_int_shift_reg_18_load_6' <Predicate = (trunc_ln27 == 16)> <Delay = 2.32> <CoreInst = "RAM">   --->   Core 81 'RAM' <Latency = 1> <II = 1> <Delay = 2.32> <Storage> <Opcode : 'load' 'store'> <Ports = 2> <Width = 32> <Depth = 7> <RAM>
ST_70 : Operation 517 [2/2] (2.32ns)   --->   "%p_ZZ3firPiiE9shift_reg_10_load_6 = load i3 %p_ZZ3firPiiE9shift_reg_10_addr_7" [fir.cpp:33]   --->   Operation 517 'load' 'p_ZZ3firPiiE9shift_reg_10_load_6' <Predicate = (trunc_ln27 == 17)> <Delay = 2.32> <CoreInst = "RAM">   --->   Core 81 'RAM' <Latency = 1> <II = 1> <Delay = 2.32> <Storage> <Opcode : 'load' 'store'> <Ports = 2> <Width = 32> <Depth = 7> <RAM>
ST_70 : Operation 518 [2/2] (2.32ns)   --->   "%fir_mulint_int_shift_reg_long_unsigned_int128_signed_char_double_6 = load i3 %p_ZZ3firPiiE9shift_reg_11_addr_7" [fir.cpp:33]   --->   Operation 518 'load' 'fir_mulint_int_shift_reg_long_unsigned_int128_signed_char_double_6' <Predicate = (trunc_ln27 == 18)> <Delay = 2.32> <CoreInst = "RAM">   --->   Core 81 'RAM' <Latency = 1> <II = 1> <Delay = 2.32> <Storage> <Opcode : 'load' 'store'> <Ports = 2> <Width = 32> <Depth = 7> <RAM>
ST_70 : Operation 519 [2/2] (2.32ns)   --->   "%fir_mulint_int_shift_reg_l_unsigned_int128_signed_char_double_6 = load i3 %p_ZZ3firPiiE9shift_reg_12_addr_7" [fir.cpp:33]   --->   Operation 519 'load' 'fir_mulint_int_shift_reg_l_unsigned_int128_signed_char_double_6' <Predicate = (trunc_ln27 == 19)> <Delay = 2.32> <CoreInst = "RAM">   --->   Core 81 'RAM' <Latency = 1> <II = 1> <Delay = 2.32> <Storage> <Opcode : 'load' 'store'> <Ports = 2> <Width = 32> <Depth = 7> <RAM>
ST_70 : Operation 520 [2/2] (2.32ns)   --->   "%fir_mulint_int_shift_reg_lo_signed_char_double_6 = load i3 %p_ZZ3firPiiE9shift_reg_13_addr_7" [fir.cpp:33]   --->   Operation 520 'load' 'fir_mulint_int_shift_reg_lo_signed_char_double_6' <Predicate = (trunc_ln27 == 0)> <Delay = 2.32> <CoreInst = "RAM">   --->   Core 81 'RAM' <Latency = 1> <II = 1> <Delay = 2.32> <Storage> <Opcode : 'load' 'store'> <Ports = 2> <Width = 32> <Depth = 7> <RAM>
ST_70 : Operation 521 [2/2] (2.32ns)   --->   "%fir_mulint_int_shift_reg_loa_double_6 = load i3 %p_ZZ3firPiiE9shift_reg_14_addr_7" [fir.cpp:33]   --->   Operation 521 'load' 'fir_mulint_int_shift_reg_loa_double_6' <Predicate = (trunc_ln27 == 1)> <Delay = 2.32> <CoreInst = "RAM">   --->   Core 81 'RAM' <Latency = 1> <II = 1> <Delay = 2.32> <Storage> <Opcode : 'load' 'store'> <Ports = 2> <Width = 32> <Depth = 7> <RAM>
ST_70 : Operation 522 [2/2] (2.32ns)   --->   "%fir_mulint_int_shift_reg_load_6 = load i3 %fir_mulint_int_shift_reg_addr_7" [fir.cpp:33]   --->   Operation 522 'load' 'fir_mulint_int_shift_reg_load_6' <Predicate = (trunc_ln27 == 2)> <Delay = 2.32> <CoreInst = "RAM">   --->   Core 81 'RAM' <Latency = 1> <II = 1> <Delay = 2.32> <Storage> <Opcode : 'load' 'store'> <Ports = 2> <Width = 32> <Depth = 7> <RAM>
ST_70 : Operation 523 [2/2] (2.32ns)   --->   "%p_ZZ3firPiiE9shift_reg_16_load_6 = load i3 %p_ZZ3firPiiE9shift_reg_16_addr_7" [fir.cpp:33]   --->   Operation 523 'load' 'p_ZZ3firPiiE9shift_reg_16_load_6' <Predicate = (trunc_ln27 == 3)> <Delay = 2.32> <CoreInst = "RAM">   --->   Core 81 'RAM' <Latency = 1> <II = 1> <Delay = 2.32> <Storage> <Opcode : 'load' 'store'> <Ports = 2> <Width = 32> <Depth = 7> <RAM>
ST_70 : Operation 524 [2/2] (2.32ns)   --->   "%fir_int_int_shift_reg_28 = load i3 %fir_int_int_shift_reg_22" [fir.cpp:33]   --->   Operation 524 'load' 'fir_int_int_shift_reg_28' <Predicate = (trunc_ln27 == 4)> <Delay = 2.32> <CoreInst = "RAM">   --->   Core 81 'RAM' <Latency = 1> <II = 1> <Delay = 2.32> <Storage> <Opcode : 'load' 'store'> <Ports = 2> <Width = 32> <Depth = 7> <RAM>
ST_70 : Operation 525 [2/2] (2.32ns)   --->   "%p_ZZ3firPiiE9shift_reg_18_load_6 = load i3 %p_ZZ3firPiiE9shift_reg_18_addr_7" [fir.cpp:33]   --->   Operation 525 'load' 'p_ZZ3firPiiE9shift_reg_18_load_6' <Predicate = (trunc_ln27 == 5)> <Delay = 2.32> <CoreInst = "RAM">   --->   Core 81 'RAM' <Latency = 1> <II = 1> <Delay = 2.32> <Storage> <Opcode : 'load' 'store'> <Ports = 2> <Width = 32> <Depth = 7> <RAM>
ST_70 : Operation 526 [2/2] (2.32ns)   --->   "%p_ZZ3firPiiE9shift_reg_19_load_6 = load i3 %p_ZZ3firPiiE9shift_reg_19_addr_7" [fir.cpp:33]   --->   Operation 526 'load' 'p_ZZ3firPiiE9shift_reg_19_load_6' <Predicate = (trunc_ln27 == 6)> <Delay = 2.32> <CoreInst = "RAM">   --->   Core 81 'RAM' <Latency = 1> <II = 1> <Delay = 2.32> <Storage> <Opcode : 'load' 'store'> <Ports = 2> <Width = 32> <Depth = 7> <RAM>
ST_70 : Operation 527 [1/1] (0.00ns)   --->   "%zext_ln33_15 = zext i60 %tmp_18" [fir.cpp:33]   --->   Operation 527 'zext' 'zext_ln33_15' <Predicate = (icmp_ln31)> <Delay = 0.00>
ST_70 : Operation 528 [1/1] (0.00ns)   --->   "%fir_int_int_shift_reg_addr_8 = getelementptr i32 %fir_int_int_shift_reg, i64 0, i64 %zext_ln33_15" [fir.cpp:33]   --->   Operation 528 'getelementptr' 'fir_int_int_shift_reg_addr_8' <Predicate = (icmp_ln31)> <Delay = 0.00>
ST_70 : Operation 529 [1/1] (0.00ns)   --->   "%fir_int_int_shift_reg_10_addr_8 = getelementptr i32 %fir_int_int_shift_reg_10, i64 0, i64 %zext_ln33_15" [fir.cpp:33]   --->   Operation 529 'getelementptr' 'fir_int_int_shift_reg_10_addr_8' <Predicate = (icmp_ln31)> <Delay = 0.00>
ST_70 : Operation 530 [1/1] (0.00ns)   --->   "%fir_int_int_shift_reg_11_addr_8 = getelementptr i32 %fir_int_int_shift_reg_11, i64 0, i64 %zext_ln33_15" [fir.cpp:33]   --->   Operation 530 'getelementptr' 'fir_int_int_shift_reg_11_addr_8' <Predicate = (icmp_ln31)> <Delay = 0.00>
ST_70 : Operation 531 [1/1] (0.00ns)   --->   "%fir_int_int_shift_reg_12_addr_8 = getelementptr i32 %fir_int_int_shift_reg_12, i64 0, i64 %zext_ln33_15" [fir.cpp:33]   --->   Operation 531 'getelementptr' 'fir_int_int_shift_reg_12_addr_8' <Predicate = (icmp_ln31)> <Delay = 0.00>
ST_70 : Operation 532 [1/1] (0.00ns)   --->   "%fir_int_int_shift_reg_13_addr_8 = getelementptr i32 %fir_int_int_shift_reg_13, i64 0, i64 %zext_ln33_15" [fir.cpp:33]   --->   Operation 532 'getelementptr' 'fir_int_int_shift_reg_13_addr_8' <Predicate = (icmp_ln31)> <Delay = 0.00>
ST_70 : Operation 533 [1/1] (0.00ns)   --->   "%fir_int_int_shift_reg_14_addr_8 = getelementptr i32 %fir_int_int_shift_reg_14, i64 0, i64 %zext_ln33_15" [fir.cpp:33]   --->   Operation 533 'getelementptr' 'fir_int_int_shift_reg_14_addr_8' <Predicate = (icmp_ln31)> <Delay = 0.00>
ST_70 : Operation 534 [1/1] (0.00ns)   --->   "%fir_int_int_shift_reg_15_addr_8 = getelementptr i32 %fir_int_int_shift_reg_15, i64 0, i64 %zext_ln33_15" [fir.cpp:33]   --->   Operation 534 'getelementptr' 'fir_int_int_shift_reg_15_addr_8' <Predicate = (icmp_ln31)> <Delay = 0.00>
ST_70 : Operation 535 [1/1] (0.00ns)   --->   "%fir_int_int_shift_reg_16_addr_8 = getelementptr i32 %fir_int_int_shift_reg_16, i64 0, i64 %zext_ln33_15" [fir.cpp:33]   --->   Operation 535 'getelementptr' 'fir_int_int_shift_reg_16_addr_8' <Predicate = (icmp_ln31)> <Delay = 0.00>
ST_70 : Operation 536 [1/1] (0.00ns)   --->   "%fir_int_int_shift_reg_17_addr_8 = getelementptr i32 %fir_int_int_shift_reg_17, i64 0, i64 %zext_ln33_15" [fir.cpp:33]   --->   Operation 536 'getelementptr' 'fir_int_int_shift_reg_17_addr_8' <Predicate = (icmp_ln31)> <Delay = 0.00>
ST_70 : Operation 537 [1/1] (0.00ns)   --->   "%fir_int_int_shift_reg_18_addr_8 = getelementptr i32 %fir_int_int_shift_reg_18, i64 0, i64 %zext_ln33_15" [fir.cpp:33]   --->   Operation 537 'getelementptr' 'fir_int_int_shift_reg_18_addr_8' <Predicate = (icmp_ln31)> <Delay = 0.00>
ST_70 : Operation 538 [1/1] (0.00ns)   --->   "%p_ZZ3firPiiE9shift_reg_10_addr_8 = getelementptr i32 %p_ZZ3firPiiE9shift_reg_10, i64 0, i64 %zext_ln33_15" [fir.cpp:33]   --->   Operation 538 'getelementptr' 'p_ZZ3firPiiE9shift_reg_10_addr_8' <Predicate = (icmp_ln31)> <Delay = 0.00>
ST_70 : Operation 539 [1/1] (0.00ns)   --->   "%p_ZZ3firPiiE9shift_reg_11_addr_8 = getelementptr i32 %p_ZZ3firPiiE9shift_reg_11, i64 0, i64 %zext_ln33_15" [fir.cpp:33]   --->   Operation 539 'getelementptr' 'p_ZZ3firPiiE9shift_reg_11_addr_8' <Predicate = (icmp_ln31)> <Delay = 0.00>
ST_70 : Operation 540 [1/1] (0.00ns)   --->   "%p_ZZ3firPiiE9shift_reg_12_addr_8 = getelementptr i32 %p_ZZ3firPiiE9shift_reg_12, i64 0, i64 %zext_ln33_15" [fir.cpp:33]   --->   Operation 540 'getelementptr' 'p_ZZ3firPiiE9shift_reg_12_addr_8' <Predicate = (icmp_ln31)> <Delay = 0.00>
ST_70 : Operation 541 [1/1] (0.00ns)   --->   "%p_ZZ3firPiiE9shift_reg_13_addr_8 = getelementptr i32 %p_ZZ3firPiiE9shift_reg_13, i64 0, i64 %zext_ln33_15" [fir.cpp:33]   --->   Operation 541 'getelementptr' 'p_ZZ3firPiiE9shift_reg_13_addr_8' <Predicate = (icmp_ln31)> <Delay = 0.00>
ST_70 : Operation 542 [1/1] (0.00ns)   --->   "%p_ZZ3firPiiE9shift_reg_14_addr_8 = getelementptr i32 %p_ZZ3firPiiE9shift_reg_14, i64 0, i64 %zext_ln33_15" [fir.cpp:33]   --->   Operation 542 'getelementptr' 'p_ZZ3firPiiE9shift_reg_14_addr_8' <Predicate = (icmp_ln31)> <Delay = 0.00>
ST_70 : Operation 543 [1/1] (0.00ns)   --->   "%fir_mulint_int_shift_reg_addr_8 = getelementptr i32 %p_ZZ3firPiiE9shift_reg_15, i64 0, i64 %zext_ln33_15" [fir.cpp:33]   --->   Operation 543 'getelementptr' 'fir_mulint_int_shift_reg_addr_8' <Predicate = (icmp_ln31)> <Delay = 0.00>
ST_70 : Operation 544 [1/1] (0.00ns)   --->   "%p_ZZ3firPiiE9shift_reg_16_addr_8 = getelementptr i32 %p_ZZ3firPiiE9shift_reg_16, i64 0, i64 %zext_ln33_15" [fir.cpp:33]   --->   Operation 544 'getelementptr' 'p_ZZ3firPiiE9shift_reg_16_addr_8' <Predicate = (icmp_ln31)> <Delay = 0.00>
ST_70 : Operation 545 [1/1] (0.00ns)   --->   "%fir_int_int_shift_reg_29 = getelementptr i32 %p_ZZ3firPiiE9shift_reg_17, i64 0, i64 %zext_ln33_15" [fir.cpp:33]   --->   Operation 545 'getelementptr' 'fir_int_int_shift_reg_29' <Predicate = (icmp_ln31)> <Delay = 0.00>
ST_70 : Operation 546 [1/1] (0.00ns)   --->   "%p_ZZ3firPiiE9shift_reg_18_addr_8 = getelementptr i32 %p_ZZ3firPiiE9shift_reg_18, i64 0, i64 %zext_ln33_15" [fir.cpp:33]   --->   Operation 546 'getelementptr' 'p_ZZ3firPiiE9shift_reg_18_addr_8' <Predicate = (icmp_ln31)> <Delay = 0.00>
ST_70 : Operation 547 [1/1] (0.00ns)   --->   "%p_ZZ3firPiiE9shift_reg_19_addr_8 = getelementptr i32 %p_ZZ3firPiiE9shift_reg_19, i64 0, i64 %zext_ln33_15" [fir.cpp:33]   --->   Operation 547 'getelementptr' 'p_ZZ3firPiiE9shift_reg_19_addr_8' <Predicate = (icmp_ln31)> <Delay = 0.00>
ST_70 : Operation 548 [2/2] (2.32ns)   --->   "%fir_int_int_shift_reg_load_7 = load i3 %fir_int_int_shift_reg_addr_8" [fir.cpp:33]   --->   Operation 548 'load' 'fir_int_int_shift_reg_load_7' <Predicate = (trunc_ln27 == 8 & icmp_ln31)> <Delay = 2.32> <CoreInst = "RAM">   --->   Core 81 'RAM' <Latency = 1> <II = 1> <Delay = 2.32> <Storage> <Opcode : 'load' 'store'> <Ports = 2> <Width = 32> <Depth = 7> <RAM>
ST_70 : Operation 549 [2/2] (2.32ns)   --->   "%fir_int_int_shift_reg_10_load_7 = load i3 %fir_int_int_shift_reg_10_addr_8" [fir.cpp:33]   --->   Operation 549 'load' 'fir_int_int_shift_reg_10_load_7' <Predicate = (trunc_ln27 == 9 & icmp_ln31)> <Delay = 2.32> <CoreInst = "RAM">   --->   Core 81 'RAM' <Latency = 1> <II = 1> <Delay = 2.32> <Storage> <Opcode : 'load' 'store'> <Ports = 2> <Width = 32> <Depth = 7> <RAM>
ST_70 : Operation 550 [2/2] (2.32ns)   --->   "%fir_int_int_shift_reg_11_load_7 = load i3 %fir_int_int_shift_reg_11_addr_8" [fir.cpp:33]   --->   Operation 550 'load' 'fir_int_int_shift_reg_11_load_7' <Predicate = (trunc_ln27 == 10 & icmp_ln31)> <Delay = 2.32> <CoreInst = "RAM">   --->   Core 81 'RAM' <Latency = 1> <II = 1> <Delay = 2.32> <Storage> <Opcode : 'load' 'store'> <Ports = 2> <Width = 32> <Depth = 7> <RAM>
ST_70 : Operation 551 [2/2] (2.32ns)   --->   "%fir_int_int_shift_reg_12_load_7 = load i3 %fir_int_int_shift_reg_12_addr_8" [fir.cpp:33]   --->   Operation 551 'load' 'fir_int_int_shift_reg_12_load_7' <Predicate = (trunc_ln27 == 11 & icmp_ln31)> <Delay = 2.32> <CoreInst = "RAM">   --->   Core 81 'RAM' <Latency = 1> <II = 1> <Delay = 2.32> <Storage> <Opcode : 'load' 'store'> <Ports = 2> <Width = 32> <Depth = 7> <RAM>
ST_70 : Operation 552 [2/2] (2.32ns)   --->   "%fir_int_int_shift_reg_13_load_7 = load i3 %fir_int_int_shift_reg_13_addr_8" [fir.cpp:33]   --->   Operation 552 'load' 'fir_int_int_shift_reg_13_load_7' <Predicate = (trunc_ln27 == 12 & icmp_ln31)> <Delay = 2.32> <CoreInst = "RAM">   --->   Core 81 'RAM' <Latency = 1> <II = 1> <Delay = 2.32> <Storage> <Opcode : 'load' 'store'> <Ports = 2> <Width = 32> <Depth = 7> <RAM>
ST_70 : Operation 553 [2/2] (2.32ns)   --->   "%fir_int_int_shift_reg_14_load_7 = load i3 %fir_int_int_shift_reg_14_addr_8" [fir.cpp:33]   --->   Operation 553 'load' 'fir_int_int_shift_reg_14_load_7' <Predicate = (trunc_ln27 == 13 & icmp_ln31)> <Delay = 2.32> <CoreInst = "RAM">   --->   Core 81 'RAM' <Latency = 1> <II = 1> <Delay = 2.32> <Storage> <Opcode : 'load' 'store'> <Ports = 2> <Width = 32> <Depth = 7> <RAM>
ST_70 : Operation 554 [2/2] (2.32ns)   --->   "%fir_int_int_shift_reg_15_load_7 = load i3 %fir_int_int_shift_reg_15_addr_8" [fir.cpp:33]   --->   Operation 554 'load' 'fir_int_int_shift_reg_15_load_7' <Predicate = (trunc_ln27 == 14 & icmp_ln31)> <Delay = 2.32> <CoreInst = "RAM">   --->   Core 81 'RAM' <Latency = 1> <II = 1> <Delay = 2.32> <Storage> <Opcode : 'load' 'store'> <Ports = 2> <Width = 32> <Depth = 7> <RAM>
ST_70 : Operation 555 [2/2] (2.32ns)   --->   "%fir_int_int_shift_reg_16_load_7 = load i3 %fir_int_int_shift_reg_16_addr_8" [fir.cpp:33]   --->   Operation 555 'load' 'fir_int_int_shift_reg_16_load_7' <Predicate = (trunc_ln27 == 15 & icmp_ln31)> <Delay = 2.32> <CoreInst = "RAM">   --->   Core 81 'RAM' <Latency = 1> <II = 1> <Delay = 2.32> <Storage> <Opcode : 'load' 'store'> <Ports = 2> <Width = 32> <Depth = 7> <RAM>
ST_70 : Operation 556 [2/2] (2.32ns)   --->   "%fir_int_int_shift_reg_17_load_7 = load i3 %fir_int_int_shift_reg_17_addr_8" [fir.cpp:33]   --->   Operation 556 'load' 'fir_int_int_shift_reg_17_load_7' <Predicate = (trunc_ln27 == 16 & icmp_ln31)> <Delay = 2.32> <CoreInst = "RAM">   --->   Core 81 'RAM' <Latency = 1> <II = 1> <Delay = 2.32> <Storage> <Opcode : 'load' 'store'> <Ports = 2> <Width = 32> <Depth = 7> <RAM>
ST_70 : Operation 557 [2/2] (2.32ns)   --->   "%fir_int_int_shift_reg_18_load_7 = load i3 %fir_int_int_shift_reg_18_addr_8" [fir.cpp:33]   --->   Operation 557 'load' 'fir_int_int_shift_reg_18_load_7' <Predicate = (trunc_ln27 == 17 & icmp_ln31)> <Delay = 2.32> <CoreInst = "RAM">   --->   Core 81 'RAM' <Latency = 1> <II = 1> <Delay = 2.32> <Storage> <Opcode : 'load' 'store'> <Ports = 2> <Width = 32> <Depth = 7> <RAM>
ST_70 : Operation 558 [2/2] (2.32ns)   --->   "%p_ZZ3firPiiE9shift_reg_10_load_7 = load i3 %p_ZZ3firPiiE9shift_reg_10_addr_8" [fir.cpp:33]   --->   Operation 558 'load' 'p_ZZ3firPiiE9shift_reg_10_load_7' <Predicate = (trunc_ln27 == 18 & icmp_ln31)> <Delay = 2.32> <CoreInst = "RAM">   --->   Core 81 'RAM' <Latency = 1> <II = 1> <Delay = 2.32> <Storage> <Opcode : 'load' 'store'> <Ports = 2> <Width = 32> <Depth = 7> <RAM>
ST_70 : Operation 559 [2/2] (2.32ns)   --->   "%fir_mulint_int_shift_reg_long_unsigned_int128_signed_char_double_7 = load i3 %p_ZZ3firPiiE9shift_reg_11_addr_8" [fir.cpp:33]   --->   Operation 559 'load' 'fir_mulint_int_shift_reg_long_unsigned_int128_signed_char_double_7' <Predicate = (icmp_ln31 & trunc_ln27 == 19)> <Delay = 2.32> <CoreInst = "RAM">   --->   Core 81 'RAM' <Latency = 1> <II = 1> <Delay = 2.32> <Storage> <Opcode : 'load' 'store'> <Ports = 2> <Width = 32> <Depth = 7> <RAM>
ST_70 : Operation 560 [2/2] (2.32ns)   --->   "%fir_mulint_int_shift_reg_l_unsigned_int128_signed_char_double_7 = load i3 %p_ZZ3firPiiE9shift_reg_12_addr_8" [fir.cpp:33]   --->   Operation 560 'load' 'fir_mulint_int_shift_reg_l_unsigned_int128_signed_char_double_7' <Predicate = (trunc_ln27 == 0 & icmp_ln31)> <Delay = 2.32> <CoreInst = "RAM">   --->   Core 81 'RAM' <Latency = 1> <II = 1> <Delay = 2.32> <Storage> <Opcode : 'load' 'store'> <Ports = 2> <Width = 32> <Depth = 7> <RAM>
ST_70 : Operation 561 [2/2] (2.32ns)   --->   "%fir_mulint_int_shift_reg_lo_signed_char_double_7 = load i3 %p_ZZ3firPiiE9shift_reg_13_addr_8" [fir.cpp:33]   --->   Operation 561 'load' 'fir_mulint_int_shift_reg_lo_signed_char_double_7' <Predicate = (trunc_ln27 == 1 & icmp_ln31)> <Delay = 2.32> <CoreInst = "RAM">   --->   Core 81 'RAM' <Latency = 1> <II = 1> <Delay = 2.32> <Storage> <Opcode : 'load' 'store'> <Ports = 2> <Width = 32> <Depth = 7> <RAM>
ST_70 : Operation 562 [2/2] (2.32ns)   --->   "%fir_mulint_int_shift_reg_loa_double_7 = load i3 %p_ZZ3firPiiE9shift_reg_14_addr_8" [fir.cpp:33]   --->   Operation 562 'load' 'fir_mulint_int_shift_reg_loa_double_7' <Predicate = (trunc_ln27 == 2 & icmp_ln31)> <Delay = 2.32> <CoreInst = "RAM">   --->   Core 81 'RAM' <Latency = 1> <II = 1> <Delay = 2.32> <Storage> <Opcode : 'load' 'store'> <Ports = 2> <Width = 32> <Depth = 7> <RAM>
ST_70 : Operation 563 [2/2] (2.32ns)   --->   "%fir_mulint_int_shift_reg_load_7 = load i3 %fir_mulint_int_shift_reg_addr_8" [fir.cpp:33]   --->   Operation 563 'load' 'fir_mulint_int_shift_reg_load_7' <Predicate = (trunc_ln27 == 3 & icmp_ln31)> <Delay = 2.32> <CoreInst = "RAM">   --->   Core 81 'RAM' <Latency = 1> <II = 1> <Delay = 2.32> <Storage> <Opcode : 'load' 'store'> <Ports = 2> <Width = 32> <Depth = 7> <RAM>
ST_70 : Operation 564 [2/2] (2.32ns)   --->   "%p_ZZ3firPiiE9shift_reg_16_load_7 = load i3 %p_ZZ3firPiiE9shift_reg_16_addr_8" [fir.cpp:33]   --->   Operation 564 'load' 'p_ZZ3firPiiE9shift_reg_16_load_7' <Predicate = (trunc_ln27 == 4 & icmp_ln31)> <Delay = 2.32> <CoreInst = "RAM">   --->   Core 81 'RAM' <Latency = 1> <II = 1> <Delay = 2.32> <Storage> <Opcode : 'load' 'store'> <Ports = 2> <Width = 32> <Depth = 7> <RAM>
ST_70 : Operation 565 [2/2] (2.32ns)   --->   "%fir_int_int_shift_reg_30 = load i3 %fir_int_int_shift_reg_29" [fir.cpp:33]   --->   Operation 565 'load' 'fir_int_int_shift_reg_30' <Predicate = (trunc_ln27 == 5 & icmp_ln31)> <Delay = 2.32> <CoreInst = "RAM">   --->   Core 81 'RAM' <Latency = 1> <II = 1> <Delay = 2.32> <Storage> <Opcode : 'load' 'store'> <Ports = 2> <Width = 32> <Depth = 7> <RAM>
ST_70 : Operation 566 [2/2] (2.32ns)   --->   "%p_ZZ3firPiiE9shift_reg_18_load_7 = load i3 %p_ZZ3firPiiE9shift_reg_18_addr_8" [fir.cpp:33]   --->   Operation 566 'load' 'p_ZZ3firPiiE9shift_reg_18_load_7' <Predicate = (trunc_ln27 == 6 & icmp_ln31)> <Delay = 2.32> <CoreInst = "RAM">   --->   Core 81 'RAM' <Latency = 1> <II = 1> <Delay = 2.32> <Storage> <Opcode : 'load' 'store'> <Ports = 2> <Width = 32> <Depth = 7> <RAM>
ST_70 : Operation 567 [2/2] (2.32ns)   --->   "%p_ZZ3firPiiE9shift_reg_19_load_7 = load i3 %p_ZZ3firPiiE9shift_reg_19_addr_8" [fir.cpp:33]   --->   Operation 567 'load' 'p_ZZ3firPiiE9shift_reg_19_load_7' <Predicate = (trunc_ln27 == 7 & icmp_ln31)> <Delay = 2.32> <CoreInst = "RAM">   --->   Core 81 'RAM' <Latency = 1> <II = 1> <Delay = 2.32> <Storage> <Opcode : 'load' 'store'> <Ports = 2> <Width = 32> <Depth = 7> <RAM>
ST_70 : Operation 568 [1/1] (0.00ns)   --->   "%zext_ln33_17 = zext i60 %tmp_19" [fir.cpp:33]   --->   Operation 568 'zext' 'zext_ln33_17' <Predicate = (icmp_ln31)> <Delay = 0.00>
ST_70 : Operation 569 [1/1] (0.00ns)   --->   "%fir_int_int_shift_reg_addr_9 = getelementptr i32 %fir_int_int_shift_reg, i64 0, i64 %zext_ln33_17" [fir.cpp:33]   --->   Operation 569 'getelementptr' 'fir_int_int_shift_reg_addr_9' <Predicate = (icmp_ln31)> <Delay = 0.00>
ST_70 : Operation 570 [1/1] (0.00ns)   --->   "%fir_int_int_shift_reg_10_addr_9 = getelementptr i32 %fir_int_int_shift_reg_10, i64 0, i64 %zext_ln33_17" [fir.cpp:33]   --->   Operation 570 'getelementptr' 'fir_int_int_shift_reg_10_addr_9' <Predicate = (icmp_ln31)> <Delay = 0.00>
ST_70 : Operation 571 [1/1] (0.00ns)   --->   "%fir_int_int_shift_reg_11_addr_9 = getelementptr i32 %fir_int_int_shift_reg_11, i64 0, i64 %zext_ln33_17" [fir.cpp:33]   --->   Operation 571 'getelementptr' 'fir_int_int_shift_reg_11_addr_9' <Predicate = (icmp_ln31)> <Delay = 0.00>
ST_70 : Operation 572 [1/1] (0.00ns)   --->   "%fir_int_int_shift_reg_12_addr_9 = getelementptr i32 %fir_int_int_shift_reg_12, i64 0, i64 %zext_ln33_17" [fir.cpp:33]   --->   Operation 572 'getelementptr' 'fir_int_int_shift_reg_12_addr_9' <Predicate = (icmp_ln31)> <Delay = 0.00>
ST_70 : Operation 573 [1/1] (0.00ns)   --->   "%fir_int_int_shift_reg_13_addr_9 = getelementptr i32 %fir_int_int_shift_reg_13, i64 0, i64 %zext_ln33_17" [fir.cpp:33]   --->   Operation 573 'getelementptr' 'fir_int_int_shift_reg_13_addr_9' <Predicate = (icmp_ln31)> <Delay = 0.00>
ST_70 : Operation 574 [1/1] (0.00ns)   --->   "%fir_int_int_shift_reg_14_addr_9 = getelementptr i32 %fir_int_int_shift_reg_14, i64 0, i64 %zext_ln33_17" [fir.cpp:33]   --->   Operation 574 'getelementptr' 'fir_int_int_shift_reg_14_addr_9' <Predicate = (icmp_ln31)> <Delay = 0.00>
ST_70 : Operation 575 [1/1] (0.00ns)   --->   "%fir_int_int_shift_reg_15_addr_9 = getelementptr i32 %fir_int_int_shift_reg_15, i64 0, i64 %zext_ln33_17" [fir.cpp:33]   --->   Operation 575 'getelementptr' 'fir_int_int_shift_reg_15_addr_9' <Predicate = (icmp_ln31)> <Delay = 0.00>
ST_70 : Operation 576 [1/1] (0.00ns)   --->   "%fir_int_int_shift_reg_16_addr_9 = getelementptr i32 %fir_int_int_shift_reg_16, i64 0, i64 %zext_ln33_17" [fir.cpp:33]   --->   Operation 576 'getelementptr' 'fir_int_int_shift_reg_16_addr_9' <Predicate = (icmp_ln31)> <Delay = 0.00>
ST_70 : Operation 577 [1/1] (0.00ns)   --->   "%fir_int_int_shift_reg_17_addr_9 = getelementptr i32 %fir_int_int_shift_reg_17, i64 0, i64 %zext_ln33_17" [fir.cpp:33]   --->   Operation 577 'getelementptr' 'fir_int_int_shift_reg_17_addr_9' <Predicate = (icmp_ln31)> <Delay = 0.00>
ST_70 : Operation 578 [1/1] (0.00ns)   --->   "%fir_int_int_shift_reg_18_addr_9 = getelementptr i32 %fir_int_int_shift_reg_18, i64 0, i64 %zext_ln33_17" [fir.cpp:33]   --->   Operation 578 'getelementptr' 'fir_int_int_shift_reg_18_addr_9' <Predicate = (icmp_ln31)> <Delay = 0.00>
ST_70 : Operation 579 [1/1] (0.00ns)   --->   "%p_ZZ3firPiiE9shift_reg_10_addr_9 = getelementptr i32 %p_ZZ3firPiiE9shift_reg_10, i64 0, i64 %zext_ln33_17" [fir.cpp:33]   --->   Operation 579 'getelementptr' 'p_ZZ3firPiiE9shift_reg_10_addr_9' <Predicate = (icmp_ln31)> <Delay = 0.00>
ST_70 : Operation 580 [1/1] (0.00ns)   --->   "%p_ZZ3firPiiE9shift_reg_11_addr_9 = getelementptr i32 %p_ZZ3firPiiE9shift_reg_11, i64 0, i64 %zext_ln33_17" [fir.cpp:33]   --->   Operation 580 'getelementptr' 'p_ZZ3firPiiE9shift_reg_11_addr_9' <Predicate = (icmp_ln31)> <Delay = 0.00>
ST_70 : Operation 581 [1/1] (0.00ns)   --->   "%p_ZZ3firPiiE9shift_reg_12_addr_9 = getelementptr i32 %p_ZZ3firPiiE9shift_reg_12, i64 0, i64 %zext_ln33_17" [fir.cpp:33]   --->   Operation 581 'getelementptr' 'p_ZZ3firPiiE9shift_reg_12_addr_9' <Predicate = (icmp_ln31)> <Delay = 0.00>
ST_70 : Operation 582 [1/1] (0.00ns)   --->   "%p_ZZ3firPiiE9shift_reg_13_addr_9 = getelementptr i32 %p_ZZ3firPiiE9shift_reg_13, i64 0, i64 %zext_ln33_17" [fir.cpp:33]   --->   Operation 582 'getelementptr' 'p_ZZ3firPiiE9shift_reg_13_addr_9' <Predicate = (icmp_ln31)> <Delay = 0.00>
ST_70 : Operation 583 [1/1] (0.00ns)   --->   "%p_ZZ3firPiiE9shift_reg_14_addr_9 = getelementptr i32 %p_ZZ3firPiiE9shift_reg_14, i64 0, i64 %zext_ln33_17" [fir.cpp:33]   --->   Operation 583 'getelementptr' 'p_ZZ3firPiiE9shift_reg_14_addr_9' <Predicate = (icmp_ln31)> <Delay = 0.00>
ST_70 : Operation 584 [1/1] (0.00ns)   --->   "%fir_mulint_int_shift_reg_addr_9 = getelementptr i32 %p_ZZ3firPiiE9shift_reg_15, i64 0, i64 %zext_ln33_17" [fir.cpp:33]   --->   Operation 584 'getelementptr' 'fir_mulint_int_shift_reg_addr_9' <Predicate = (icmp_ln31)> <Delay = 0.00>
ST_70 : Operation 585 [1/1] (0.00ns)   --->   "%p_ZZ3firPiiE9shift_reg_16_addr_9 = getelementptr i32 %p_ZZ3firPiiE9shift_reg_16, i64 0, i64 %zext_ln33_17" [fir.cpp:33]   --->   Operation 585 'getelementptr' 'p_ZZ3firPiiE9shift_reg_16_addr_9' <Predicate = (icmp_ln31)> <Delay = 0.00>
ST_70 : Operation 586 [1/1] (0.00ns)   --->   "%fir_int_int_shift_reg_31 = getelementptr i32 %p_ZZ3firPiiE9shift_reg_17, i64 0, i64 %zext_ln33_17" [fir.cpp:33]   --->   Operation 586 'getelementptr' 'fir_int_int_shift_reg_31' <Predicate = (icmp_ln31)> <Delay = 0.00>
ST_70 : Operation 587 [1/1] (0.00ns)   --->   "%p_ZZ3firPiiE9shift_reg_18_addr_9 = getelementptr i32 %p_ZZ3firPiiE9shift_reg_18, i64 0, i64 %zext_ln33_17" [fir.cpp:33]   --->   Operation 587 'getelementptr' 'p_ZZ3firPiiE9shift_reg_18_addr_9' <Predicate = (icmp_ln31)> <Delay = 0.00>
ST_70 : Operation 588 [1/1] (0.00ns)   --->   "%p_ZZ3firPiiE9shift_reg_19_addr_9 = getelementptr i32 %p_ZZ3firPiiE9shift_reg_19, i64 0, i64 %zext_ln33_17" [fir.cpp:33]   --->   Operation 588 'getelementptr' 'p_ZZ3firPiiE9shift_reg_19_addr_9' <Predicate = (icmp_ln31)> <Delay = 0.00>
ST_70 : Operation 589 [1/1] (0.00ns)   --->   "%zext_ln33_19 = zext i60 %tmp_20" [fir.cpp:33]   --->   Operation 589 'zext' 'zext_ln33_19' <Predicate = (icmp_ln31)> <Delay = 0.00>
ST_70 : Operation 590 [1/1] (0.00ns)   --->   "%fir_int_int_shift_reg_addr_10 = getelementptr i32 %fir_int_int_shift_reg, i64 0, i64 %zext_ln33_19" [fir.cpp:33]   --->   Operation 590 'getelementptr' 'fir_int_int_shift_reg_addr_10' <Predicate = (trunc_ln27 == 10 & icmp_ln31)> <Delay = 0.00>
ST_70 : Operation 591 [1/1] (0.00ns)   --->   "%fir_int_int_shift_reg_10_addr_10 = getelementptr i32 %fir_int_int_shift_reg_10, i64 0, i64 %zext_ln33_19" [fir.cpp:33]   --->   Operation 591 'getelementptr' 'fir_int_int_shift_reg_10_addr_10' <Predicate = (trunc_ln27 == 11 & icmp_ln31)> <Delay = 0.00>
ST_70 : Operation 592 [1/1] (0.00ns)   --->   "%fir_int_int_shift_reg_11_addr_10 = getelementptr i32 %fir_int_int_shift_reg_11, i64 0, i64 %zext_ln33_19" [fir.cpp:33]   --->   Operation 592 'getelementptr' 'fir_int_int_shift_reg_11_addr_10' <Predicate = (trunc_ln27 == 12 & icmp_ln31)> <Delay = 0.00>
ST_70 : Operation 593 [1/1] (0.00ns)   --->   "%fir_int_int_shift_reg_12_addr_10 = getelementptr i32 %fir_int_int_shift_reg_12, i64 0, i64 %zext_ln33_19" [fir.cpp:33]   --->   Operation 593 'getelementptr' 'fir_int_int_shift_reg_12_addr_10' <Predicate = (trunc_ln27 == 13 & icmp_ln31)> <Delay = 0.00>
ST_70 : Operation 594 [1/1] (0.00ns)   --->   "%fir_int_int_shift_reg_13_addr_10 = getelementptr i32 %fir_int_int_shift_reg_13, i64 0, i64 %zext_ln33_19" [fir.cpp:33]   --->   Operation 594 'getelementptr' 'fir_int_int_shift_reg_13_addr_10' <Predicate = (trunc_ln27 == 14 & icmp_ln31)> <Delay = 0.00>
ST_70 : Operation 595 [1/1] (0.00ns)   --->   "%fir_int_int_shift_reg_14_addr_10 = getelementptr i32 %fir_int_int_shift_reg_14, i64 0, i64 %zext_ln33_19" [fir.cpp:33]   --->   Operation 595 'getelementptr' 'fir_int_int_shift_reg_14_addr_10' <Predicate = (trunc_ln27 == 15 & icmp_ln31)> <Delay = 0.00>
ST_70 : Operation 596 [1/1] (0.00ns)   --->   "%fir_int_int_shift_reg_15_addr_10 = getelementptr i32 %fir_int_int_shift_reg_15, i64 0, i64 %zext_ln33_19" [fir.cpp:33]   --->   Operation 596 'getelementptr' 'fir_int_int_shift_reg_15_addr_10' <Predicate = (trunc_ln27 == 16 & icmp_ln31)> <Delay = 0.00>
ST_70 : Operation 597 [1/1] (0.00ns)   --->   "%fir_int_int_shift_reg_16_addr_10 = getelementptr i32 %fir_int_int_shift_reg_16, i64 0, i64 %zext_ln33_19" [fir.cpp:33]   --->   Operation 597 'getelementptr' 'fir_int_int_shift_reg_16_addr_10' <Predicate = (trunc_ln27 == 17 & icmp_ln31)> <Delay = 0.00>
ST_70 : Operation 598 [1/1] (0.00ns)   --->   "%fir_int_int_shift_reg_17_addr_10 = getelementptr i32 %fir_int_int_shift_reg_17, i64 0, i64 %zext_ln33_19" [fir.cpp:33]   --->   Operation 598 'getelementptr' 'fir_int_int_shift_reg_17_addr_10' <Predicate = (trunc_ln27 == 18 & icmp_ln31)> <Delay = 0.00>
ST_70 : Operation 599 [1/1] (0.00ns)   --->   "%fir_int_int_shift_reg_18_addr_10 = getelementptr i32 %fir_int_int_shift_reg_18, i64 0, i64 %zext_ln33_19" [fir.cpp:33]   --->   Operation 599 'getelementptr' 'fir_int_int_shift_reg_18_addr_10' <Predicate = (icmp_ln31 & trunc_ln27 == 19)> <Delay = 0.00>
ST_70 : Operation 600 [1/1] (0.00ns)   --->   "%p_ZZ3firPiiE9shift_reg_10_addr_10 = getelementptr i32 %p_ZZ3firPiiE9shift_reg_10, i64 0, i64 %zext_ln33_19" [fir.cpp:33]   --->   Operation 600 'getelementptr' 'p_ZZ3firPiiE9shift_reg_10_addr_10' <Predicate = (trunc_ln27 == 0 & icmp_ln31)> <Delay = 0.00>
ST_70 : Operation 601 [1/1] (0.00ns)   --->   "%p_ZZ3firPiiE9shift_reg_11_addr_10 = getelementptr i32 %p_ZZ3firPiiE9shift_reg_11, i64 0, i64 %zext_ln33_19" [fir.cpp:33]   --->   Operation 601 'getelementptr' 'p_ZZ3firPiiE9shift_reg_11_addr_10' <Predicate = (trunc_ln27 == 1 & icmp_ln31)> <Delay = 0.00>
ST_70 : Operation 602 [1/1] (0.00ns)   --->   "%p_ZZ3firPiiE9shift_reg_12_addr_10 = getelementptr i32 %p_ZZ3firPiiE9shift_reg_12, i64 0, i64 %zext_ln33_19" [fir.cpp:33]   --->   Operation 602 'getelementptr' 'p_ZZ3firPiiE9shift_reg_12_addr_10' <Predicate = (trunc_ln27 == 2 & icmp_ln31)> <Delay = 0.00>
ST_70 : Operation 603 [1/1] (0.00ns)   --->   "%p_ZZ3firPiiE9shift_reg_13_addr_10 = getelementptr i32 %p_ZZ3firPiiE9shift_reg_13, i64 0, i64 %zext_ln33_19" [fir.cpp:33]   --->   Operation 603 'getelementptr' 'p_ZZ3firPiiE9shift_reg_13_addr_10' <Predicate = (trunc_ln27 == 3 & icmp_ln31)> <Delay = 0.00>
ST_70 : Operation 604 [1/1] (0.00ns)   --->   "%p_ZZ3firPiiE9shift_reg_14_addr_10 = getelementptr i32 %p_ZZ3firPiiE9shift_reg_14, i64 0, i64 %zext_ln33_19" [fir.cpp:33]   --->   Operation 604 'getelementptr' 'p_ZZ3firPiiE9shift_reg_14_addr_10' <Predicate = (trunc_ln27 == 4 & icmp_ln31)> <Delay = 0.00>
ST_70 : Operation 605 [1/1] (0.00ns)   --->   "%fir_mulint_int_shift_reg_addr_10 = getelementptr i32 %p_ZZ3firPiiE9shift_reg_15, i64 0, i64 %zext_ln33_19" [fir.cpp:33]   --->   Operation 605 'getelementptr' 'fir_mulint_int_shift_reg_addr_10' <Predicate = (trunc_ln27 == 5 & icmp_ln31)> <Delay = 0.00>
ST_70 : Operation 606 [1/1] (0.00ns)   --->   "%p_ZZ3firPiiE9shift_reg_16_addr_10 = getelementptr i32 %p_ZZ3firPiiE9shift_reg_16, i64 0, i64 %zext_ln33_19" [fir.cpp:33]   --->   Operation 606 'getelementptr' 'p_ZZ3firPiiE9shift_reg_16_addr_10' <Predicate = (trunc_ln27 == 6 & icmp_ln31)> <Delay = 0.00>
ST_70 : Operation 607 [1/1] (0.00ns)   --->   "%p_ZZ3firPiiE9shift_reg_17_addr_10 = getelementptr i32 %p_ZZ3firPiiE9shift_reg_17, i64 0, i64 %zext_ln33_19" [fir.cpp:33]   --->   Operation 607 'getelementptr' 'p_ZZ3firPiiE9shift_reg_17_addr_10' <Predicate = (trunc_ln27 == 7 & icmp_ln31)> <Delay = 0.00>
ST_70 : Operation 608 [1/1] (0.00ns)   --->   "%fir_int_int_shift_reg_32 = getelementptr i32 %p_ZZ3firPiiE9shift_reg_18, i64 0, i64 %zext_ln33_19" [fir.cpp:33]   --->   Operation 608 'getelementptr' 'fir_int_int_shift_reg_32' <Predicate = (trunc_ln27 == 8 & icmp_ln31)> <Delay = 0.00>
ST_70 : Operation 609 [1/1] (0.00ns)   --->   "%p_ZZ3firPiiE9shift_reg_19_addr_10 = getelementptr i32 %p_ZZ3firPiiE9shift_reg_19, i64 0, i64 %zext_ln33_19" [fir.cpp:33]   --->   Operation 609 'getelementptr' 'p_ZZ3firPiiE9shift_reg_19_addr_10' <Predicate = (trunc_ln27 == 9 & icmp_ln31)> <Delay = 0.00>
ST_70 : Operation 610 [2/2] (2.32ns)   --->   "%fir_int_int_shift_reg_load_8 = load i3 %fir_int_int_shift_reg_addr_9" [fir.cpp:33]   --->   Operation 610 'load' 'fir_int_int_shift_reg_load_8' <Predicate = (trunc_ln27 == 9 & icmp_ln31)> <Delay = 2.32> <CoreInst = "RAM">   --->   Core 81 'RAM' <Latency = 1> <II = 1> <Delay = 2.32> <Storage> <Opcode : 'load' 'store'> <Ports = 2> <Width = 32> <Depth = 7> <RAM>
ST_70 : Operation 611 [2/2] (2.32ns)   --->   "%fir_int_int_shift_reg_10_load_8 = load i3 %fir_int_int_shift_reg_10_addr_9" [fir.cpp:33]   --->   Operation 611 'load' 'fir_int_int_shift_reg_10_load_8' <Predicate = (trunc_ln27 == 10 & icmp_ln31)> <Delay = 2.32> <CoreInst = "RAM">   --->   Core 81 'RAM' <Latency = 1> <II = 1> <Delay = 2.32> <Storage> <Opcode : 'load' 'store'> <Ports = 2> <Width = 32> <Depth = 7> <RAM>
ST_70 : Operation 612 [2/2] (2.32ns)   --->   "%fir_int_int_shift_reg_11_load_8 = load i3 %fir_int_int_shift_reg_11_addr_9" [fir.cpp:33]   --->   Operation 612 'load' 'fir_int_int_shift_reg_11_load_8' <Predicate = (trunc_ln27 == 11 & icmp_ln31)> <Delay = 2.32> <CoreInst = "RAM">   --->   Core 81 'RAM' <Latency = 1> <II = 1> <Delay = 2.32> <Storage> <Opcode : 'load' 'store'> <Ports = 2> <Width = 32> <Depth = 7> <RAM>
ST_70 : Operation 613 [2/2] (2.32ns)   --->   "%fir_int_int_shift_reg_12_load_8 = load i3 %fir_int_int_shift_reg_12_addr_9" [fir.cpp:33]   --->   Operation 613 'load' 'fir_int_int_shift_reg_12_load_8' <Predicate = (trunc_ln27 == 12 & icmp_ln31)> <Delay = 2.32> <CoreInst = "RAM">   --->   Core 81 'RAM' <Latency = 1> <II = 1> <Delay = 2.32> <Storage> <Opcode : 'load' 'store'> <Ports = 2> <Width = 32> <Depth = 7> <RAM>
ST_70 : Operation 614 [2/2] (2.32ns)   --->   "%fir_int_int_shift_reg_13_load_8 = load i3 %fir_int_int_shift_reg_13_addr_9" [fir.cpp:33]   --->   Operation 614 'load' 'fir_int_int_shift_reg_13_load_8' <Predicate = (trunc_ln27 == 13 & icmp_ln31)> <Delay = 2.32> <CoreInst = "RAM">   --->   Core 81 'RAM' <Latency = 1> <II = 1> <Delay = 2.32> <Storage> <Opcode : 'load' 'store'> <Ports = 2> <Width = 32> <Depth = 7> <RAM>
ST_70 : Operation 615 [2/2] (2.32ns)   --->   "%fir_int_int_shift_reg_14_load_8 = load i3 %fir_int_int_shift_reg_14_addr_9" [fir.cpp:33]   --->   Operation 615 'load' 'fir_int_int_shift_reg_14_load_8' <Predicate = (trunc_ln27 == 14 & icmp_ln31)> <Delay = 2.32> <CoreInst = "RAM">   --->   Core 81 'RAM' <Latency = 1> <II = 1> <Delay = 2.32> <Storage> <Opcode : 'load' 'store'> <Ports = 2> <Width = 32> <Depth = 7> <RAM>
ST_70 : Operation 616 [2/2] (2.32ns)   --->   "%fir_int_int_shift_reg_15_load_8 = load i3 %fir_int_int_shift_reg_15_addr_9" [fir.cpp:33]   --->   Operation 616 'load' 'fir_int_int_shift_reg_15_load_8' <Predicate = (trunc_ln27 == 15 & icmp_ln31)> <Delay = 2.32> <CoreInst = "RAM">   --->   Core 81 'RAM' <Latency = 1> <II = 1> <Delay = 2.32> <Storage> <Opcode : 'load' 'store'> <Ports = 2> <Width = 32> <Depth = 7> <RAM>
ST_70 : Operation 617 [2/2] (2.32ns)   --->   "%fir_int_int_shift_reg_16_load_8 = load i3 %fir_int_int_shift_reg_16_addr_9" [fir.cpp:33]   --->   Operation 617 'load' 'fir_int_int_shift_reg_16_load_8' <Predicate = (trunc_ln27 == 16 & icmp_ln31)> <Delay = 2.32> <CoreInst = "RAM">   --->   Core 81 'RAM' <Latency = 1> <II = 1> <Delay = 2.32> <Storage> <Opcode : 'load' 'store'> <Ports = 2> <Width = 32> <Depth = 7> <RAM>
ST_70 : Operation 618 [2/2] (2.32ns)   --->   "%fir_int_int_shift_reg_17_load_8 = load i3 %fir_int_int_shift_reg_17_addr_9" [fir.cpp:33]   --->   Operation 618 'load' 'fir_int_int_shift_reg_17_load_8' <Predicate = (trunc_ln27 == 17 & icmp_ln31)> <Delay = 2.32> <CoreInst = "RAM">   --->   Core 81 'RAM' <Latency = 1> <II = 1> <Delay = 2.32> <Storage> <Opcode : 'load' 'store'> <Ports = 2> <Width = 32> <Depth = 7> <RAM>
ST_70 : Operation 619 [2/2] (2.32ns)   --->   "%fir_int_int_shift_reg_18_load_8 = load i3 %fir_int_int_shift_reg_18_addr_9" [fir.cpp:33]   --->   Operation 619 'load' 'fir_int_int_shift_reg_18_load_8' <Predicate = (trunc_ln27 == 18 & icmp_ln31)> <Delay = 2.32> <CoreInst = "RAM">   --->   Core 81 'RAM' <Latency = 1> <II = 1> <Delay = 2.32> <Storage> <Opcode : 'load' 'store'> <Ports = 2> <Width = 32> <Depth = 7> <RAM>
ST_70 : Operation 620 [2/2] (2.32ns)   --->   "%p_ZZ3firPiiE9shift_reg_10_load_8 = load i3 %p_ZZ3firPiiE9shift_reg_10_addr_9" [fir.cpp:33]   --->   Operation 620 'load' 'p_ZZ3firPiiE9shift_reg_10_load_8' <Predicate = (icmp_ln31 & trunc_ln27 == 19)> <Delay = 2.32> <CoreInst = "RAM">   --->   Core 81 'RAM' <Latency = 1> <II = 1> <Delay = 2.32> <Storage> <Opcode : 'load' 'store'> <Ports = 2> <Width = 32> <Depth = 7> <RAM>
ST_70 : Operation 621 [2/2] (2.32ns)   --->   "%fir_mulint_int_shift_reg_long_unsigned_int128_signed_char_double_8 = load i3 %p_ZZ3firPiiE9shift_reg_11_addr_9" [fir.cpp:33]   --->   Operation 621 'load' 'fir_mulint_int_shift_reg_long_unsigned_int128_signed_char_double_8' <Predicate = (trunc_ln27 == 0 & icmp_ln31)> <Delay = 2.32> <CoreInst = "RAM">   --->   Core 81 'RAM' <Latency = 1> <II = 1> <Delay = 2.32> <Storage> <Opcode : 'load' 'store'> <Ports = 2> <Width = 32> <Depth = 7> <RAM>
ST_70 : Operation 622 [2/2] (2.32ns)   --->   "%fir_mulint_int_shift_reg_l_unsigned_int128_signed_char_double_8 = load i3 %p_ZZ3firPiiE9shift_reg_12_addr_9" [fir.cpp:33]   --->   Operation 622 'load' 'fir_mulint_int_shift_reg_l_unsigned_int128_signed_char_double_8' <Predicate = (trunc_ln27 == 1 & icmp_ln31)> <Delay = 2.32> <CoreInst = "RAM">   --->   Core 81 'RAM' <Latency = 1> <II = 1> <Delay = 2.32> <Storage> <Opcode : 'load' 'store'> <Ports = 2> <Width = 32> <Depth = 7> <RAM>
ST_70 : Operation 623 [2/2] (2.32ns)   --->   "%fir_mulint_int_shift_reg_lo_signed_char_double_8 = load i3 %p_ZZ3firPiiE9shift_reg_13_addr_9" [fir.cpp:33]   --->   Operation 623 'load' 'fir_mulint_int_shift_reg_lo_signed_char_double_8' <Predicate = (trunc_ln27 == 2 & icmp_ln31)> <Delay = 2.32> <CoreInst = "RAM">   --->   Core 81 'RAM' <Latency = 1> <II = 1> <Delay = 2.32> <Storage> <Opcode : 'load' 'store'> <Ports = 2> <Width = 32> <Depth = 7> <RAM>
ST_70 : Operation 624 [2/2] (2.32ns)   --->   "%fir_mulint_int_shift_reg_loa_double_8 = load i3 %p_ZZ3firPiiE9shift_reg_14_addr_9" [fir.cpp:33]   --->   Operation 624 'load' 'fir_mulint_int_shift_reg_loa_double_8' <Predicate = (trunc_ln27 == 3 & icmp_ln31)> <Delay = 2.32> <CoreInst = "RAM">   --->   Core 81 'RAM' <Latency = 1> <II = 1> <Delay = 2.32> <Storage> <Opcode : 'load' 'store'> <Ports = 2> <Width = 32> <Depth = 7> <RAM>
ST_70 : Operation 625 [2/2] (2.32ns)   --->   "%fir_mulint_int_shift_reg_load_8 = load i3 %fir_mulint_int_shift_reg_addr_9" [fir.cpp:33]   --->   Operation 625 'load' 'fir_mulint_int_shift_reg_load_8' <Predicate = (trunc_ln27 == 4 & icmp_ln31)> <Delay = 2.32> <CoreInst = "RAM">   --->   Core 81 'RAM' <Latency = 1> <II = 1> <Delay = 2.32> <Storage> <Opcode : 'load' 'store'> <Ports = 2> <Width = 32> <Depth = 7> <RAM>
ST_70 : Operation 626 [2/2] (2.32ns)   --->   "%p_ZZ3firPiiE9shift_reg_16_load_8 = load i3 %p_ZZ3firPiiE9shift_reg_16_addr_9" [fir.cpp:33]   --->   Operation 626 'load' 'p_ZZ3firPiiE9shift_reg_16_load_8' <Predicate = (trunc_ln27 == 5 & icmp_ln31)> <Delay = 2.32> <CoreInst = "RAM">   --->   Core 81 'RAM' <Latency = 1> <II = 1> <Delay = 2.32> <Storage> <Opcode : 'load' 'store'> <Ports = 2> <Width = 32> <Depth = 7> <RAM>
ST_70 : Operation 627 [2/2] (2.32ns)   --->   "%fir_int_int_shift_reg_33 = load i3 %fir_int_int_shift_reg_31" [fir.cpp:33]   --->   Operation 627 'load' 'fir_int_int_shift_reg_33' <Predicate = (trunc_ln27 == 6 & icmp_ln31)> <Delay = 2.32> <CoreInst = "RAM">   --->   Core 81 'RAM' <Latency = 1> <II = 1> <Delay = 2.32> <Storage> <Opcode : 'load' 'store'> <Ports = 2> <Width = 32> <Depth = 7> <RAM>
ST_70 : Operation 628 [2/2] (2.32ns)   --->   "%p_ZZ3firPiiE9shift_reg_18_load_8 = load i3 %p_ZZ3firPiiE9shift_reg_18_addr_9" [fir.cpp:33]   --->   Operation 628 'load' 'p_ZZ3firPiiE9shift_reg_18_load_8' <Predicate = (trunc_ln27 == 7 & icmp_ln31)> <Delay = 2.32> <CoreInst = "RAM">   --->   Core 81 'RAM' <Latency = 1> <II = 1> <Delay = 2.32> <Storage> <Opcode : 'load' 'store'> <Ports = 2> <Width = 32> <Depth = 7> <RAM>
ST_70 : Operation 629 [2/2] (2.32ns)   --->   "%p_ZZ3firPiiE9shift_reg_19_load_8 = load i3 %p_ZZ3firPiiE9shift_reg_19_addr_9" [fir.cpp:33]   --->   Operation 629 'load' 'p_ZZ3firPiiE9shift_reg_19_load_8' <Predicate = (trunc_ln27 == 8 & icmp_ln31)> <Delay = 2.32> <CoreInst = "RAM">   --->   Core 81 'RAM' <Latency = 1> <II = 1> <Delay = 2.32> <Storage> <Opcode : 'load' 'store'> <Ports = 2> <Width = 32> <Depth = 7> <RAM>
ST_70 : Operation 630 [2/2] (2.32ns)   --->   "%fir_int_int_shift_reg_load_9 = load i3 %fir_int_int_shift_reg_addr_10" [fir.cpp:33]   --->   Operation 630 'load' 'fir_int_int_shift_reg_load_9' <Predicate = (trunc_ln27 == 10 & icmp_ln31)> <Delay = 2.32> <CoreInst = "RAM">   --->   Core 81 'RAM' <Latency = 1> <II = 1> <Delay = 2.32> <Storage> <Opcode : 'load' 'store'> <Ports = 2> <Width = 32> <Depth = 7> <RAM>
ST_70 : Operation 631 [2/2] (2.32ns)   --->   "%fir_int_int_shift_reg_10_load_9 = load i3 %fir_int_int_shift_reg_10_addr_10" [fir.cpp:33]   --->   Operation 631 'load' 'fir_int_int_shift_reg_10_load_9' <Predicate = (trunc_ln27 == 11 & icmp_ln31)> <Delay = 2.32> <CoreInst = "RAM">   --->   Core 81 'RAM' <Latency = 1> <II = 1> <Delay = 2.32> <Storage> <Opcode : 'load' 'store'> <Ports = 2> <Width = 32> <Depth = 7> <RAM>
ST_70 : Operation 632 [2/2] (2.32ns)   --->   "%fir_int_int_shift_reg_11_load_9 = load i3 %fir_int_int_shift_reg_11_addr_10" [fir.cpp:33]   --->   Operation 632 'load' 'fir_int_int_shift_reg_11_load_9' <Predicate = (trunc_ln27 == 12 & icmp_ln31)> <Delay = 2.32> <CoreInst = "RAM">   --->   Core 81 'RAM' <Latency = 1> <II = 1> <Delay = 2.32> <Storage> <Opcode : 'load' 'store'> <Ports = 2> <Width = 32> <Depth = 7> <RAM>
ST_70 : Operation 633 [2/2] (2.32ns)   --->   "%fir_int_int_shift_reg_12_load_9 = load i3 %fir_int_int_shift_reg_12_addr_10" [fir.cpp:33]   --->   Operation 633 'load' 'fir_int_int_shift_reg_12_load_9' <Predicate = (trunc_ln27 == 13 & icmp_ln31)> <Delay = 2.32> <CoreInst = "RAM">   --->   Core 81 'RAM' <Latency = 1> <II = 1> <Delay = 2.32> <Storage> <Opcode : 'load' 'store'> <Ports = 2> <Width = 32> <Depth = 7> <RAM>
ST_70 : Operation 634 [2/2] (2.32ns)   --->   "%fir_int_int_shift_reg_13_load_9 = load i3 %fir_int_int_shift_reg_13_addr_10" [fir.cpp:33]   --->   Operation 634 'load' 'fir_int_int_shift_reg_13_load_9' <Predicate = (trunc_ln27 == 14 & icmp_ln31)> <Delay = 2.32> <CoreInst = "RAM">   --->   Core 81 'RAM' <Latency = 1> <II = 1> <Delay = 2.32> <Storage> <Opcode : 'load' 'store'> <Ports = 2> <Width = 32> <Depth = 7> <RAM>
ST_70 : Operation 635 [2/2] (2.32ns)   --->   "%fir_int_int_shift_reg_14_load_9 = load i3 %fir_int_int_shift_reg_14_addr_10" [fir.cpp:33]   --->   Operation 635 'load' 'fir_int_int_shift_reg_14_load_9' <Predicate = (trunc_ln27 == 15 & icmp_ln31)> <Delay = 2.32> <CoreInst = "RAM">   --->   Core 81 'RAM' <Latency = 1> <II = 1> <Delay = 2.32> <Storage> <Opcode : 'load' 'store'> <Ports = 2> <Width = 32> <Depth = 7> <RAM>
ST_70 : Operation 636 [2/2] (2.32ns)   --->   "%fir_int_int_shift_reg_15_load_9 = load i3 %fir_int_int_shift_reg_15_addr_10" [fir.cpp:33]   --->   Operation 636 'load' 'fir_int_int_shift_reg_15_load_9' <Predicate = (trunc_ln27 == 16 & icmp_ln31)> <Delay = 2.32> <CoreInst = "RAM">   --->   Core 81 'RAM' <Latency = 1> <II = 1> <Delay = 2.32> <Storage> <Opcode : 'load' 'store'> <Ports = 2> <Width = 32> <Depth = 7> <RAM>
ST_70 : Operation 637 [2/2] (2.32ns)   --->   "%fir_int_int_shift_reg_16_load_9 = load i3 %fir_int_int_shift_reg_16_addr_10" [fir.cpp:33]   --->   Operation 637 'load' 'fir_int_int_shift_reg_16_load_9' <Predicate = (trunc_ln27 == 17 & icmp_ln31)> <Delay = 2.32> <CoreInst = "RAM">   --->   Core 81 'RAM' <Latency = 1> <II = 1> <Delay = 2.32> <Storage> <Opcode : 'load' 'store'> <Ports = 2> <Width = 32> <Depth = 7> <RAM>
ST_70 : Operation 638 [2/2] (2.32ns)   --->   "%fir_int_int_shift_reg_17_load_9 = load i3 %fir_int_int_shift_reg_17_addr_10" [fir.cpp:33]   --->   Operation 638 'load' 'fir_int_int_shift_reg_17_load_9' <Predicate = (trunc_ln27 == 18 & icmp_ln31)> <Delay = 2.32> <CoreInst = "RAM">   --->   Core 81 'RAM' <Latency = 1> <II = 1> <Delay = 2.32> <Storage> <Opcode : 'load' 'store'> <Ports = 2> <Width = 32> <Depth = 7> <RAM>
ST_70 : Operation 639 [2/2] (2.32ns)   --->   "%fir_int_int_shift_reg_18_load_9 = load i3 %fir_int_int_shift_reg_18_addr_10" [fir.cpp:33]   --->   Operation 639 'load' 'fir_int_int_shift_reg_18_load_9' <Predicate = (icmp_ln31 & trunc_ln27 == 19)> <Delay = 2.32> <CoreInst = "RAM">   --->   Core 81 'RAM' <Latency = 1> <II = 1> <Delay = 2.32> <Storage> <Opcode : 'load' 'store'> <Ports = 2> <Width = 32> <Depth = 7> <RAM>
ST_70 : Operation 640 [2/2] (2.32ns)   --->   "%p_ZZ3firPiiE9shift_reg_10_load_9 = load i3 %p_ZZ3firPiiE9shift_reg_10_addr_10" [fir.cpp:33]   --->   Operation 640 'load' 'p_ZZ3firPiiE9shift_reg_10_load_9' <Predicate = (trunc_ln27 == 0 & icmp_ln31)> <Delay = 2.32> <CoreInst = "RAM">   --->   Core 81 'RAM' <Latency = 1> <II = 1> <Delay = 2.32> <Storage> <Opcode : 'load' 'store'> <Ports = 2> <Width = 32> <Depth = 7> <RAM>
ST_70 : Operation 641 [2/2] (2.32ns)   --->   "%fir_mulint_int_shift_reg_long_unsigned_int128_signed_char_double_9 = load i3 %p_ZZ3firPiiE9shift_reg_11_addr_10" [fir.cpp:33]   --->   Operation 641 'load' 'fir_mulint_int_shift_reg_long_unsigned_int128_signed_char_double_9' <Predicate = (trunc_ln27 == 1 & icmp_ln31)> <Delay = 2.32> <CoreInst = "RAM">   --->   Core 81 'RAM' <Latency = 1> <II = 1> <Delay = 2.32> <Storage> <Opcode : 'load' 'store'> <Ports = 2> <Width = 32> <Depth = 7> <RAM>
ST_70 : Operation 642 [2/2] (2.32ns)   --->   "%fir_mulint_int_shift_reg_l_unsigned_int128_signed_char_double_9 = load i3 %p_ZZ3firPiiE9shift_reg_12_addr_10" [fir.cpp:33]   --->   Operation 642 'load' 'fir_mulint_int_shift_reg_l_unsigned_int128_signed_char_double_9' <Predicate = (trunc_ln27 == 2 & icmp_ln31)> <Delay = 2.32> <CoreInst = "RAM">   --->   Core 81 'RAM' <Latency = 1> <II = 1> <Delay = 2.32> <Storage> <Opcode : 'load' 'store'> <Ports = 2> <Width = 32> <Depth = 7> <RAM>
ST_70 : Operation 643 [2/2] (2.32ns)   --->   "%fir_mulint_int_shift_reg_lo_signed_char_double_9 = load i3 %p_ZZ3firPiiE9shift_reg_13_addr_10" [fir.cpp:33]   --->   Operation 643 'load' 'fir_mulint_int_shift_reg_lo_signed_char_double_9' <Predicate = (trunc_ln27 == 3 & icmp_ln31)> <Delay = 2.32> <CoreInst = "RAM">   --->   Core 81 'RAM' <Latency = 1> <II = 1> <Delay = 2.32> <Storage> <Opcode : 'load' 'store'> <Ports = 2> <Width = 32> <Depth = 7> <RAM>
ST_70 : Operation 644 [2/2] (2.32ns)   --->   "%fir_mulint_int_shift_reg_loa_double_9 = load i3 %p_ZZ3firPiiE9shift_reg_14_addr_10" [fir.cpp:33]   --->   Operation 644 'load' 'fir_mulint_int_shift_reg_loa_double_9' <Predicate = (trunc_ln27 == 4 & icmp_ln31)> <Delay = 2.32> <CoreInst = "RAM">   --->   Core 81 'RAM' <Latency = 1> <II = 1> <Delay = 2.32> <Storage> <Opcode : 'load' 'store'> <Ports = 2> <Width = 32> <Depth = 7> <RAM>
ST_70 : Operation 645 [2/2] (2.32ns)   --->   "%fir_mulint_int_shift_reg_load_9 = load i3 %fir_mulint_int_shift_reg_addr_10" [fir.cpp:33]   --->   Operation 645 'load' 'fir_mulint_int_shift_reg_load_9' <Predicate = (trunc_ln27 == 5 & icmp_ln31)> <Delay = 2.32> <CoreInst = "RAM">   --->   Core 81 'RAM' <Latency = 1> <II = 1> <Delay = 2.32> <Storage> <Opcode : 'load' 'store'> <Ports = 2> <Width = 32> <Depth = 7> <RAM>
ST_70 : Operation 646 [2/2] (2.32ns)   --->   "%p_ZZ3firPiiE9shift_reg_16_load_9 = load i3 %p_ZZ3firPiiE9shift_reg_16_addr_10" [fir.cpp:33]   --->   Operation 646 'load' 'p_ZZ3firPiiE9shift_reg_16_load_9' <Predicate = (trunc_ln27 == 6 & icmp_ln31)> <Delay = 2.32> <CoreInst = "RAM">   --->   Core 81 'RAM' <Latency = 1> <II = 1> <Delay = 2.32> <Storage> <Opcode : 'load' 'store'> <Ports = 2> <Width = 32> <Depth = 7> <RAM>
ST_70 : Operation 647 [2/2] (2.32ns)   --->   "%fir_int_int_shift_reg_34 = load i3 %p_ZZ3firPiiE9shift_reg_17_addr_10" [fir.cpp:33]   --->   Operation 647 'load' 'fir_int_int_shift_reg_34' <Predicate = (trunc_ln27 == 7 & icmp_ln31)> <Delay = 2.32> <CoreInst = "RAM">   --->   Core 81 'RAM' <Latency = 1> <II = 1> <Delay = 2.32> <Storage> <Opcode : 'load' 'store'> <Ports = 2> <Width = 32> <Depth = 7> <RAM>
ST_70 : Operation 648 [2/2] (2.32ns)   --->   "%p_ZZ3firPiiE9shift_reg_18_load_9 = load i3 %fir_int_int_shift_reg_32" [fir.cpp:33]   --->   Operation 648 'load' 'p_ZZ3firPiiE9shift_reg_18_load_9' <Predicate = (trunc_ln27 == 8 & icmp_ln31)> <Delay = 2.32> <CoreInst = "RAM">   --->   Core 81 'RAM' <Latency = 1> <II = 1> <Delay = 2.32> <Storage> <Opcode : 'load' 'store'> <Ports = 2> <Width = 32> <Depth = 7> <RAM>
ST_70 : Operation 649 [2/2] (2.32ns)   --->   "%p_ZZ3firPiiE9shift_reg_19_load_9 = load i3 %p_ZZ3firPiiE9shift_reg_19_addr_10" [fir.cpp:33]   --->   Operation 649 'load' 'p_ZZ3firPiiE9shift_reg_19_load_9' <Predicate = (trunc_ln27 == 9 & icmp_ln31)> <Delay = 2.32> <CoreInst = "RAM">   --->   Core 81 'RAM' <Latency = 1> <II = 1> <Delay = 2.32> <Storage> <Opcode : 'load' 'store'> <Ports = 2> <Width = 32> <Depth = 7> <RAM>

State 71 <SV = 70> <Delay = 5.34>
ST_71 : Operation 650 [1/1] (0.00ns)   --->   "%specpipeline_ln27 = specpipeline void @_ssdm_op_SpecPipeline, i32 4294967295, i32 0, i32 0, i32 0, void @empty_0" [fir.cpp:27]   --->   Operation 650 'specpipeline' 'specpipeline_ln27' <Predicate = true> <Delay = 0.00>
ST_71 : Operation 651 [1/1] (0.00ns)   --->   "%speclooptripcount_ln27 = speclooptripcount void @_ssdm_op_SpecLoopTripCount, i64 13, i64 13, i64 13" [fir.cpp:27]   --->   Operation 651 'speclooptripcount' 'speclooptripcount_ln27' <Predicate = true> <Delay = 0.00>
ST_71 : Operation 652 [1/1] (0.00ns)   --->   "%specloopname_ln31 = specloopname void @_ssdm_op_SpecLoopName, void @empty_3" [fir.cpp:31]   --->   Operation 652 'specloopname' 'specloopname_ln31' <Predicate = true> <Delay = 0.00>
ST_71 : Operation 653 [1/1] (0.00ns)   --->   "%zext_ln27_1 = zext i60 %tmp_10" [fir.cpp:27]   --->   Operation 653 'zext' 'zext_ln27_1' <Predicate = true> <Delay = 0.00>
ST_71 : Operation 654 [1/2] ( I:2.32ns O:2.32ns )   --->   "%fir_int_int_shift_reg_load = load i3 %fir_int_int_shift_reg_addr" [fir.cpp:33]   --->   Operation 654 'load' 'fir_int_int_shift_reg_load' <Predicate = (trunc_ln27 == 1)> <Delay = 2.32> <CoreInst = "RAM">   --->   Core 81 'RAM' <Latency = 1> <II = 1> <Delay = 2.32> <Storage> <Opcode : 'load' 'store'> <Ports = 2> <Width = 32> <Depth = 7> <RAM>
ST_71 : Operation 655 [1/2] ( I:2.32ns O:2.32ns )   --->   "%fir_int_int_shift_reg_10_load = load i3 %fir_int_int_shift_reg_10_addr" [fir.cpp:33]   --->   Operation 655 'load' 'fir_int_int_shift_reg_10_load' <Predicate = (trunc_ln27 == 2)> <Delay = 2.32> <CoreInst = "RAM">   --->   Core 81 'RAM' <Latency = 1> <II = 1> <Delay = 2.32> <Storage> <Opcode : 'load' 'store'> <Ports = 2> <Width = 32> <Depth = 7> <RAM>
ST_71 : Operation 656 [1/2] ( I:2.32ns O:2.32ns )   --->   "%fir_int_int_shift_reg_11_load = load i3 %fir_int_int_shift_reg_11_addr" [fir.cpp:33]   --->   Operation 656 'load' 'fir_int_int_shift_reg_11_load' <Predicate = (trunc_ln27 == 3)> <Delay = 2.32> <CoreInst = "RAM">   --->   Core 81 'RAM' <Latency = 1> <II = 1> <Delay = 2.32> <Storage> <Opcode : 'load' 'store'> <Ports = 2> <Width = 32> <Depth = 7> <RAM>
ST_71 : Operation 657 [1/2] ( I:2.32ns O:2.32ns )   --->   "%fir_int_int_shift_reg_12_load = load i3 %fir_int_int_shift_reg_12_addr" [fir.cpp:33]   --->   Operation 657 'load' 'fir_int_int_shift_reg_12_load' <Predicate = (trunc_ln27 == 4)> <Delay = 2.32> <CoreInst = "RAM">   --->   Core 81 'RAM' <Latency = 1> <II = 1> <Delay = 2.32> <Storage> <Opcode : 'load' 'store'> <Ports = 2> <Width = 32> <Depth = 7> <RAM>
ST_71 : Operation 658 [1/2] ( I:2.32ns O:2.32ns )   --->   "%fir_int_int_shift_reg_13_load = load i3 %fir_int_int_shift_reg_13_addr" [fir.cpp:33]   --->   Operation 658 'load' 'fir_int_int_shift_reg_13_load' <Predicate = (trunc_ln27 == 5)> <Delay = 2.32> <CoreInst = "RAM">   --->   Core 81 'RAM' <Latency = 1> <II = 1> <Delay = 2.32> <Storage> <Opcode : 'load' 'store'> <Ports = 2> <Width = 32> <Depth = 7> <RAM>
ST_71 : Operation 659 [1/2] ( I:2.32ns O:2.32ns )   --->   "%fir_int_int_shift_reg_14_load = load i3 %fir_int_int_shift_reg_14_addr" [fir.cpp:33]   --->   Operation 659 'load' 'fir_int_int_shift_reg_14_load' <Predicate = (trunc_ln27 == 6)> <Delay = 2.32> <CoreInst = "RAM">   --->   Core 81 'RAM' <Latency = 1> <II = 1> <Delay = 2.32> <Storage> <Opcode : 'load' 'store'> <Ports = 2> <Width = 32> <Depth = 7> <RAM>
ST_71 : Operation 660 [1/2] ( I:2.32ns O:2.32ns )   --->   "%fir_int_int_shift_reg_15_load = load i3 %fir_int_int_shift_reg_15_addr" [fir.cpp:33]   --->   Operation 660 'load' 'fir_int_int_shift_reg_15_load' <Predicate = (trunc_ln27 == 7)> <Delay = 2.32> <CoreInst = "RAM">   --->   Core 81 'RAM' <Latency = 1> <II = 1> <Delay = 2.32> <Storage> <Opcode : 'load' 'store'> <Ports = 2> <Width = 32> <Depth = 7> <RAM>
ST_71 : Operation 661 [1/2] ( I:2.32ns O:2.32ns )   --->   "%fir_int_int_shift_reg_16_load = load i3 %fir_int_int_shift_reg_16_addr" [fir.cpp:33]   --->   Operation 661 'load' 'fir_int_int_shift_reg_16_load' <Predicate = (trunc_ln27 == 8)> <Delay = 2.32> <CoreInst = "RAM">   --->   Core 81 'RAM' <Latency = 1> <II = 1> <Delay = 2.32> <Storage> <Opcode : 'load' 'store'> <Ports = 2> <Width = 32> <Depth = 7> <RAM>
ST_71 : Operation 662 [1/2] ( I:2.32ns O:2.32ns )   --->   "%fir_int_int_shift_reg_17_load = load i3 %fir_int_int_shift_reg_17_addr" [fir.cpp:33]   --->   Operation 662 'load' 'fir_int_int_shift_reg_17_load' <Predicate = (trunc_ln27 == 9)> <Delay = 2.32> <CoreInst = "RAM">   --->   Core 81 'RAM' <Latency = 1> <II = 1> <Delay = 2.32> <Storage> <Opcode : 'load' 'store'> <Ports = 2> <Width = 32> <Depth = 7> <RAM>
ST_71 : Operation 663 [1/2] ( I:2.32ns O:2.32ns )   --->   "%fir_int_int_shift_reg_18_load = load i3 %fir_int_int_shift_reg_18_addr" [fir.cpp:33]   --->   Operation 663 'load' 'fir_int_int_shift_reg_18_load' <Predicate = (trunc_ln27 == 10)> <Delay = 2.32> <CoreInst = "RAM">   --->   Core 81 'RAM' <Latency = 1> <II = 1> <Delay = 2.32> <Storage> <Opcode : 'load' 'store'> <Ports = 2> <Width = 32> <Depth = 7> <RAM>
ST_71 : Operation 664 [1/2] ( I:2.32ns O:2.32ns )   --->   "%p_ZZ3firPiiE9shift_reg_10_load = load i3 %p_ZZ3firPiiE9shift_reg_10_addr" [fir.cpp:33]   --->   Operation 664 'load' 'p_ZZ3firPiiE9shift_reg_10_load' <Predicate = (trunc_ln27 == 11)> <Delay = 2.32> <CoreInst = "RAM">   --->   Core 81 'RAM' <Latency = 1> <II = 1> <Delay = 2.32> <Storage> <Opcode : 'load' 'store'> <Ports = 2> <Width = 32> <Depth = 7> <RAM>
ST_71 : Operation 665 [1/2] ( I:2.32ns O:2.32ns )   --->   "%fir_int_int_shift_reg_11 = load i3 %p_ZZ3firPiiE9shift_reg_11_addr" [fir.cpp:33]   --->   Operation 665 'load' 'fir_int_int_shift_reg_11' <Predicate = (trunc_ln27 == 12)> <Delay = 2.32> <CoreInst = "RAM">   --->   Core 81 'RAM' <Latency = 1> <II = 1> <Delay = 2.32> <Storage> <Opcode : 'load' 'store'> <Ports = 2> <Width = 32> <Depth = 7> <RAM>
ST_71 : Operation 666 [1/2] ( I:2.32ns O:2.32ns )   --->   "%fir_int_int_shift_reg_12 = load i3 %p_ZZ3firPiiE9shift_reg_12_addr" [fir.cpp:33]   --->   Operation 666 'load' 'fir_int_int_shift_reg_12' <Predicate = (trunc_ln27 == 13)> <Delay = 2.32> <CoreInst = "RAM">   --->   Core 81 'RAM' <Latency = 1> <II = 1> <Delay = 2.32> <Storage> <Opcode : 'load' 'store'> <Ports = 2> <Width = 32> <Depth = 7> <RAM>
ST_71 : Operation 667 [1/2] ( I:2.32ns O:2.32ns )   --->   "%fir_int_int_shift_reg_13 = load i3 %p_ZZ3firPiiE9shift_reg_13_addr" [fir.cpp:33]   --->   Operation 667 'load' 'fir_int_int_shift_reg_13' <Predicate = (trunc_ln27 == 14)> <Delay = 2.32> <CoreInst = "RAM">   --->   Core 81 'RAM' <Latency = 1> <II = 1> <Delay = 2.32> <Storage> <Opcode : 'load' 'store'> <Ports = 2> <Width = 32> <Depth = 7> <RAM>
ST_71 : Operation 668 [1/2] ( I:2.32ns O:2.32ns )   --->   "%fir_int_int_shift_reg_14 = load i3 %p_ZZ3firPiiE9shift_reg_14_addr" [fir.cpp:33]   --->   Operation 668 'load' 'fir_int_int_shift_reg_14' <Predicate = (trunc_ln27 == 15)> <Delay = 2.32> <CoreInst = "RAM">   --->   Core 81 'RAM' <Latency = 1> <II = 1> <Delay = 2.32> <Storage> <Opcode : 'load' 'store'> <Ports = 2> <Width = 32> <Depth = 7> <RAM>
ST_71 : Operation 669 [1/2] ( I:2.32ns O:2.32ns )   --->   "%fir_int_int_shift_reg_15 = load i3 %fir_int_int_shift_reg" [fir.cpp:33]   --->   Operation 669 'load' 'fir_int_int_shift_reg_15' <Predicate = (trunc_ln27 == 16)> <Delay = 2.32> <CoreInst = "RAM">   --->   Core 81 'RAM' <Latency = 1> <II = 1> <Delay = 2.32> <Storage> <Opcode : 'load' 'store'> <Ports = 2> <Width = 32> <Depth = 7> <RAM>
ST_71 : Operation 670 [1/2] ( I:2.32ns O:2.32ns )   --->   "%p_ZZ3firPiiE9shift_reg_16_load = load i3 %p_ZZ3firPiiE9shift_reg_16_addr" [fir.cpp:33]   --->   Operation 670 'load' 'p_ZZ3firPiiE9shift_reg_16_load' <Predicate = (trunc_ln27 == 17)> <Delay = 2.32> <CoreInst = "RAM">   --->   Core 81 'RAM' <Latency = 1> <II = 1> <Delay = 2.32> <Storage> <Opcode : 'load' 'store'> <Ports = 2> <Width = 32> <Depth = 7> <RAM>
ST_71 : Operation 671 [1/2] ( I:2.32ns O:2.32ns )   --->   "%p_ZZ3firPiiE9shift_reg_17_load = load i3 %p_ZZ3firPiiE9shift_reg_17_addr" [fir.cpp:33]   --->   Operation 671 'load' 'p_ZZ3firPiiE9shift_reg_17_load' <Predicate = (trunc_ln27 == 18)> <Delay = 2.32> <CoreInst = "RAM">   --->   Core 81 'RAM' <Latency = 1> <II = 1> <Delay = 2.32> <Storage> <Opcode : 'load' 'store'> <Ports = 2> <Width = 32> <Depth = 7> <RAM>
ST_71 : Operation 672 [1/2] ( I:2.32ns O:2.32ns )   --->   "%p_ZZ3firPiiE9shift_reg_18_load = load i3 %p_ZZ3firPiiE9shift_reg_18_addr" [fir.cpp:33]   --->   Operation 672 'load' 'p_ZZ3firPiiE9shift_reg_18_load' <Predicate = (trunc_ln27 == 19)> <Delay = 2.32> <CoreInst = "RAM">   --->   Core 81 'RAM' <Latency = 1> <II = 1> <Delay = 2.32> <Storage> <Opcode : 'load' 'store'> <Ports = 2> <Width = 32> <Depth = 7> <RAM>
ST_71 : Operation 673 [1/2] ( I:2.32ns O:2.32ns )   --->   "%p_ZZ3firPiiE9shift_reg_19_load = load i3 %p_ZZ3firPiiE9shift_reg_19_addr" [fir.cpp:33]   --->   Operation 673 'load' 'p_ZZ3firPiiE9shift_reg_19_load' <Predicate = (trunc_ln27 == 0)> <Delay = 2.32> <CoreInst = "RAM">   --->   Core 81 'RAM' <Latency = 1> <II = 1> <Delay = 2.32> <Storage> <Opcode : 'load' 'store'> <Ports = 2> <Width = 32> <Depth = 7> <RAM>
ST_71 : Operation 674 [1/1] (3.02ns)   --->   "%tmp = sparsemux i32 @_ssdm_op_SparseMux.ap_auto.20i32.i32.i5, i5 1, i32 %fir_int_int_shift_reg_load, i5 2, i32 %fir_int_int_shift_reg_10_load, i5 3, i32 %fir_int_int_shift_reg_11_load, i5 4, i32 %fir_int_int_shift_reg_12_load, i5 5, i32 %fir_int_int_shift_reg_13_load, i5 6, i32 %fir_int_int_shift_reg_14_load, i5 7, i32 %fir_int_int_shift_reg_15_load, i5 8, i32 %fir_int_int_shift_reg_16_load, i5 9, i32 %fir_int_int_shift_reg_17_load, i5 10, i32 %fir_int_int_shift_reg_18_load, i5 11, i32 %p_ZZ3firPiiE9shift_reg_10_load, i5 12, i32 %fir_int_int_shift_reg_11, i5 13, i32 %fir_int_int_shift_reg_12, i5 14, i32 %fir_int_int_shift_reg_13, i5 15, i32 %fir_int_int_shift_reg_14, i5 16, i32 %fir_int_int_shift_reg_15, i5 17, i32 %p_ZZ3firPiiE9shift_reg_16_load, i5 18, i32 %p_ZZ3firPiiE9shift_reg_17_load, i5 19, i32 %p_ZZ3firPiiE9shift_reg_18_load, i5 0, i32 %p_ZZ3firPiiE9shift_reg_19_load, i32 0, i5 %trunc_ln27" [fir.cpp:33]   --->   Operation 674 'sparsemux' 'tmp' <Predicate = true> <Delay = 3.02> <CoreInst = "BinarySparseMux_DontCare">   --->   Core 137 'BinarySparseMux_DontCare' <Latency = 0> <II = 1> <Delay = 3.02> <FuncUnit> <Opcode : 'sparsemux'> <InPorts = 2> <OutPorts = 1>
ST_71 : Operation 675 [1/1] (0.00ns)   --->   "%fir_int_int_shift_reg_addr_1 = getelementptr i32 %fir_int_int_shift_reg, i64 0, i64 %zext_ln27_1" [fir.cpp:33]   --->   Operation 675 'getelementptr' 'fir_int_int_shift_reg_addr_1' <Predicate = true> <Delay = 0.00>
ST_71 : Operation 676 [1/1] (0.00ns)   --->   "%fir_int_int_shift_reg_10_addr_1 = getelementptr i32 %fir_int_int_shift_reg_10, i64 0, i64 %zext_ln27_1" [fir.cpp:33]   --->   Operation 676 'getelementptr' 'fir_int_int_shift_reg_10_addr_1' <Predicate = true> <Delay = 0.00>
ST_71 : Operation 677 [1/1] (0.00ns)   --->   "%fir_int_int_shift_reg_11_addr_1 = getelementptr i32 %fir_int_int_shift_reg_11, i64 0, i64 %zext_ln27_1" [fir.cpp:33]   --->   Operation 677 'getelementptr' 'fir_int_int_shift_reg_11_addr_1' <Predicate = true> <Delay = 0.00>
ST_71 : Operation 678 [1/1] (0.00ns)   --->   "%fir_int_int_shift_reg_12_addr_1 = getelementptr i32 %fir_int_int_shift_reg_12, i64 0, i64 %zext_ln27_1" [fir.cpp:33]   --->   Operation 678 'getelementptr' 'fir_int_int_shift_reg_12_addr_1' <Predicate = true> <Delay = 0.00>
ST_71 : Operation 679 [1/1] (0.00ns)   --->   "%fir_int_int_shift_reg_13_addr_1 = getelementptr i32 %fir_int_int_shift_reg_13, i64 0, i64 %zext_ln27_1" [fir.cpp:33]   --->   Operation 679 'getelementptr' 'fir_int_int_shift_reg_13_addr_1' <Predicate = true> <Delay = 0.00>
ST_71 : Operation 680 [1/1] (0.00ns)   --->   "%fir_int_int_shift_reg_14_addr_1 = getelementptr i32 %fir_int_int_shift_reg_14, i64 0, i64 %zext_ln27_1" [fir.cpp:33]   --->   Operation 680 'getelementptr' 'fir_int_int_shift_reg_14_addr_1' <Predicate = true> <Delay = 0.00>
ST_71 : Operation 681 [1/1] (0.00ns)   --->   "%fir_int_int_shift_reg_15_addr_1 = getelementptr i32 %fir_int_int_shift_reg_15, i64 0, i64 %zext_ln27_1" [fir.cpp:33]   --->   Operation 681 'getelementptr' 'fir_int_int_shift_reg_15_addr_1' <Predicate = true> <Delay = 0.00>
ST_71 : Operation 682 [1/1] (0.00ns)   --->   "%fir_int_int_shift_reg_16_addr_1 = getelementptr i32 %fir_int_int_shift_reg_16, i64 0, i64 %zext_ln27_1" [fir.cpp:33]   --->   Operation 682 'getelementptr' 'fir_int_int_shift_reg_16_addr_1' <Predicate = true> <Delay = 0.00>
ST_71 : Operation 683 [1/1] (0.00ns)   --->   "%fir_int_int_shift_reg_17_addr_1 = getelementptr i32 %fir_int_int_shift_reg_17, i64 0, i64 %zext_ln27_1" [fir.cpp:33]   --->   Operation 683 'getelementptr' 'fir_int_int_shift_reg_17_addr_1' <Predicate = true> <Delay = 0.00>
ST_71 : Operation 684 [1/1] (0.00ns)   --->   "%fir_int_int_shift_reg_18_addr_1 = getelementptr i32 %fir_int_int_shift_reg_18, i64 0, i64 %zext_ln27_1" [fir.cpp:33]   --->   Operation 684 'getelementptr' 'fir_int_int_shift_reg_18_addr_1' <Predicate = true> <Delay = 0.00>
ST_71 : Operation 685 [1/1] (0.00ns)   --->   "%p_ZZ3firPiiE9shift_reg_10_addr_1 = getelementptr i32 %p_ZZ3firPiiE9shift_reg_10, i64 0, i64 %zext_ln27_1" [fir.cpp:33]   --->   Operation 685 'getelementptr' 'p_ZZ3firPiiE9shift_reg_10_addr_1' <Predicate = true> <Delay = 0.00>
ST_71 : Operation 686 [1/1] (0.00ns)   --->   "%p_ZZ3firPiiE9shift_reg_11_addr_1 = getelementptr i32 %p_ZZ3firPiiE9shift_reg_11, i64 0, i64 %zext_ln27_1" [fir.cpp:33]   --->   Operation 686 'getelementptr' 'p_ZZ3firPiiE9shift_reg_11_addr_1' <Predicate = true> <Delay = 0.00>
ST_71 : Operation 687 [1/1] (0.00ns)   --->   "%p_ZZ3firPiiE9shift_reg_12_addr_1 = getelementptr i32 %p_ZZ3firPiiE9shift_reg_12, i64 0, i64 %zext_ln27_1" [fir.cpp:33]   --->   Operation 687 'getelementptr' 'p_ZZ3firPiiE9shift_reg_12_addr_1' <Predicate = true> <Delay = 0.00>
ST_71 : Operation 688 [1/1] (0.00ns)   --->   "%p_ZZ3firPiiE9shift_reg_13_addr_1 = getelementptr i32 %p_ZZ3firPiiE9shift_reg_13, i64 0, i64 %zext_ln27_1" [fir.cpp:33]   --->   Operation 688 'getelementptr' 'p_ZZ3firPiiE9shift_reg_13_addr_1' <Predicate = true> <Delay = 0.00>
ST_71 : Operation 689 [1/1] (0.00ns)   --->   "%p_ZZ3firPiiE9shift_reg_14_addr_1 = getelementptr i32 %p_ZZ3firPiiE9shift_reg_14, i64 0, i64 %zext_ln27_1" [fir.cpp:33]   --->   Operation 689 'getelementptr' 'p_ZZ3firPiiE9shift_reg_14_addr_1' <Predicate = true> <Delay = 0.00>
ST_71 : Operation 690 [1/1] (0.00ns)   --->   "%fir_mulint_int_shift_reg_addr_1 = getelementptr i32 %p_ZZ3firPiiE9shift_reg_15, i64 0, i64 %zext_ln27_1" [fir.cpp:33]   --->   Operation 690 'getelementptr' 'fir_mulint_int_shift_reg_addr_1' <Predicate = true> <Delay = 0.00>
ST_71 : Operation 691 [1/1] (0.00ns)   --->   "%p_ZZ3firPiiE9shift_reg_16_addr_1 = getelementptr i32 %p_ZZ3firPiiE9shift_reg_16, i64 0, i64 %zext_ln27_1" [fir.cpp:33]   --->   Operation 691 'getelementptr' 'p_ZZ3firPiiE9shift_reg_16_addr_1' <Predicate = true> <Delay = 0.00>
ST_71 : Operation 692 [1/1] (0.00ns)   --->   "%fir_int_int_shift_reg_16 = getelementptr i32 %p_ZZ3firPiiE9shift_reg_17, i64 0, i64 %zext_ln27_1" [fir.cpp:33]   --->   Operation 692 'getelementptr' 'fir_int_int_shift_reg_16' <Predicate = true> <Delay = 0.00>
ST_71 : Operation 693 [1/1] (0.00ns)   --->   "%p_ZZ3firPiiE9shift_reg_18_addr_1 = getelementptr i32 %p_ZZ3firPiiE9shift_reg_18, i64 0, i64 %zext_ln27_1" [fir.cpp:33]   --->   Operation 693 'getelementptr' 'p_ZZ3firPiiE9shift_reg_18_addr_1' <Predicate = true> <Delay = 0.00>
ST_71 : Operation 694 [1/1] (0.00ns)   --->   "%p_ZZ3firPiiE9shift_reg_19_addr_1 = getelementptr i32 %p_ZZ3firPiiE9shift_reg_19, i64 0, i64 %zext_ln27_1" [fir.cpp:33]   --->   Operation 694 'getelementptr' 'p_ZZ3firPiiE9shift_reg_19_addr_1' <Predicate = true> <Delay = 0.00>
ST_71 : Operation 695 [1/2] ( I:2.32ns O:2.32ns )   --->   "%fir_int_int_shift_reg_load_1 = load i3 %fir_int_int_shift_reg_addr_2" [fir.cpp:33]   --->   Operation 695 'load' 'fir_int_int_shift_reg_load_1' <Predicate = (trunc_ln27 == 2)> <Delay = 2.32> <CoreInst = "RAM">   --->   Core 81 'RAM' <Latency = 1> <II = 1> <Delay = 2.32> <Storage> <Opcode : 'load' 'store'> <Ports = 2> <Width = 32> <Depth = 7> <RAM>
ST_71 : Operation 696 [1/2] ( I:2.32ns O:2.32ns )   --->   "%fir_int_int_shift_reg_10_load_1 = load i3 %fir_int_int_shift_reg_10_addr_2" [fir.cpp:33]   --->   Operation 696 'load' 'fir_int_int_shift_reg_10_load_1' <Predicate = (trunc_ln27 == 3)> <Delay = 2.32> <CoreInst = "RAM">   --->   Core 81 'RAM' <Latency = 1> <II = 1> <Delay = 2.32> <Storage> <Opcode : 'load' 'store'> <Ports = 2> <Width = 32> <Depth = 7> <RAM>
ST_71 : Operation 697 [1/2] ( I:2.32ns O:2.32ns )   --->   "%fir_int_int_shift_reg_11_load_1 = load i3 %fir_int_int_shift_reg_11_addr_2" [fir.cpp:33]   --->   Operation 697 'load' 'fir_int_int_shift_reg_11_load_1' <Predicate = (trunc_ln27 == 4)> <Delay = 2.32> <CoreInst = "RAM">   --->   Core 81 'RAM' <Latency = 1> <II = 1> <Delay = 2.32> <Storage> <Opcode : 'load' 'store'> <Ports = 2> <Width = 32> <Depth = 7> <RAM>
ST_71 : Operation 698 [1/2] ( I:2.32ns O:2.32ns )   --->   "%fir_int_int_shift_reg_12_load_1 = load i3 %fir_int_int_shift_reg_12_addr_2" [fir.cpp:33]   --->   Operation 698 'load' 'fir_int_int_shift_reg_12_load_1' <Predicate = (trunc_ln27 == 5)> <Delay = 2.32> <CoreInst = "RAM">   --->   Core 81 'RAM' <Latency = 1> <II = 1> <Delay = 2.32> <Storage> <Opcode : 'load' 'store'> <Ports = 2> <Width = 32> <Depth = 7> <RAM>
ST_71 : Operation 699 [1/2] ( I:2.32ns O:2.32ns )   --->   "%fir_int_int_shift_reg_13_load_1 = load i3 %fir_int_int_shift_reg_13_addr_2" [fir.cpp:33]   --->   Operation 699 'load' 'fir_int_int_shift_reg_13_load_1' <Predicate = (trunc_ln27 == 6)> <Delay = 2.32> <CoreInst = "RAM">   --->   Core 81 'RAM' <Latency = 1> <II = 1> <Delay = 2.32> <Storage> <Opcode : 'load' 'store'> <Ports = 2> <Width = 32> <Depth = 7> <RAM>
ST_71 : Operation 700 [1/2] ( I:2.32ns O:2.32ns )   --->   "%fir_int_int_shift_reg_14_load_1 = load i3 %fir_int_int_shift_reg_14_addr_2" [fir.cpp:33]   --->   Operation 700 'load' 'fir_int_int_shift_reg_14_load_1' <Predicate = (trunc_ln27 == 7)> <Delay = 2.32> <CoreInst = "RAM">   --->   Core 81 'RAM' <Latency = 1> <II = 1> <Delay = 2.32> <Storage> <Opcode : 'load' 'store'> <Ports = 2> <Width = 32> <Depth = 7> <RAM>
ST_71 : Operation 701 [1/2] ( I:2.32ns O:2.32ns )   --->   "%fir_int_int_shift_reg_15_load_1 = load i3 %fir_int_int_shift_reg_15_addr_2" [fir.cpp:33]   --->   Operation 701 'load' 'fir_int_int_shift_reg_15_load_1' <Predicate = (trunc_ln27 == 8)> <Delay = 2.32> <CoreInst = "RAM">   --->   Core 81 'RAM' <Latency = 1> <II = 1> <Delay = 2.32> <Storage> <Opcode : 'load' 'store'> <Ports = 2> <Width = 32> <Depth = 7> <RAM>
ST_71 : Operation 702 [1/2] ( I:2.32ns O:2.32ns )   --->   "%fir_int_int_shift_reg_16_load_1 = load i3 %fir_int_int_shift_reg_16_addr_2" [fir.cpp:33]   --->   Operation 702 'load' 'fir_int_int_shift_reg_16_load_1' <Predicate = (trunc_ln27 == 9)> <Delay = 2.32> <CoreInst = "RAM">   --->   Core 81 'RAM' <Latency = 1> <II = 1> <Delay = 2.32> <Storage> <Opcode : 'load' 'store'> <Ports = 2> <Width = 32> <Depth = 7> <RAM>
ST_71 : Operation 703 [1/2] ( I:2.32ns O:2.32ns )   --->   "%fir_int_int_shift_reg_17_load_1 = load i3 %fir_int_int_shift_reg_17_addr_2" [fir.cpp:33]   --->   Operation 703 'load' 'fir_int_int_shift_reg_17_load_1' <Predicate = (trunc_ln27 == 10)> <Delay = 2.32> <CoreInst = "RAM">   --->   Core 81 'RAM' <Latency = 1> <II = 1> <Delay = 2.32> <Storage> <Opcode : 'load' 'store'> <Ports = 2> <Width = 32> <Depth = 7> <RAM>
ST_71 : Operation 704 [1/2] ( I:2.32ns O:2.32ns )   --->   "%fir_int_int_shift_reg_18_load_1 = load i3 %fir_int_int_shift_reg_18_addr_2" [fir.cpp:33]   --->   Operation 704 'load' 'fir_int_int_shift_reg_18_load_1' <Predicate = (trunc_ln27 == 11)> <Delay = 2.32> <CoreInst = "RAM">   --->   Core 81 'RAM' <Latency = 1> <II = 1> <Delay = 2.32> <Storage> <Opcode : 'load' 'store'> <Ports = 2> <Width = 32> <Depth = 7> <RAM>
ST_71 : Operation 705 [1/2] ( I:2.32ns O:2.32ns )   --->   "%p_ZZ3firPiiE9shift_reg_10_load_1 = load i3 %p_ZZ3firPiiE9shift_reg_10_addr_2" [fir.cpp:33]   --->   Operation 705 'load' 'p_ZZ3firPiiE9shift_reg_10_load_1' <Predicate = (trunc_ln27 == 12)> <Delay = 2.32> <CoreInst = "RAM">   --->   Core 81 'RAM' <Latency = 1> <II = 1> <Delay = 2.32> <Storage> <Opcode : 'load' 'store'> <Ports = 2> <Width = 32> <Depth = 7> <RAM>
ST_71 : Operation 706 [1/2] ( I:2.32ns O:2.32ns )   --->   "%fir_mulint_int_shift_reg_long_unsigned_int128_signed_char_double_1 = load i3 %p_ZZ3firPiiE9shift_reg_11_addr_2" [fir.cpp:33]   --->   Operation 706 'load' 'fir_mulint_int_shift_reg_long_unsigned_int128_signed_char_double_1' <Predicate = (trunc_ln27 == 13)> <Delay = 2.32> <CoreInst = "RAM">   --->   Core 81 'RAM' <Latency = 1> <II = 1> <Delay = 2.32> <Storage> <Opcode : 'load' 'store'> <Ports = 2> <Width = 32> <Depth = 7> <RAM>
ST_71 : Operation 707 [1/2] ( I:2.32ns O:2.32ns )   --->   "%fir_mulint_int_shift_reg_l_unsigned_int128_signed_char_double_1 = load i3 %p_ZZ3firPiiE9shift_reg_12_addr_2" [fir.cpp:33]   --->   Operation 707 'load' 'fir_mulint_int_shift_reg_l_unsigned_int128_signed_char_double_1' <Predicate = (trunc_ln27 == 14)> <Delay = 2.32> <CoreInst = "RAM">   --->   Core 81 'RAM' <Latency = 1> <II = 1> <Delay = 2.32> <Storage> <Opcode : 'load' 'store'> <Ports = 2> <Width = 32> <Depth = 7> <RAM>
ST_71 : Operation 708 [1/2] ( I:2.32ns O:2.32ns )   --->   "%fir_mulint_int_shift_reg_lo_signed_char_double_1 = load i3 %p_ZZ3firPiiE9shift_reg_13_addr_2" [fir.cpp:33]   --->   Operation 708 'load' 'fir_mulint_int_shift_reg_lo_signed_char_double_1' <Predicate = (trunc_ln27 == 15)> <Delay = 2.32> <CoreInst = "RAM">   --->   Core 81 'RAM' <Latency = 1> <II = 1> <Delay = 2.32> <Storage> <Opcode : 'load' 'store'> <Ports = 2> <Width = 32> <Depth = 7> <RAM>
ST_71 : Operation 709 [1/2] ( I:2.32ns O:2.32ns )   --->   "%fir_mulint_int_shift_reg_loa_double_1 = load i3 %p_ZZ3firPiiE9shift_reg_14_addr_2" [fir.cpp:33]   --->   Operation 709 'load' 'fir_mulint_int_shift_reg_loa_double_1' <Predicate = (trunc_ln27 == 16)> <Delay = 2.32> <CoreInst = "RAM">   --->   Core 81 'RAM' <Latency = 1> <II = 1> <Delay = 2.32> <Storage> <Opcode : 'load' 'store'> <Ports = 2> <Width = 32> <Depth = 7> <RAM>
ST_71 : Operation 710 [1/2] ( I:2.32ns O:2.32ns )   --->   "%fir_mulint_int_shift_reg_load_1 = load i3 %fir_mulint_int_shift_reg_addr_2" [fir.cpp:33]   --->   Operation 710 'load' 'fir_mulint_int_shift_reg_load_1' <Predicate = (trunc_ln27 == 17)> <Delay = 2.32> <CoreInst = "RAM">   --->   Core 81 'RAM' <Latency = 1> <II = 1> <Delay = 2.32> <Storage> <Opcode : 'load' 'store'> <Ports = 2> <Width = 32> <Depth = 7> <RAM>
ST_71 : Operation 711 [1/2] ( I:2.32ns O:2.32ns )   --->   "%p_ZZ3firPiiE9shift_reg_16_load_1 = load i3 %p_ZZ3firPiiE9shift_reg_16_addr_2" [fir.cpp:33]   --->   Operation 711 'load' 'p_ZZ3firPiiE9shift_reg_16_load_1' <Predicate = (trunc_ln27 == 18)> <Delay = 2.32> <CoreInst = "RAM">   --->   Core 81 'RAM' <Latency = 1> <II = 1> <Delay = 2.32> <Storage> <Opcode : 'load' 'store'> <Ports = 2> <Width = 32> <Depth = 7> <RAM>
ST_71 : Operation 712 [1/2] ( I:2.32ns O:2.32ns )   --->   "%fir_int_int_shift_reg_23 = load i3 %fir_int_int_shift_reg_17" [fir.cpp:33]   --->   Operation 712 'load' 'fir_int_int_shift_reg_23' <Predicate = (trunc_ln27 == 19)> <Delay = 2.32> <CoreInst = "RAM">   --->   Core 81 'RAM' <Latency = 1> <II = 1> <Delay = 2.32> <Storage> <Opcode : 'load' 'store'> <Ports = 2> <Width = 32> <Depth = 7> <RAM>
ST_71 : Operation 713 [1/2] ( I:2.32ns O:2.32ns )   --->   "%p_ZZ3firPiiE9shift_reg_18_load_1 = load i3 %p_ZZ3firPiiE9shift_reg_18_addr_2" [fir.cpp:33]   --->   Operation 713 'load' 'p_ZZ3firPiiE9shift_reg_18_load_1' <Predicate = (trunc_ln27 == 0)> <Delay = 2.32> <CoreInst = "RAM">   --->   Core 81 'RAM' <Latency = 1> <II = 1> <Delay = 2.32> <Storage> <Opcode : 'load' 'store'> <Ports = 2> <Width = 32> <Depth = 7> <RAM>
ST_71 : Operation 714 [1/2] ( I:2.32ns O:2.32ns )   --->   "%p_ZZ3firPiiE9shift_reg_19_load_1 = load i3 %p_ZZ3firPiiE9shift_reg_19_addr_2" [fir.cpp:33]   --->   Operation 714 'load' 'p_ZZ3firPiiE9shift_reg_19_load_1' <Predicate = (trunc_ln27 == 1)> <Delay = 2.32> <CoreInst = "RAM">   --->   Core 81 'RAM' <Latency = 1> <II = 1> <Delay = 2.32> <Storage> <Opcode : 'load' 'store'> <Ports = 2> <Width = 32> <Depth = 7> <RAM>
ST_71 : Operation 715 [1/1] (3.02ns)   --->   "%tmp_1 = sparsemux i32 @_ssdm_op_SparseMux.ap_auto.20i32.i32.i5, i5 2, i32 %fir_int_int_shift_reg_load_1, i5 3, i32 %fir_int_int_shift_reg_10_load_1, i5 4, i32 %fir_int_int_shift_reg_11_load_1, i5 5, i32 %fir_int_int_shift_reg_12_load_1, i5 6, i32 %fir_int_int_shift_reg_13_load_1, i5 7, i32 %fir_int_int_shift_reg_14_load_1, i5 8, i32 %fir_int_int_shift_reg_15_load_1, i5 9, i32 %fir_int_int_shift_reg_16_load_1, i5 10, i32 %fir_int_int_shift_reg_17_load_1, i5 11, i32 %fir_int_int_shift_reg_18_load_1, i5 12, i32 %p_ZZ3firPiiE9shift_reg_10_load_1, i5 13, i32 %fir_mulint_int_shift_reg_long_unsigned_int128_signed_char_double_1, i5 14, i32 %fir_mulint_int_shift_reg_l_unsigned_int128_signed_char_double_1, i5 15, i32 %fir_mulint_int_shift_reg_lo_signed_char_double_1, i5 16, i32 %fir_mulint_int_shift_reg_loa_double_1, i5 17, i32 %fir_mulint_int_shift_reg_load_1, i5 18, i32 %p_ZZ3firPiiE9shift_reg_16_load_1, i5 19, i32 %fir_int_int_shift_reg_23, i5 0, i32 %p_ZZ3firPiiE9shift_reg_18_load_1, i5 1, i32 %p_ZZ3firPiiE9shift_reg_19_load_1, i32 0, i5 %trunc_ln27" [fir.cpp:33]   --->   Operation 715 'sparsemux' 'tmp_1' <Predicate = true> <Delay = 3.02> <CoreInst = "BinarySparseMux_DontCare">   --->   Core 137 'BinarySparseMux_DontCare' <Latency = 0> <II = 1> <Delay = 3.02> <FuncUnit> <Opcode : 'sparsemux'> <InPorts = 2> <OutPorts = 1>
ST_71 : Operation 716 [1/2] ( I:2.32ns O:2.32ns )   --->   "%fir_int_int_shift_reg_load_2 = load i3 %fir_int_int_shift_reg_addr_3" [fir.cpp:33]   --->   Operation 716 'load' 'fir_int_int_shift_reg_load_2' <Predicate = (trunc_ln27 == 3)> <Delay = 2.32> <CoreInst = "RAM">   --->   Core 81 'RAM' <Latency = 1> <II = 1> <Delay = 2.32> <Storage> <Opcode : 'load' 'store'> <Ports = 2> <Width = 32> <Depth = 7> <RAM>
ST_71 : Operation 717 [1/2] ( I:2.32ns O:2.32ns )   --->   "%fir_int_int_shift_reg_10_load_2 = load i3 %fir_int_int_shift_reg_10_addr_3" [fir.cpp:33]   --->   Operation 717 'load' 'fir_int_int_shift_reg_10_load_2' <Predicate = (trunc_ln27 == 4)> <Delay = 2.32> <CoreInst = "RAM">   --->   Core 81 'RAM' <Latency = 1> <II = 1> <Delay = 2.32> <Storage> <Opcode : 'load' 'store'> <Ports = 2> <Width = 32> <Depth = 7> <RAM>
ST_71 : Operation 718 [1/2] ( I:2.32ns O:2.32ns )   --->   "%fir_int_int_shift_reg_11_load_2 = load i3 %fir_int_int_shift_reg_11_addr_3" [fir.cpp:33]   --->   Operation 718 'load' 'fir_int_int_shift_reg_11_load_2' <Predicate = (trunc_ln27 == 5)> <Delay = 2.32> <CoreInst = "RAM">   --->   Core 81 'RAM' <Latency = 1> <II = 1> <Delay = 2.32> <Storage> <Opcode : 'load' 'store'> <Ports = 2> <Width = 32> <Depth = 7> <RAM>
ST_71 : Operation 719 [1/2] ( I:2.32ns O:2.32ns )   --->   "%fir_int_int_shift_reg_12_load_2 = load i3 %fir_int_int_shift_reg_12_addr_3" [fir.cpp:33]   --->   Operation 719 'load' 'fir_int_int_shift_reg_12_load_2' <Predicate = (trunc_ln27 == 6)> <Delay = 2.32> <CoreInst = "RAM">   --->   Core 81 'RAM' <Latency = 1> <II = 1> <Delay = 2.32> <Storage> <Opcode : 'load' 'store'> <Ports = 2> <Width = 32> <Depth = 7> <RAM>
ST_71 : Operation 720 [1/2] ( I:2.32ns O:2.32ns )   --->   "%fir_int_int_shift_reg_13_load_2 = load i3 %fir_int_int_shift_reg_13_addr_3" [fir.cpp:33]   --->   Operation 720 'load' 'fir_int_int_shift_reg_13_load_2' <Predicate = (trunc_ln27 == 7)> <Delay = 2.32> <CoreInst = "RAM">   --->   Core 81 'RAM' <Latency = 1> <II = 1> <Delay = 2.32> <Storage> <Opcode : 'load' 'store'> <Ports = 2> <Width = 32> <Depth = 7> <RAM>
ST_71 : Operation 721 [1/2] ( I:2.32ns O:2.32ns )   --->   "%fir_int_int_shift_reg_14_load_2 = load i3 %fir_int_int_shift_reg_14_addr_3" [fir.cpp:33]   --->   Operation 721 'load' 'fir_int_int_shift_reg_14_load_2' <Predicate = (trunc_ln27 == 8)> <Delay = 2.32> <CoreInst = "RAM">   --->   Core 81 'RAM' <Latency = 1> <II = 1> <Delay = 2.32> <Storage> <Opcode : 'load' 'store'> <Ports = 2> <Width = 32> <Depth = 7> <RAM>
ST_71 : Operation 722 [1/2] ( I:2.32ns O:2.32ns )   --->   "%fir_int_int_shift_reg_15_load_2 = load i3 %fir_int_int_shift_reg_15_addr_3" [fir.cpp:33]   --->   Operation 722 'load' 'fir_int_int_shift_reg_15_load_2' <Predicate = (trunc_ln27 == 9)> <Delay = 2.32> <CoreInst = "RAM">   --->   Core 81 'RAM' <Latency = 1> <II = 1> <Delay = 2.32> <Storage> <Opcode : 'load' 'store'> <Ports = 2> <Width = 32> <Depth = 7> <RAM>
ST_71 : Operation 723 [1/2] ( I:2.32ns O:2.32ns )   --->   "%fir_int_int_shift_reg_16_load_2 = load i3 %fir_int_int_shift_reg_16_addr_3" [fir.cpp:33]   --->   Operation 723 'load' 'fir_int_int_shift_reg_16_load_2' <Predicate = (trunc_ln27 == 10)> <Delay = 2.32> <CoreInst = "RAM">   --->   Core 81 'RAM' <Latency = 1> <II = 1> <Delay = 2.32> <Storage> <Opcode : 'load' 'store'> <Ports = 2> <Width = 32> <Depth = 7> <RAM>
ST_71 : Operation 724 [1/2] ( I:2.32ns O:2.32ns )   --->   "%fir_int_int_shift_reg_17_load_2 = load i3 %fir_int_int_shift_reg_17_addr_3" [fir.cpp:33]   --->   Operation 724 'load' 'fir_int_int_shift_reg_17_load_2' <Predicate = (trunc_ln27 == 11)> <Delay = 2.32> <CoreInst = "RAM">   --->   Core 81 'RAM' <Latency = 1> <II = 1> <Delay = 2.32> <Storage> <Opcode : 'load' 'store'> <Ports = 2> <Width = 32> <Depth = 7> <RAM>
ST_71 : Operation 725 [1/2] ( I:2.32ns O:2.32ns )   --->   "%fir_int_int_shift_reg_18_load_2 = load i3 %fir_int_int_shift_reg_18_addr_3" [fir.cpp:33]   --->   Operation 725 'load' 'fir_int_int_shift_reg_18_load_2' <Predicate = (trunc_ln27 == 12)> <Delay = 2.32> <CoreInst = "RAM">   --->   Core 81 'RAM' <Latency = 1> <II = 1> <Delay = 2.32> <Storage> <Opcode : 'load' 'store'> <Ports = 2> <Width = 32> <Depth = 7> <RAM>
ST_71 : Operation 726 [1/2] ( I:2.32ns O:2.32ns )   --->   "%p_ZZ3firPiiE9shift_reg_10_load_2 = load i3 %p_ZZ3firPiiE9shift_reg_10_addr_3" [fir.cpp:33]   --->   Operation 726 'load' 'p_ZZ3firPiiE9shift_reg_10_load_2' <Predicate = (trunc_ln27 == 13)> <Delay = 2.32> <CoreInst = "RAM">   --->   Core 81 'RAM' <Latency = 1> <II = 1> <Delay = 2.32> <Storage> <Opcode : 'load' 'store'> <Ports = 2> <Width = 32> <Depth = 7> <RAM>
ST_71 : Operation 727 [1/2] ( I:2.32ns O:2.32ns )   --->   "%fir_mulint_int_shift_reg_long_unsigned_int128_signed_char_double_2 = load i3 %p_ZZ3firPiiE9shift_reg_11_addr_3" [fir.cpp:33]   --->   Operation 727 'load' 'fir_mulint_int_shift_reg_long_unsigned_int128_signed_char_double_2' <Predicate = (trunc_ln27 == 14)> <Delay = 2.32> <CoreInst = "RAM">   --->   Core 81 'RAM' <Latency = 1> <II = 1> <Delay = 2.32> <Storage> <Opcode : 'load' 'store'> <Ports = 2> <Width = 32> <Depth = 7> <RAM>
ST_71 : Operation 728 [1/2] ( I:2.32ns O:2.32ns )   --->   "%fir_mulint_int_shift_reg_l_unsigned_int128_signed_char_double_2 = load i3 %p_ZZ3firPiiE9shift_reg_12_addr_3" [fir.cpp:33]   --->   Operation 728 'load' 'fir_mulint_int_shift_reg_l_unsigned_int128_signed_char_double_2' <Predicate = (trunc_ln27 == 15)> <Delay = 2.32> <CoreInst = "RAM">   --->   Core 81 'RAM' <Latency = 1> <II = 1> <Delay = 2.32> <Storage> <Opcode : 'load' 'store'> <Ports = 2> <Width = 32> <Depth = 7> <RAM>
ST_71 : Operation 729 [1/2] ( I:2.32ns O:2.32ns )   --->   "%fir_mulint_int_shift_reg_lo_signed_char_double_2 = load i3 %p_ZZ3firPiiE9shift_reg_13_addr_3" [fir.cpp:33]   --->   Operation 729 'load' 'fir_mulint_int_shift_reg_lo_signed_char_double_2' <Predicate = (trunc_ln27 == 16)> <Delay = 2.32> <CoreInst = "RAM">   --->   Core 81 'RAM' <Latency = 1> <II = 1> <Delay = 2.32> <Storage> <Opcode : 'load' 'store'> <Ports = 2> <Width = 32> <Depth = 7> <RAM>
ST_71 : Operation 730 [1/2] ( I:2.32ns O:2.32ns )   --->   "%fir_mulint_int_shift_reg_loa_double_2 = load i3 %p_ZZ3firPiiE9shift_reg_14_addr_3" [fir.cpp:33]   --->   Operation 730 'load' 'fir_mulint_int_shift_reg_loa_double_2' <Predicate = (trunc_ln27 == 17)> <Delay = 2.32> <CoreInst = "RAM">   --->   Core 81 'RAM' <Latency = 1> <II = 1> <Delay = 2.32> <Storage> <Opcode : 'load' 'store'> <Ports = 2> <Width = 32> <Depth = 7> <RAM>
ST_71 : Operation 731 [1/2] ( I:2.32ns O:2.32ns )   --->   "%fir_mulint_int_shift_reg_load_2 = load i3 %fir_mulint_int_shift_reg_addr_3" [fir.cpp:33]   --->   Operation 731 'load' 'fir_mulint_int_shift_reg_load_2' <Predicate = (trunc_ln27 == 18)> <Delay = 2.32> <CoreInst = "RAM">   --->   Core 81 'RAM' <Latency = 1> <II = 1> <Delay = 2.32> <Storage> <Opcode : 'load' 'store'> <Ports = 2> <Width = 32> <Depth = 7> <RAM>
ST_71 : Operation 732 [1/2] ( I:2.32ns O:2.32ns )   --->   "%p_ZZ3firPiiE9shift_reg_16_load_2 = load i3 %p_ZZ3firPiiE9shift_reg_16_addr_3" [fir.cpp:33]   --->   Operation 732 'load' 'p_ZZ3firPiiE9shift_reg_16_load_2' <Predicate = (trunc_ln27 == 19)> <Delay = 2.32> <CoreInst = "RAM">   --->   Core 81 'RAM' <Latency = 1> <II = 1> <Delay = 2.32> <Storage> <Opcode : 'load' 'store'> <Ports = 2> <Width = 32> <Depth = 7> <RAM>
ST_71 : Operation 733 [1/2] ( I:2.32ns O:2.32ns )   --->   "%fir_int_int_shift_reg_24 = load i3 %fir_int_int_shift_reg_18" [fir.cpp:33]   --->   Operation 733 'load' 'fir_int_int_shift_reg_24' <Predicate = (trunc_ln27 == 0)> <Delay = 2.32> <CoreInst = "RAM">   --->   Core 81 'RAM' <Latency = 1> <II = 1> <Delay = 2.32> <Storage> <Opcode : 'load' 'store'> <Ports = 2> <Width = 32> <Depth = 7> <RAM>
ST_71 : Operation 734 [1/2] ( I:2.32ns O:2.32ns )   --->   "%p_ZZ3firPiiE9shift_reg_18_load_2 = load i3 %p_ZZ3firPiiE9shift_reg_18_addr_3" [fir.cpp:33]   --->   Operation 734 'load' 'p_ZZ3firPiiE9shift_reg_18_load_2' <Predicate = (trunc_ln27 == 1)> <Delay = 2.32> <CoreInst = "RAM">   --->   Core 81 'RAM' <Latency = 1> <II = 1> <Delay = 2.32> <Storage> <Opcode : 'load' 'store'> <Ports = 2> <Width = 32> <Depth = 7> <RAM>
ST_71 : Operation 735 [1/2] ( I:2.32ns O:2.32ns )   --->   "%p_ZZ3firPiiE9shift_reg_19_load_2 = load i3 %p_ZZ3firPiiE9shift_reg_19_addr_3" [fir.cpp:33]   --->   Operation 735 'load' 'p_ZZ3firPiiE9shift_reg_19_load_2' <Predicate = (trunc_ln27 == 2)> <Delay = 2.32> <CoreInst = "RAM">   --->   Core 81 'RAM' <Latency = 1> <II = 1> <Delay = 2.32> <Storage> <Opcode : 'load' 'store'> <Ports = 2> <Width = 32> <Depth = 7> <RAM>
ST_71 : Operation 736 [1/1] (3.02ns)   --->   "%tmp_2 = sparsemux i32 @_ssdm_op_SparseMux.ap_auto.20i32.i32.i5, i5 3, i32 %fir_int_int_shift_reg_load_2, i5 4, i32 %fir_int_int_shift_reg_10_load_2, i5 5, i32 %fir_int_int_shift_reg_11_load_2, i5 6, i32 %fir_int_int_shift_reg_12_load_2, i5 7, i32 %fir_int_int_shift_reg_13_load_2, i5 8, i32 %fir_int_int_shift_reg_14_load_2, i5 9, i32 %fir_int_int_shift_reg_15_load_2, i5 10, i32 %fir_int_int_shift_reg_16_load_2, i5 11, i32 %fir_int_int_shift_reg_17_load_2, i5 12, i32 %fir_int_int_shift_reg_18_load_2, i5 13, i32 %p_ZZ3firPiiE9shift_reg_10_load_2, i5 14, i32 %fir_mulint_int_shift_reg_long_unsigned_int128_signed_char_double_2, i5 15, i32 %fir_mulint_int_shift_reg_l_unsigned_int128_signed_char_double_2, i5 16, i32 %fir_mulint_int_shift_reg_lo_signed_char_double_2, i5 17, i32 %fir_mulint_int_shift_reg_loa_double_2, i5 18, i32 %fir_mulint_int_shift_reg_load_2, i5 19, i32 %p_ZZ3firPiiE9shift_reg_16_load_2, i5 0, i32 %fir_int_int_shift_reg_24, i5 1, i32 %p_ZZ3firPiiE9shift_reg_18_load_2, i5 2, i32 %p_ZZ3firPiiE9shift_reg_19_load_2, i32 0, i5 %trunc_ln27" [fir.cpp:33]   --->   Operation 736 'sparsemux' 'tmp_2' <Predicate = true> <Delay = 3.02> <CoreInst = "BinarySparseMux_DontCare">   --->   Core 137 'BinarySparseMux_DontCare' <Latency = 0> <II = 1> <Delay = 3.02> <FuncUnit> <Opcode : 'sparsemux'> <InPorts = 2> <OutPorts = 1>
ST_71 : Operation 737 [1/2] ( I:2.32ns O:2.32ns )   --->   "%fir_int_int_shift_reg_load_3 = load i3 %fir_int_int_shift_reg_addr_4" [fir.cpp:33]   --->   Operation 737 'load' 'fir_int_int_shift_reg_load_3' <Predicate = (trunc_ln27 == 4)> <Delay = 2.32> <CoreInst = "RAM">   --->   Core 81 'RAM' <Latency = 1> <II = 1> <Delay = 2.32> <Storage> <Opcode : 'load' 'store'> <Ports = 2> <Width = 32> <Depth = 7> <RAM>
ST_71 : Operation 738 [1/2] ( I:2.32ns O:2.32ns )   --->   "%fir_int_int_shift_reg_10_load_3 = load i3 %fir_int_int_shift_reg_10_addr_4" [fir.cpp:33]   --->   Operation 738 'load' 'fir_int_int_shift_reg_10_load_3' <Predicate = (trunc_ln27 == 5)> <Delay = 2.32> <CoreInst = "RAM">   --->   Core 81 'RAM' <Latency = 1> <II = 1> <Delay = 2.32> <Storage> <Opcode : 'load' 'store'> <Ports = 2> <Width = 32> <Depth = 7> <RAM>
ST_71 : Operation 739 [1/2] ( I:2.32ns O:2.32ns )   --->   "%fir_int_int_shift_reg_11_load_3 = load i3 %fir_int_int_shift_reg_11_addr_4" [fir.cpp:33]   --->   Operation 739 'load' 'fir_int_int_shift_reg_11_load_3' <Predicate = (trunc_ln27 == 6)> <Delay = 2.32> <CoreInst = "RAM">   --->   Core 81 'RAM' <Latency = 1> <II = 1> <Delay = 2.32> <Storage> <Opcode : 'load' 'store'> <Ports = 2> <Width = 32> <Depth = 7> <RAM>
ST_71 : Operation 740 [1/2] ( I:2.32ns O:2.32ns )   --->   "%fir_int_int_shift_reg_12_load_3 = load i3 %fir_int_int_shift_reg_12_addr_4" [fir.cpp:33]   --->   Operation 740 'load' 'fir_int_int_shift_reg_12_load_3' <Predicate = (trunc_ln27 == 7)> <Delay = 2.32> <CoreInst = "RAM">   --->   Core 81 'RAM' <Latency = 1> <II = 1> <Delay = 2.32> <Storage> <Opcode : 'load' 'store'> <Ports = 2> <Width = 32> <Depth = 7> <RAM>
ST_71 : Operation 741 [1/2] ( I:2.32ns O:2.32ns )   --->   "%fir_int_int_shift_reg_13_load_3 = load i3 %fir_int_int_shift_reg_13_addr_4" [fir.cpp:33]   --->   Operation 741 'load' 'fir_int_int_shift_reg_13_load_3' <Predicate = (trunc_ln27 == 8)> <Delay = 2.32> <CoreInst = "RAM">   --->   Core 81 'RAM' <Latency = 1> <II = 1> <Delay = 2.32> <Storage> <Opcode : 'load' 'store'> <Ports = 2> <Width = 32> <Depth = 7> <RAM>
ST_71 : Operation 742 [1/2] ( I:2.32ns O:2.32ns )   --->   "%fir_int_int_shift_reg_14_load_3 = load i3 %fir_int_int_shift_reg_14_addr_4" [fir.cpp:33]   --->   Operation 742 'load' 'fir_int_int_shift_reg_14_load_3' <Predicate = (trunc_ln27 == 9)> <Delay = 2.32> <CoreInst = "RAM">   --->   Core 81 'RAM' <Latency = 1> <II = 1> <Delay = 2.32> <Storage> <Opcode : 'load' 'store'> <Ports = 2> <Width = 32> <Depth = 7> <RAM>
ST_71 : Operation 743 [1/2] ( I:2.32ns O:2.32ns )   --->   "%fir_int_int_shift_reg_15_load_3 = load i3 %fir_int_int_shift_reg_15_addr_4" [fir.cpp:33]   --->   Operation 743 'load' 'fir_int_int_shift_reg_15_load_3' <Predicate = (trunc_ln27 == 10)> <Delay = 2.32> <CoreInst = "RAM">   --->   Core 81 'RAM' <Latency = 1> <II = 1> <Delay = 2.32> <Storage> <Opcode : 'load' 'store'> <Ports = 2> <Width = 32> <Depth = 7> <RAM>
ST_71 : Operation 744 [1/2] ( I:2.32ns O:2.32ns )   --->   "%fir_int_int_shift_reg_16_load_3 = load i3 %fir_int_int_shift_reg_16_addr_4" [fir.cpp:33]   --->   Operation 744 'load' 'fir_int_int_shift_reg_16_load_3' <Predicate = (trunc_ln27 == 11)> <Delay = 2.32> <CoreInst = "RAM">   --->   Core 81 'RAM' <Latency = 1> <II = 1> <Delay = 2.32> <Storage> <Opcode : 'load' 'store'> <Ports = 2> <Width = 32> <Depth = 7> <RAM>
ST_71 : Operation 745 [1/2] ( I:2.32ns O:2.32ns )   --->   "%fir_int_int_shift_reg_17_load_3 = load i3 %fir_int_int_shift_reg_17_addr_4" [fir.cpp:33]   --->   Operation 745 'load' 'fir_int_int_shift_reg_17_load_3' <Predicate = (trunc_ln27 == 12)> <Delay = 2.32> <CoreInst = "RAM">   --->   Core 81 'RAM' <Latency = 1> <II = 1> <Delay = 2.32> <Storage> <Opcode : 'load' 'store'> <Ports = 2> <Width = 32> <Depth = 7> <RAM>
ST_71 : Operation 746 [1/2] ( I:2.32ns O:2.32ns )   --->   "%fir_int_int_shift_reg_18_load_3 = load i3 %fir_int_int_shift_reg_18_addr_4" [fir.cpp:33]   --->   Operation 746 'load' 'fir_int_int_shift_reg_18_load_3' <Predicate = (trunc_ln27 == 13)> <Delay = 2.32> <CoreInst = "RAM">   --->   Core 81 'RAM' <Latency = 1> <II = 1> <Delay = 2.32> <Storage> <Opcode : 'load' 'store'> <Ports = 2> <Width = 32> <Depth = 7> <RAM>
ST_71 : Operation 747 [1/2] ( I:2.32ns O:2.32ns )   --->   "%p_ZZ3firPiiE9shift_reg_10_load_3 = load i3 %p_ZZ3firPiiE9shift_reg_10_addr_4" [fir.cpp:33]   --->   Operation 747 'load' 'p_ZZ3firPiiE9shift_reg_10_load_3' <Predicate = (trunc_ln27 == 14)> <Delay = 2.32> <CoreInst = "RAM">   --->   Core 81 'RAM' <Latency = 1> <II = 1> <Delay = 2.32> <Storage> <Opcode : 'load' 'store'> <Ports = 2> <Width = 32> <Depth = 7> <RAM>
ST_71 : Operation 748 [1/2] ( I:2.32ns O:2.32ns )   --->   "%fir_mulint_int_shift_reg_long_unsigned_int128_signed_char_double_3 = load i3 %p_ZZ3firPiiE9shift_reg_11_addr_4" [fir.cpp:33]   --->   Operation 748 'load' 'fir_mulint_int_shift_reg_long_unsigned_int128_signed_char_double_3' <Predicate = (trunc_ln27 == 15)> <Delay = 2.32> <CoreInst = "RAM">   --->   Core 81 'RAM' <Latency = 1> <II = 1> <Delay = 2.32> <Storage> <Opcode : 'load' 'store'> <Ports = 2> <Width = 32> <Depth = 7> <RAM>
ST_71 : Operation 749 [1/2] ( I:2.32ns O:2.32ns )   --->   "%fir_mulint_int_shift_reg_l_unsigned_int128_signed_char_double_3 = load i3 %p_ZZ3firPiiE9shift_reg_12_addr_4" [fir.cpp:33]   --->   Operation 749 'load' 'fir_mulint_int_shift_reg_l_unsigned_int128_signed_char_double_3' <Predicate = (trunc_ln27 == 16)> <Delay = 2.32> <CoreInst = "RAM">   --->   Core 81 'RAM' <Latency = 1> <II = 1> <Delay = 2.32> <Storage> <Opcode : 'load' 'store'> <Ports = 2> <Width = 32> <Depth = 7> <RAM>
ST_71 : Operation 750 [1/2] ( I:2.32ns O:2.32ns )   --->   "%fir_mulint_int_shift_reg_lo_signed_char_double_3 = load i3 %p_ZZ3firPiiE9shift_reg_13_addr_4" [fir.cpp:33]   --->   Operation 750 'load' 'fir_mulint_int_shift_reg_lo_signed_char_double_3' <Predicate = (trunc_ln27 == 17)> <Delay = 2.32> <CoreInst = "RAM">   --->   Core 81 'RAM' <Latency = 1> <II = 1> <Delay = 2.32> <Storage> <Opcode : 'load' 'store'> <Ports = 2> <Width = 32> <Depth = 7> <RAM>
ST_71 : Operation 751 [1/2] ( I:2.32ns O:2.32ns )   --->   "%fir_mulint_int_shift_reg_loa_double_3 = load i3 %p_ZZ3firPiiE9shift_reg_14_addr_4" [fir.cpp:33]   --->   Operation 751 'load' 'fir_mulint_int_shift_reg_loa_double_3' <Predicate = (trunc_ln27 == 18)> <Delay = 2.32> <CoreInst = "RAM">   --->   Core 81 'RAM' <Latency = 1> <II = 1> <Delay = 2.32> <Storage> <Opcode : 'load' 'store'> <Ports = 2> <Width = 32> <Depth = 7> <RAM>
ST_71 : Operation 752 [1/2] ( I:2.32ns O:2.32ns )   --->   "%fir_mulint_int_shift_reg_load_3 = load i3 %fir_mulint_int_shift_reg_addr_4" [fir.cpp:33]   --->   Operation 752 'load' 'fir_mulint_int_shift_reg_load_3' <Predicate = (trunc_ln27 == 19)> <Delay = 2.32> <CoreInst = "RAM">   --->   Core 81 'RAM' <Latency = 1> <II = 1> <Delay = 2.32> <Storage> <Opcode : 'load' 'store'> <Ports = 2> <Width = 32> <Depth = 7> <RAM>
ST_71 : Operation 753 [1/2] ( I:2.32ns O:2.32ns )   --->   "%p_ZZ3firPiiE9shift_reg_16_load_3 = load i3 %p_ZZ3firPiiE9shift_reg_16_addr_4" [fir.cpp:33]   --->   Operation 753 'load' 'p_ZZ3firPiiE9shift_reg_16_load_3' <Predicate = (trunc_ln27 == 0)> <Delay = 2.32> <CoreInst = "RAM">   --->   Core 81 'RAM' <Latency = 1> <II = 1> <Delay = 2.32> <Storage> <Opcode : 'load' 'store'> <Ports = 2> <Width = 32> <Depth = 7> <RAM>
ST_71 : Operation 754 [1/2] ( I:2.32ns O:2.32ns )   --->   "%fir_int_int_shift_reg_25 = load i3 %fir_int_int_shift_reg_19" [fir.cpp:33]   --->   Operation 754 'load' 'fir_int_int_shift_reg_25' <Predicate = (trunc_ln27 == 1)> <Delay = 2.32> <CoreInst = "RAM">   --->   Core 81 'RAM' <Latency = 1> <II = 1> <Delay = 2.32> <Storage> <Opcode : 'load' 'store'> <Ports = 2> <Width = 32> <Depth = 7> <RAM>
ST_71 : Operation 755 [1/2] ( I:2.32ns O:2.32ns )   --->   "%p_ZZ3firPiiE9shift_reg_18_load_3 = load i3 %p_ZZ3firPiiE9shift_reg_18_addr_4" [fir.cpp:33]   --->   Operation 755 'load' 'p_ZZ3firPiiE9shift_reg_18_load_3' <Predicate = (trunc_ln27 == 2)> <Delay = 2.32> <CoreInst = "RAM">   --->   Core 81 'RAM' <Latency = 1> <II = 1> <Delay = 2.32> <Storage> <Opcode : 'load' 'store'> <Ports = 2> <Width = 32> <Depth = 7> <RAM>
ST_71 : Operation 756 [1/2] ( I:2.32ns O:2.32ns )   --->   "%p_ZZ3firPiiE9shift_reg_19_load_3 = load i3 %p_ZZ3firPiiE9shift_reg_19_addr_4" [fir.cpp:33]   --->   Operation 756 'load' 'p_ZZ3firPiiE9shift_reg_19_load_3' <Predicate = (trunc_ln27 == 3)> <Delay = 2.32> <CoreInst = "RAM">   --->   Core 81 'RAM' <Latency = 1> <II = 1> <Delay = 2.32> <Storage> <Opcode : 'load' 'store'> <Ports = 2> <Width = 32> <Depth = 7> <RAM>
ST_71 : Operation 757 [1/1] (3.02ns)   --->   "%tmp_3 = sparsemux i32 @_ssdm_op_SparseMux.ap_auto.20i32.i32.i5, i5 4, i32 %fir_int_int_shift_reg_load_3, i5 5, i32 %fir_int_int_shift_reg_10_load_3, i5 6, i32 %fir_int_int_shift_reg_11_load_3, i5 7, i32 %fir_int_int_shift_reg_12_load_3, i5 8, i32 %fir_int_int_shift_reg_13_load_3, i5 9, i32 %fir_int_int_shift_reg_14_load_3, i5 10, i32 %fir_int_int_shift_reg_15_load_3, i5 11, i32 %fir_int_int_shift_reg_16_load_3, i5 12, i32 %fir_int_int_shift_reg_17_load_3, i5 13, i32 %fir_int_int_shift_reg_18_load_3, i5 14, i32 %p_ZZ3firPiiE9shift_reg_10_load_3, i5 15, i32 %fir_mulint_int_shift_reg_long_unsigned_int128_signed_char_double_3, i5 16, i32 %fir_mulint_int_shift_reg_l_unsigned_int128_signed_char_double_3, i5 17, i32 %fir_mulint_int_shift_reg_lo_signed_char_double_3, i5 18, i32 %fir_mulint_int_shift_reg_loa_double_3, i5 19, i32 %fir_mulint_int_shift_reg_load_3, i5 0, i32 %p_ZZ3firPiiE9shift_reg_16_load_3, i5 1, i32 %fir_int_int_shift_reg_25, i5 2, i32 %p_ZZ3firPiiE9shift_reg_18_load_3, i5 3, i32 %p_ZZ3firPiiE9shift_reg_19_load_3, i32 0, i5 %trunc_ln27" [fir.cpp:33]   --->   Operation 757 'sparsemux' 'tmp_3' <Predicate = true> <Delay = 3.02> <CoreInst = "BinarySparseMux_DontCare">   --->   Core 137 'BinarySparseMux_DontCare' <Latency = 0> <II = 1> <Delay = 3.02> <FuncUnit> <Opcode : 'sparsemux'> <InPorts = 2> <OutPorts = 1>
ST_71 : Operation 758 [1/2] ( I:2.32ns O:2.32ns )   --->   "%fir_int_int_shift_reg_load_4 = load i3 %fir_int_int_shift_reg_addr_5" [fir.cpp:33]   --->   Operation 758 'load' 'fir_int_int_shift_reg_load_4' <Predicate = (trunc_ln27 == 5)> <Delay = 2.32> <CoreInst = "RAM">   --->   Core 81 'RAM' <Latency = 1> <II = 1> <Delay = 2.32> <Storage> <Opcode : 'load' 'store'> <Ports = 2> <Width = 32> <Depth = 7> <RAM>
ST_71 : Operation 759 [1/2] ( I:2.32ns O:2.32ns )   --->   "%fir_int_int_shift_reg_10_load_4 = load i3 %fir_int_int_shift_reg_10_addr_5" [fir.cpp:33]   --->   Operation 759 'load' 'fir_int_int_shift_reg_10_load_4' <Predicate = (trunc_ln27 == 6)> <Delay = 2.32> <CoreInst = "RAM">   --->   Core 81 'RAM' <Latency = 1> <II = 1> <Delay = 2.32> <Storage> <Opcode : 'load' 'store'> <Ports = 2> <Width = 32> <Depth = 7> <RAM>
ST_71 : Operation 760 [1/2] ( I:2.32ns O:2.32ns )   --->   "%fir_int_int_shift_reg_11_load_4 = load i3 %fir_int_int_shift_reg_11_addr_5" [fir.cpp:33]   --->   Operation 760 'load' 'fir_int_int_shift_reg_11_load_4' <Predicate = (trunc_ln27 == 7)> <Delay = 2.32> <CoreInst = "RAM">   --->   Core 81 'RAM' <Latency = 1> <II = 1> <Delay = 2.32> <Storage> <Opcode : 'load' 'store'> <Ports = 2> <Width = 32> <Depth = 7> <RAM>
ST_71 : Operation 761 [1/2] ( I:2.32ns O:2.32ns )   --->   "%fir_int_int_shift_reg_12_load_4 = load i3 %fir_int_int_shift_reg_12_addr_5" [fir.cpp:33]   --->   Operation 761 'load' 'fir_int_int_shift_reg_12_load_4' <Predicate = (trunc_ln27 == 8)> <Delay = 2.32> <CoreInst = "RAM">   --->   Core 81 'RAM' <Latency = 1> <II = 1> <Delay = 2.32> <Storage> <Opcode : 'load' 'store'> <Ports = 2> <Width = 32> <Depth = 7> <RAM>
ST_71 : Operation 762 [1/2] ( I:2.32ns O:2.32ns )   --->   "%fir_int_int_shift_reg_13_load_4 = load i3 %fir_int_int_shift_reg_13_addr_5" [fir.cpp:33]   --->   Operation 762 'load' 'fir_int_int_shift_reg_13_load_4' <Predicate = (trunc_ln27 == 9)> <Delay = 2.32> <CoreInst = "RAM">   --->   Core 81 'RAM' <Latency = 1> <II = 1> <Delay = 2.32> <Storage> <Opcode : 'load' 'store'> <Ports = 2> <Width = 32> <Depth = 7> <RAM>
ST_71 : Operation 763 [1/2] ( I:2.32ns O:2.32ns )   --->   "%fir_int_int_shift_reg_14_load_4 = load i3 %fir_int_int_shift_reg_14_addr_5" [fir.cpp:33]   --->   Operation 763 'load' 'fir_int_int_shift_reg_14_load_4' <Predicate = (trunc_ln27 == 10)> <Delay = 2.32> <CoreInst = "RAM">   --->   Core 81 'RAM' <Latency = 1> <II = 1> <Delay = 2.32> <Storage> <Opcode : 'load' 'store'> <Ports = 2> <Width = 32> <Depth = 7> <RAM>
ST_71 : Operation 764 [1/2] ( I:2.32ns O:2.32ns )   --->   "%fir_int_int_shift_reg_15_load_4 = load i3 %fir_int_int_shift_reg_15_addr_5" [fir.cpp:33]   --->   Operation 764 'load' 'fir_int_int_shift_reg_15_load_4' <Predicate = (trunc_ln27 == 11)> <Delay = 2.32> <CoreInst = "RAM">   --->   Core 81 'RAM' <Latency = 1> <II = 1> <Delay = 2.32> <Storage> <Opcode : 'load' 'store'> <Ports = 2> <Width = 32> <Depth = 7> <RAM>
ST_71 : Operation 765 [1/2] ( I:2.32ns O:2.32ns )   --->   "%fir_int_int_shift_reg_16_load_4 = load i3 %fir_int_int_shift_reg_16_addr_5" [fir.cpp:33]   --->   Operation 765 'load' 'fir_int_int_shift_reg_16_load_4' <Predicate = (trunc_ln27 == 12)> <Delay = 2.32> <CoreInst = "RAM">   --->   Core 81 'RAM' <Latency = 1> <II = 1> <Delay = 2.32> <Storage> <Opcode : 'load' 'store'> <Ports = 2> <Width = 32> <Depth = 7> <RAM>
ST_71 : Operation 766 [1/2] ( I:2.32ns O:2.32ns )   --->   "%fir_int_int_shift_reg_17_load_4 = load i3 %fir_int_int_shift_reg_17_addr_5" [fir.cpp:33]   --->   Operation 766 'load' 'fir_int_int_shift_reg_17_load_4' <Predicate = (trunc_ln27 == 13)> <Delay = 2.32> <CoreInst = "RAM">   --->   Core 81 'RAM' <Latency = 1> <II = 1> <Delay = 2.32> <Storage> <Opcode : 'load' 'store'> <Ports = 2> <Width = 32> <Depth = 7> <RAM>
ST_71 : Operation 767 [1/2] ( I:2.32ns O:2.32ns )   --->   "%fir_int_int_shift_reg_18_load_4 = load i3 %fir_int_int_shift_reg_18_addr_5" [fir.cpp:33]   --->   Operation 767 'load' 'fir_int_int_shift_reg_18_load_4' <Predicate = (trunc_ln27 == 14)> <Delay = 2.32> <CoreInst = "RAM">   --->   Core 81 'RAM' <Latency = 1> <II = 1> <Delay = 2.32> <Storage> <Opcode : 'load' 'store'> <Ports = 2> <Width = 32> <Depth = 7> <RAM>
ST_71 : Operation 768 [1/2] ( I:2.32ns O:2.32ns )   --->   "%p_ZZ3firPiiE9shift_reg_10_load_4 = load i3 %p_ZZ3firPiiE9shift_reg_10_addr_5" [fir.cpp:33]   --->   Operation 768 'load' 'p_ZZ3firPiiE9shift_reg_10_load_4' <Predicate = (trunc_ln27 == 15)> <Delay = 2.32> <CoreInst = "RAM">   --->   Core 81 'RAM' <Latency = 1> <II = 1> <Delay = 2.32> <Storage> <Opcode : 'load' 'store'> <Ports = 2> <Width = 32> <Depth = 7> <RAM>
ST_71 : Operation 769 [1/2] ( I:2.32ns O:2.32ns )   --->   "%fir_mulint_int_shift_reg_long_unsigned_int128_signed_char_double_4 = load i3 %p_ZZ3firPiiE9shift_reg_11_addr_5" [fir.cpp:33]   --->   Operation 769 'load' 'fir_mulint_int_shift_reg_long_unsigned_int128_signed_char_double_4' <Predicate = (trunc_ln27 == 16)> <Delay = 2.32> <CoreInst = "RAM">   --->   Core 81 'RAM' <Latency = 1> <II = 1> <Delay = 2.32> <Storage> <Opcode : 'load' 'store'> <Ports = 2> <Width = 32> <Depth = 7> <RAM>
ST_71 : Operation 770 [1/2] ( I:2.32ns O:2.32ns )   --->   "%fir_mulint_int_shift_reg_l_unsigned_int128_signed_char_double_4 = load i3 %p_ZZ3firPiiE9shift_reg_12_addr_5" [fir.cpp:33]   --->   Operation 770 'load' 'fir_mulint_int_shift_reg_l_unsigned_int128_signed_char_double_4' <Predicate = (trunc_ln27 == 17)> <Delay = 2.32> <CoreInst = "RAM">   --->   Core 81 'RAM' <Latency = 1> <II = 1> <Delay = 2.32> <Storage> <Opcode : 'load' 'store'> <Ports = 2> <Width = 32> <Depth = 7> <RAM>
ST_71 : Operation 771 [1/2] ( I:2.32ns O:2.32ns )   --->   "%fir_mulint_int_shift_reg_lo_signed_char_double_4 = load i3 %p_ZZ3firPiiE9shift_reg_13_addr_5" [fir.cpp:33]   --->   Operation 771 'load' 'fir_mulint_int_shift_reg_lo_signed_char_double_4' <Predicate = (trunc_ln27 == 18)> <Delay = 2.32> <CoreInst = "RAM">   --->   Core 81 'RAM' <Latency = 1> <II = 1> <Delay = 2.32> <Storage> <Opcode : 'load' 'store'> <Ports = 2> <Width = 32> <Depth = 7> <RAM>
ST_71 : Operation 772 [1/2] ( I:2.32ns O:2.32ns )   --->   "%fir_mulint_int_shift_reg_loa_double_4 = load i3 %p_ZZ3firPiiE9shift_reg_14_addr_5" [fir.cpp:33]   --->   Operation 772 'load' 'fir_mulint_int_shift_reg_loa_double_4' <Predicate = (trunc_ln27 == 19)> <Delay = 2.32> <CoreInst = "RAM">   --->   Core 81 'RAM' <Latency = 1> <II = 1> <Delay = 2.32> <Storage> <Opcode : 'load' 'store'> <Ports = 2> <Width = 32> <Depth = 7> <RAM>
ST_71 : Operation 773 [1/2] ( I:2.32ns O:2.32ns )   --->   "%fir_mulint_int_shift_reg_load_4 = load i3 %fir_mulint_int_shift_reg_addr_5" [fir.cpp:33]   --->   Operation 773 'load' 'fir_mulint_int_shift_reg_load_4' <Predicate = (trunc_ln27 == 0)> <Delay = 2.32> <CoreInst = "RAM">   --->   Core 81 'RAM' <Latency = 1> <II = 1> <Delay = 2.32> <Storage> <Opcode : 'load' 'store'> <Ports = 2> <Width = 32> <Depth = 7> <RAM>
ST_71 : Operation 774 [1/2] ( I:2.32ns O:2.32ns )   --->   "%p_ZZ3firPiiE9shift_reg_16_load_4 = load i3 %p_ZZ3firPiiE9shift_reg_16_addr_5" [fir.cpp:33]   --->   Operation 774 'load' 'p_ZZ3firPiiE9shift_reg_16_load_4' <Predicate = (trunc_ln27 == 1)> <Delay = 2.32> <CoreInst = "RAM">   --->   Core 81 'RAM' <Latency = 1> <II = 1> <Delay = 2.32> <Storage> <Opcode : 'load' 'store'> <Ports = 2> <Width = 32> <Depth = 7> <RAM>
ST_71 : Operation 775 [1/2] ( I:2.32ns O:2.32ns )   --->   "%fir_int_int_shift_reg_26 = load i3 %fir_int_int_shift_reg_20" [fir.cpp:33]   --->   Operation 775 'load' 'fir_int_int_shift_reg_26' <Predicate = (trunc_ln27 == 2)> <Delay = 2.32> <CoreInst = "RAM">   --->   Core 81 'RAM' <Latency = 1> <II = 1> <Delay = 2.32> <Storage> <Opcode : 'load' 'store'> <Ports = 2> <Width = 32> <Depth = 7> <RAM>
ST_71 : Operation 776 [1/2] ( I:2.32ns O:2.32ns )   --->   "%p_ZZ3firPiiE9shift_reg_18_load_4 = load i3 %p_ZZ3firPiiE9shift_reg_18_addr_5" [fir.cpp:33]   --->   Operation 776 'load' 'p_ZZ3firPiiE9shift_reg_18_load_4' <Predicate = (trunc_ln27 == 3)> <Delay = 2.32> <CoreInst = "RAM">   --->   Core 81 'RAM' <Latency = 1> <II = 1> <Delay = 2.32> <Storage> <Opcode : 'load' 'store'> <Ports = 2> <Width = 32> <Depth = 7> <RAM>
ST_71 : Operation 777 [1/2] ( I:2.32ns O:2.32ns )   --->   "%p_ZZ3firPiiE9shift_reg_19_load_4 = load i3 %p_ZZ3firPiiE9shift_reg_19_addr_5" [fir.cpp:33]   --->   Operation 777 'load' 'p_ZZ3firPiiE9shift_reg_19_load_4' <Predicate = (trunc_ln27 == 4)> <Delay = 2.32> <CoreInst = "RAM">   --->   Core 81 'RAM' <Latency = 1> <II = 1> <Delay = 2.32> <Storage> <Opcode : 'load' 'store'> <Ports = 2> <Width = 32> <Depth = 7> <RAM>
ST_71 : Operation 778 [1/1] (3.02ns)   --->   "%tmp_4 = sparsemux i32 @_ssdm_op_SparseMux.ap_auto.20i32.i32.i5, i5 5, i32 %fir_int_int_shift_reg_load_4, i5 6, i32 %fir_int_int_shift_reg_10_load_4, i5 7, i32 %fir_int_int_shift_reg_11_load_4, i5 8, i32 %fir_int_int_shift_reg_12_load_4, i5 9, i32 %fir_int_int_shift_reg_13_load_4, i5 10, i32 %fir_int_int_shift_reg_14_load_4, i5 11, i32 %fir_int_int_shift_reg_15_load_4, i5 12, i32 %fir_int_int_shift_reg_16_load_4, i5 13, i32 %fir_int_int_shift_reg_17_load_4, i5 14, i32 %fir_int_int_shift_reg_18_load_4, i5 15, i32 %p_ZZ3firPiiE9shift_reg_10_load_4, i5 16, i32 %fir_mulint_int_shift_reg_long_unsigned_int128_signed_char_double_4, i5 17, i32 %fir_mulint_int_shift_reg_l_unsigned_int128_signed_char_double_4, i5 18, i32 %fir_mulint_int_shift_reg_lo_signed_char_double_4, i5 19, i32 %fir_mulint_int_shift_reg_loa_double_4, i5 0, i32 %fir_mulint_int_shift_reg_load_4, i5 1, i32 %p_ZZ3firPiiE9shift_reg_16_load_4, i5 2, i32 %fir_int_int_shift_reg_26, i5 3, i32 %p_ZZ3firPiiE9shift_reg_18_load_4, i5 4, i32 %p_ZZ3firPiiE9shift_reg_19_load_4, i32 0, i5 %trunc_ln27" [fir.cpp:33]   --->   Operation 778 'sparsemux' 'tmp_4' <Predicate = true> <Delay = 3.02> <CoreInst = "BinarySparseMux_DontCare">   --->   Core 137 'BinarySparseMux_DontCare' <Latency = 0> <II = 1> <Delay = 3.02> <FuncUnit> <Opcode : 'sparsemux'> <InPorts = 2> <OutPorts = 1>
ST_71 : Operation 779 [1/2] ( I:2.32ns O:2.32ns )   --->   "%fir_int_int_shift_reg_load_5 = load i3 %fir_int_int_shift_reg_addr_6" [fir.cpp:33]   --->   Operation 779 'load' 'fir_int_int_shift_reg_load_5' <Predicate = (trunc_ln27 == 6)> <Delay = 2.32> <CoreInst = "RAM">   --->   Core 81 'RAM' <Latency = 1> <II = 1> <Delay = 2.32> <Storage> <Opcode : 'load' 'store'> <Ports = 2> <Width = 32> <Depth = 7> <RAM>
ST_71 : Operation 780 [1/2] ( I:2.32ns O:2.32ns )   --->   "%fir_int_int_shift_reg_10_load_5 = load i3 %fir_int_int_shift_reg_10_addr_6" [fir.cpp:33]   --->   Operation 780 'load' 'fir_int_int_shift_reg_10_load_5' <Predicate = (trunc_ln27 == 7)> <Delay = 2.32> <CoreInst = "RAM">   --->   Core 81 'RAM' <Latency = 1> <II = 1> <Delay = 2.32> <Storage> <Opcode : 'load' 'store'> <Ports = 2> <Width = 32> <Depth = 7> <RAM>
ST_71 : Operation 781 [1/2] ( I:2.32ns O:2.32ns )   --->   "%fir_int_int_shift_reg_11_load_5 = load i3 %fir_int_int_shift_reg_11_addr_6" [fir.cpp:33]   --->   Operation 781 'load' 'fir_int_int_shift_reg_11_load_5' <Predicate = (trunc_ln27 == 8)> <Delay = 2.32> <CoreInst = "RAM">   --->   Core 81 'RAM' <Latency = 1> <II = 1> <Delay = 2.32> <Storage> <Opcode : 'load' 'store'> <Ports = 2> <Width = 32> <Depth = 7> <RAM>
ST_71 : Operation 782 [1/2] ( I:2.32ns O:2.32ns )   --->   "%fir_int_int_shift_reg_12_load_5 = load i3 %fir_int_int_shift_reg_12_addr_6" [fir.cpp:33]   --->   Operation 782 'load' 'fir_int_int_shift_reg_12_load_5' <Predicate = (trunc_ln27 == 9)> <Delay = 2.32> <CoreInst = "RAM">   --->   Core 81 'RAM' <Latency = 1> <II = 1> <Delay = 2.32> <Storage> <Opcode : 'load' 'store'> <Ports = 2> <Width = 32> <Depth = 7> <RAM>
ST_71 : Operation 783 [1/2] ( I:2.32ns O:2.32ns )   --->   "%fir_int_int_shift_reg_13_load_5 = load i3 %fir_int_int_shift_reg_13_addr_6" [fir.cpp:33]   --->   Operation 783 'load' 'fir_int_int_shift_reg_13_load_5' <Predicate = (trunc_ln27 == 10)> <Delay = 2.32> <CoreInst = "RAM">   --->   Core 81 'RAM' <Latency = 1> <II = 1> <Delay = 2.32> <Storage> <Opcode : 'load' 'store'> <Ports = 2> <Width = 32> <Depth = 7> <RAM>
ST_71 : Operation 784 [1/2] ( I:2.32ns O:2.32ns )   --->   "%fir_int_int_shift_reg_14_load_5 = load i3 %fir_int_int_shift_reg_14_addr_6" [fir.cpp:33]   --->   Operation 784 'load' 'fir_int_int_shift_reg_14_load_5' <Predicate = (trunc_ln27 == 11)> <Delay = 2.32> <CoreInst = "RAM">   --->   Core 81 'RAM' <Latency = 1> <II = 1> <Delay = 2.32> <Storage> <Opcode : 'load' 'store'> <Ports = 2> <Width = 32> <Depth = 7> <RAM>
ST_71 : Operation 785 [1/2] ( I:2.32ns O:2.32ns )   --->   "%fir_int_int_shift_reg_15_load_5 = load i3 %fir_int_int_shift_reg_15_addr_6" [fir.cpp:33]   --->   Operation 785 'load' 'fir_int_int_shift_reg_15_load_5' <Predicate = (trunc_ln27 == 12)> <Delay = 2.32> <CoreInst = "RAM">   --->   Core 81 'RAM' <Latency = 1> <II = 1> <Delay = 2.32> <Storage> <Opcode : 'load' 'store'> <Ports = 2> <Width = 32> <Depth = 7> <RAM>
ST_71 : Operation 786 [1/2] ( I:2.32ns O:2.32ns )   --->   "%fir_int_int_shift_reg_16_load_5 = load i3 %fir_int_int_shift_reg_16_addr_6" [fir.cpp:33]   --->   Operation 786 'load' 'fir_int_int_shift_reg_16_load_5' <Predicate = (trunc_ln27 == 13)> <Delay = 2.32> <CoreInst = "RAM">   --->   Core 81 'RAM' <Latency = 1> <II = 1> <Delay = 2.32> <Storage> <Opcode : 'load' 'store'> <Ports = 2> <Width = 32> <Depth = 7> <RAM>
ST_71 : Operation 787 [1/2] ( I:2.32ns O:2.32ns )   --->   "%fir_int_int_shift_reg_17_load_5 = load i3 %fir_int_int_shift_reg_17_addr_6" [fir.cpp:33]   --->   Operation 787 'load' 'fir_int_int_shift_reg_17_load_5' <Predicate = (trunc_ln27 == 14)> <Delay = 2.32> <CoreInst = "RAM">   --->   Core 81 'RAM' <Latency = 1> <II = 1> <Delay = 2.32> <Storage> <Opcode : 'load' 'store'> <Ports = 2> <Width = 32> <Depth = 7> <RAM>
ST_71 : Operation 788 [1/2] ( I:2.32ns O:2.32ns )   --->   "%fir_int_int_shift_reg_18_load_5 = load i3 %fir_int_int_shift_reg_18_addr_6" [fir.cpp:33]   --->   Operation 788 'load' 'fir_int_int_shift_reg_18_load_5' <Predicate = (trunc_ln27 == 15)> <Delay = 2.32> <CoreInst = "RAM">   --->   Core 81 'RAM' <Latency = 1> <II = 1> <Delay = 2.32> <Storage> <Opcode : 'load' 'store'> <Ports = 2> <Width = 32> <Depth = 7> <RAM>
ST_71 : Operation 789 [1/2] ( I:2.32ns O:2.32ns )   --->   "%p_ZZ3firPiiE9shift_reg_10_load_5 = load i3 %p_ZZ3firPiiE9shift_reg_10_addr_6" [fir.cpp:33]   --->   Operation 789 'load' 'p_ZZ3firPiiE9shift_reg_10_load_5' <Predicate = (trunc_ln27 == 16)> <Delay = 2.32> <CoreInst = "RAM">   --->   Core 81 'RAM' <Latency = 1> <II = 1> <Delay = 2.32> <Storage> <Opcode : 'load' 'store'> <Ports = 2> <Width = 32> <Depth = 7> <RAM>
ST_71 : Operation 790 [1/2] ( I:2.32ns O:2.32ns )   --->   "%fir_mulint_int_shift_reg_long_unsigned_int128_signed_char_double_5 = load i3 %p_ZZ3firPiiE9shift_reg_11_addr_6" [fir.cpp:33]   --->   Operation 790 'load' 'fir_mulint_int_shift_reg_long_unsigned_int128_signed_char_double_5' <Predicate = (trunc_ln27 == 17)> <Delay = 2.32> <CoreInst = "RAM">   --->   Core 81 'RAM' <Latency = 1> <II = 1> <Delay = 2.32> <Storage> <Opcode : 'load' 'store'> <Ports = 2> <Width = 32> <Depth = 7> <RAM>
ST_71 : Operation 791 [1/2] ( I:2.32ns O:2.32ns )   --->   "%fir_mulint_int_shift_reg_l_unsigned_int128_signed_char_double_5 = load i3 %p_ZZ3firPiiE9shift_reg_12_addr_6" [fir.cpp:33]   --->   Operation 791 'load' 'fir_mulint_int_shift_reg_l_unsigned_int128_signed_char_double_5' <Predicate = (trunc_ln27 == 18)> <Delay = 2.32> <CoreInst = "RAM">   --->   Core 81 'RAM' <Latency = 1> <II = 1> <Delay = 2.32> <Storage> <Opcode : 'load' 'store'> <Ports = 2> <Width = 32> <Depth = 7> <RAM>
ST_71 : Operation 792 [1/2] ( I:2.32ns O:2.32ns )   --->   "%fir_mulint_int_shift_reg_lo_signed_char_double_5 = load i3 %p_ZZ3firPiiE9shift_reg_13_addr_6" [fir.cpp:33]   --->   Operation 792 'load' 'fir_mulint_int_shift_reg_lo_signed_char_double_5' <Predicate = (trunc_ln27 == 19)> <Delay = 2.32> <CoreInst = "RAM">   --->   Core 81 'RAM' <Latency = 1> <II = 1> <Delay = 2.32> <Storage> <Opcode : 'load' 'store'> <Ports = 2> <Width = 32> <Depth = 7> <RAM>
ST_71 : Operation 793 [1/2] ( I:2.32ns O:2.32ns )   --->   "%fir_mulint_int_shift_reg_loa_double_5 = load i3 %p_ZZ3firPiiE9shift_reg_14_addr_6" [fir.cpp:33]   --->   Operation 793 'load' 'fir_mulint_int_shift_reg_loa_double_5' <Predicate = (trunc_ln27 == 0)> <Delay = 2.32> <CoreInst = "RAM">   --->   Core 81 'RAM' <Latency = 1> <II = 1> <Delay = 2.32> <Storage> <Opcode : 'load' 'store'> <Ports = 2> <Width = 32> <Depth = 7> <RAM>
ST_71 : Operation 794 [1/2] ( I:2.32ns O:2.32ns )   --->   "%fir_mulint_int_shift_reg_load_5 = load i3 %fir_mulint_int_shift_reg_addr_6" [fir.cpp:33]   --->   Operation 794 'load' 'fir_mulint_int_shift_reg_load_5' <Predicate = (trunc_ln27 == 1)> <Delay = 2.32> <CoreInst = "RAM">   --->   Core 81 'RAM' <Latency = 1> <II = 1> <Delay = 2.32> <Storage> <Opcode : 'load' 'store'> <Ports = 2> <Width = 32> <Depth = 7> <RAM>
ST_71 : Operation 795 [1/2] ( I:2.32ns O:2.32ns )   --->   "%p_ZZ3firPiiE9shift_reg_16_load_5 = load i3 %p_ZZ3firPiiE9shift_reg_16_addr_6" [fir.cpp:33]   --->   Operation 795 'load' 'p_ZZ3firPiiE9shift_reg_16_load_5' <Predicate = (trunc_ln27 == 2)> <Delay = 2.32> <CoreInst = "RAM">   --->   Core 81 'RAM' <Latency = 1> <II = 1> <Delay = 2.32> <Storage> <Opcode : 'load' 'store'> <Ports = 2> <Width = 32> <Depth = 7> <RAM>
ST_71 : Operation 796 [1/2] ( I:2.32ns O:2.32ns )   --->   "%fir_int_int_shift_reg_27 = load i3 %fir_int_int_shift_reg_21" [fir.cpp:33]   --->   Operation 796 'load' 'fir_int_int_shift_reg_27' <Predicate = (trunc_ln27 == 3)> <Delay = 2.32> <CoreInst = "RAM">   --->   Core 81 'RAM' <Latency = 1> <II = 1> <Delay = 2.32> <Storage> <Opcode : 'load' 'store'> <Ports = 2> <Width = 32> <Depth = 7> <RAM>
ST_71 : Operation 797 [1/2] ( I:2.32ns O:2.32ns )   --->   "%p_ZZ3firPiiE9shift_reg_18_load_5 = load i3 %p_ZZ3firPiiE9shift_reg_18_addr_6" [fir.cpp:33]   --->   Operation 797 'load' 'p_ZZ3firPiiE9shift_reg_18_load_5' <Predicate = (trunc_ln27 == 4)> <Delay = 2.32> <CoreInst = "RAM">   --->   Core 81 'RAM' <Latency = 1> <II = 1> <Delay = 2.32> <Storage> <Opcode : 'load' 'store'> <Ports = 2> <Width = 32> <Depth = 7> <RAM>
ST_71 : Operation 798 [1/2] ( I:2.32ns O:2.32ns )   --->   "%p_ZZ3firPiiE9shift_reg_19_load_5 = load i3 %p_ZZ3firPiiE9shift_reg_19_addr_6" [fir.cpp:33]   --->   Operation 798 'load' 'p_ZZ3firPiiE9shift_reg_19_load_5' <Predicate = (trunc_ln27 == 5)> <Delay = 2.32> <CoreInst = "RAM">   --->   Core 81 'RAM' <Latency = 1> <II = 1> <Delay = 2.32> <Storage> <Opcode : 'load' 'store'> <Ports = 2> <Width = 32> <Depth = 7> <RAM>
ST_71 : Operation 799 [1/1] (3.02ns)   --->   "%tmp_5 = sparsemux i32 @_ssdm_op_SparseMux.ap_auto.20i32.i32.i5, i5 6, i32 %fir_int_int_shift_reg_load_5, i5 7, i32 %fir_int_int_shift_reg_10_load_5, i5 8, i32 %fir_int_int_shift_reg_11_load_5, i5 9, i32 %fir_int_int_shift_reg_12_load_5, i5 10, i32 %fir_int_int_shift_reg_13_load_5, i5 11, i32 %fir_int_int_shift_reg_14_load_5, i5 12, i32 %fir_int_int_shift_reg_15_load_5, i5 13, i32 %fir_int_int_shift_reg_16_load_5, i5 14, i32 %fir_int_int_shift_reg_17_load_5, i5 15, i32 %fir_int_int_shift_reg_18_load_5, i5 16, i32 %p_ZZ3firPiiE9shift_reg_10_load_5, i5 17, i32 %fir_mulint_int_shift_reg_long_unsigned_int128_signed_char_double_5, i5 18, i32 %fir_mulint_int_shift_reg_l_unsigned_int128_signed_char_double_5, i5 19, i32 %fir_mulint_int_shift_reg_lo_signed_char_double_5, i5 0, i32 %fir_mulint_int_shift_reg_loa_double_5, i5 1, i32 %fir_mulint_int_shift_reg_load_5, i5 2, i32 %p_ZZ3firPiiE9shift_reg_16_load_5, i5 3, i32 %fir_int_int_shift_reg_27, i5 4, i32 %p_ZZ3firPiiE9shift_reg_18_load_5, i5 5, i32 %p_ZZ3firPiiE9shift_reg_19_load_5, i32 0, i5 %trunc_ln27" [fir.cpp:33]   --->   Operation 799 'sparsemux' 'tmp_5' <Predicate = true> <Delay = 3.02> <CoreInst = "BinarySparseMux_DontCare">   --->   Core 137 'BinarySparseMux_DontCare' <Latency = 0> <II = 1> <Delay = 3.02> <FuncUnit> <Opcode : 'sparsemux'> <InPorts = 2> <OutPorts = 1>
ST_71 : Operation 800 [1/2] ( I:2.32ns O:2.32ns )   --->   "%fir_int_int_shift_reg_load_6 = load i3 %fir_int_int_shift_reg_addr_7" [fir.cpp:33]   --->   Operation 800 'load' 'fir_int_int_shift_reg_load_6' <Predicate = (trunc_ln27 == 7)> <Delay = 2.32> <CoreInst = "RAM">   --->   Core 81 'RAM' <Latency = 1> <II = 1> <Delay = 2.32> <Storage> <Opcode : 'load' 'store'> <Ports = 2> <Width = 32> <Depth = 7> <RAM>
ST_71 : Operation 801 [1/2] ( I:2.32ns O:2.32ns )   --->   "%fir_int_int_shift_reg_10_load_6 = load i3 %fir_int_int_shift_reg_10_addr_7" [fir.cpp:33]   --->   Operation 801 'load' 'fir_int_int_shift_reg_10_load_6' <Predicate = (trunc_ln27 == 8)> <Delay = 2.32> <CoreInst = "RAM">   --->   Core 81 'RAM' <Latency = 1> <II = 1> <Delay = 2.32> <Storage> <Opcode : 'load' 'store'> <Ports = 2> <Width = 32> <Depth = 7> <RAM>
ST_71 : Operation 802 [1/2] ( I:2.32ns O:2.32ns )   --->   "%fir_int_int_shift_reg_11_load_6 = load i3 %fir_int_int_shift_reg_11_addr_7" [fir.cpp:33]   --->   Operation 802 'load' 'fir_int_int_shift_reg_11_load_6' <Predicate = (trunc_ln27 == 9)> <Delay = 2.32> <CoreInst = "RAM">   --->   Core 81 'RAM' <Latency = 1> <II = 1> <Delay = 2.32> <Storage> <Opcode : 'load' 'store'> <Ports = 2> <Width = 32> <Depth = 7> <RAM>
ST_71 : Operation 803 [1/2] ( I:2.32ns O:2.32ns )   --->   "%fir_int_int_shift_reg_12_load_6 = load i3 %fir_int_int_shift_reg_12_addr_7" [fir.cpp:33]   --->   Operation 803 'load' 'fir_int_int_shift_reg_12_load_6' <Predicate = (trunc_ln27 == 10)> <Delay = 2.32> <CoreInst = "RAM">   --->   Core 81 'RAM' <Latency = 1> <II = 1> <Delay = 2.32> <Storage> <Opcode : 'load' 'store'> <Ports = 2> <Width = 32> <Depth = 7> <RAM>
ST_71 : Operation 804 [1/2] ( I:2.32ns O:2.32ns )   --->   "%fir_int_int_shift_reg_13_load_6 = load i3 %fir_int_int_shift_reg_13_addr_7" [fir.cpp:33]   --->   Operation 804 'load' 'fir_int_int_shift_reg_13_load_6' <Predicate = (trunc_ln27 == 11)> <Delay = 2.32> <CoreInst = "RAM">   --->   Core 81 'RAM' <Latency = 1> <II = 1> <Delay = 2.32> <Storage> <Opcode : 'load' 'store'> <Ports = 2> <Width = 32> <Depth = 7> <RAM>
ST_71 : Operation 805 [1/2] ( I:2.32ns O:2.32ns )   --->   "%fir_int_int_shift_reg_14_load_6 = load i3 %fir_int_int_shift_reg_14_addr_7" [fir.cpp:33]   --->   Operation 805 'load' 'fir_int_int_shift_reg_14_load_6' <Predicate = (trunc_ln27 == 12)> <Delay = 2.32> <CoreInst = "RAM">   --->   Core 81 'RAM' <Latency = 1> <II = 1> <Delay = 2.32> <Storage> <Opcode : 'load' 'store'> <Ports = 2> <Width = 32> <Depth = 7> <RAM>
ST_71 : Operation 806 [1/2] ( I:2.32ns O:2.32ns )   --->   "%fir_int_int_shift_reg_15_load_6 = load i3 %fir_int_int_shift_reg_15_addr_7" [fir.cpp:33]   --->   Operation 806 'load' 'fir_int_int_shift_reg_15_load_6' <Predicate = (trunc_ln27 == 13)> <Delay = 2.32> <CoreInst = "RAM">   --->   Core 81 'RAM' <Latency = 1> <II = 1> <Delay = 2.32> <Storage> <Opcode : 'load' 'store'> <Ports = 2> <Width = 32> <Depth = 7> <RAM>
ST_71 : Operation 807 [1/2] ( I:2.32ns O:2.32ns )   --->   "%fir_int_int_shift_reg_16_load_6 = load i3 %fir_int_int_shift_reg_16_addr_7" [fir.cpp:33]   --->   Operation 807 'load' 'fir_int_int_shift_reg_16_load_6' <Predicate = (trunc_ln27 == 14)> <Delay = 2.32> <CoreInst = "RAM">   --->   Core 81 'RAM' <Latency = 1> <II = 1> <Delay = 2.32> <Storage> <Opcode : 'load' 'store'> <Ports = 2> <Width = 32> <Depth = 7> <RAM>
ST_71 : Operation 808 [1/2] ( I:2.32ns O:2.32ns )   --->   "%fir_int_int_shift_reg_17_load_6 = load i3 %fir_int_int_shift_reg_17_addr_7" [fir.cpp:33]   --->   Operation 808 'load' 'fir_int_int_shift_reg_17_load_6' <Predicate = (trunc_ln27 == 15)> <Delay = 2.32> <CoreInst = "RAM">   --->   Core 81 'RAM' <Latency = 1> <II = 1> <Delay = 2.32> <Storage> <Opcode : 'load' 'store'> <Ports = 2> <Width = 32> <Depth = 7> <RAM>
ST_71 : Operation 809 [1/2] ( I:2.32ns O:2.32ns )   --->   "%fir_int_int_shift_reg_18_load_6 = load i3 %fir_int_int_shift_reg_18_addr_7" [fir.cpp:33]   --->   Operation 809 'load' 'fir_int_int_shift_reg_18_load_6' <Predicate = (trunc_ln27 == 16)> <Delay = 2.32> <CoreInst = "RAM">   --->   Core 81 'RAM' <Latency = 1> <II = 1> <Delay = 2.32> <Storage> <Opcode : 'load' 'store'> <Ports = 2> <Width = 32> <Depth = 7> <RAM>
ST_71 : Operation 810 [1/2] ( I:2.32ns O:2.32ns )   --->   "%p_ZZ3firPiiE9shift_reg_10_load_6 = load i3 %p_ZZ3firPiiE9shift_reg_10_addr_7" [fir.cpp:33]   --->   Operation 810 'load' 'p_ZZ3firPiiE9shift_reg_10_load_6' <Predicate = (trunc_ln27 == 17)> <Delay = 2.32> <CoreInst = "RAM">   --->   Core 81 'RAM' <Latency = 1> <II = 1> <Delay = 2.32> <Storage> <Opcode : 'load' 'store'> <Ports = 2> <Width = 32> <Depth = 7> <RAM>
ST_71 : Operation 811 [1/2] ( I:2.32ns O:2.32ns )   --->   "%fir_mulint_int_shift_reg_long_unsigned_int128_signed_char_double_6 = load i3 %p_ZZ3firPiiE9shift_reg_11_addr_7" [fir.cpp:33]   --->   Operation 811 'load' 'fir_mulint_int_shift_reg_long_unsigned_int128_signed_char_double_6' <Predicate = (trunc_ln27 == 18)> <Delay = 2.32> <CoreInst = "RAM">   --->   Core 81 'RAM' <Latency = 1> <II = 1> <Delay = 2.32> <Storage> <Opcode : 'load' 'store'> <Ports = 2> <Width = 32> <Depth = 7> <RAM>
ST_71 : Operation 812 [1/2] ( I:2.32ns O:2.32ns )   --->   "%fir_mulint_int_shift_reg_l_unsigned_int128_signed_char_double_6 = load i3 %p_ZZ3firPiiE9shift_reg_12_addr_7" [fir.cpp:33]   --->   Operation 812 'load' 'fir_mulint_int_shift_reg_l_unsigned_int128_signed_char_double_6' <Predicate = (trunc_ln27 == 19)> <Delay = 2.32> <CoreInst = "RAM">   --->   Core 81 'RAM' <Latency = 1> <II = 1> <Delay = 2.32> <Storage> <Opcode : 'load' 'store'> <Ports = 2> <Width = 32> <Depth = 7> <RAM>
ST_71 : Operation 813 [1/2] ( I:2.32ns O:2.32ns )   --->   "%fir_mulint_int_shift_reg_lo_signed_char_double_6 = load i3 %p_ZZ3firPiiE9shift_reg_13_addr_7" [fir.cpp:33]   --->   Operation 813 'load' 'fir_mulint_int_shift_reg_lo_signed_char_double_6' <Predicate = (trunc_ln27 == 0)> <Delay = 2.32> <CoreInst = "RAM">   --->   Core 81 'RAM' <Latency = 1> <II = 1> <Delay = 2.32> <Storage> <Opcode : 'load' 'store'> <Ports = 2> <Width = 32> <Depth = 7> <RAM>
ST_71 : Operation 814 [1/2] ( I:2.32ns O:2.32ns )   --->   "%fir_mulint_int_shift_reg_loa_double_6 = load i3 %p_ZZ3firPiiE9shift_reg_14_addr_7" [fir.cpp:33]   --->   Operation 814 'load' 'fir_mulint_int_shift_reg_loa_double_6' <Predicate = (trunc_ln27 == 1)> <Delay = 2.32> <CoreInst = "RAM">   --->   Core 81 'RAM' <Latency = 1> <II = 1> <Delay = 2.32> <Storage> <Opcode : 'load' 'store'> <Ports = 2> <Width = 32> <Depth = 7> <RAM>
ST_71 : Operation 815 [1/2] ( I:2.32ns O:2.32ns )   --->   "%fir_mulint_int_shift_reg_load_6 = load i3 %fir_mulint_int_shift_reg_addr_7" [fir.cpp:33]   --->   Operation 815 'load' 'fir_mulint_int_shift_reg_load_6' <Predicate = (trunc_ln27 == 2)> <Delay = 2.32> <CoreInst = "RAM">   --->   Core 81 'RAM' <Latency = 1> <II = 1> <Delay = 2.32> <Storage> <Opcode : 'load' 'store'> <Ports = 2> <Width = 32> <Depth = 7> <RAM>
ST_71 : Operation 816 [1/2] ( I:2.32ns O:2.32ns )   --->   "%p_ZZ3firPiiE9shift_reg_16_load_6 = load i3 %p_ZZ3firPiiE9shift_reg_16_addr_7" [fir.cpp:33]   --->   Operation 816 'load' 'p_ZZ3firPiiE9shift_reg_16_load_6' <Predicate = (trunc_ln27 == 3)> <Delay = 2.32> <CoreInst = "RAM">   --->   Core 81 'RAM' <Latency = 1> <II = 1> <Delay = 2.32> <Storage> <Opcode : 'load' 'store'> <Ports = 2> <Width = 32> <Depth = 7> <RAM>
ST_71 : Operation 817 [1/2] ( I:2.32ns O:2.32ns )   --->   "%fir_int_int_shift_reg_28 = load i3 %fir_int_int_shift_reg_22" [fir.cpp:33]   --->   Operation 817 'load' 'fir_int_int_shift_reg_28' <Predicate = (trunc_ln27 == 4)> <Delay = 2.32> <CoreInst = "RAM">   --->   Core 81 'RAM' <Latency = 1> <II = 1> <Delay = 2.32> <Storage> <Opcode : 'load' 'store'> <Ports = 2> <Width = 32> <Depth = 7> <RAM>
ST_71 : Operation 818 [1/2] ( I:2.32ns O:2.32ns )   --->   "%p_ZZ3firPiiE9shift_reg_18_load_6 = load i3 %p_ZZ3firPiiE9shift_reg_18_addr_7" [fir.cpp:33]   --->   Operation 818 'load' 'p_ZZ3firPiiE9shift_reg_18_load_6' <Predicate = (trunc_ln27 == 5)> <Delay = 2.32> <CoreInst = "RAM">   --->   Core 81 'RAM' <Latency = 1> <II = 1> <Delay = 2.32> <Storage> <Opcode : 'load' 'store'> <Ports = 2> <Width = 32> <Depth = 7> <RAM>
ST_71 : Operation 819 [1/2] ( I:2.32ns O:2.32ns )   --->   "%p_ZZ3firPiiE9shift_reg_19_load_6 = load i3 %p_ZZ3firPiiE9shift_reg_19_addr_7" [fir.cpp:33]   --->   Operation 819 'load' 'p_ZZ3firPiiE9shift_reg_19_load_6' <Predicate = (trunc_ln27 == 6)> <Delay = 2.32> <CoreInst = "RAM">   --->   Core 81 'RAM' <Latency = 1> <II = 1> <Delay = 2.32> <Storage> <Opcode : 'load' 'store'> <Ports = 2> <Width = 32> <Depth = 7> <RAM>
ST_71 : Operation 820 [1/1] (3.02ns)   --->   "%tmp_6 = sparsemux i32 @_ssdm_op_SparseMux.ap_auto.20i32.i32.i5, i5 7, i32 %fir_int_int_shift_reg_load_6, i5 8, i32 %fir_int_int_shift_reg_10_load_6, i5 9, i32 %fir_int_int_shift_reg_11_load_6, i5 10, i32 %fir_int_int_shift_reg_12_load_6, i5 11, i32 %fir_int_int_shift_reg_13_load_6, i5 12, i32 %fir_int_int_shift_reg_14_load_6, i5 13, i32 %fir_int_int_shift_reg_15_load_6, i5 14, i32 %fir_int_int_shift_reg_16_load_6, i5 15, i32 %fir_int_int_shift_reg_17_load_6, i5 16, i32 %fir_int_int_shift_reg_18_load_6, i5 17, i32 %p_ZZ3firPiiE9shift_reg_10_load_6, i5 18, i32 %fir_mulint_int_shift_reg_long_unsigned_int128_signed_char_double_6, i5 19, i32 %fir_mulint_int_shift_reg_l_unsigned_int128_signed_char_double_6, i5 0, i32 %fir_mulint_int_shift_reg_lo_signed_char_double_6, i5 1, i32 %fir_mulint_int_shift_reg_loa_double_6, i5 2, i32 %fir_mulint_int_shift_reg_load_6, i5 3, i32 %p_ZZ3firPiiE9shift_reg_16_load_6, i5 4, i32 %fir_int_int_shift_reg_28, i5 5, i32 %p_ZZ3firPiiE9shift_reg_18_load_6, i5 6, i32 %p_ZZ3firPiiE9shift_reg_19_load_6, i32 0, i5 %trunc_ln27" [fir.cpp:33]   --->   Operation 820 'sparsemux' 'tmp_6' <Predicate = true> <Delay = 3.02> <CoreInst = "BinarySparseMux_DontCare">   --->   Core 137 'BinarySparseMux_DontCare' <Latency = 0> <II = 1> <Delay = 3.02> <FuncUnit> <Opcode : 'sparsemux'> <InPorts = 2> <OutPorts = 1>
ST_71 : Operation 821 [1/2] ( I:2.32ns O:2.32ns )   --->   "%fir_int_int_shift_reg_load_7 = load i3 %fir_int_int_shift_reg_addr_8" [fir.cpp:33]   --->   Operation 821 'load' 'fir_int_int_shift_reg_load_7' <Predicate = (trunc_ln27 == 8 & icmp_ln31)> <Delay = 2.32> <CoreInst = "RAM">   --->   Core 81 'RAM' <Latency = 1> <II = 1> <Delay = 2.32> <Storage> <Opcode : 'load' 'store'> <Ports = 2> <Width = 32> <Depth = 7> <RAM>
ST_71 : Operation 822 [1/2] ( I:2.32ns O:2.32ns )   --->   "%fir_int_int_shift_reg_10_load_7 = load i3 %fir_int_int_shift_reg_10_addr_8" [fir.cpp:33]   --->   Operation 822 'load' 'fir_int_int_shift_reg_10_load_7' <Predicate = (trunc_ln27 == 9 & icmp_ln31)> <Delay = 2.32> <CoreInst = "RAM">   --->   Core 81 'RAM' <Latency = 1> <II = 1> <Delay = 2.32> <Storage> <Opcode : 'load' 'store'> <Ports = 2> <Width = 32> <Depth = 7> <RAM>
ST_71 : Operation 823 [1/2] ( I:2.32ns O:2.32ns )   --->   "%fir_int_int_shift_reg_11_load_7 = load i3 %fir_int_int_shift_reg_11_addr_8" [fir.cpp:33]   --->   Operation 823 'load' 'fir_int_int_shift_reg_11_load_7' <Predicate = (trunc_ln27 == 10 & icmp_ln31)> <Delay = 2.32> <CoreInst = "RAM">   --->   Core 81 'RAM' <Latency = 1> <II = 1> <Delay = 2.32> <Storage> <Opcode : 'load' 'store'> <Ports = 2> <Width = 32> <Depth = 7> <RAM>
ST_71 : Operation 824 [1/2] ( I:2.32ns O:2.32ns )   --->   "%fir_int_int_shift_reg_12_load_7 = load i3 %fir_int_int_shift_reg_12_addr_8" [fir.cpp:33]   --->   Operation 824 'load' 'fir_int_int_shift_reg_12_load_7' <Predicate = (trunc_ln27 == 11 & icmp_ln31)> <Delay = 2.32> <CoreInst = "RAM">   --->   Core 81 'RAM' <Latency = 1> <II = 1> <Delay = 2.32> <Storage> <Opcode : 'load' 'store'> <Ports = 2> <Width = 32> <Depth = 7> <RAM>
ST_71 : Operation 825 [1/2] ( I:2.32ns O:2.32ns )   --->   "%fir_int_int_shift_reg_13_load_7 = load i3 %fir_int_int_shift_reg_13_addr_8" [fir.cpp:33]   --->   Operation 825 'load' 'fir_int_int_shift_reg_13_load_7' <Predicate = (trunc_ln27 == 12 & icmp_ln31)> <Delay = 2.32> <CoreInst = "RAM">   --->   Core 81 'RAM' <Latency = 1> <II = 1> <Delay = 2.32> <Storage> <Opcode : 'load' 'store'> <Ports = 2> <Width = 32> <Depth = 7> <RAM>
ST_71 : Operation 826 [1/2] ( I:2.32ns O:2.32ns )   --->   "%fir_int_int_shift_reg_14_load_7 = load i3 %fir_int_int_shift_reg_14_addr_8" [fir.cpp:33]   --->   Operation 826 'load' 'fir_int_int_shift_reg_14_load_7' <Predicate = (trunc_ln27 == 13 & icmp_ln31)> <Delay = 2.32> <CoreInst = "RAM">   --->   Core 81 'RAM' <Latency = 1> <II = 1> <Delay = 2.32> <Storage> <Opcode : 'load' 'store'> <Ports = 2> <Width = 32> <Depth = 7> <RAM>
ST_71 : Operation 827 [1/2] ( I:2.32ns O:2.32ns )   --->   "%fir_int_int_shift_reg_15_load_7 = load i3 %fir_int_int_shift_reg_15_addr_8" [fir.cpp:33]   --->   Operation 827 'load' 'fir_int_int_shift_reg_15_load_7' <Predicate = (trunc_ln27 == 14 & icmp_ln31)> <Delay = 2.32> <CoreInst = "RAM">   --->   Core 81 'RAM' <Latency = 1> <II = 1> <Delay = 2.32> <Storage> <Opcode : 'load' 'store'> <Ports = 2> <Width = 32> <Depth = 7> <RAM>
ST_71 : Operation 828 [1/2] ( I:2.32ns O:2.32ns )   --->   "%fir_int_int_shift_reg_16_load_7 = load i3 %fir_int_int_shift_reg_16_addr_8" [fir.cpp:33]   --->   Operation 828 'load' 'fir_int_int_shift_reg_16_load_7' <Predicate = (trunc_ln27 == 15 & icmp_ln31)> <Delay = 2.32> <CoreInst = "RAM">   --->   Core 81 'RAM' <Latency = 1> <II = 1> <Delay = 2.32> <Storage> <Opcode : 'load' 'store'> <Ports = 2> <Width = 32> <Depth = 7> <RAM>
ST_71 : Operation 829 [1/2] ( I:2.32ns O:2.32ns )   --->   "%fir_int_int_shift_reg_17_load_7 = load i3 %fir_int_int_shift_reg_17_addr_8" [fir.cpp:33]   --->   Operation 829 'load' 'fir_int_int_shift_reg_17_load_7' <Predicate = (trunc_ln27 == 16 & icmp_ln31)> <Delay = 2.32> <CoreInst = "RAM">   --->   Core 81 'RAM' <Latency = 1> <II = 1> <Delay = 2.32> <Storage> <Opcode : 'load' 'store'> <Ports = 2> <Width = 32> <Depth = 7> <RAM>
ST_71 : Operation 830 [1/2] ( I:2.32ns O:2.32ns )   --->   "%fir_int_int_shift_reg_18_load_7 = load i3 %fir_int_int_shift_reg_18_addr_8" [fir.cpp:33]   --->   Operation 830 'load' 'fir_int_int_shift_reg_18_load_7' <Predicate = (trunc_ln27 == 17 & icmp_ln31)> <Delay = 2.32> <CoreInst = "RAM">   --->   Core 81 'RAM' <Latency = 1> <II = 1> <Delay = 2.32> <Storage> <Opcode : 'load' 'store'> <Ports = 2> <Width = 32> <Depth = 7> <RAM>
ST_71 : Operation 831 [1/2] ( I:2.32ns O:2.32ns )   --->   "%p_ZZ3firPiiE9shift_reg_10_load_7 = load i3 %p_ZZ3firPiiE9shift_reg_10_addr_8" [fir.cpp:33]   --->   Operation 831 'load' 'p_ZZ3firPiiE9shift_reg_10_load_7' <Predicate = (trunc_ln27 == 18 & icmp_ln31)> <Delay = 2.32> <CoreInst = "RAM">   --->   Core 81 'RAM' <Latency = 1> <II = 1> <Delay = 2.32> <Storage> <Opcode : 'load' 'store'> <Ports = 2> <Width = 32> <Depth = 7> <RAM>
ST_71 : Operation 832 [1/2] ( I:2.32ns O:2.32ns )   --->   "%fir_mulint_int_shift_reg_long_unsigned_int128_signed_char_double_7 = load i3 %p_ZZ3firPiiE9shift_reg_11_addr_8" [fir.cpp:33]   --->   Operation 832 'load' 'fir_mulint_int_shift_reg_long_unsigned_int128_signed_char_double_7' <Predicate = (icmp_ln31 & trunc_ln27 == 19)> <Delay = 2.32> <CoreInst = "RAM">   --->   Core 81 'RAM' <Latency = 1> <II = 1> <Delay = 2.32> <Storage> <Opcode : 'load' 'store'> <Ports = 2> <Width = 32> <Depth = 7> <RAM>
ST_71 : Operation 833 [1/2] ( I:2.32ns O:2.32ns )   --->   "%fir_mulint_int_shift_reg_l_unsigned_int128_signed_char_double_7 = load i3 %p_ZZ3firPiiE9shift_reg_12_addr_8" [fir.cpp:33]   --->   Operation 833 'load' 'fir_mulint_int_shift_reg_l_unsigned_int128_signed_char_double_7' <Predicate = (trunc_ln27 == 0 & icmp_ln31)> <Delay = 2.32> <CoreInst = "RAM">   --->   Core 81 'RAM' <Latency = 1> <II = 1> <Delay = 2.32> <Storage> <Opcode : 'load' 'store'> <Ports = 2> <Width = 32> <Depth = 7> <RAM>
ST_71 : Operation 834 [1/2] ( I:2.32ns O:2.32ns )   --->   "%fir_mulint_int_shift_reg_lo_signed_char_double_7 = load i3 %p_ZZ3firPiiE9shift_reg_13_addr_8" [fir.cpp:33]   --->   Operation 834 'load' 'fir_mulint_int_shift_reg_lo_signed_char_double_7' <Predicate = (trunc_ln27 == 1 & icmp_ln31)> <Delay = 2.32> <CoreInst = "RAM">   --->   Core 81 'RAM' <Latency = 1> <II = 1> <Delay = 2.32> <Storage> <Opcode : 'load' 'store'> <Ports = 2> <Width = 32> <Depth = 7> <RAM>
ST_71 : Operation 835 [1/2] ( I:2.32ns O:2.32ns )   --->   "%fir_mulint_int_shift_reg_loa_double_7 = load i3 %p_ZZ3firPiiE9shift_reg_14_addr_8" [fir.cpp:33]   --->   Operation 835 'load' 'fir_mulint_int_shift_reg_loa_double_7' <Predicate = (trunc_ln27 == 2 & icmp_ln31)> <Delay = 2.32> <CoreInst = "RAM">   --->   Core 81 'RAM' <Latency = 1> <II = 1> <Delay = 2.32> <Storage> <Opcode : 'load' 'store'> <Ports = 2> <Width = 32> <Depth = 7> <RAM>
ST_71 : Operation 836 [1/2] ( I:2.32ns O:2.32ns )   --->   "%fir_mulint_int_shift_reg_load_7 = load i3 %fir_mulint_int_shift_reg_addr_8" [fir.cpp:33]   --->   Operation 836 'load' 'fir_mulint_int_shift_reg_load_7' <Predicate = (trunc_ln27 == 3 & icmp_ln31)> <Delay = 2.32> <CoreInst = "RAM">   --->   Core 81 'RAM' <Latency = 1> <II = 1> <Delay = 2.32> <Storage> <Opcode : 'load' 'store'> <Ports = 2> <Width = 32> <Depth = 7> <RAM>
ST_71 : Operation 837 [1/2] ( I:2.32ns O:2.32ns )   --->   "%p_ZZ3firPiiE9shift_reg_16_load_7 = load i3 %p_ZZ3firPiiE9shift_reg_16_addr_8" [fir.cpp:33]   --->   Operation 837 'load' 'p_ZZ3firPiiE9shift_reg_16_load_7' <Predicate = (trunc_ln27 == 4 & icmp_ln31)> <Delay = 2.32> <CoreInst = "RAM">   --->   Core 81 'RAM' <Latency = 1> <II = 1> <Delay = 2.32> <Storage> <Opcode : 'load' 'store'> <Ports = 2> <Width = 32> <Depth = 7> <RAM>
ST_71 : Operation 838 [1/2] ( I:2.32ns O:2.32ns )   --->   "%fir_int_int_shift_reg_30 = load i3 %fir_int_int_shift_reg_29" [fir.cpp:33]   --->   Operation 838 'load' 'fir_int_int_shift_reg_30' <Predicate = (trunc_ln27 == 5 & icmp_ln31)> <Delay = 2.32> <CoreInst = "RAM">   --->   Core 81 'RAM' <Latency = 1> <II = 1> <Delay = 2.32> <Storage> <Opcode : 'load' 'store'> <Ports = 2> <Width = 32> <Depth = 7> <RAM>
ST_71 : Operation 839 [1/2] ( I:2.32ns O:2.32ns )   --->   "%p_ZZ3firPiiE9shift_reg_18_load_7 = load i3 %p_ZZ3firPiiE9shift_reg_18_addr_8" [fir.cpp:33]   --->   Operation 839 'load' 'p_ZZ3firPiiE9shift_reg_18_load_7' <Predicate = (trunc_ln27 == 6 & icmp_ln31)> <Delay = 2.32> <CoreInst = "RAM">   --->   Core 81 'RAM' <Latency = 1> <II = 1> <Delay = 2.32> <Storage> <Opcode : 'load' 'store'> <Ports = 2> <Width = 32> <Depth = 7> <RAM>
ST_71 : Operation 840 [1/2] ( I:2.32ns O:2.32ns )   --->   "%p_ZZ3firPiiE9shift_reg_19_load_7 = load i3 %p_ZZ3firPiiE9shift_reg_19_addr_8" [fir.cpp:33]   --->   Operation 840 'load' 'p_ZZ3firPiiE9shift_reg_19_load_7' <Predicate = (trunc_ln27 == 7 & icmp_ln31)> <Delay = 2.32> <CoreInst = "RAM">   --->   Core 81 'RAM' <Latency = 1> <II = 1> <Delay = 2.32> <Storage> <Opcode : 'load' 'store'> <Ports = 2> <Width = 32> <Depth = 7> <RAM>
ST_71 : Operation 841 [1/1] (3.02ns)   --->   "%tmp_7 = sparsemux i32 @_ssdm_op_SparseMux.ap_auto.20i32.i32.i5, i5 8, i32 %fir_int_int_shift_reg_load_7, i5 9, i32 %fir_int_int_shift_reg_10_load_7, i5 10, i32 %fir_int_int_shift_reg_11_load_7, i5 11, i32 %fir_int_int_shift_reg_12_load_7, i5 12, i32 %fir_int_int_shift_reg_13_load_7, i5 13, i32 %fir_int_int_shift_reg_14_load_7, i5 14, i32 %fir_int_int_shift_reg_15_load_7, i5 15, i32 %fir_int_int_shift_reg_16_load_7, i5 16, i32 %fir_int_int_shift_reg_17_load_7, i5 17, i32 %fir_int_int_shift_reg_18_load_7, i5 18, i32 %p_ZZ3firPiiE9shift_reg_10_load_7, i5 19, i32 %fir_mulint_int_shift_reg_long_unsigned_int128_signed_char_double_7, i5 0, i32 %fir_mulint_int_shift_reg_l_unsigned_int128_signed_char_double_7, i5 1, i32 %fir_mulint_int_shift_reg_lo_signed_char_double_7, i5 2, i32 %fir_mulint_int_shift_reg_loa_double_7, i5 3, i32 %fir_mulint_int_shift_reg_load_7, i5 4, i32 %p_ZZ3firPiiE9shift_reg_16_load_7, i5 5, i32 %fir_int_int_shift_reg_30, i5 6, i32 %p_ZZ3firPiiE9shift_reg_18_load_7, i5 7, i32 %p_ZZ3firPiiE9shift_reg_19_load_7, i32 0, i5 %trunc_ln27" [fir.cpp:33]   --->   Operation 841 'sparsemux' 'tmp_7' <Predicate = (icmp_ln31)> <Delay = 3.02> <CoreInst = "BinarySparseMux_DontCare">   --->   Core 137 'BinarySparseMux_DontCare' <Latency = 0> <II = 1> <Delay = 3.02> <FuncUnit> <Opcode : 'sparsemux'> <InPorts = 2> <OutPorts = 1>
ST_71 : Operation 842 [1/2] ( I:2.32ns O:2.32ns )   --->   "%fir_int_int_shift_reg_load_8 = load i3 %fir_int_int_shift_reg_addr_9" [fir.cpp:33]   --->   Operation 842 'load' 'fir_int_int_shift_reg_load_8' <Predicate = (trunc_ln27 == 9 & icmp_ln31)> <Delay = 2.32> <CoreInst = "RAM">   --->   Core 81 'RAM' <Latency = 1> <II = 1> <Delay = 2.32> <Storage> <Opcode : 'load' 'store'> <Ports = 2> <Width = 32> <Depth = 7> <RAM>
ST_71 : Operation 843 [1/2] ( I:2.32ns O:2.32ns )   --->   "%fir_int_int_shift_reg_10_load_8 = load i3 %fir_int_int_shift_reg_10_addr_9" [fir.cpp:33]   --->   Operation 843 'load' 'fir_int_int_shift_reg_10_load_8' <Predicate = (trunc_ln27 == 10 & icmp_ln31)> <Delay = 2.32> <CoreInst = "RAM">   --->   Core 81 'RAM' <Latency = 1> <II = 1> <Delay = 2.32> <Storage> <Opcode : 'load' 'store'> <Ports = 2> <Width = 32> <Depth = 7> <RAM>
ST_71 : Operation 844 [1/2] ( I:2.32ns O:2.32ns )   --->   "%fir_int_int_shift_reg_11_load_8 = load i3 %fir_int_int_shift_reg_11_addr_9" [fir.cpp:33]   --->   Operation 844 'load' 'fir_int_int_shift_reg_11_load_8' <Predicate = (trunc_ln27 == 11 & icmp_ln31)> <Delay = 2.32> <CoreInst = "RAM">   --->   Core 81 'RAM' <Latency = 1> <II = 1> <Delay = 2.32> <Storage> <Opcode : 'load' 'store'> <Ports = 2> <Width = 32> <Depth = 7> <RAM>
ST_71 : Operation 845 [1/2] ( I:2.32ns O:2.32ns )   --->   "%fir_int_int_shift_reg_12_load_8 = load i3 %fir_int_int_shift_reg_12_addr_9" [fir.cpp:33]   --->   Operation 845 'load' 'fir_int_int_shift_reg_12_load_8' <Predicate = (trunc_ln27 == 12 & icmp_ln31)> <Delay = 2.32> <CoreInst = "RAM">   --->   Core 81 'RAM' <Latency = 1> <II = 1> <Delay = 2.32> <Storage> <Opcode : 'load' 'store'> <Ports = 2> <Width = 32> <Depth = 7> <RAM>
ST_71 : Operation 846 [1/2] ( I:2.32ns O:2.32ns )   --->   "%fir_int_int_shift_reg_13_load_8 = load i3 %fir_int_int_shift_reg_13_addr_9" [fir.cpp:33]   --->   Operation 846 'load' 'fir_int_int_shift_reg_13_load_8' <Predicate = (trunc_ln27 == 13 & icmp_ln31)> <Delay = 2.32> <CoreInst = "RAM">   --->   Core 81 'RAM' <Latency = 1> <II = 1> <Delay = 2.32> <Storage> <Opcode : 'load' 'store'> <Ports = 2> <Width = 32> <Depth = 7> <RAM>
ST_71 : Operation 847 [1/2] ( I:2.32ns O:2.32ns )   --->   "%fir_int_int_shift_reg_14_load_8 = load i3 %fir_int_int_shift_reg_14_addr_9" [fir.cpp:33]   --->   Operation 847 'load' 'fir_int_int_shift_reg_14_load_8' <Predicate = (trunc_ln27 == 14 & icmp_ln31)> <Delay = 2.32> <CoreInst = "RAM">   --->   Core 81 'RAM' <Latency = 1> <II = 1> <Delay = 2.32> <Storage> <Opcode : 'load' 'store'> <Ports = 2> <Width = 32> <Depth = 7> <RAM>
ST_71 : Operation 848 [1/2] ( I:2.32ns O:2.32ns )   --->   "%fir_int_int_shift_reg_15_load_8 = load i3 %fir_int_int_shift_reg_15_addr_9" [fir.cpp:33]   --->   Operation 848 'load' 'fir_int_int_shift_reg_15_load_8' <Predicate = (trunc_ln27 == 15 & icmp_ln31)> <Delay = 2.32> <CoreInst = "RAM">   --->   Core 81 'RAM' <Latency = 1> <II = 1> <Delay = 2.32> <Storage> <Opcode : 'load' 'store'> <Ports = 2> <Width = 32> <Depth = 7> <RAM>
ST_71 : Operation 849 [1/2] ( I:2.32ns O:2.32ns )   --->   "%fir_int_int_shift_reg_16_load_8 = load i3 %fir_int_int_shift_reg_16_addr_9" [fir.cpp:33]   --->   Operation 849 'load' 'fir_int_int_shift_reg_16_load_8' <Predicate = (trunc_ln27 == 16 & icmp_ln31)> <Delay = 2.32> <CoreInst = "RAM">   --->   Core 81 'RAM' <Latency = 1> <II = 1> <Delay = 2.32> <Storage> <Opcode : 'load' 'store'> <Ports = 2> <Width = 32> <Depth = 7> <RAM>
ST_71 : Operation 850 [1/2] ( I:2.32ns O:2.32ns )   --->   "%fir_int_int_shift_reg_17_load_8 = load i3 %fir_int_int_shift_reg_17_addr_9" [fir.cpp:33]   --->   Operation 850 'load' 'fir_int_int_shift_reg_17_load_8' <Predicate = (trunc_ln27 == 17 & icmp_ln31)> <Delay = 2.32> <CoreInst = "RAM">   --->   Core 81 'RAM' <Latency = 1> <II = 1> <Delay = 2.32> <Storage> <Opcode : 'load' 'store'> <Ports = 2> <Width = 32> <Depth = 7> <RAM>
ST_71 : Operation 851 [1/2] ( I:2.32ns O:2.32ns )   --->   "%fir_int_int_shift_reg_18_load_8 = load i3 %fir_int_int_shift_reg_18_addr_9" [fir.cpp:33]   --->   Operation 851 'load' 'fir_int_int_shift_reg_18_load_8' <Predicate = (trunc_ln27 == 18 & icmp_ln31)> <Delay = 2.32> <CoreInst = "RAM">   --->   Core 81 'RAM' <Latency = 1> <II = 1> <Delay = 2.32> <Storage> <Opcode : 'load' 'store'> <Ports = 2> <Width = 32> <Depth = 7> <RAM>
ST_71 : Operation 852 [1/2] ( I:2.32ns O:2.32ns )   --->   "%p_ZZ3firPiiE9shift_reg_10_load_8 = load i3 %p_ZZ3firPiiE9shift_reg_10_addr_9" [fir.cpp:33]   --->   Operation 852 'load' 'p_ZZ3firPiiE9shift_reg_10_load_8' <Predicate = (icmp_ln31 & trunc_ln27 == 19)> <Delay = 2.32> <CoreInst = "RAM">   --->   Core 81 'RAM' <Latency = 1> <II = 1> <Delay = 2.32> <Storage> <Opcode : 'load' 'store'> <Ports = 2> <Width = 32> <Depth = 7> <RAM>
ST_71 : Operation 853 [1/2] ( I:2.32ns O:2.32ns )   --->   "%fir_mulint_int_shift_reg_long_unsigned_int128_signed_char_double_8 = load i3 %p_ZZ3firPiiE9shift_reg_11_addr_9" [fir.cpp:33]   --->   Operation 853 'load' 'fir_mulint_int_shift_reg_long_unsigned_int128_signed_char_double_8' <Predicate = (trunc_ln27 == 0 & icmp_ln31)> <Delay = 2.32> <CoreInst = "RAM">   --->   Core 81 'RAM' <Latency = 1> <II = 1> <Delay = 2.32> <Storage> <Opcode : 'load' 'store'> <Ports = 2> <Width = 32> <Depth = 7> <RAM>
ST_71 : Operation 854 [1/2] ( I:2.32ns O:2.32ns )   --->   "%fir_mulint_int_shift_reg_l_unsigned_int128_signed_char_double_8 = load i3 %p_ZZ3firPiiE9shift_reg_12_addr_9" [fir.cpp:33]   --->   Operation 854 'load' 'fir_mulint_int_shift_reg_l_unsigned_int128_signed_char_double_8' <Predicate = (trunc_ln27 == 1 & icmp_ln31)> <Delay = 2.32> <CoreInst = "RAM">   --->   Core 81 'RAM' <Latency = 1> <II = 1> <Delay = 2.32> <Storage> <Opcode : 'load' 'store'> <Ports = 2> <Width = 32> <Depth = 7> <RAM>
ST_71 : Operation 855 [1/2] ( I:2.32ns O:2.32ns )   --->   "%fir_mulint_int_shift_reg_lo_signed_char_double_8 = load i3 %p_ZZ3firPiiE9shift_reg_13_addr_9" [fir.cpp:33]   --->   Operation 855 'load' 'fir_mulint_int_shift_reg_lo_signed_char_double_8' <Predicate = (trunc_ln27 == 2 & icmp_ln31)> <Delay = 2.32> <CoreInst = "RAM">   --->   Core 81 'RAM' <Latency = 1> <II = 1> <Delay = 2.32> <Storage> <Opcode : 'load' 'store'> <Ports = 2> <Width = 32> <Depth = 7> <RAM>
ST_71 : Operation 856 [1/2] ( I:2.32ns O:2.32ns )   --->   "%fir_mulint_int_shift_reg_loa_double_8 = load i3 %p_ZZ3firPiiE9shift_reg_14_addr_9" [fir.cpp:33]   --->   Operation 856 'load' 'fir_mulint_int_shift_reg_loa_double_8' <Predicate = (trunc_ln27 == 3 & icmp_ln31)> <Delay = 2.32> <CoreInst = "RAM">   --->   Core 81 'RAM' <Latency = 1> <II = 1> <Delay = 2.32> <Storage> <Opcode : 'load' 'store'> <Ports = 2> <Width = 32> <Depth = 7> <RAM>
ST_71 : Operation 857 [1/2] ( I:2.32ns O:2.32ns )   --->   "%fir_mulint_int_shift_reg_load_8 = load i3 %fir_mulint_int_shift_reg_addr_9" [fir.cpp:33]   --->   Operation 857 'load' 'fir_mulint_int_shift_reg_load_8' <Predicate = (trunc_ln27 == 4 & icmp_ln31)> <Delay = 2.32> <CoreInst = "RAM">   --->   Core 81 'RAM' <Latency = 1> <II = 1> <Delay = 2.32> <Storage> <Opcode : 'load' 'store'> <Ports = 2> <Width = 32> <Depth = 7> <RAM>
ST_71 : Operation 858 [1/2] ( I:2.32ns O:2.32ns )   --->   "%p_ZZ3firPiiE9shift_reg_16_load_8 = load i3 %p_ZZ3firPiiE9shift_reg_16_addr_9" [fir.cpp:33]   --->   Operation 858 'load' 'p_ZZ3firPiiE9shift_reg_16_load_8' <Predicate = (trunc_ln27 == 5 & icmp_ln31)> <Delay = 2.32> <CoreInst = "RAM">   --->   Core 81 'RAM' <Latency = 1> <II = 1> <Delay = 2.32> <Storage> <Opcode : 'load' 'store'> <Ports = 2> <Width = 32> <Depth = 7> <RAM>
ST_71 : Operation 859 [1/2] ( I:2.32ns O:2.32ns )   --->   "%fir_int_int_shift_reg_33 = load i3 %fir_int_int_shift_reg_31" [fir.cpp:33]   --->   Operation 859 'load' 'fir_int_int_shift_reg_33' <Predicate = (trunc_ln27 == 6 & icmp_ln31)> <Delay = 2.32> <CoreInst = "RAM">   --->   Core 81 'RAM' <Latency = 1> <II = 1> <Delay = 2.32> <Storage> <Opcode : 'load' 'store'> <Ports = 2> <Width = 32> <Depth = 7> <RAM>
ST_71 : Operation 860 [1/2] ( I:2.32ns O:2.32ns )   --->   "%p_ZZ3firPiiE9shift_reg_18_load_8 = load i3 %p_ZZ3firPiiE9shift_reg_18_addr_9" [fir.cpp:33]   --->   Operation 860 'load' 'p_ZZ3firPiiE9shift_reg_18_load_8' <Predicate = (trunc_ln27 == 7 & icmp_ln31)> <Delay = 2.32> <CoreInst = "RAM">   --->   Core 81 'RAM' <Latency = 1> <II = 1> <Delay = 2.32> <Storage> <Opcode : 'load' 'store'> <Ports = 2> <Width = 32> <Depth = 7> <RAM>
ST_71 : Operation 861 [1/2] ( I:2.32ns O:2.32ns )   --->   "%p_ZZ3firPiiE9shift_reg_19_load_8 = load i3 %p_ZZ3firPiiE9shift_reg_19_addr_9" [fir.cpp:33]   --->   Operation 861 'load' 'p_ZZ3firPiiE9shift_reg_19_load_8' <Predicate = (trunc_ln27 == 8 & icmp_ln31)> <Delay = 2.32> <CoreInst = "RAM">   --->   Core 81 'RAM' <Latency = 1> <II = 1> <Delay = 2.32> <Storage> <Opcode : 'load' 'store'> <Ports = 2> <Width = 32> <Depth = 7> <RAM>
ST_71 : Operation 862 [1/1] (3.02ns)   --->   "%tmp_8 = sparsemux i32 @_ssdm_op_SparseMux.ap_auto.20i32.i32.i5, i5 9, i32 %fir_int_int_shift_reg_load_8, i5 10, i32 %fir_int_int_shift_reg_10_load_8, i5 11, i32 %fir_int_int_shift_reg_11_load_8, i5 12, i32 %fir_int_int_shift_reg_12_load_8, i5 13, i32 %fir_int_int_shift_reg_13_load_8, i5 14, i32 %fir_int_int_shift_reg_14_load_8, i5 15, i32 %fir_int_int_shift_reg_15_load_8, i5 16, i32 %fir_int_int_shift_reg_16_load_8, i5 17, i32 %fir_int_int_shift_reg_17_load_8, i5 18, i32 %fir_int_int_shift_reg_18_load_8, i5 19, i32 %p_ZZ3firPiiE9shift_reg_10_load_8, i5 0, i32 %fir_mulint_int_shift_reg_long_unsigned_int128_signed_char_double_8, i5 1, i32 %fir_mulint_int_shift_reg_l_unsigned_int128_signed_char_double_8, i5 2, i32 %fir_mulint_int_shift_reg_lo_signed_char_double_8, i5 3, i32 %fir_mulint_int_shift_reg_loa_double_8, i5 4, i32 %fir_mulint_int_shift_reg_load_8, i5 5, i32 %p_ZZ3firPiiE9shift_reg_16_load_8, i5 6, i32 %fir_int_int_shift_reg_33, i5 7, i32 %p_ZZ3firPiiE9shift_reg_18_load_8, i5 8, i32 %p_ZZ3firPiiE9shift_reg_19_load_8, i32 0, i5 %trunc_ln27" [fir.cpp:33]   --->   Operation 862 'sparsemux' 'tmp_8' <Predicate = (icmp_ln31)> <Delay = 3.02> <CoreInst = "BinarySparseMux_DontCare">   --->   Core 137 'BinarySparseMux_DontCare' <Latency = 0> <II = 1> <Delay = 3.02> <FuncUnit> <Opcode : 'sparsemux'> <InPorts = 2> <OutPorts = 1>
ST_71 : Operation 863 [1/2] ( I:2.32ns O:2.32ns )   --->   "%fir_int_int_shift_reg_load_9 = load i3 %fir_int_int_shift_reg_addr_10" [fir.cpp:33]   --->   Operation 863 'load' 'fir_int_int_shift_reg_load_9' <Predicate = (trunc_ln27 == 10 & icmp_ln31)> <Delay = 2.32> <CoreInst = "RAM">   --->   Core 81 'RAM' <Latency = 1> <II = 1> <Delay = 2.32> <Storage> <Opcode : 'load' 'store'> <Ports = 2> <Width = 32> <Depth = 7> <RAM>
ST_71 : Operation 864 [1/2] ( I:2.32ns O:2.32ns )   --->   "%fir_int_int_shift_reg_10_load_9 = load i3 %fir_int_int_shift_reg_10_addr_10" [fir.cpp:33]   --->   Operation 864 'load' 'fir_int_int_shift_reg_10_load_9' <Predicate = (trunc_ln27 == 11 & icmp_ln31)> <Delay = 2.32> <CoreInst = "RAM">   --->   Core 81 'RAM' <Latency = 1> <II = 1> <Delay = 2.32> <Storage> <Opcode : 'load' 'store'> <Ports = 2> <Width = 32> <Depth = 7> <RAM>
ST_71 : Operation 865 [1/2] ( I:2.32ns O:2.32ns )   --->   "%fir_int_int_shift_reg_11_load_9 = load i3 %fir_int_int_shift_reg_11_addr_10" [fir.cpp:33]   --->   Operation 865 'load' 'fir_int_int_shift_reg_11_load_9' <Predicate = (trunc_ln27 == 12 & icmp_ln31)> <Delay = 2.32> <CoreInst = "RAM">   --->   Core 81 'RAM' <Latency = 1> <II = 1> <Delay = 2.32> <Storage> <Opcode : 'load' 'store'> <Ports = 2> <Width = 32> <Depth = 7> <RAM>
ST_71 : Operation 866 [1/2] ( I:2.32ns O:2.32ns )   --->   "%fir_int_int_shift_reg_12_load_9 = load i3 %fir_int_int_shift_reg_12_addr_10" [fir.cpp:33]   --->   Operation 866 'load' 'fir_int_int_shift_reg_12_load_9' <Predicate = (trunc_ln27 == 13 & icmp_ln31)> <Delay = 2.32> <CoreInst = "RAM">   --->   Core 81 'RAM' <Latency = 1> <II = 1> <Delay = 2.32> <Storage> <Opcode : 'load' 'store'> <Ports = 2> <Width = 32> <Depth = 7> <RAM>
ST_71 : Operation 867 [1/2] ( I:2.32ns O:2.32ns )   --->   "%fir_int_int_shift_reg_13_load_9 = load i3 %fir_int_int_shift_reg_13_addr_10" [fir.cpp:33]   --->   Operation 867 'load' 'fir_int_int_shift_reg_13_load_9' <Predicate = (trunc_ln27 == 14 & icmp_ln31)> <Delay = 2.32> <CoreInst = "RAM">   --->   Core 81 'RAM' <Latency = 1> <II = 1> <Delay = 2.32> <Storage> <Opcode : 'load' 'store'> <Ports = 2> <Width = 32> <Depth = 7> <RAM>
ST_71 : Operation 868 [1/2] ( I:2.32ns O:2.32ns )   --->   "%fir_int_int_shift_reg_14_load_9 = load i3 %fir_int_int_shift_reg_14_addr_10" [fir.cpp:33]   --->   Operation 868 'load' 'fir_int_int_shift_reg_14_load_9' <Predicate = (trunc_ln27 == 15 & icmp_ln31)> <Delay = 2.32> <CoreInst = "RAM">   --->   Core 81 'RAM' <Latency = 1> <II = 1> <Delay = 2.32> <Storage> <Opcode : 'load' 'store'> <Ports = 2> <Width = 32> <Depth = 7> <RAM>
ST_71 : Operation 869 [1/2] ( I:2.32ns O:2.32ns )   --->   "%fir_int_int_shift_reg_15_load_9 = load i3 %fir_int_int_shift_reg_15_addr_10" [fir.cpp:33]   --->   Operation 869 'load' 'fir_int_int_shift_reg_15_load_9' <Predicate = (trunc_ln27 == 16 & icmp_ln31)> <Delay = 2.32> <CoreInst = "RAM">   --->   Core 81 'RAM' <Latency = 1> <II = 1> <Delay = 2.32> <Storage> <Opcode : 'load' 'store'> <Ports = 2> <Width = 32> <Depth = 7> <RAM>
ST_71 : Operation 870 [1/2] ( I:2.32ns O:2.32ns )   --->   "%fir_int_int_shift_reg_16_load_9 = load i3 %fir_int_int_shift_reg_16_addr_10" [fir.cpp:33]   --->   Operation 870 'load' 'fir_int_int_shift_reg_16_load_9' <Predicate = (trunc_ln27 == 17 & icmp_ln31)> <Delay = 2.32> <CoreInst = "RAM">   --->   Core 81 'RAM' <Latency = 1> <II = 1> <Delay = 2.32> <Storage> <Opcode : 'load' 'store'> <Ports = 2> <Width = 32> <Depth = 7> <RAM>
ST_71 : Operation 871 [1/2] ( I:2.32ns O:2.32ns )   --->   "%fir_int_int_shift_reg_17_load_9 = load i3 %fir_int_int_shift_reg_17_addr_10" [fir.cpp:33]   --->   Operation 871 'load' 'fir_int_int_shift_reg_17_load_9' <Predicate = (trunc_ln27 == 18 & icmp_ln31)> <Delay = 2.32> <CoreInst = "RAM">   --->   Core 81 'RAM' <Latency = 1> <II = 1> <Delay = 2.32> <Storage> <Opcode : 'load' 'store'> <Ports = 2> <Width = 32> <Depth = 7> <RAM>
ST_71 : Operation 872 [1/2] ( I:2.32ns O:2.32ns )   --->   "%fir_int_int_shift_reg_18_load_9 = load i3 %fir_int_int_shift_reg_18_addr_10" [fir.cpp:33]   --->   Operation 872 'load' 'fir_int_int_shift_reg_18_load_9' <Predicate = (icmp_ln31 & trunc_ln27 == 19)> <Delay = 2.32> <CoreInst = "RAM">   --->   Core 81 'RAM' <Latency = 1> <II = 1> <Delay = 2.32> <Storage> <Opcode : 'load' 'store'> <Ports = 2> <Width = 32> <Depth = 7> <RAM>
ST_71 : Operation 873 [1/2] ( I:2.32ns O:2.32ns )   --->   "%p_ZZ3firPiiE9shift_reg_10_load_9 = load i3 %p_ZZ3firPiiE9shift_reg_10_addr_10" [fir.cpp:33]   --->   Operation 873 'load' 'p_ZZ3firPiiE9shift_reg_10_load_9' <Predicate = (trunc_ln27 == 0 & icmp_ln31)> <Delay = 2.32> <CoreInst = "RAM">   --->   Core 81 'RAM' <Latency = 1> <II = 1> <Delay = 2.32> <Storage> <Opcode : 'load' 'store'> <Ports = 2> <Width = 32> <Depth = 7> <RAM>
ST_71 : Operation 874 [1/2] ( I:2.32ns O:2.32ns )   --->   "%fir_mulint_int_shift_reg_long_unsigned_int128_signed_char_double_9 = load i3 %p_ZZ3firPiiE9shift_reg_11_addr_10" [fir.cpp:33]   --->   Operation 874 'load' 'fir_mulint_int_shift_reg_long_unsigned_int128_signed_char_double_9' <Predicate = (trunc_ln27 == 1 & icmp_ln31)> <Delay = 2.32> <CoreInst = "RAM">   --->   Core 81 'RAM' <Latency = 1> <II = 1> <Delay = 2.32> <Storage> <Opcode : 'load' 'store'> <Ports = 2> <Width = 32> <Depth = 7> <RAM>
ST_71 : Operation 875 [1/2] ( I:2.32ns O:2.32ns )   --->   "%fir_mulint_int_shift_reg_l_unsigned_int128_signed_char_double_9 = load i3 %p_ZZ3firPiiE9shift_reg_12_addr_10" [fir.cpp:33]   --->   Operation 875 'load' 'fir_mulint_int_shift_reg_l_unsigned_int128_signed_char_double_9' <Predicate = (trunc_ln27 == 2 & icmp_ln31)> <Delay = 2.32> <CoreInst = "RAM">   --->   Core 81 'RAM' <Latency = 1> <II = 1> <Delay = 2.32> <Storage> <Opcode : 'load' 'store'> <Ports = 2> <Width = 32> <Depth = 7> <RAM>
ST_71 : Operation 876 [1/2] ( I:2.32ns O:2.32ns )   --->   "%fir_mulint_int_shift_reg_lo_signed_char_double_9 = load i3 %p_ZZ3firPiiE9shift_reg_13_addr_10" [fir.cpp:33]   --->   Operation 876 'load' 'fir_mulint_int_shift_reg_lo_signed_char_double_9' <Predicate = (trunc_ln27 == 3 & icmp_ln31)> <Delay = 2.32> <CoreInst = "RAM">   --->   Core 81 'RAM' <Latency = 1> <II = 1> <Delay = 2.32> <Storage> <Opcode : 'load' 'store'> <Ports = 2> <Width = 32> <Depth = 7> <RAM>
ST_71 : Operation 877 [1/2] ( I:2.32ns O:2.32ns )   --->   "%fir_mulint_int_shift_reg_loa_double_9 = load i3 %p_ZZ3firPiiE9shift_reg_14_addr_10" [fir.cpp:33]   --->   Operation 877 'load' 'fir_mulint_int_shift_reg_loa_double_9' <Predicate = (trunc_ln27 == 4 & icmp_ln31)> <Delay = 2.32> <CoreInst = "RAM">   --->   Core 81 'RAM' <Latency = 1> <II = 1> <Delay = 2.32> <Storage> <Opcode : 'load' 'store'> <Ports = 2> <Width = 32> <Depth = 7> <RAM>
ST_71 : Operation 878 [1/2] ( I:2.32ns O:2.32ns )   --->   "%fir_mulint_int_shift_reg_load_9 = load i3 %fir_mulint_int_shift_reg_addr_10" [fir.cpp:33]   --->   Operation 878 'load' 'fir_mulint_int_shift_reg_load_9' <Predicate = (trunc_ln27 == 5 & icmp_ln31)> <Delay = 2.32> <CoreInst = "RAM">   --->   Core 81 'RAM' <Latency = 1> <II = 1> <Delay = 2.32> <Storage> <Opcode : 'load' 'store'> <Ports = 2> <Width = 32> <Depth = 7> <RAM>
ST_71 : Operation 879 [1/2] ( I:2.32ns O:2.32ns )   --->   "%p_ZZ3firPiiE9shift_reg_16_load_9 = load i3 %p_ZZ3firPiiE9shift_reg_16_addr_10" [fir.cpp:33]   --->   Operation 879 'load' 'p_ZZ3firPiiE9shift_reg_16_load_9' <Predicate = (trunc_ln27 == 6 & icmp_ln31)> <Delay = 2.32> <CoreInst = "RAM">   --->   Core 81 'RAM' <Latency = 1> <II = 1> <Delay = 2.32> <Storage> <Opcode : 'load' 'store'> <Ports = 2> <Width = 32> <Depth = 7> <RAM>
ST_71 : Operation 880 [1/2] ( I:2.32ns O:2.32ns )   --->   "%fir_int_int_shift_reg_34 = load i3 %p_ZZ3firPiiE9shift_reg_17_addr_10" [fir.cpp:33]   --->   Operation 880 'load' 'fir_int_int_shift_reg_34' <Predicate = (trunc_ln27 == 7 & icmp_ln31)> <Delay = 2.32> <CoreInst = "RAM">   --->   Core 81 'RAM' <Latency = 1> <II = 1> <Delay = 2.32> <Storage> <Opcode : 'load' 'store'> <Ports = 2> <Width = 32> <Depth = 7> <RAM>
ST_71 : Operation 881 [1/2] ( I:2.32ns O:2.32ns )   --->   "%p_ZZ3firPiiE9shift_reg_18_load_9 = load i3 %fir_int_int_shift_reg_32" [fir.cpp:33]   --->   Operation 881 'load' 'p_ZZ3firPiiE9shift_reg_18_load_9' <Predicate = (trunc_ln27 == 8 & icmp_ln31)> <Delay = 2.32> <CoreInst = "RAM">   --->   Core 81 'RAM' <Latency = 1> <II = 1> <Delay = 2.32> <Storage> <Opcode : 'load' 'store'> <Ports = 2> <Width = 32> <Depth = 7> <RAM>
ST_71 : Operation 882 [1/2] ( I:2.32ns O:2.32ns )   --->   "%p_ZZ3firPiiE9shift_reg_19_load_9 = load i3 %p_ZZ3firPiiE9shift_reg_19_addr_10" [fir.cpp:33]   --->   Operation 882 'load' 'p_ZZ3firPiiE9shift_reg_19_load_9' <Predicate = (trunc_ln27 == 9 & icmp_ln31)> <Delay = 2.32> <CoreInst = "RAM">   --->   Core 81 'RAM' <Latency = 1> <II = 1> <Delay = 2.32> <Storage> <Opcode : 'load' 'store'> <Ports = 2> <Width = 32> <Depth = 7> <RAM>

State 72 <SV = 71> <Delay = 5.34>
ST_72 : Operation 883 [1/1] ( I:2.32ns O:2.32ns )   --->   "%store_ln33 = store i32 %tmp, i3 %p_ZZ3firPiiE9shift_reg_18_addr_1" [fir.cpp:33]   --->   Operation 883 'store' 'store_ln33' <Predicate = (trunc_ln27 == 18)> <Delay = 2.32> <CoreInst = "RAM">   --->   Core 81 'RAM' <Latency = 1> <II = 1> <Delay = 2.32> <Storage> <Opcode : 'load' 'store'> <Ports = 2> <Width = 32> <Depth = 7> <RAM>
ST_72 : Operation 884 [1/1] ( I:2.32ns O:2.32ns )   --->   "%store_ln33 = store i32 %tmp_1, i3 %p_ZZ3firPiiE9shift_reg_17_addr" [fir.cpp:33]   --->   Operation 884 'store' 'store_ln33' <Predicate = (trunc_ln27 == 18)> <Delay = 2.32> <CoreInst = "RAM">   --->   Core 81 'RAM' <Latency = 1> <II = 1> <Delay = 2.32> <Storage> <Opcode : 'load' 'store'> <Ports = 2> <Width = 32> <Depth = 7> <RAM>
ST_72 : Operation 885 [1/1] ( I:2.32ns O:2.32ns )   --->   "%store_ln33 = store i32 %tmp_2, i3 %p_ZZ3firPiiE9shift_reg_16_addr_2" [fir.cpp:33]   --->   Operation 885 'store' 'store_ln33' <Predicate = (trunc_ln27 == 18)> <Delay = 2.32> <CoreInst = "RAM">   --->   Core 81 'RAM' <Latency = 1> <II = 1> <Delay = 2.32> <Storage> <Opcode : 'load' 'store'> <Ports = 2> <Width = 32> <Depth = 7> <RAM>
ST_72 : Operation 886 [1/1] ( I:2.32ns O:2.32ns )   --->   "%store_ln33 = store i32 %tmp_3, i3 %fir_mulint_int_shift_reg_addr_3" [fir.cpp:33]   --->   Operation 886 'store' 'store_ln33' <Predicate = (trunc_ln27 == 18)> <Delay = 2.32> <CoreInst = "RAM">   --->   Core 81 'RAM' <Latency = 1> <II = 1> <Delay = 2.32> <Storage> <Opcode : 'load' 'store'> <Ports = 2> <Width = 32> <Depth = 7> <RAM>
ST_72 : Operation 887 [1/1] ( I:2.32ns O:2.32ns )   --->   "%store_ln33 = store i32 %tmp_4, i3 %p_ZZ3firPiiE9shift_reg_14_addr_4" [fir.cpp:33]   --->   Operation 887 'store' 'store_ln33' <Predicate = (trunc_ln27 == 18)> <Delay = 2.32> <CoreInst = "RAM">   --->   Core 81 'RAM' <Latency = 1> <II = 1> <Delay = 2.32> <Storage> <Opcode : 'load' 'store'> <Ports = 2> <Width = 32> <Depth = 7> <RAM>
ST_72 : Operation 888 [1/1] ( I:2.32ns O:2.32ns )   --->   "%store_ln33 = store i32 %tmp_5, i3 %p_ZZ3firPiiE9shift_reg_13_addr_5" [fir.cpp:33]   --->   Operation 888 'store' 'store_ln33' <Predicate = (trunc_ln27 == 18)> <Delay = 2.32> <CoreInst = "RAM">   --->   Core 81 'RAM' <Latency = 1> <II = 1> <Delay = 2.32> <Storage> <Opcode : 'load' 'store'> <Ports = 2> <Width = 32> <Depth = 7> <RAM>
ST_72 : Operation 889 [1/1] ( I:2.32ns O:2.32ns )   --->   "%store_ln33 = store i32 %tmp_6, i3 %p_ZZ3firPiiE9shift_reg_12_addr_6" [fir.cpp:33]   --->   Operation 889 'store' 'store_ln33' <Predicate = (trunc_ln27 == 18)> <Delay = 2.32> <CoreInst = "RAM">   --->   Core 81 'RAM' <Latency = 1> <II = 1> <Delay = 2.32> <Storage> <Opcode : 'load' 'store'> <Ports = 2> <Width = 32> <Depth = 7> <RAM>
ST_72 : Operation 890 [1/1] (0.00ns)   --->   "%br_ln33 = br void %arrayidx.5.exit" [fir.cpp:33]   --->   Operation 890 'br' 'br_ln33' <Predicate = (trunc_ln27 == 18)> <Delay = 0.00>
ST_72 : Operation 891 [1/1] ( I:2.32ns O:2.32ns )   --->   "%store_ln33 = store i32 %tmp, i3 %fir_int_int_shift_reg_16" [fir.cpp:33]   --->   Operation 891 'store' 'store_ln33' <Predicate = (trunc_ln27 == 17)> <Delay = 2.32> <CoreInst = "RAM">   --->   Core 81 'RAM' <Latency = 1> <II = 1> <Delay = 2.32> <Storage> <Opcode : 'load' 'store'> <Ports = 2> <Width = 32> <Depth = 7> <RAM>
ST_72 : Operation 892 [1/1] ( I:2.32ns O:2.32ns )   --->   "%store_ln33 = store i32 %tmp_1, i3 %p_ZZ3firPiiE9shift_reg_16_addr" [fir.cpp:33]   --->   Operation 892 'store' 'store_ln33' <Predicate = (trunc_ln27 == 17)> <Delay = 2.32> <CoreInst = "RAM">   --->   Core 81 'RAM' <Latency = 1> <II = 1> <Delay = 2.32> <Storage> <Opcode : 'load' 'store'> <Ports = 2> <Width = 32> <Depth = 7> <RAM>
ST_72 : Operation 893 [1/1] ( I:2.32ns O:2.32ns )   --->   "%store_ln33 = store i32 %tmp_2, i3 %fir_mulint_int_shift_reg_addr_2" [fir.cpp:33]   --->   Operation 893 'store' 'store_ln33' <Predicate = (trunc_ln27 == 17)> <Delay = 2.32> <CoreInst = "RAM">   --->   Core 81 'RAM' <Latency = 1> <II = 1> <Delay = 2.32> <Storage> <Opcode : 'load' 'store'> <Ports = 2> <Width = 32> <Depth = 7> <RAM>
ST_72 : Operation 894 [1/1] ( I:2.32ns O:2.32ns )   --->   "%store_ln33 = store i32 %tmp_3, i3 %p_ZZ3firPiiE9shift_reg_14_addr_3" [fir.cpp:33]   --->   Operation 894 'store' 'store_ln33' <Predicate = (trunc_ln27 == 17)> <Delay = 2.32> <CoreInst = "RAM">   --->   Core 81 'RAM' <Latency = 1> <II = 1> <Delay = 2.32> <Storage> <Opcode : 'load' 'store'> <Ports = 2> <Width = 32> <Depth = 7> <RAM>
ST_72 : Operation 895 [1/1] ( I:2.32ns O:2.32ns )   --->   "%store_ln33 = store i32 %tmp_4, i3 %p_ZZ3firPiiE9shift_reg_13_addr_4" [fir.cpp:33]   --->   Operation 895 'store' 'store_ln33' <Predicate = (trunc_ln27 == 17)> <Delay = 2.32> <CoreInst = "RAM">   --->   Core 81 'RAM' <Latency = 1> <II = 1> <Delay = 2.32> <Storage> <Opcode : 'load' 'store'> <Ports = 2> <Width = 32> <Depth = 7> <RAM>
ST_72 : Operation 896 [1/1] ( I:2.32ns O:2.32ns )   --->   "%store_ln33 = store i32 %tmp_5, i3 %p_ZZ3firPiiE9shift_reg_12_addr_5" [fir.cpp:33]   --->   Operation 896 'store' 'store_ln33' <Predicate = (trunc_ln27 == 17)> <Delay = 2.32> <CoreInst = "RAM">   --->   Core 81 'RAM' <Latency = 1> <II = 1> <Delay = 2.32> <Storage> <Opcode : 'load' 'store'> <Ports = 2> <Width = 32> <Depth = 7> <RAM>
ST_72 : Operation 897 [1/1] ( I:2.32ns O:2.32ns )   --->   "%store_ln33 = store i32 %tmp_6, i3 %p_ZZ3firPiiE9shift_reg_11_addr_6" [fir.cpp:33]   --->   Operation 897 'store' 'store_ln33' <Predicate = (trunc_ln27 == 17)> <Delay = 2.32> <CoreInst = "RAM">   --->   Core 81 'RAM' <Latency = 1> <II = 1> <Delay = 2.32> <Storage> <Opcode : 'load' 'store'> <Ports = 2> <Width = 32> <Depth = 7> <RAM>
ST_72 : Operation 898 [1/1] (0.00ns)   --->   "%br_ln33 = br void %arrayidx.5.exit" [fir.cpp:33]   --->   Operation 898 'br' 'br_ln33' <Predicate = (trunc_ln27 == 17)> <Delay = 0.00>
ST_72 : Operation 899 [1/1] ( I:2.32ns O:2.32ns )   --->   "%store_ln33 = store i32 %tmp, i3 %p_ZZ3firPiiE9shift_reg_16_addr_1" [fir.cpp:33]   --->   Operation 899 'store' 'store_ln33' <Predicate = (trunc_ln27 == 16)> <Delay = 2.32> <CoreInst = "RAM">   --->   Core 81 'RAM' <Latency = 1> <II = 1> <Delay = 2.32> <Storage> <Opcode : 'load' 'store'> <Ports = 2> <Width = 32> <Depth = 7> <RAM>
ST_72 : Operation 900 [1/1] ( I:2.32ns O:2.32ns )   --->   "%store_ln33 = store i32 %tmp_1, i3 %fir_int_int_shift_reg" [fir.cpp:33]   --->   Operation 900 'store' 'store_ln33' <Predicate = (trunc_ln27 == 16)> <Delay = 2.32> <CoreInst = "RAM">   --->   Core 81 'RAM' <Latency = 1> <II = 1> <Delay = 2.32> <Storage> <Opcode : 'load' 'store'> <Ports = 2> <Width = 32> <Depth = 7> <RAM>
ST_72 : Operation 901 [1/1] ( I:2.32ns O:2.32ns )   --->   "%store_ln33 = store i32 %tmp_2, i3 %p_ZZ3firPiiE9shift_reg_14_addr_2" [fir.cpp:33]   --->   Operation 901 'store' 'store_ln33' <Predicate = (trunc_ln27 == 16)> <Delay = 2.32> <CoreInst = "RAM">   --->   Core 81 'RAM' <Latency = 1> <II = 1> <Delay = 2.32> <Storage> <Opcode : 'load' 'store'> <Ports = 2> <Width = 32> <Depth = 7> <RAM>
ST_72 : Operation 902 [1/1] ( I:2.32ns O:2.32ns )   --->   "%store_ln33 = store i32 %tmp_3, i3 %p_ZZ3firPiiE9shift_reg_13_addr_3" [fir.cpp:33]   --->   Operation 902 'store' 'store_ln33' <Predicate = (trunc_ln27 == 16)> <Delay = 2.32> <CoreInst = "RAM">   --->   Core 81 'RAM' <Latency = 1> <II = 1> <Delay = 2.32> <Storage> <Opcode : 'load' 'store'> <Ports = 2> <Width = 32> <Depth = 7> <RAM>
ST_72 : Operation 903 [1/1] ( I:2.32ns O:2.32ns )   --->   "%store_ln33 = store i32 %tmp_4, i3 %p_ZZ3firPiiE9shift_reg_12_addr_4" [fir.cpp:33]   --->   Operation 903 'store' 'store_ln33' <Predicate = (trunc_ln27 == 16)> <Delay = 2.32> <CoreInst = "RAM">   --->   Core 81 'RAM' <Latency = 1> <II = 1> <Delay = 2.32> <Storage> <Opcode : 'load' 'store'> <Ports = 2> <Width = 32> <Depth = 7> <RAM>
ST_72 : Operation 904 [1/1] ( I:2.32ns O:2.32ns )   --->   "%store_ln33 = store i32 %tmp_5, i3 %p_ZZ3firPiiE9shift_reg_11_addr_5" [fir.cpp:33]   --->   Operation 904 'store' 'store_ln33' <Predicate = (trunc_ln27 == 16)> <Delay = 2.32> <CoreInst = "RAM">   --->   Core 81 'RAM' <Latency = 1> <II = 1> <Delay = 2.32> <Storage> <Opcode : 'load' 'store'> <Ports = 2> <Width = 32> <Depth = 7> <RAM>
ST_72 : Operation 905 [1/1] ( I:2.32ns O:2.32ns )   --->   "%store_ln33 = store i32 %tmp_6, i3 %p_ZZ3firPiiE9shift_reg_10_addr_6" [fir.cpp:33]   --->   Operation 905 'store' 'store_ln33' <Predicate = (trunc_ln27 == 16)> <Delay = 2.32> <CoreInst = "RAM">   --->   Core 81 'RAM' <Latency = 1> <II = 1> <Delay = 2.32> <Storage> <Opcode : 'load' 'store'> <Ports = 2> <Width = 32> <Depth = 7> <RAM>
ST_72 : Operation 906 [1/1] (0.00ns)   --->   "%br_ln33 = br void %arrayidx.5.exit" [fir.cpp:33]   --->   Operation 906 'br' 'br_ln33' <Predicate = (trunc_ln27 == 16)> <Delay = 0.00>
ST_72 : Operation 907 [1/1] ( I:2.32ns O:2.32ns )   --->   "%store_ln33 = store i32 %tmp, i3 %fir_mulint_int_shift_reg_addr_1" [fir.cpp:33]   --->   Operation 907 'store' 'store_ln33' <Predicate = (trunc_ln27 == 15)> <Delay = 2.32> <CoreInst = "RAM">   --->   Core 81 'RAM' <Latency = 1> <II = 1> <Delay = 2.32> <Storage> <Opcode : 'load' 'store'> <Ports = 2> <Width = 32> <Depth = 7> <RAM>
ST_72 : Operation 908 [1/1] ( I:2.32ns O:2.32ns )   --->   "%store_ln33 = store i32 %tmp_1, i3 %p_ZZ3firPiiE9shift_reg_14_addr" [fir.cpp:33]   --->   Operation 908 'store' 'store_ln33' <Predicate = (trunc_ln27 == 15)> <Delay = 2.32> <CoreInst = "RAM">   --->   Core 81 'RAM' <Latency = 1> <II = 1> <Delay = 2.32> <Storage> <Opcode : 'load' 'store'> <Ports = 2> <Width = 32> <Depth = 7> <RAM>
ST_72 : Operation 909 [1/1] ( I:2.32ns O:2.32ns )   --->   "%store_ln33 = store i32 %tmp_2, i3 %p_ZZ3firPiiE9shift_reg_13_addr_2" [fir.cpp:33]   --->   Operation 909 'store' 'store_ln33' <Predicate = (trunc_ln27 == 15)> <Delay = 2.32> <CoreInst = "RAM">   --->   Core 81 'RAM' <Latency = 1> <II = 1> <Delay = 2.32> <Storage> <Opcode : 'load' 'store'> <Ports = 2> <Width = 32> <Depth = 7> <RAM>
ST_72 : Operation 910 [1/1] ( I:2.32ns O:2.32ns )   --->   "%store_ln33 = store i32 %tmp_3, i3 %p_ZZ3firPiiE9shift_reg_12_addr_3" [fir.cpp:33]   --->   Operation 910 'store' 'store_ln33' <Predicate = (trunc_ln27 == 15)> <Delay = 2.32> <CoreInst = "RAM">   --->   Core 81 'RAM' <Latency = 1> <II = 1> <Delay = 2.32> <Storage> <Opcode : 'load' 'store'> <Ports = 2> <Width = 32> <Depth = 7> <RAM>
ST_72 : Operation 911 [1/1] ( I:2.32ns O:2.32ns )   --->   "%store_ln33 = store i32 %tmp_4, i3 %p_ZZ3firPiiE9shift_reg_11_addr_4" [fir.cpp:33]   --->   Operation 911 'store' 'store_ln33' <Predicate = (trunc_ln27 == 15)> <Delay = 2.32> <CoreInst = "RAM">   --->   Core 81 'RAM' <Latency = 1> <II = 1> <Delay = 2.32> <Storage> <Opcode : 'load' 'store'> <Ports = 2> <Width = 32> <Depth = 7> <RAM>
ST_72 : Operation 912 [1/1] ( I:2.32ns O:2.32ns )   --->   "%store_ln33 = store i32 %tmp_5, i3 %p_ZZ3firPiiE9shift_reg_10_addr_5" [fir.cpp:33]   --->   Operation 912 'store' 'store_ln33' <Predicate = (trunc_ln27 == 15)> <Delay = 2.32> <CoreInst = "RAM">   --->   Core 81 'RAM' <Latency = 1> <II = 1> <Delay = 2.32> <Storage> <Opcode : 'load' 'store'> <Ports = 2> <Width = 32> <Depth = 7> <RAM>
ST_72 : Operation 913 [1/1] ( I:2.32ns O:2.32ns )   --->   "%store_ln33 = store i32 %tmp_6, i3 %fir_int_int_shift_reg_18_addr_6" [fir.cpp:33]   --->   Operation 913 'store' 'store_ln33' <Predicate = (trunc_ln27 == 15)> <Delay = 2.32> <CoreInst = "RAM">   --->   Core 81 'RAM' <Latency = 1> <II = 1> <Delay = 2.32> <Storage> <Opcode : 'load' 'store'> <Ports = 2> <Width = 32> <Depth = 7> <RAM>
ST_72 : Operation 914 [1/1] (0.00ns)   --->   "%br_ln33 = br void %arrayidx.5.exit" [fir.cpp:33]   --->   Operation 914 'br' 'br_ln33' <Predicate = (trunc_ln27 == 15)> <Delay = 0.00>
ST_72 : Operation 915 [1/1] ( I:2.32ns O:2.32ns )   --->   "%store_ln33 = store i32 %tmp, i3 %p_ZZ3firPiiE9shift_reg_14_addr_1" [fir.cpp:33]   --->   Operation 915 'store' 'store_ln33' <Predicate = (trunc_ln27 == 14)> <Delay = 2.32> <CoreInst = "RAM">   --->   Core 81 'RAM' <Latency = 1> <II = 1> <Delay = 2.32> <Storage> <Opcode : 'load' 'store'> <Ports = 2> <Width = 32> <Depth = 7> <RAM>
ST_72 : Operation 916 [1/1] ( I:2.32ns O:2.32ns )   --->   "%store_ln33 = store i32 %tmp_1, i3 %p_ZZ3firPiiE9shift_reg_13_addr" [fir.cpp:33]   --->   Operation 916 'store' 'store_ln33' <Predicate = (trunc_ln27 == 14)> <Delay = 2.32> <CoreInst = "RAM">   --->   Core 81 'RAM' <Latency = 1> <II = 1> <Delay = 2.32> <Storage> <Opcode : 'load' 'store'> <Ports = 2> <Width = 32> <Depth = 7> <RAM>
ST_72 : Operation 917 [1/1] ( I:2.32ns O:2.32ns )   --->   "%store_ln33 = store i32 %tmp_2, i3 %p_ZZ3firPiiE9shift_reg_12_addr_2" [fir.cpp:33]   --->   Operation 917 'store' 'store_ln33' <Predicate = (trunc_ln27 == 14)> <Delay = 2.32> <CoreInst = "RAM">   --->   Core 81 'RAM' <Latency = 1> <II = 1> <Delay = 2.32> <Storage> <Opcode : 'load' 'store'> <Ports = 2> <Width = 32> <Depth = 7> <RAM>
ST_72 : Operation 918 [1/1] ( I:2.32ns O:2.32ns )   --->   "%store_ln33 = store i32 %tmp_3, i3 %p_ZZ3firPiiE9shift_reg_11_addr_3" [fir.cpp:33]   --->   Operation 918 'store' 'store_ln33' <Predicate = (trunc_ln27 == 14)> <Delay = 2.32> <CoreInst = "RAM">   --->   Core 81 'RAM' <Latency = 1> <II = 1> <Delay = 2.32> <Storage> <Opcode : 'load' 'store'> <Ports = 2> <Width = 32> <Depth = 7> <RAM>
ST_72 : Operation 919 [1/1] ( I:2.32ns O:2.32ns )   --->   "%store_ln33 = store i32 %tmp_4, i3 %p_ZZ3firPiiE9shift_reg_10_addr_4" [fir.cpp:33]   --->   Operation 919 'store' 'store_ln33' <Predicate = (trunc_ln27 == 14)> <Delay = 2.32> <CoreInst = "RAM">   --->   Core 81 'RAM' <Latency = 1> <II = 1> <Delay = 2.32> <Storage> <Opcode : 'load' 'store'> <Ports = 2> <Width = 32> <Depth = 7> <RAM>
ST_72 : Operation 920 [1/1] ( I:2.32ns O:2.32ns )   --->   "%store_ln33 = store i32 %tmp_5, i3 %fir_int_int_shift_reg_18_addr_5" [fir.cpp:33]   --->   Operation 920 'store' 'store_ln33' <Predicate = (trunc_ln27 == 14)> <Delay = 2.32> <CoreInst = "RAM">   --->   Core 81 'RAM' <Latency = 1> <II = 1> <Delay = 2.32> <Storage> <Opcode : 'load' 'store'> <Ports = 2> <Width = 32> <Depth = 7> <RAM>
ST_72 : Operation 921 [1/1] ( I:2.32ns O:2.32ns )   --->   "%store_ln33 = store i32 %tmp_6, i3 %fir_int_int_shift_reg_17_addr_6" [fir.cpp:33]   --->   Operation 921 'store' 'store_ln33' <Predicate = (trunc_ln27 == 14)> <Delay = 2.32> <CoreInst = "RAM">   --->   Core 81 'RAM' <Latency = 1> <II = 1> <Delay = 2.32> <Storage> <Opcode : 'load' 'store'> <Ports = 2> <Width = 32> <Depth = 7> <RAM>
ST_72 : Operation 922 [1/1] (0.00ns)   --->   "%br_ln33 = br void %arrayidx.5.exit" [fir.cpp:33]   --->   Operation 922 'br' 'br_ln33' <Predicate = (trunc_ln27 == 14)> <Delay = 0.00>
ST_72 : Operation 923 [1/1] ( I:2.32ns O:2.32ns )   --->   "%store_ln33 = store i32 %tmp, i3 %p_ZZ3firPiiE9shift_reg_13_addr_1" [fir.cpp:33]   --->   Operation 923 'store' 'store_ln33' <Predicate = (trunc_ln27 == 13)> <Delay = 2.32> <CoreInst = "RAM">   --->   Core 81 'RAM' <Latency = 1> <II = 1> <Delay = 2.32> <Storage> <Opcode : 'load' 'store'> <Ports = 2> <Width = 32> <Depth = 7> <RAM>
ST_72 : Operation 924 [1/1] ( I:2.32ns O:2.32ns )   --->   "%store_ln33 = store i32 %tmp_1, i3 %p_ZZ3firPiiE9shift_reg_12_addr" [fir.cpp:33]   --->   Operation 924 'store' 'store_ln33' <Predicate = (trunc_ln27 == 13)> <Delay = 2.32> <CoreInst = "RAM">   --->   Core 81 'RAM' <Latency = 1> <II = 1> <Delay = 2.32> <Storage> <Opcode : 'load' 'store'> <Ports = 2> <Width = 32> <Depth = 7> <RAM>
ST_72 : Operation 925 [1/1] ( I:2.32ns O:2.32ns )   --->   "%store_ln33 = store i32 %tmp_2, i3 %p_ZZ3firPiiE9shift_reg_11_addr_2" [fir.cpp:33]   --->   Operation 925 'store' 'store_ln33' <Predicate = (trunc_ln27 == 13)> <Delay = 2.32> <CoreInst = "RAM">   --->   Core 81 'RAM' <Latency = 1> <II = 1> <Delay = 2.32> <Storage> <Opcode : 'load' 'store'> <Ports = 2> <Width = 32> <Depth = 7> <RAM>
ST_72 : Operation 926 [1/1] ( I:2.32ns O:2.32ns )   --->   "%store_ln33 = store i32 %tmp_3, i3 %p_ZZ3firPiiE9shift_reg_10_addr_3" [fir.cpp:33]   --->   Operation 926 'store' 'store_ln33' <Predicate = (trunc_ln27 == 13)> <Delay = 2.32> <CoreInst = "RAM">   --->   Core 81 'RAM' <Latency = 1> <II = 1> <Delay = 2.32> <Storage> <Opcode : 'load' 'store'> <Ports = 2> <Width = 32> <Depth = 7> <RAM>
ST_72 : Operation 927 [1/1] ( I:2.32ns O:2.32ns )   --->   "%store_ln33 = store i32 %tmp_4, i3 %fir_int_int_shift_reg_18_addr_4" [fir.cpp:33]   --->   Operation 927 'store' 'store_ln33' <Predicate = (trunc_ln27 == 13)> <Delay = 2.32> <CoreInst = "RAM">   --->   Core 81 'RAM' <Latency = 1> <II = 1> <Delay = 2.32> <Storage> <Opcode : 'load' 'store'> <Ports = 2> <Width = 32> <Depth = 7> <RAM>
ST_72 : Operation 928 [1/1] ( I:2.32ns O:2.32ns )   --->   "%store_ln33 = store i32 %tmp_5, i3 %fir_int_int_shift_reg_17_addr_5" [fir.cpp:33]   --->   Operation 928 'store' 'store_ln33' <Predicate = (trunc_ln27 == 13)> <Delay = 2.32> <CoreInst = "RAM">   --->   Core 81 'RAM' <Latency = 1> <II = 1> <Delay = 2.32> <Storage> <Opcode : 'load' 'store'> <Ports = 2> <Width = 32> <Depth = 7> <RAM>
ST_72 : Operation 929 [1/1] ( I:2.32ns O:2.32ns )   --->   "%store_ln33 = store i32 %tmp_6, i3 %fir_int_int_shift_reg_16_addr_6" [fir.cpp:33]   --->   Operation 929 'store' 'store_ln33' <Predicate = (trunc_ln27 == 13)> <Delay = 2.32> <CoreInst = "RAM">   --->   Core 81 'RAM' <Latency = 1> <II = 1> <Delay = 2.32> <Storage> <Opcode : 'load' 'store'> <Ports = 2> <Width = 32> <Depth = 7> <RAM>
ST_72 : Operation 930 [1/1] (0.00ns)   --->   "%br_ln33 = br void %arrayidx.5.exit" [fir.cpp:33]   --->   Operation 930 'br' 'br_ln33' <Predicate = (trunc_ln27 == 13)> <Delay = 0.00>
ST_72 : Operation 931 [1/1] ( I:2.32ns O:2.32ns )   --->   "%store_ln33 = store i32 %tmp, i3 %p_ZZ3firPiiE9shift_reg_12_addr_1" [fir.cpp:33]   --->   Operation 931 'store' 'store_ln33' <Predicate = (trunc_ln27 == 12)> <Delay = 2.32> <CoreInst = "RAM">   --->   Core 81 'RAM' <Latency = 1> <II = 1> <Delay = 2.32> <Storage> <Opcode : 'load' 'store'> <Ports = 2> <Width = 32> <Depth = 7> <RAM>
ST_72 : Operation 932 [1/1] ( I:2.32ns O:2.32ns )   --->   "%store_ln33 = store i32 %tmp_1, i3 %p_ZZ3firPiiE9shift_reg_11_addr" [fir.cpp:33]   --->   Operation 932 'store' 'store_ln33' <Predicate = (trunc_ln27 == 12)> <Delay = 2.32> <CoreInst = "RAM">   --->   Core 81 'RAM' <Latency = 1> <II = 1> <Delay = 2.32> <Storage> <Opcode : 'load' 'store'> <Ports = 2> <Width = 32> <Depth = 7> <RAM>
ST_72 : Operation 933 [1/1] ( I:2.32ns O:2.32ns )   --->   "%store_ln33 = store i32 %tmp_2, i3 %p_ZZ3firPiiE9shift_reg_10_addr_2" [fir.cpp:33]   --->   Operation 933 'store' 'store_ln33' <Predicate = (trunc_ln27 == 12)> <Delay = 2.32> <CoreInst = "RAM">   --->   Core 81 'RAM' <Latency = 1> <II = 1> <Delay = 2.32> <Storage> <Opcode : 'load' 'store'> <Ports = 2> <Width = 32> <Depth = 7> <RAM>
ST_72 : Operation 934 [1/1] ( I:2.32ns O:2.32ns )   --->   "%store_ln33 = store i32 %tmp_3, i3 %fir_int_int_shift_reg_18_addr_3" [fir.cpp:33]   --->   Operation 934 'store' 'store_ln33' <Predicate = (trunc_ln27 == 12)> <Delay = 2.32> <CoreInst = "RAM">   --->   Core 81 'RAM' <Latency = 1> <II = 1> <Delay = 2.32> <Storage> <Opcode : 'load' 'store'> <Ports = 2> <Width = 32> <Depth = 7> <RAM>
ST_72 : Operation 935 [1/1] ( I:2.32ns O:2.32ns )   --->   "%store_ln33 = store i32 %tmp_4, i3 %fir_int_int_shift_reg_17_addr_4" [fir.cpp:33]   --->   Operation 935 'store' 'store_ln33' <Predicate = (trunc_ln27 == 12)> <Delay = 2.32> <CoreInst = "RAM">   --->   Core 81 'RAM' <Latency = 1> <II = 1> <Delay = 2.32> <Storage> <Opcode : 'load' 'store'> <Ports = 2> <Width = 32> <Depth = 7> <RAM>
ST_72 : Operation 936 [1/1] ( I:2.32ns O:2.32ns )   --->   "%store_ln33 = store i32 %tmp_5, i3 %fir_int_int_shift_reg_16_addr_5" [fir.cpp:33]   --->   Operation 936 'store' 'store_ln33' <Predicate = (trunc_ln27 == 12)> <Delay = 2.32> <CoreInst = "RAM">   --->   Core 81 'RAM' <Latency = 1> <II = 1> <Delay = 2.32> <Storage> <Opcode : 'load' 'store'> <Ports = 2> <Width = 32> <Depth = 7> <RAM>
ST_72 : Operation 937 [1/1] ( I:2.32ns O:2.32ns )   --->   "%store_ln33 = store i32 %tmp_6, i3 %fir_int_int_shift_reg_15_addr_6" [fir.cpp:33]   --->   Operation 937 'store' 'store_ln33' <Predicate = (trunc_ln27 == 12)> <Delay = 2.32> <CoreInst = "RAM">   --->   Core 81 'RAM' <Latency = 1> <II = 1> <Delay = 2.32> <Storage> <Opcode : 'load' 'store'> <Ports = 2> <Width = 32> <Depth = 7> <RAM>
ST_72 : Operation 938 [1/1] (0.00ns)   --->   "%br_ln33 = br void %arrayidx.5.exit" [fir.cpp:33]   --->   Operation 938 'br' 'br_ln33' <Predicate = (trunc_ln27 == 12)> <Delay = 0.00>
ST_72 : Operation 939 [1/1] ( I:2.32ns O:2.32ns )   --->   "%store_ln33 = store i32 %tmp, i3 %p_ZZ3firPiiE9shift_reg_11_addr_1" [fir.cpp:33]   --->   Operation 939 'store' 'store_ln33' <Predicate = (trunc_ln27 == 11)> <Delay = 2.32> <CoreInst = "RAM">   --->   Core 81 'RAM' <Latency = 1> <II = 1> <Delay = 2.32> <Storage> <Opcode : 'load' 'store'> <Ports = 2> <Width = 32> <Depth = 7> <RAM>
ST_72 : Operation 940 [1/1] ( I:2.32ns O:2.32ns )   --->   "%store_ln33 = store i32 %tmp_1, i3 %p_ZZ3firPiiE9shift_reg_10_addr" [fir.cpp:33]   --->   Operation 940 'store' 'store_ln33' <Predicate = (trunc_ln27 == 11)> <Delay = 2.32> <CoreInst = "RAM">   --->   Core 81 'RAM' <Latency = 1> <II = 1> <Delay = 2.32> <Storage> <Opcode : 'load' 'store'> <Ports = 2> <Width = 32> <Depth = 7> <RAM>
ST_72 : Operation 941 [1/1] ( I:2.32ns O:2.32ns )   --->   "%store_ln33 = store i32 %tmp_2, i3 %fir_int_int_shift_reg_18_addr_2" [fir.cpp:33]   --->   Operation 941 'store' 'store_ln33' <Predicate = (trunc_ln27 == 11)> <Delay = 2.32> <CoreInst = "RAM">   --->   Core 81 'RAM' <Latency = 1> <II = 1> <Delay = 2.32> <Storage> <Opcode : 'load' 'store'> <Ports = 2> <Width = 32> <Depth = 7> <RAM>
ST_72 : Operation 942 [1/1] ( I:2.32ns O:2.32ns )   --->   "%store_ln33 = store i32 %tmp_3, i3 %fir_int_int_shift_reg_17_addr_3" [fir.cpp:33]   --->   Operation 942 'store' 'store_ln33' <Predicate = (trunc_ln27 == 11)> <Delay = 2.32> <CoreInst = "RAM">   --->   Core 81 'RAM' <Latency = 1> <II = 1> <Delay = 2.32> <Storage> <Opcode : 'load' 'store'> <Ports = 2> <Width = 32> <Depth = 7> <RAM>
ST_72 : Operation 943 [1/1] ( I:2.32ns O:2.32ns )   --->   "%store_ln33 = store i32 %tmp_4, i3 %fir_int_int_shift_reg_16_addr_4" [fir.cpp:33]   --->   Operation 943 'store' 'store_ln33' <Predicate = (trunc_ln27 == 11)> <Delay = 2.32> <CoreInst = "RAM">   --->   Core 81 'RAM' <Latency = 1> <II = 1> <Delay = 2.32> <Storage> <Opcode : 'load' 'store'> <Ports = 2> <Width = 32> <Depth = 7> <RAM>
ST_72 : Operation 944 [1/1] ( I:2.32ns O:2.32ns )   --->   "%store_ln33 = store i32 %tmp_5, i3 %fir_int_int_shift_reg_15_addr_5" [fir.cpp:33]   --->   Operation 944 'store' 'store_ln33' <Predicate = (trunc_ln27 == 11)> <Delay = 2.32> <CoreInst = "RAM">   --->   Core 81 'RAM' <Latency = 1> <II = 1> <Delay = 2.32> <Storage> <Opcode : 'load' 'store'> <Ports = 2> <Width = 32> <Depth = 7> <RAM>
ST_72 : Operation 945 [1/1] ( I:2.32ns O:2.32ns )   --->   "%store_ln33 = store i32 %tmp_6, i3 %fir_int_int_shift_reg_14_addr_6" [fir.cpp:33]   --->   Operation 945 'store' 'store_ln33' <Predicate = (trunc_ln27 == 11)> <Delay = 2.32> <CoreInst = "RAM">   --->   Core 81 'RAM' <Latency = 1> <II = 1> <Delay = 2.32> <Storage> <Opcode : 'load' 'store'> <Ports = 2> <Width = 32> <Depth = 7> <RAM>
ST_72 : Operation 946 [1/1] (0.00ns)   --->   "%br_ln33 = br void %arrayidx.5.exit" [fir.cpp:33]   --->   Operation 946 'br' 'br_ln33' <Predicate = (trunc_ln27 == 11)> <Delay = 0.00>
ST_72 : Operation 947 [1/1] ( I:2.32ns O:2.32ns )   --->   "%store_ln33 = store i32 %tmp, i3 %p_ZZ3firPiiE9shift_reg_10_addr_1" [fir.cpp:33]   --->   Operation 947 'store' 'store_ln33' <Predicate = (trunc_ln27 == 10)> <Delay = 2.32> <CoreInst = "RAM">   --->   Core 81 'RAM' <Latency = 1> <II = 1> <Delay = 2.32> <Storage> <Opcode : 'load' 'store'> <Ports = 2> <Width = 32> <Depth = 7> <RAM>
ST_72 : Operation 948 [1/1] ( I:2.32ns O:2.32ns )   --->   "%store_ln33 = store i32 %tmp_1, i3 %fir_int_int_shift_reg_18_addr" [fir.cpp:33]   --->   Operation 948 'store' 'store_ln33' <Predicate = (trunc_ln27 == 10)> <Delay = 2.32> <CoreInst = "RAM">   --->   Core 81 'RAM' <Latency = 1> <II = 1> <Delay = 2.32> <Storage> <Opcode : 'load' 'store'> <Ports = 2> <Width = 32> <Depth = 7> <RAM>
ST_72 : Operation 949 [1/1] ( I:2.32ns O:2.32ns )   --->   "%store_ln33 = store i32 %tmp_2, i3 %fir_int_int_shift_reg_17_addr_2" [fir.cpp:33]   --->   Operation 949 'store' 'store_ln33' <Predicate = (trunc_ln27 == 10)> <Delay = 2.32> <CoreInst = "RAM">   --->   Core 81 'RAM' <Latency = 1> <II = 1> <Delay = 2.32> <Storage> <Opcode : 'load' 'store'> <Ports = 2> <Width = 32> <Depth = 7> <RAM>
ST_72 : Operation 950 [1/1] ( I:2.32ns O:2.32ns )   --->   "%store_ln33 = store i32 %tmp_3, i3 %fir_int_int_shift_reg_16_addr_3" [fir.cpp:33]   --->   Operation 950 'store' 'store_ln33' <Predicate = (trunc_ln27 == 10)> <Delay = 2.32> <CoreInst = "RAM">   --->   Core 81 'RAM' <Latency = 1> <II = 1> <Delay = 2.32> <Storage> <Opcode : 'load' 'store'> <Ports = 2> <Width = 32> <Depth = 7> <RAM>
ST_72 : Operation 951 [1/1] ( I:2.32ns O:2.32ns )   --->   "%store_ln33 = store i32 %tmp_4, i3 %fir_int_int_shift_reg_15_addr_4" [fir.cpp:33]   --->   Operation 951 'store' 'store_ln33' <Predicate = (trunc_ln27 == 10)> <Delay = 2.32> <CoreInst = "RAM">   --->   Core 81 'RAM' <Latency = 1> <II = 1> <Delay = 2.32> <Storage> <Opcode : 'load' 'store'> <Ports = 2> <Width = 32> <Depth = 7> <RAM>
ST_72 : Operation 952 [1/1] ( I:2.32ns O:2.32ns )   --->   "%store_ln33 = store i32 %tmp_5, i3 %fir_int_int_shift_reg_14_addr_5" [fir.cpp:33]   --->   Operation 952 'store' 'store_ln33' <Predicate = (trunc_ln27 == 10)> <Delay = 2.32> <CoreInst = "RAM">   --->   Core 81 'RAM' <Latency = 1> <II = 1> <Delay = 2.32> <Storage> <Opcode : 'load' 'store'> <Ports = 2> <Width = 32> <Depth = 7> <RAM>
ST_72 : Operation 953 [1/1] ( I:2.32ns O:2.32ns )   --->   "%store_ln33 = store i32 %tmp_6, i3 %fir_int_int_shift_reg_13_addr_6" [fir.cpp:33]   --->   Operation 953 'store' 'store_ln33' <Predicate = (trunc_ln27 == 10)> <Delay = 2.32> <CoreInst = "RAM">   --->   Core 81 'RAM' <Latency = 1> <II = 1> <Delay = 2.32> <Storage> <Opcode : 'load' 'store'> <Ports = 2> <Width = 32> <Depth = 7> <RAM>
ST_72 : Operation 954 [1/1] (0.00ns)   --->   "%br_ln33 = br void %arrayidx.5.exit" [fir.cpp:33]   --->   Operation 954 'br' 'br_ln33' <Predicate = (trunc_ln27 == 10)> <Delay = 0.00>
ST_72 : Operation 955 [1/1] ( I:2.32ns O:2.32ns )   --->   "%store_ln33 = store i32 %tmp, i3 %fir_int_int_shift_reg_18_addr_1" [fir.cpp:33]   --->   Operation 955 'store' 'store_ln33' <Predicate = (trunc_ln27 == 9)> <Delay = 2.32> <CoreInst = "RAM">   --->   Core 81 'RAM' <Latency = 1> <II = 1> <Delay = 2.32> <Storage> <Opcode : 'load' 'store'> <Ports = 2> <Width = 32> <Depth = 7> <RAM>
ST_72 : Operation 956 [1/1] ( I:2.32ns O:2.32ns )   --->   "%store_ln33 = store i32 %tmp_1, i3 %fir_int_int_shift_reg_17_addr" [fir.cpp:33]   --->   Operation 956 'store' 'store_ln33' <Predicate = (trunc_ln27 == 9)> <Delay = 2.32> <CoreInst = "RAM">   --->   Core 81 'RAM' <Latency = 1> <II = 1> <Delay = 2.32> <Storage> <Opcode : 'load' 'store'> <Ports = 2> <Width = 32> <Depth = 7> <RAM>
ST_72 : Operation 957 [1/1] ( I:2.32ns O:2.32ns )   --->   "%store_ln33 = store i32 %tmp_2, i3 %fir_int_int_shift_reg_16_addr_2" [fir.cpp:33]   --->   Operation 957 'store' 'store_ln33' <Predicate = (trunc_ln27 == 9)> <Delay = 2.32> <CoreInst = "RAM">   --->   Core 81 'RAM' <Latency = 1> <II = 1> <Delay = 2.32> <Storage> <Opcode : 'load' 'store'> <Ports = 2> <Width = 32> <Depth = 7> <RAM>
ST_72 : Operation 958 [1/1] ( I:2.32ns O:2.32ns )   --->   "%store_ln33 = store i32 %tmp_3, i3 %fir_int_int_shift_reg_15_addr_3" [fir.cpp:33]   --->   Operation 958 'store' 'store_ln33' <Predicate = (trunc_ln27 == 9)> <Delay = 2.32> <CoreInst = "RAM">   --->   Core 81 'RAM' <Latency = 1> <II = 1> <Delay = 2.32> <Storage> <Opcode : 'load' 'store'> <Ports = 2> <Width = 32> <Depth = 7> <RAM>
ST_72 : Operation 959 [1/1] ( I:2.32ns O:2.32ns )   --->   "%store_ln33 = store i32 %tmp_4, i3 %fir_int_int_shift_reg_14_addr_4" [fir.cpp:33]   --->   Operation 959 'store' 'store_ln33' <Predicate = (trunc_ln27 == 9)> <Delay = 2.32> <CoreInst = "RAM">   --->   Core 81 'RAM' <Latency = 1> <II = 1> <Delay = 2.32> <Storage> <Opcode : 'load' 'store'> <Ports = 2> <Width = 32> <Depth = 7> <RAM>
ST_72 : Operation 960 [1/1] ( I:2.32ns O:2.32ns )   --->   "%store_ln33 = store i32 %tmp_5, i3 %fir_int_int_shift_reg_13_addr_5" [fir.cpp:33]   --->   Operation 960 'store' 'store_ln33' <Predicate = (trunc_ln27 == 9)> <Delay = 2.32> <CoreInst = "RAM">   --->   Core 81 'RAM' <Latency = 1> <II = 1> <Delay = 2.32> <Storage> <Opcode : 'load' 'store'> <Ports = 2> <Width = 32> <Depth = 7> <RAM>
ST_72 : Operation 961 [1/1] ( I:2.32ns O:2.32ns )   --->   "%store_ln33 = store i32 %tmp_6, i3 %fir_int_int_shift_reg_12_addr_6" [fir.cpp:33]   --->   Operation 961 'store' 'store_ln33' <Predicate = (trunc_ln27 == 9)> <Delay = 2.32> <CoreInst = "RAM">   --->   Core 81 'RAM' <Latency = 1> <II = 1> <Delay = 2.32> <Storage> <Opcode : 'load' 'store'> <Ports = 2> <Width = 32> <Depth = 7> <RAM>
ST_72 : Operation 962 [1/1] (0.00ns)   --->   "%br_ln33 = br void %arrayidx.5.exit" [fir.cpp:33]   --->   Operation 962 'br' 'br_ln33' <Predicate = (trunc_ln27 == 9)> <Delay = 0.00>
ST_72 : Operation 963 [1/1] ( I:2.32ns O:2.32ns )   --->   "%store_ln33 = store i32 %tmp, i3 %fir_int_int_shift_reg_17_addr_1" [fir.cpp:33]   --->   Operation 963 'store' 'store_ln33' <Predicate = (trunc_ln27 == 8)> <Delay = 2.32> <CoreInst = "RAM">   --->   Core 81 'RAM' <Latency = 1> <II = 1> <Delay = 2.32> <Storage> <Opcode : 'load' 'store'> <Ports = 2> <Width = 32> <Depth = 7> <RAM>
ST_72 : Operation 964 [1/1] ( I:2.32ns O:2.32ns )   --->   "%store_ln33 = store i32 %tmp_1, i3 %fir_int_int_shift_reg_16_addr" [fir.cpp:33]   --->   Operation 964 'store' 'store_ln33' <Predicate = (trunc_ln27 == 8)> <Delay = 2.32> <CoreInst = "RAM">   --->   Core 81 'RAM' <Latency = 1> <II = 1> <Delay = 2.32> <Storage> <Opcode : 'load' 'store'> <Ports = 2> <Width = 32> <Depth = 7> <RAM>
ST_72 : Operation 965 [1/1] ( I:2.32ns O:2.32ns )   --->   "%store_ln33 = store i32 %tmp_2, i3 %fir_int_int_shift_reg_15_addr_2" [fir.cpp:33]   --->   Operation 965 'store' 'store_ln33' <Predicate = (trunc_ln27 == 8)> <Delay = 2.32> <CoreInst = "RAM">   --->   Core 81 'RAM' <Latency = 1> <II = 1> <Delay = 2.32> <Storage> <Opcode : 'load' 'store'> <Ports = 2> <Width = 32> <Depth = 7> <RAM>
ST_72 : Operation 966 [1/1] ( I:2.32ns O:2.32ns )   --->   "%store_ln33 = store i32 %tmp_3, i3 %fir_int_int_shift_reg_14_addr_3" [fir.cpp:33]   --->   Operation 966 'store' 'store_ln33' <Predicate = (trunc_ln27 == 8)> <Delay = 2.32> <CoreInst = "RAM">   --->   Core 81 'RAM' <Latency = 1> <II = 1> <Delay = 2.32> <Storage> <Opcode : 'load' 'store'> <Ports = 2> <Width = 32> <Depth = 7> <RAM>
ST_72 : Operation 967 [1/1] ( I:2.32ns O:2.32ns )   --->   "%store_ln33 = store i32 %tmp_4, i3 %fir_int_int_shift_reg_13_addr_4" [fir.cpp:33]   --->   Operation 967 'store' 'store_ln33' <Predicate = (trunc_ln27 == 8)> <Delay = 2.32> <CoreInst = "RAM">   --->   Core 81 'RAM' <Latency = 1> <II = 1> <Delay = 2.32> <Storage> <Opcode : 'load' 'store'> <Ports = 2> <Width = 32> <Depth = 7> <RAM>
ST_72 : Operation 968 [1/1] ( I:2.32ns O:2.32ns )   --->   "%store_ln33 = store i32 %tmp_5, i3 %fir_int_int_shift_reg_12_addr_5" [fir.cpp:33]   --->   Operation 968 'store' 'store_ln33' <Predicate = (trunc_ln27 == 8)> <Delay = 2.32> <CoreInst = "RAM">   --->   Core 81 'RAM' <Latency = 1> <II = 1> <Delay = 2.32> <Storage> <Opcode : 'load' 'store'> <Ports = 2> <Width = 32> <Depth = 7> <RAM>
ST_72 : Operation 969 [1/1] ( I:2.32ns O:2.32ns )   --->   "%store_ln33 = store i32 %tmp_6, i3 %fir_int_int_shift_reg_11_addr_6" [fir.cpp:33]   --->   Operation 969 'store' 'store_ln33' <Predicate = (trunc_ln27 == 8)> <Delay = 2.32> <CoreInst = "RAM">   --->   Core 81 'RAM' <Latency = 1> <II = 1> <Delay = 2.32> <Storage> <Opcode : 'load' 'store'> <Ports = 2> <Width = 32> <Depth = 7> <RAM>
ST_72 : Operation 970 [1/1] (0.00ns)   --->   "%br_ln33 = br void %arrayidx.5.exit" [fir.cpp:33]   --->   Operation 970 'br' 'br_ln33' <Predicate = (trunc_ln27 == 8)> <Delay = 0.00>
ST_72 : Operation 971 [1/1] ( I:2.32ns O:2.32ns )   --->   "%store_ln33 = store i32 %tmp, i3 %fir_int_int_shift_reg_16_addr_1" [fir.cpp:33]   --->   Operation 971 'store' 'store_ln33' <Predicate = (trunc_ln27 == 7)> <Delay = 2.32> <CoreInst = "RAM">   --->   Core 81 'RAM' <Latency = 1> <II = 1> <Delay = 2.32> <Storage> <Opcode : 'load' 'store'> <Ports = 2> <Width = 32> <Depth = 7> <RAM>
ST_72 : Operation 972 [1/1] ( I:2.32ns O:2.32ns )   --->   "%store_ln33 = store i32 %tmp_1, i3 %fir_int_int_shift_reg_15_addr" [fir.cpp:33]   --->   Operation 972 'store' 'store_ln33' <Predicate = (trunc_ln27 == 7)> <Delay = 2.32> <CoreInst = "RAM">   --->   Core 81 'RAM' <Latency = 1> <II = 1> <Delay = 2.32> <Storage> <Opcode : 'load' 'store'> <Ports = 2> <Width = 32> <Depth = 7> <RAM>
ST_72 : Operation 973 [1/1] ( I:2.32ns O:2.32ns )   --->   "%store_ln33 = store i32 %tmp_2, i3 %fir_int_int_shift_reg_14_addr_2" [fir.cpp:33]   --->   Operation 973 'store' 'store_ln33' <Predicate = (trunc_ln27 == 7)> <Delay = 2.32> <CoreInst = "RAM">   --->   Core 81 'RAM' <Latency = 1> <II = 1> <Delay = 2.32> <Storage> <Opcode : 'load' 'store'> <Ports = 2> <Width = 32> <Depth = 7> <RAM>
ST_72 : Operation 974 [1/1] ( I:2.32ns O:2.32ns )   --->   "%store_ln33 = store i32 %tmp_3, i3 %fir_int_int_shift_reg_13_addr_3" [fir.cpp:33]   --->   Operation 974 'store' 'store_ln33' <Predicate = (trunc_ln27 == 7)> <Delay = 2.32> <CoreInst = "RAM">   --->   Core 81 'RAM' <Latency = 1> <II = 1> <Delay = 2.32> <Storage> <Opcode : 'load' 'store'> <Ports = 2> <Width = 32> <Depth = 7> <RAM>
ST_72 : Operation 975 [1/1] ( I:2.32ns O:2.32ns )   --->   "%store_ln33 = store i32 %tmp_4, i3 %fir_int_int_shift_reg_12_addr_4" [fir.cpp:33]   --->   Operation 975 'store' 'store_ln33' <Predicate = (trunc_ln27 == 7)> <Delay = 2.32> <CoreInst = "RAM">   --->   Core 81 'RAM' <Latency = 1> <II = 1> <Delay = 2.32> <Storage> <Opcode : 'load' 'store'> <Ports = 2> <Width = 32> <Depth = 7> <RAM>
ST_72 : Operation 976 [1/1] ( I:2.32ns O:2.32ns )   --->   "%store_ln33 = store i32 %tmp_5, i3 %fir_int_int_shift_reg_11_addr_5" [fir.cpp:33]   --->   Operation 976 'store' 'store_ln33' <Predicate = (trunc_ln27 == 7)> <Delay = 2.32> <CoreInst = "RAM">   --->   Core 81 'RAM' <Latency = 1> <II = 1> <Delay = 2.32> <Storage> <Opcode : 'load' 'store'> <Ports = 2> <Width = 32> <Depth = 7> <RAM>
ST_72 : Operation 977 [1/1] ( I:2.32ns O:2.32ns )   --->   "%store_ln33 = store i32 %tmp_6, i3 %fir_int_int_shift_reg_10_addr_6" [fir.cpp:33]   --->   Operation 977 'store' 'store_ln33' <Predicate = (trunc_ln27 == 7)> <Delay = 2.32> <CoreInst = "RAM">   --->   Core 81 'RAM' <Latency = 1> <II = 1> <Delay = 2.32> <Storage> <Opcode : 'load' 'store'> <Ports = 2> <Width = 32> <Depth = 7> <RAM>
ST_72 : Operation 978 [1/1] (0.00ns)   --->   "%br_ln33 = br void %arrayidx.5.exit" [fir.cpp:33]   --->   Operation 978 'br' 'br_ln33' <Predicate = (trunc_ln27 == 7)> <Delay = 0.00>
ST_72 : Operation 979 [1/1] ( I:2.32ns O:2.32ns )   --->   "%store_ln33 = store i32 %tmp, i3 %fir_int_int_shift_reg_15_addr_1" [fir.cpp:33]   --->   Operation 979 'store' 'store_ln33' <Predicate = (trunc_ln27 == 6)> <Delay = 2.32> <CoreInst = "RAM">   --->   Core 81 'RAM' <Latency = 1> <II = 1> <Delay = 2.32> <Storage> <Opcode : 'load' 'store'> <Ports = 2> <Width = 32> <Depth = 7> <RAM>
ST_72 : Operation 980 [1/1] ( I:2.32ns O:2.32ns )   --->   "%store_ln33 = store i32 %tmp_1, i3 %fir_int_int_shift_reg_14_addr" [fir.cpp:33]   --->   Operation 980 'store' 'store_ln33' <Predicate = (trunc_ln27 == 6)> <Delay = 2.32> <CoreInst = "RAM">   --->   Core 81 'RAM' <Latency = 1> <II = 1> <Delay = 2.32> <Storage> <Opcode : 'load' 'store'> <Ports = 2> <Width = 32> <Depth = 7> <RAM>
ST_72 : Operation 981 [1/1] ( I:2.32ns O:2.32ns )   --->   "%store_ln33 = store i32 %tmp_2, i3 %fir_int_int_shift_reg_13_addr_2" [fir.cpp:33]   --->   Operation 981 'store' 'store_ln33' <Predicate = (trunc_ln27 == 6)> <Delay = 2.32> <CoreInst = "RAM">   --->   Core 81 'RAM' <Latency = 1> <II = 1> <Delay = 2.32> <Storage> <Opcode : 'load' 'store'> <Ports = 2> <Width = 32> <Depth = 7> <RAM>
ST_72 : Operation 982 [1/1] ( I:2.32ns O:2.32ns )   --->   "%store_ln33 = store i32 %tmp_3, i3 %fir_int_int_shift_reg_12_addr_3" [fir.cpp:33]   --->   Operation 982 'store' 'store_ln33' <Predicate = (trunc_ln27 == 6)> <Delay = 2.32> <CoreInst = "RAM">   --->   Core 81 'RAM' <Latency = 1> <II = 1> <Delay = 2.32> <Storage> <Opcode : 'load' 'store'> <Ports = 2> <Width = 32> <Depth = 7> <RAM>
ST_72 : Operation 983 [1/1] ( I:2.32ns O:2.32ns )   --->   "%store_ln33 = store i32 %tmp_4, i3 %fir_int_int_shift_reg_11_addr_4" [fir.cpp:33]   --->   Operation 983 'store' 'store_ln33' <Predicate = (trunc_ln27 == 6)> <Delay = 2.32> <CoreInst = "RAM">   --->   Core 81 'RAM' <Latency = 1> <II = 1> <Delay = 2.32> <Storage> <Opcode : 'load' 'store'> <Ports = 2> <Width = 32> <Depth = 7> <RAM>
ST_72 : Operation 984 [1/1] ( I:2.32ns O:2.32ns )   --->   "%store_ln33 = store i32 %tmp_5, i3 %fir_int_int_shift_reg_10_addr_5" [fir.cpp:33]   --->   Operation 984 'store' 'store_ln33' <Predicate = (trunc_ln27 == 6)> <Delay = 2.32> <CoreInst = "RAM">   --->   Core 81 'RAM' <Latency = 1> <II = 1> <Delay = 2.32> <Storage> <Opcode : 'load' 'store'> <Ports = 2> <Width = 32> <Depth = 7> <RAM>
ST_72 : Operation 985 [1/1] ( I:2.32ns O:2.32ns )   --->   "%store_ln33 = store i32 %tmp_6, i3 %fir_int_int_shift_reg_addr_6" [fir.cpp:33]   --->   Operation 985 'store' 'store_ln33' <Predicate = (trunc_ln27 == 6)> <Delay = 2.32> <CoreInst = "RAM">   --->   Core 81 'RAM' <Latency = 1> <II = 1> <Delay = 2.32> <Storage> <Opcode : 'load' 'store'> <Ports = 2> <Width = 32> <Depth = 7> <RAM>
ST_72 : Operation 986 [1/1] (0.00ns)   --->   "%br_ln33 = br void %arrayidx.5.exit" [fir.cpp:33]   --->   Operation 986 'br' 'br_ln33' <Predicate = (trunc_ln27 == 6)> <Delay = 0.00>
ST_72 : Operation 987 [1/1] ( I:2.32ns O:2.32ns )   --->   "%store_ln33 = store i32 %tmp, i3 %fir_int_int_shift_reg_14_addr_1" [fir.cpp:33]   --->   Operation 987 'store' 'store_ln33' <Predicate = (trunc_ln27 == 5)> <Delay = 2.32> <CoreInst = "RAM">   --->   Core 81 'RAM' <Latency = 1> <II = 1> <Delay = 2.32> <Storage> <Opcode : 'load' 'store'> <Ports = 2> <Width = 32> <Depth = 7> <RAM>
ST_72 : Operation 988 [1/1] ( I:2.32ns O:2.32ns )   --->   "%store_ln33 = store i32 %tmp_1, i3 %fir_int_int_shift_reg_13_addr" [fir.cpp:33]   --->   Operation 988 'store' 'store_ln33' <Predicate = (trunc_ln27 == 5)> <Delay = 2.32> <CoreInst = "RAM">   --->   Core 81 'RAM' <Latency = 1> <II = 1> <Delay = 2.32> <Storage> <Opcode : 'load' 'store'> <Ports = 2> <Width = 32> <Depth = 7> <RAM>
ST_72 : Operation 989 [1/1] ( I:2.32ns O:2.32ns )   --->   "%store_ln33 = store i32 %tmp_2, i3 %fir_int_int_shift_reg_12_addr_2" [fir.cpp:33]   --->   Operation 989 'store' 'store_ln33' <Predicate = (trunc_ln27 == 5)> <Delay = 2.32> <CoreInst = "RAM">   --->   Core 81 'RAM' <Latency = 1> <II = 1> <Delay = 2.32> <Storage> <Opcode : 'load' 'store'> <Ports = 2> <Width = 32> <Depth = 7> <RAM>
ST_72 : Operation 990 [1/1] ( I:2.32ns O:2.32ns )   --->   "%store_ln33 = store i32 %tmp_3, i3 %fir_int_int_shift_reg_11_addr_3" [fir.cpp:33]   --->   Operation 990 'store' 'store_ln33' <Predicate = (trunc_ln27 == 5)> <Delay = 2.32> <CoreInst = "RAM">   --->   Core 81 'RAM' <Latency = 1> <II = 1> <Delay = 2.32> <Storage> <Opcode : 'load' 'store'> <Ports = 2> <Width = 32> <Depth = 7> <RAM>
ST_72 : Operation 991 [1/1] ( I:2.32ns O:2.32ns )   --->   "%store_ln33 = store i32 %tmp_4, i3 %fir_int_int_shift_reg_10_addr_4" [fir.cpp:33]   --->   Operation 991 'store' 'store_ln33' <Predicate = (trunc_ln27 == 5)> <Delay = 2.32> <CoreInst = "RAM">   --->   Core 81 'RAM' <Latency = 1> <II = 1> <Delay = 2.32> <Storage> <Opcode : 'load' 'store'> <Ports = 2> <Width = 32> <Depth = 7> <RAM>
ST_72 : Operation 992 [1/1] ( I:2.32ns O:2.32ns )   --->   "%store_ln33 = store i32 %tmp_5, i3 %fir_int_int_shift_reg_addr_5" [fir.cpp:33]   --->   Operation 992 'store' 'store_ln33' <Predicate = (trunc_ln27 == 5)> <Delay = 2.32> <CoreInst = "RAM">   --->   Core 81 'RAM' <Latency = 1> <II = 1> <Delay = 2.32> <Storage> <Opcode : 'load' 'store'> <Ports = 2> <Width = 32> <Depth = 7> <RAM>
ST_72 : Operation 993 [1/1] ( I:2.32ns O:2.32ns )   --->   "%store_ln33 = store i32 %tmp_6, i3 %p_ZZ3firPiiE9shift_reg_19_addr_6" [fir.cpp:33]   --->   Operation 993 'store' 'store_ln33' <Predicate = (trunc_ln27 == 5)> <Delay = 2.32> <CoreInst = "RAM">   --->   Core 81 'RAM' <Latency = 1> <II = 1> <Delay = 2.32> <Storage> <Opcode : 'load' 'store'> <Ports = 2> <Width = 32> <Depth = 7> <RAM>
ST_72 : Operation 994 [1/1] (0.00ns)   --->   "%br_ln33 = br void %arrayidx.5.exit" [fir.cpp:33]   --->   Operation 994 'br' 'br_ln33' <Predicate = (trunc_ln27 == 5)> <Delay = 0.00>
ST_72 : Operation 995 [1/1] ( I:2.32ns O:2.32ns )   --->   "%store_ln33 = store i32 %tmp, i3 %fir_int_int_shift_reg_13_addr_1" [fir.cpp:33]   --->   Operation 995 'store' 'store_ln33' <Predicate = (trunc_ln27 == 4)> <Delay = 2.32> <CoreInst = "RAM">   --->   Core 81 'RAM' <Latency = 1> <II = 1> <Delay = 2.32> <Storage> <Opcode : 'load' 'store'> <Ports = 2> <Width = 32> <Depth = 7> <RAM>
ST_72 : Operation 996 [1/1] ( I:2.32ns O:2.32ns )   --->   "%store_ln33 = store i32 %tmp_1, i3 %fir_int_int_shift_reg_12_addr" [fir.cpp:33]   --->   Operation 996 'store' 'store_ln33' <Predicate = (trunc_ln27 == 4)> <Delay = 2.32> <CoreInst = "RAM">   --->   Core 81 'RAM' <Latency = 1> <II = 1> <Delay = 2.32> <Storage> <Opcode : 'load' 'store'> <Ports = 2> <Width = 32> <Depth = 7> <RAM>
ST_72 : Operation 997 [1/1] ( I:2.32ns O:2.32ns )   --->   "%store_ln33 = store i32 %tmp_2, i3 %fir_int_int_shift_reg_11_addr_2" [fir.cpp:33]   --->   Operation 997 'store' 'store_ln33' <Predicate = (trunc_ln27 == 4)> <Delay = 2.32> <CoreInst = "RAM">   --->   Core 81 'RAM' <Latency = 1> <II = 1> <Delay = 2.32> <Storage> <Opcode : 'load' 'store'> <Ports = 2> <Width = 32> <Depth = 7> <RAM>
ST_72 : Operation 998 [1/1] ( I:2.32ns O:2.32ns )   --->   "%store_ln33 = store i32 %tmp_3, i3 %fir_int_int_shift_reg_10_addr_3" [fir.cpp:33]   --->   Operation 998 'store' 'store_ln33' <Predicate = (trunc_ln27 == 4)> <Delay = 2.32> <CoreInst = "RAM">   --->   Core 81 'RAM' <Latency = 1> <II = 1> <Delay = 2.32> <Storage> <Opcode : 'load' 'store'> <Ports = 2> <Width = 32> <Depth = 7> <RAM>
ST_72 : Operation 999 [1/1] ( I:2.32ns O:2.32ns )   --->   "%store_ln33 = store i32 %tmp_4, i3 %fir_int_int_shift_reg_addr_4" [fir.cpp:33]   --->   Operation 999 'store' 'store_ln33' <Predicate = (trunc_ln27 == 4)> <Delay = 2.32> <CoreInst = "RAM">   --->   Core 81 'RAM' <Latency = 1> <II = 1> <Delay = 2.32> <Storage> <Opcode : 'load' 'store'> <Ports = 2> <Width = 32> <Depth = 7> <RAM>
ST_72 : Operation 1000 [1/1] ( I:2.32ns O:2.32ns )   --->   "%store_ln33 = store i32 %tmp_5, i3 %p_ZZ3firPiiE9shift_reg_19_addr_5" [fir.cpp:33]   --->   Operation 1000 'store' 'store_ln33' <Predicate = (trunc_ln27 == 4)> <Delay = 2.32> <CoreInst = "RAM">   --->   Core 81 'RAM' <Latency = 1> <II = 1> <Delay = 2.32> <Storage> <Opcode : 'load' 'store'> <Ports = 2> <Width = 32> <Depth = 7> <RAM>
ST_72 : Operation 1001 [1/1] ( I:2.32ns O:2.32ns )   --->   "%store_ln33 = store i32 %tmp_6, i3 %p_ZZ3firPiiE9shift_reg_18_addr_6" [fir.cpp:33]   --->   Operation 1001 'store' 'store_ln33' <Predicate = (trunc_ln27 == 4)> <Delay = 2.32> <CoreInst = "RAM">   --->   Core 81 'RAM' <Latency = 1> <II = 1> <Delay = 2.32> <Storage> <Opcode : 'load' 'store'> <Ports = 2> <Width = 32> <Depth = 7> <RAM>
ST_72 : Operation 1002 [1/1] (0.00ns)   --->   "%br_ln33 = br void %arrayidx.5.exit" [fir.cpp:33]   --->   Operation 1002 'br' 'br_ln33' <Predicate = (trunc_ln27 == 4)> <Delay = 0.00>
ST_72 : Operation 1003 [1/1] ( I:2.32ns O:2.32ns )   --->   "%store_ln33 = store i32 %tmp, i3 %fir_int_int_shift_reg_12_addr_1" [fir.cpp:33]   --->   Operation 1003 'store' 'store_ln33' <Predicate = (trunc_ln27 == 3)> <Delay = 2.32> <CoreInst = "RAM">   --->   Core 81 'RAM' <Latency = 1> <II = 1> <Delay = 2.32> <Storage> <Opcode : 'load' 'store'> <Ports = 2> <Width = 32> <Depth = 7> <RAM>
ST_72 : Operation 1004 [1/1] ( I:2.32ns O:2.32ns )   --->   "%store_ln33 = store i32 %tmp_1, i3 %fir_int_int_shift_reg_11_addr" [fir.cpp:33]   --->   Operation 1004 'store' 'store_ln33' <Predicate = (trunc_ln27 == 3)> <Delay = 2.32> <CoreInst = "RAM">   --->   Core 81 'RAM' <Latency = 1> <II = 1> <Delay = 2.32> <Storage> <Opcode : 'load' 'store'> <Ports = 2> <Width = 32> <Depth = 7> <RAM>
ST_72 : Operation 1005 [1/1] ( I:2.32ns O:2.32ns )   --->   "%store_ln33 = store i32 %tmp_2, i3 %fir_int_int_shift_reg_10_addr_2" [fir.cpp:33]   --->   Operation 1005 'store' 'store_ln33' <Predicate = (trunc_ln27 == 3)> <Delay = 2.32> <CoreInst = "RAM">   --->   Core 81 'RAM' <Latency = 1> <II = 1> <Delay = 2.32> <Storage> <Opcode : 'load' 'store'> <Ports = 2> <Width = 32> <Depth = 7> <RAM>
ST_72 : Operation 1006 [1/1] ( I:2.32ns O:2.32ns )   --->   "%store_ln33 = store i32 %tmp_3, i3 %fir_int_int_shift_reg_addr_3" [fir.cpp:33]   --->   Operation 1006 'store' 'store_ln33' <Predicate = (trunc_ln27 == 3)> <Delay = 2.32> <CoreInst = "RAM">   --->   Core 81 'RAM' <Latency = 1> <II = 1> <Delay = 2.32> <Storage> <Opcode : 'load' 'store'> <Ports = 2> <Width = 32> <Depth = 7> <RAM>
ST_72 : Operation 1007 [1/1] ( I:2.32ns O:2.32ns )   --->   "%store_ln33 = store i32 %tmp_4, i3 %p_ZZ3firPiiE9shift_reg_19_addr_4" [fir.cpp:33]   --->   Operation 1007 'store' 'store_ln33' <Predicate = (trunc_ln27 == 3)> <Delay = 2.32> <CoreInst = "RAM">   --->   Core 81 'RAM' <Latency = 1> <II = 1> <Delay = 2.32> <Storage> <Opcode : 'load' 'store'> <Ports = 2> <Width = 32> <Depth = 7> <RAM>
ST_72 : Operation 1008 [1/1] ( I:2.32ns O:2.32ns )   --->   "%store_ln33 = store i32 %tmp_5, i3 %p_ZZ3firPiiE9shift_reg_18_addr_5" [fir.cpp:33]   --->   Operation 1008 'store' 'store_ln33' <Predicate = (trunc_ln27 == 3)> <Delay = 2.32> <CoreInst = "RAM">   --->   Core 81 'RAM' <Latency = 1> <II = 1> <Delay = 2.32> <Storage> <Opcode : 'load' 'store'> <Ports = 2> <Width = 32> <Depth = 7> <RAM>
ST_72 : Operation 1009 [1/1] ( I:2.32ns O:2.32ns )   --->   "%store_ln33 = store i32 %tmp_6, i3 %fir_int_int_shift_reg_21" [fir.cpp:33]   --->   Operation 1009 'store' 'store_ln33' <Predicate = (trunc_ln27 == 3)> <Delay = 2.32> <CoreInst = "RAM">   --->   Core 81 'RAM' <Latency = 1> <II = 1> <Delay = 2.32> <Storage> <Opcode : 'load' 'store'> <Ports = 2> <Width = 32> <Depth = 7> <RAM>
ST_72 : Operation 1010 [1/1] (0.00ns)   --->   "%br_ln33 = br void %arrayidx.5.exit" [fir.cpp:33]   --->   Operation 1010 'br' 'br_ln33' <Predicate = (trunc_ln27 == 3)> <Delay = 0.00>
ST_72 : Operation 1011 [1/1] ( I:2.32ns O:2.32ns )   --->   "%store_ln33 = store i32 %tmp, i3 %fir_int_int_shift_reg_11_addr_1" [fir.cpp:33]   --->   Operation 1011 'store' 'store_ln33' <Predicate = (trunc_ln27 == 2)> <Delay = 2.32> <CoreInst = "RAM">   --->   Core 81 'RAM' <Latency = 1> <II = 1> <Delay = 2.32> <Storage> <Opcode : 'load' 'store'> <Ports = 2> <Width = 32> <Depth = 7> <RAM>
ST_72 : Operation 1012 [1/1] ( I:2.32ns O:2.32ns )   --->   "%store_ln33 = store i32 %tmp_1, i3 %fir_int_int_shift_reg_10_addr" [fir.cpp:33]   --->   Operation 1012 'store' 'store_ln33' <Predicate = (trunc_ln27 == 2)> <Delay = 2.32> <CoreInst = "RAM">   --->   Core 81 'RAM' <Latency = 1> <II = 1> <Delay = 2.32> <Storage> <Opcode : 'load' 'store'> <Ports = 2> <Width = 32> <Depth = 7> <RAM>
ST_72 : Operation 1013 [1/1] ( I:2.32ns O:2.32ns )   --->   "%store_ln33 = store i32 %tmp_2, i3 %fir_int_int_shift_reg_addr_2" [fir.cpp:33]   --->   Operation 1013 'store' 'store_ln33' <Predicate = (trunc_ln27 == 2)> <Delay = 2.32> <CoreInst = "RAM">   --->   Core 81 'RAM' <Latency = 1> <II = 1> <Delay = 2.32> <Storage> <Opcode : 'load' 'store'> <Ports = 2> <Width = 32> <Depth = 7> <RAM>
ST_72 : Operation 1014 [1/1] ( I:2.32ns O:2.32ns )   --->   "%store_ln33 = store i32 %tmp_3, i3 %p_ZZ3firPiiE9shift_reg_19_addr_3" [fir.cpp:33]   --->   Operation 1014 'store' 'store_ln33' <Predicate = (trunc_ln27 == 2)> <Delay = 2.32> <CoreInst = "RAM">   --->   Core 81 'RAM' <Latency = 1> <II = 1> <Delay = 2.32> <Storage> <Opcode : 'load' 'store'> <Ports = 2> <Width = 32> <Depth = 7> <RAM>
ST_72 : Operation 1015 [1/1] ( I:2.32ns O:2.32ns )   --->   "%store_ln33 = store i32 %tmp_4, i3 %p_ZZ3firPiiE9shift_reg_18_addr_4" [fir.cpp:33]   --->   Operation 1015 'store' 'store_ln33' <Predicate = (trunc_ln27 == 2)> <Delay = 2.32> <CoreInst = "RAM">   --->   Core 81 'RAM' <Latency = 1> <II = 1> <Delay = 2.32> <Storage> <Opcode : 'load' 'store'> <Ports = 2> <Width = 32> <Depth = 7> <RAM>
ST_72 : Operation 1016 [1/1] ( I:2.32ns O:2.32ns )   --->   "%store_ln33 = store i32 %tmp_5, i3 %fir_int_int_shift_reg_20" [fir.cpp:33]   --->   Operation 1016 'store' 'store_ln33' <Predicate = (trunc_ln27 == 2)> <Delay = 2.32> <CoreInst = "RAM">   --->   Core 81 'RAM' <Latency = 1> <II = 1> <Delay = 2.32> <Storage> <Opcode : 'load' 'store'> <Ports = 2> <Width = 32> <Depth = 7> <RAM>
ST_72 : Operation 1017 [1/1] ( I:2.32ns O:2.32ns )   --->   "%store_ln33 = store i32 %tmp_6, i3 %p_ZZ3firPiiE9shift_reg_16_addr_6" [fir.cpp:33]   --->   Operation 1017 'store' 'store_ln33' <Predicate = (trunc_ln27 == 2)> <Delay = 2.32> <CoreInst = "RAM">   --->   Core 81 'RAM' <Latency = 1> <II = 1> <Delay = 2.32> <Storage> <Opcode : 'load' 'store'> <Ports = 2> <Width = 32> <Depth = 7> <RAM>
ST_72 : Operation 1018 [1/1] (0.00ns)   --->   "%br_ln33 = br void %arrayidx.5.exit" [fir.cpp:33]   --->   Operation 1018 'br' 'br_ln33' <Predicate = (trunc_ln27 == 2)> <Delay = 0.00>
ST_72 : Operation 1019 [1/1] ( I:2.32ns O:2.32ns )   --->   "%store_ln33 = store i32 %tmp, i3 %fir_int_int_shift_reg_10_addr_1" [fir.cpp:33]   --->   Operation 1019 'store' 'store_ln33' <Predicate = (trunc_ln27 == 1)> <Delay = 2.32> <CoreInst = "RAM">   --->   Core 81 'RAM' <Latency = 1> <II = 1> <Delay = 2.32> <Storage> <Opcode : 'load' 'store'> <Ports = 2> <Width = 32> <Depth = 7> <RAM>
ST_72 : Operation 1020 [1/1] ( I:2.32ns O:2.32ns )   --->   "%store_ln33 = store i32 %tmp_1, i3 %fir_int_int_shift_reg_addr" [fir.cpp:33]   --->   Operation 1020 'store' 'store_ln33' <Predicate = (trunc_ln27 == 1)> <Delay = 2.32> <CoreInst = "RAM">   --->   Core 81 'RAM' <Latency = 1> <II = 1> <Delay = 2.32> <Storage> <Opcode : 'load' 'store'> <Ports = 2> <Width = 32> <Depth = 7> <RAM>
ST_72 : Operation 1021 [1/1] ( I:2.32ns O:2.32ns )   --->   "%store_ln33 = store i32 %tmp_2, i3 %p_ZZ3firPiiE9shift_reg_19_addr_2" [fir.cpp:33]   --->   Operation 1021 'store' 'store_ln33' <Predicate = (trunc_ln27 == 1)> <Delay = 2.32> <CoreInst = "RAM">   --->   Core 81 'RAM' <Latency = 1> <II = 1> <Delay = 2.32> <Storage> <Opcode : 'load' 'store'> <Ports = 2> <Width = 32> <Depth = 7> <RAM>
ST_72 : Operation 1022 [1/1] ( I:2.32ns O:2.32ns )   --->   "%store_ln33 = store i32 %tmp_3, i3 %p_ZZ3firPiiE9shift_reg_18_addr_3" [fir.cpp:33]   --->   Operation 1022 'store' 'store_ln33' <Predicate = (trunc_ln27 == 1)> <Delay = 2.32> <CoreInst = "RAM">   --->   Core 81 'RAM' <Latency = 1> <II = 1> <Delay = 2.32> <Storage> <Opcode : 'load' 'store'> <Ports = 2> <Width = 32> <Depth = 7> <RAM>
ST_72 : Operation 1023 [1/1] ( I:2.32ns O:2.32ns )   --->   "%store_ln33 = store i32 %tmp_4, i3 %fir_int_int_shift_reg_19" [fir.cpp:33]   --->   Operation 1023 'store' 'store_ln33' <Predicate = (trunc_ln27 == 1)> <Delay = 2.32> <CoreInst = "RAM">   --->   Core 81 'RAM' <Latency = 1> <II = 1> <Delay = 2.32> <Storage> <Opcode : 'load' 'store'> <Ports = 2> <Width = 32> <Depth = 7> <RAM>
ST_72 : Operation 1024 [1/1] ( I:2.32ns O:2.32ns )   --->   "%store_ln33 = store i32 %tmp_5, i3 %p_ZZ3firPiiE9shift_reg_16_addr_5" [fir.cpp:33]   --->   Operation 1024 'store' 'store_ln33' <Predicate = (trunc_ln27 == 1)> <Delay = 2.32> <CoreInst = "RAM">   --->   Core 81 'RAM' <Latency = 1> <II = 1> <Delay = 2.32> <Storage> <Opcode : 'load' 'store'> <Ports = 2> <Width = 32> <Depth = 7> <RAM>
ST_72 : Operation 1025 [1/1] ( I:2.32ns O:2.32ns )   --->   "%store_ln33 = store i32 %tmp_6, i3 %fir_mulint_int_shift_reg_addr_6" [fir.cpp:33]   --->   Operation 1025 'store' 'store_ln33' <Predicate = (trunc_ln27 == 1)> <Delay = 2.32> <CoreInst = "RAM">   --->   Core 81 'RAM' <Latency = 1> <II = 1> <Delay = 2.32> <Storage> <Opcode : 'load' 'store'> <Ports = 2> <Width = 32> <Depth = 7> <RAM>
ST_72 : Operation 1026 [1/1] (0.00ns)   --->   "%br_ln33 = br void %arrayidx.5.exit" [fir.cpp:33]   --->   Operation 1026 'br' 'br_ln33' <Predicate = (trunc_ln27 == 1)> <Delay = 0.00>
ST_72 : Operation 1027 [1/1] ( I:2.32ns O:2.32ns )   --->   "%store_ln33 = store i32 %tmp, i3 %fir_int_int_shift_reg_addr_1" [fir.cpp:33]   --->   Operation 1027 'store' 'store_ln33' <Predicate = (trunc_ln27 == 0)> <Delay = 2.32> <CoreInst = "RAM">   --->   Core 81 'RAM' <Latency = 1> <II = 1> <Delay = 2.32> <Storage> <Opcode : 'load' 'store'> <Ports = 2> <Width = 32> <Depth = 7> <RAM>
ST_72 : Operation 1028 [1/1] ( I:2.32ns O:2.32ns )   --->   "%store_ln33 = store i32 %tmp_1, i3 %p_ZZ3firPiiE9shift_reg_19_addr" [fir.cpp:33]   --->   Operation 1028 'store' 'store_ln33' <Predicate = (trunc_ln27 == 0)> <Delay = 2.32> <CoreInst = "RAM">   --->   Core 81 'RAM' <Latency = 1> <II = 1> <Delay = 2.32> <Storage> <Opcode : 'load' 'store'> <Ports = 2> <Width = 32> <Depth = 7> <RAM>
ST_72 : Operation 1029 [1/1] ( I:2.32ns O:2.32ns )   --->   "%store_ln33 = store i32 %tmp_2, i3 %p_ZZ3firPiiE9shift_reg_18_addr_2" [fir.cpp:33]   --->   Operation 1029 'store' 'store_ln33' <Predicate = (trunc_ln27 == 0)> <Delay = 2.32> <CoreInst = "RAM">   --->   Core 81 'RAM' <Latency = 1> <II = 1> <Delay = 2.32> <Storage> <Opcode : 'load' 'store'> <Ports = 2> <Width = 32> <Depth = 7> <RAM>
ST_72 : Operation 1030 [1/1] ( I:2.32ns O:2.32ns )   --->   "%store_ln33 = store i32 %tmp_3, i3 %fir_int_int_shift_reg_18" [fir.cpp:33]   --->   Operation 1030 'store' 'store_ln33' <Predicate = (trunc_ln27 == 0)> <Delay = 2.32> <CoreInst = "RAM">   --->   Core 81 'RAM' <Latency = 1> <II = 1> <Delay = 2.32> <Storage> <Opcode : 'load' 'store'> <Ports = 2> <Width = 32> <Depth = 7> <RAM>
ST_72 : Operation 1031 [1/1] ( I:2.32ns O:2.32ns )   --->   "%store_ln33 = store i32 %tmp_4, i3 %p_ZZ3firPiiE9shift_reg_16_addr_4" [fir.cpp:33]   --->   Operation 1031 'store' 'store_ln33' <Predicate = (trunc_ln27 == 0)> <Delay = 2.32> <CoreInst = "RAM">   --->   Core 81 'RAM' <Latency = 1> <II = 1> <Delay = 2.32> <Storage> <Opcode : 'load' 'store'> <Ports = 2> <Width = 32> <Depth = 7> <RAM>
ST_72 : Operation 1032 [1/1] ( I:2.32ns O:2.32ns )   --->   "%store_ln33 = store i32 %tmp_5, i3 %fir_mulint_int_shift_reg_addr_5" [fir.cpp:33]   --->   Operation 1032 'store' 'store_ln33' <Predicate = (trunc_ln27 == 0)> <Delay = 2.32> <CoreInst = "RAM">   --->   Core 81 'RAM' <Latency = 1> <II = 1> <Delay = 2.32> <Storage> <Opcode : 'load' 'store'> <Ports = 2> <Width = 32> <Depth = 7> <RAM>
ST_72 : Operation 1033 [1/1] ( I:2.32ns O:2.32ns )   --->   "%store_ln33 = store i32 %tmp_6, i3 %p_ZZ3firPiiE9shift_reg_14_addr_6" [fir.cpp:33]   --->   Operation 1033 'store' 'store_ln33' <Predicate = (trunc_ln27 == 0)> <Delay = 2.32> <CoreInst = "RAM">   --->   Core 81 'RAM' <Latency = 1> <II = 1> <Delay = 2.32> <Storage> <Opcode : 'load' 'store'> <Ports = 2> <Width = 32> <Depth = 7> <RAM>
ST_72 : Operation 1034 [1/1] (0.00ns)   --->   "%br_ln33 = br void %arrayidx.5.exit" [fir.cpp:33]   --->   Operation 1034 'br' 'br_ln33' <Predicate = (trunc_ln27 == 0)> <Delay = 0.00>
ST_72 : Operation 1035 [1/1] ( I:2.32ns O:2.32ns )   --->   "%store_ln33 = store i32 %tmp, i3 %p_ZZ3firPiiE9shift_reg_19_addr_1" [fir.cpp:33]   --->   Operation 1035 'store' 'store_ln33' <Predicate = (trunc_ln27 != 0 & trunc_ln27 != 1 & trunc_ln27 != 2 & trunc_ln27 != 3 & trunc_ln27 != 4 & trunc_ln27 != 5 & trunc_ln27 != 6 & trunc_ln27 != 7 & trunc_ln27 != 8 & trunc_ln27 != 9 & trunc_ln27 != 10 & trunc_ln27 != 11 & trunc_ln27 != 12 & trunc_ln27 != 13 & trunc_ln27 != 14 & trunc_ln27 != 15 & trunc_ln27 != 16 & trunc_ln27 != 17 & trunc_ln27 != 18)> <Delay = 2.32> <CoreInst = "RAM">   --->   Core 81 'RAM' <Latency = 1> <II = 1> <Delay = 2.32> <Storage> <Opcode : 'load' 'store'> <Ports = 2> <Width = 32> <Depth = 7> <RAM>
ST_72 : Operation 1036 [1/1] ( I:2.32ns O:2.32ns )   --->   "%store_ln33 = store i32 %tmp_1, i3 %p_ZZ3firPiiE9shift_reg_18_addr" [fir.cpp:33]   --->   Operation 1036 'store' 'store_ln33' <Predicate = (trunc_ln27 != 0 & trunc_ln27 != 1 & trunc_ln27 != 2 & trunc_ln27 != 3 & trunc_ln27 != 4 & trunc_ln27 != 5 & trunc_ln27 != 6 & trunc_ln27 != 7 & trunc_ln27 != 8 & trunc_ln27 != 9 & trunc_ln27 != 10 & trunc_ln27 != 11 & trunc_ln27 != 12 & trunc_ln27 != 13 & trunc_ln27 != 14 & trunc_ln27 != 15 & trunc_ln27 != 16 & trunc_ln27 != 17 & trunc_ln27 != 18)> <Delay = 2.32> <CoreInst = "RAM">   --->   Core 81 'RAM' <Latency = 1> <II = 1> <Delay = 2.32> <Storage> <Opcode : 'load' 'store'> <Ports = 2> <Width = 32> <Depth = 7> <RAM>
ST_72 : Operation 1037 [1/1] ( I:2.32ns O:2.32ns )   --->   "%store_ln33 = store i32 %tmp_2, i3 %fir_int_int_shift_reg_17" [fir.cpp:33]   --->   Operation 1037 'store' 'store_ln33' <Predicate = (trunc_ln27 != 0 & trunc_ln27 != 1 & trunc_ln27 != 2 & trunc_ln27 != 3 & trunc_ln27 != 4 & trunc_ln27 != 5 & trunc_ln27 != 6 & trunc_ln27 != 7 & trunc_ln27 != 8 & trunc_ln27 != 9 & trunc_ln27 != 10 & trunc_ln27 != 11 & trunc_ln27 != 12 & trunc_ln27 != 13 & trunc_ln27 != 14 & trunc_ln27 != 15 & trunc_ln27 != 16 & trunc_ln27 != 17 & trunc_ln27 != 18)> <Delay = 2.32> <CoreInst = "RAM">   --->   Core 81 'RAM' <Latency = 1> <II = 1> <Delay = 2.32> <Storage> <Opcode : 'load' 'store'> <Ports = 2> <Width = 32> <Depth = 7> <RAM>
ST_72 : Operation 1038 [1/1] ( I:2.32ns O:2.32ns )   --->   "%store_ln33 = store i32 %tmp_3, i3 %p_ZZ3firPiiE9shift_reg_16_addr_3" [fir.cpp:33]   --->   Operation 1038 'store' 'store_ln33' <Predicate = (trunc_ln27 != 0 & trunc_ln27 != 1 & trunc_ln27 != 2 & trunc_ln27 != 3 & trunc_ln27 != 4 & trunc_ln27 != 5 & trunc_ln27 != 6 & trunc_ln27 != 7 & trunc_ln27 != 8 & trunc_ln27 != 9 & trunc_ln27 != 10 & trunc_ln27 != 11 & trunc_ln27 != 12 & trunc_ln27 != 13 & trunc_ln27 != 14 & trunc_ln27 != 15 & trunc_ln27 != 16 & trunc_ln27 != 17 & trunc_ln27 != 18)> <Delay = 2.32> <CoreInst = "RAM">   --->   Core 81 'RAM' <Latency = 1> <II = 1> <Delay = 2.32> <Storage> <Opcode : 'load' 'store'> <Ports = 2> <Width = 32> <Depth = 7> <RAM>
ST_72 : Operation 1039 [1/1] ( I:2.32ns O:2.32ns )   --->   "%store_ln33 = store i32 %tmp_4, i3 %fir_mulint_int_shift_reg_addr_4" [fir.cpp:33]   --->   Operation 1039 'store' 'store_ln33' <Predicate = (trunc_ln27 != 0 & trunc_ln27 != 1 & trunc_ln27 != 2 & trunc_ln27 != 3 & trunc_ln27 != 4 & trunc_ln27 != 5 & trunc_ln27 != 6 & trunc_ln27 != 7 & trunc_ln27 != 8 & trunc_ln27 != 9 & trunc_ln27 != 10 & trunc_ln27 != 11 & trunc_ln27 != 12 & trunc_ln27 != 13 & trunc_ln27 != 14 & trunc_ln27 != 15 & trunc_ln27 != 16 & trunc_ln27 != 17 & trunc_ln27 != 18)> <Delay = 2.32> <CoreInst = "RAM">   --->   Core 81 'RAM' <Latency = 1> <II = 1> <Delay = 2.32> <Storage> <Opcode : 'load' 'store'> <Ports = 2> <Width = 32> <Depth = 7> <RAM>
ST_72 : Operation 1040 [1/1] ( I:2.32ns O:2.32ns )   --->   "%store_ln33 = store i32 %tmp_5, i3 %p_ZZ3firPiiE9shift_reg_14_addr_5" [fir.cpp:33]   --->   Operation 1040 'store' 'store_ln33' <Predicate = (trunc_ln27 != 0 & trunc_ln27 != 1 & trunc_ln27 != 2 & trunc_ln27 != 3 & trunc_ln27 != 4 & trunc_ln27 != 5 & trunc_ln27 != 6 & trunc_ln27 != 7 & trunc_ln27 != 8 & trunc_ln27 != 9 & trunc_ln27 != 10 & trunc_ln27 != 11 & trunc_ln27 != 12 & trunc_ln27 != 13 & trunc_ln27 != 14 & trunc_ln27 != 15 & trunc_ln27 != 16 & trunc_ln27 != 17 & trunc_ln27 != 18)> <Delay = 2.32> <CoreInst = "RAM">   --->   Core 81 'RAM' <Latency = 1> <II = 1> <Delay = 2.32> <Storage> <Opcode : 'load' 'store'> <Ports = 2> <Width = 32> <Depth = 7> <RAM>
ST_72 : Operation 1041 [1/1] ( I:2.32ns O:2.32ns )   --->   "%store_ln33 = store i32 %tmp_6, i3 %p_ZZ3firPiiE9shift_reg_13_addr_6" [fir.cpp:33]   --->   Operation 1041 'store' 'store_ln33' <Predicate = (trunc_ln27 != 0 & trunc_ln27 != 1 & trunc_ln27 != 2 & trunc_ln27 != 3 & trunc_ln27 != 4 & trunc_ln27 != 5 & trunc_ln27 != 6 & trunc_ln27 != 7 & trunc_ln27 != 8 & trunc_ln27 != 9 & trunc_ln27 != 10 & trunc_ln27 != 11 & trunc_ln27 != 12 & trunc_ln27 != 13 & trunc_ln27 != 14 & trunc_ln27 != 15 & trunc_ln27 != 16 & trunc_ln27 != 17 & trunc_ln27 != 18)> <Delay = 2.32> <CoreInst = "RAM">   --->   Core 81 'RAM' <Latency = 1> <II = 1> <Delay = 2.32> <Storage> <Opcode : 'load' 'store'> <Ports = 2> <Width = 32> <Depth = 7> <RAM>
ST_72 : Operation 1042 [1/1] (0.00ns)   --->   "%br_ln33 = br void %arrayidx.5.exit" [fir.cpp:33]   --->   Operation 1042 'br' 'br_ln33' <Predicate = (trunc_ln27 != 0 & trunc_ln27 != 1 & trunc_ln27 != 2 & trunc_ln27 != 3 & trunc_ln27 != 4 & trunc_ln27 != 5 & trunc_ln27 != 6 & trunc_ln27 != 7 & trunc_ln27 != 8 & trunc_ln27 != 9 & trunc_ln27 != 10 & trunc_ln27 != 11 & trunc_ln27 != 12 & trunc_ln27 != 13 & trunc_ln27 != 14 & trunc_ln27 != 15 & trunc_ln27 != 16 & trunc_ln27 != 17 & trunc_ln27 != 18)> <Delay = 0.00>
ST_72 : Operation 1043 [1/1] (3.02ns)   --->   "%tmp_9 = sparsemux i32 @_ssdm_op_SparseMux.ap_auto.20i32.i32.i5, i5 10, i32 %fir_int_int_shift_reg_load_9, i5 11, i32 %fir_int_int_shift_reg_10_load_9, i5 12, i32 %fir_int_int_shift_reg_11_load_9, i5 13, i32 %fir_int_int_shift_reg_12_load_9, i5 14, i32 %fir_int_int_shift_reg_13_load_9, i5 15, i32 %fir_int_int_shift_reg_14_load_9, i5 16, i32 %fir_int_int_shift_reg_15_load_9, i5 17, i32 %fir_int_int_shift_reg_16_load_9, i5 18, i32 %fir_int_int_shift_reg_17_load_9, i5 19, i32 %fir_int_int_shift_reg_18_load_9, i5 0, i32 %p_ZZ3firPiiE9shift_reg_10_load_9, i5 1, i32 %fir_mulint_int_shift_reg_long_unsigned_int128_signed_char_double_9, i5 2, i32 %fir_mulint_int_shift_reg_l_unsigned_int128_signed_char_double_9, i5 3, i32 %fir_mulint_int_shift_reg_lo_signed_char_double_9, i5 4, i32 %fir_mulint_int_shift_reg_loa_double_9, i5 5, i32 %fir_mulint_int_shift_reg_load_9, i5 6, i32 %p_ZZ3firPiiE9shift_reg_16_load_9, i5 7, i32 %fir_int_int_shift_reg_34, i5 8, i32 %p_ZZ3firPiiE9shift_reg_18_load_9, i5 9, i32 %p_ZZ3firPiiE9shift_reg_19_load_9, i32 0, i5 %trunc_ln27" [fir.cpp:33]   --->   Operation 1043 'sparsemux' 'tmp_9' <Predicate = (icmp_ln31)> <Delay = 3.02> <CoreInst = "BinarySparseMux_DontCare">   --->   Core 137 'BinarySparseMux_DontCare' <Latency = 0> <II = 1> <Delay = 3.02> <FuncUnit> <Opcode : 'sparsemux'> <InPorts = 2> <OutPorts = 1>
ST_72 : Operation 1044 [1/1] ( I:2.32ns O:2.32ns )   --->   "%store_ln33 = store i32 %tmp_7, i3 %p_ZZ3firPiiE9shift_reg_18_addr_7" [fir.cpp:33]   --->   Operation 1044 'store' 'store_ln33' <Predicate = (trunc_ln27 == 5 & icmp_ln31)> <Delay = 2.32> <CoreInst = "RAM">   --->   Core 81 'RAM' <Latency = 1> <II = 1> <Delay = 2.32> <Storage> <Opcode : 'load' 'store'> <Ports = 2> <Width = 32> <Depth = 7> <RAM>
ST_72 : Operation 1045 [1/1] ( I:2.32ns O:2.32ns )   --->   "%store_ln33 = store i32 %tmp_8, i3 %fir_int_int_shift_reg_29" [fir.cpp:33]   --->   Operation 1045 'store' 'store_ln33' <Predicate = (trunc_ln27 == 5 & icmp_ln31)> <Delay = 2.32> <CoreInst = "RAM">   --->   Core 81 'RAM' <Latency = 1> <II = 1> <Delay = 2.32> <Storage> <Opcode : 'load' 'store'> <Ports = 2> <Width = 32> <Depth = 7> <RAM>
ST_72 : Operation 1046 [1/1] ( I:2.32ns O:2.32ns )   --->   "%store_ln33 = store i32 %tmp_9, i3 %p_ZZ3firPiiE9shift_reg_16_addr_9" [fir.cpp:33]   --->   Operation 1046 'store' 'store_ln33' <Predicate = (trunc_ln27 == 5 & icmp_ln31)> <Delay = 2.32> <CoreInst = "RAM">   --->   Core 81 'RAM' <Latency = 1> <II = 1> <Delay = 2.32> <Storage> <Opcode : 'load' 'store'> <Ports = 2> <Width = 32> <Depth = 7> <RAM>
ST_72 : Operation 1047 [1/1] (0.00ns)   --->   "%br_ln33 = br void %arrayidx.8.exit" [fir.cpp:33]   --->   Operation 1047 'br' 'br_ln33' <Predicate = (trunc_ln27 == 5 & icmp_ln31)> <Delay = 0.00>
ST_72 : Operation 1048 [1/1] ( I:2.32ns O:2.32ns )   --->   "%store_ln33 = store i32 %tmp_7, i3 %fir_int_int_shift_reg_22" [fir.cpp:33]   --->   Operation 1048 'store' 'store_ln33' <Predicate = (trunc_ln27 == 4 & icmp_ln31)> <Delay = 2.32> <CoreInst = "RAM">   --->   Core 81 'RAM' <Latency = 1> <II = 1> <Delay = 2.32> <Storage> <Opcode : 'load' 'store'> <Ports = 2> <Width = 32> <Depth = 7> <RAM>
ST_72 : Operation 1049 [1/1] ( I:2.32ns O:2.32ns )   --->   "%store_ln33 = store i32 %tmp_8, i3 %p_ZZ3firPiiE9shift_reg_16_addr_8" [fir.cpp:33]   --->   Operation 1049 'store' 'store_ln33' <Predicate = (trunc_ln27 == 4 & icmp_ln31)> <Delay = 2.32> <CoreInst = "RAM">   --->   Core 81 'RAM' <Latency = 1> <II = 1> <Delay = 2.32> <Storage> <Opcode : 'load' 'store'> <Ports = 2> <Width = 32> <Depth = 7> <RAM>
ST_72 : Operation 1050 [1/1] ( I:2.32ns O:2.32ns )   --->   "%store_ln33 = store i32 %tmp_9, i3 %fir_mulint_int_shift_reg_addr_9" [fir.cpp:33]   --->   Operation 1050 'store' 'store_ln33' <Predicate = (trunc_ln27 == 4 & icmp_ln31)> <Delay = 2.32> <CoreInst = "RAM">   --->   Core 81 'RAM' <Latency = 1> <II = 1> <Delay = 2.32> <Storage> <Opcode : 'load' 'store'> <Ports = 2> <Width = 32> <Depth = 7> <RAM>
ST_72 : Operation 1051 [1/1] (0.00ns)   --->   "%br_ln33 = br void %arrayidx.8.exit" [fir.cpp:33]   --->   Operation 1051 'br' 'br_ln33' <Predicate = (trunc_ln27 == 4 & icmp_ln31)> <Delay = 0.00>
ST_72 : Operation 1052 [1/1] ( I:2.32ns O:2.32ns )   --->   "%store_ln33 = store i32 %tmp_7, i3 %p_ZZ3firPiiE9shift_reg_16_addr_7" [fir.cpp:33]   --->   Operation 1052 'store' 'store_ln33' <Predicate = (trunc_ln27 == 3 & icmp_ln31)> <Delay = 2.32> <CoreInst = "RAM">   --->   Core 81 'RAM' <Latency = 1> <II = 1> <Delay = 2.32> <Storage> <Opcode : 'load' 'store'> <Ports = 2> <Width = 32> <Depth = 7> <RAM>
ST_72 : Operation 1053 [1/1] ( I:2.32ns O:2.32ns )   --->   "%store_ln33 = store i32 %tmp_8, i3 %fir_mulint_int_shift_reg_addr_8" [fir.cpp:33]   --->   Operation 1053 'store' 'store_ln33' <Predicate = (trunc_ln27 == 3 & icmp_ln31)> <Delay = 2.32> <CoreInst = "RAM">   --->   Core 81 'RAM' <Latency = 1> <II = 1> <Delay = 2.32> <Storage> <Opcode : 'load' 'store'> <Ports = 2> <Width = 32> <Depth = 7> <RAM>
ST_72 : Operation 1054 [1/1] ( I:2.32ns O:2.32ns )   --->   "%store_ln33 = store i32 %tmp_9, i3 %p_ZZ3firPiiE9shift_reg_14_addr_9" [fir.cpp:33]   --->   Operation 1054 'store' 'store_ln33' <Predicate = (trunc_ln27 == 3 & icmp_ln31)> <Delay = 2.32> <CoreInst = "RAM">   --->   Core 81 'RAM' <Latency = 1> <II = 1> <Delay = 2.32> <Storage> <Opcode : 'load' 'store'> <Ports = 2> <Width = 32> <Depth = 7> <RAM>
ST_72 : Operation 1055 [1/1] (0.00ns)   --->   "%br_ln33 = br void %arrayidx.8.exit" [fir.cpp:33]   --->   Operation 1055 'br' 'br_ln33' <Predicate = (trunc_ln27 == 3 & icmp_ln31)> <Delay = 0.00>
ST_72 : Operation 1056 [1/1] ( I:2.32ns O:2.32ns )   --->   "%store_ln33 = store i32 %tmp_7, i3 %fir_mulint_int_shift_reg_addr_7" [fir.cpp:33]   --->   Operation 1056 'store' 'store_ln33' <Predicate = (trunc_ln27 == 2 & icmp_ln31)> <Delay = 2.32> <CoreInst = "RAM">   --->   Core 81 'RAM' <Latency = 1> <II = 1> <Delay = 2.32> <Storage> <Opcode : 'load' 'store'> <Ports = 2> <Width = 32> <Depth = 7> <RAM>
ST_72 : Operation 1057 [1/1] ( I:2.32ns O:2.32ns )   --->   "%store_ln33 = store i32 %tmp_8, i3 %p_ZZ3firPiiE9shift_reg_14_addr_8" [fir.cpp:33]   --->   Operation 1057 'store' 'store_ln33' <Predicate = (trunc_ln27 == 2 & icmp_ln31)> <Delay = 2.32> <CoreInst = "RAM">   --->   Core 81 'RAM' <Latency = 1> <II = 1> <Delay = 2.32> <Storage> <Opcode : 'load' 'store'> <Ports = 2> <Width = 32> <Depth = 7> <RAM>
ST_72 : Operation 1058 [1/1] ( I:2.32ns O:2.32ns )   --->   "%store_ln33 = store i32 %tmp_9, i3 %p_ZZ3firPiiE9shift_reg_13_addr_9" [fir.cpp:33]   --->   Operation 1058 'store' 'store_ln33' <Predicate = (trunc_ln27 == 2 & icmp_ln31)> <Delay = 2.32> <CoreInst = "RAM">   --->   Core 81 'RAM' <Latency = 1> <II = 1> <Delay = 2.32> <Storage> <Opcode : 'load' 'store'> <Ports = 2> <Width = 32> <Depth = 7> <RAM>
ST_72 : Operation 1059 [1/1] (0.00ns)   --->   "%br_ln33 = br void %arrayidx.8.exit" [fir.cpp:33]   --->   Operation 1059 'br' 'br_ln33' <Predicate = (trunc_ln27 == 2 & icmp_ln31)> <Delay = 0.00>
ST_72 : Operation 1060 [1/1] ( I:2.32ns O:2.32ns )   --->   "%store_ln33 = store i32 %tmp_7, i3 %p_ZZ3firPiiE9shift_reg_14_addr_7" [fir.cpp:33]   --->   Operation 1060 'store' 'store_ln33' <Predicate = (trunc_ln27 == 1 & icmp_ln31)> <Delay = 2.32> <CoreInst = "RAM">   --->   Core 81 'RAM' <Latency = 1> <II = 1> <Delay = 2.32> <Storage> <Opcode : 'load' 'store'> <Ports = 2> <Width = 32> <Depth = 7> <RAM>
ST_72 : Operation 1061 [1/1] ( I:2.32ns O:2.32ns )   --->   "%store_ln33 = store i32 %tmp_8, i3 %p_ZZ3firPiiE9shift_reg_13_addr_8" [fir.cpp:33]   --->   Operation 1061 'store' 'store_ln33' <Predicate = (trunc_ln27 == 1 & icmp_ln31)> <Delay = 2.32> <CoreInst = "RAM">   --->   Core 81 'RAM' <Latency = 1> <II = 1> <Delay = 2.32> <Storage> <Opcode : 'load' 'store'> <Ports = 2> <Width = 32> <Depth = 7> <RAM>
ST_72 : Operation 1062 [1/1] ( I:2.32ns O:2.32ns )   --->   "%store_ln33 = store i32 %tmp_9, i3 %p_ZZ3firPiiE9shift_reg_12_addr_9" [fir.cpp:33]   --->   Operation 1062 'store' 'store_ln33' <Predicate = (trunc_ln27 == 1 & icmp_ln31)> <Delay = 2.32> <CoreInst = "RAM">   --->   Core 81 'RAM' <Latency = 1> <II = 1> <Delay = 2.32> <Storage> <Opcode : 'load' 'store'> <Ports = 2> <Width = 32> <Depth = 7> <RAM>
ST_72 : Operation 1063 [1/1] (0.00ns)   --->   "%br_ln33 = br void %arrayidx.8.exit" [fir.cpp:33]   --->   Operation 1063 'br' 'br_ln33' <Predicate = (trunc_ln27 == 1 & icmp_ln31)> <Delay = 0.00>
ST_72 : Operation 1064 [1/1] ( I:2.32ns O:2.32ns )   --->   "%store_ln33 = store i32 %tmp_7, i3 %p_ZZ3firPiiE9shift_reg_13_addr_7" [fir.cpp:33]   --->   Operation 1064 'store' 'store_ln33' <Predicate = (trunc_ln27 == 0 & icmp_ln31)> <Delay = 2.32> <CoreInst = "RAM">   --->   Core 81 'RAM' <Latency = 1> <II = 1> <Delay = 2.32> <Storage> <Opcode : 'load' 'store'> <Ports = 2> <Width = 32> <Depth = 7> <RAM>
ST_72 : Operation 1065 [1/1] ( I:2.32ns O:2.32ns )   --->   "%store_ln33 = store i32 %tmp_8, i3 %p_ZZ3firPiiE9shift_reg_12_addr_8" [fir.cpp:33]   --->   Operation 1065 'store' 'store_ln33' <Predicate = (trunc_ln27 == 0 & icmp_ln31)> <Delay = 2.32> <CoreInst = "RAM">   --->   Core 81 'RAM' <Latency = 1> <II = 1> <Delay = 2.32> <Storage> <Opcode : 'load' 'store'> <Ports = 2> <Width = 32> <Depth = 7> <RAM>
ST_72 : Operation 1066 [1/1] ( I:2.32ns O:2.32ns )   --->   "%store_ln33 = store i32 %tmp_9, i3 %p_ZZ3firPiiE9shift_reg_11_addr_9" [fir.cpp:33]   --->   Operation 1066 'store' 'store_ln33' <Predicate = (trunc_ln27 == 0 & icmp_ln31)> <Delay = 2.32> <CoreInst = "RAM">   --->   Core 81 'RAM' <Latency = 1> <II = 1> <Delay = 2.32> <Storage> <Opcode : 'load' 'store'> <Ports = 2> <Width = 32> <Depth = 7> <RAM>
ST_72 : Operation 1067 [1/1] (0.00ns)   --->   "%br_ln33 = br void %arrayidx.8.exit" [fir.cpp:33]   --->   Operation 1067 'br' 'br_ln33' <Predicate = (trunc_ln27 == 0 & icmp_ln31)> <Delay = 0.00>
ST_72 : Operation 1068 [1/1] ( I:2.32ns O:2.32ns )   --->   "%store_ln33 = store i32 %tmp_7, i3 %p_ZZ3firPiiE9shift_reg_19_addr_7" [fir.cpp:33]   --->   Operation 1068 'store' 'store_ln33' <Predicate = (trunc_ln27 == 6 & icmp_ln31)> <Delay = 2.32> <CoreInst = "RAM">   --->   Core 81 'RAM' <Latency = 1> <II = 1> <Delay = 2.32> <Storage> <Opcode : 'load' 'store'> <Ports = 2> <Width = 32> <Depth = 7> <RAM>
ST_72 : Operation 1069 [1/1] ( I:2.32ns O:2.32ns )   --->   "%store_ln33 = store i32 %tmp_8, i3 %p_ZZ3firPiiE9shift_reg_18_addr_8" [fir.cpp:33]   --->   Operation 1069 'store' 'store_ln33' <Predicate = (trunc_ln27 == 6 & icmp_ln31)> <Delay = 2.32> <CoreInst = "RAM">   --->   Core 81 'RAM' <Latency = 1> <II = 1> <Delay = 2.32> <Storage> <Opcode : 'load' 'store'> <Ports = 2> <Width = 32> <Depth = 7> <RAM>
ST_72 : Operation 1070 [1/1] ( I:2.32ns O:2.32ns )   --->   "%store_ln33 = store i32 %tmp_9, i3 %fir_int_int_shift_reg_31" [fir.cpp:33]   --->   Operation 1070 'store' 'store_ln33' <Predicate = (trunc_ln27 == 6 & icmp_ln31)> <Delay = 2.32> <CoreInst = "RAM">   --->   Core 81 'RAM' <Latency = 1> <II = 1> <Delay = 2.32> <Storage> <Opcode : 'load' 'store'> <Ports = 2> <Width = 32> <Depth = 7> <RAM>
ST_72 : Operation 1071 [1/1] (0.00ns)   --->   "%br_ln33 = br void %arrayidx.8.exit" [fir.cpp:33]   --->   Operation 1071 'br' 'br_ln33' <Predicate = (trunc_ln27 == 6 & icmp_ln31)> <Delay = 0.00>
ST_72 : Operation 1072 [1/1] ( I:2.32ns O:2.32ns )   --->   "%store_ln33 = store i32 %tmp_7, i3 %p_ZZ3firPiiE9shift_reg_11_addr_7" [fir.cpp:33]   --->   Operation 1072 'store' 'store_ln33' <Predicate = (trunc_ln27 == 18 & icmp_ln31)> <Delay = 2.32> <CoreInst = "RAM">   --->   Core 81 'RAM' <Latency = 1> <II = 1> <Delay = 2.32> <Storage> <Opcode : 'load' 'store'> <Ports = 2> <Width = 32> <Depth = 7> <RAM>
ST_72 : Operation 1073 [1/1] ( I:2.32ns O:2.32ns )   --->   "%store_ln33 = store i32 %tmp_8, i3 %p_ZZ3firPiiE9shift_reg_10_addr_8" [fir.cpp:33]   --->   Operation 1073 'store' 'store_ln33' <Predicate = (trunc_ln27 == 18 & icmp_ln31)> <Delay = 2.32> <CoreInst = "RAM">   --->   Core 81 'RAM' <Latency = 1> <II = 1> <Delay = 2.32> <Storage> <Opcode : 'load' 'store'> <Ports = 2> <Width = 32> <Depth = 7> <RAM>
ST_72 : Operation 1074 [1/1] ( I:2.32ns O:2.32ns )   --->   "%store_ln33 = store i32 %tmp_9, i3 %fir_int_int_shift_reg_18_addr_9" [fir.cpp:33]   --->   Operation 1074 'store' 'store_ln33' <Predicate = (trunc_ln27 == 18 & icmp_ln31)> <Delay = 2.32> <CoreInst = "RAM">   --->   Core 81 'RAM' <Latency = 1> <II = 1> <Delay = 2.32> <Storage> <Opcode : 'load' 'store'> <Ports = 2> <Width = 32> <Depth = 7> <RAM>
ST_72 : Operation 1075 [1/1] (0.00ns)   --->   "%br_ln33 = br void %arrayidx.8.exit" [fir.cpp:33]   --->   Operation 1075 'br' 'br_ln33' <Predicate = (trunc_ln27 == 18 & icmp_ln31)> <Delay = 0.00>
ST_72 : Operation 1076 [1/1] ( I:2.32ns O:2.32ns )   --->   "%store_ln33 = store i32 %tmp_7, i3 %p_ZZ3firPiiE9shift_reg_10_addr_7" [fir.cpp:33]   --->   Operation 1076 'store' 'store_ln33' <Predicate = (trunc_ln27 == 17 & icmp_ln31)> <Delay = 2.32> <CoreInst = "RAM">   --->   Core 81 'RAM' <Latency = 1> <II = 1> <Delay = 2.32> <Storage> <Opcode : 'load' 'store'> <Ports = 2> <Width = 32> <Depth = 7> <RAM>
ST_72 : Operation 1077 [1/1] ( I:2.32ns O:2.32ns )   --->   "%store_ln33 = store i32 %tmp_8, i3 %fir_int_int_shift_reg_18_addr_8" [fir.cpp:33]   --->   Operation 1077 'store' 'store_ln33' <Predicate = (trunc_ln27 == 17 & icmp_ln31)> <Delay = 2.32> <CoreInst = "RAM">   --->   Core 81 'RAM' <Latency = 1> <II = 1> <Delay = 2.32> <Storage> <Opcode : 'load' 'store'> <Ports = 2> <Width = 32> <Depth = 7> <RAM>
ST_72 : Operation 1078 [1/1] ( I:2.32ns O:2.32ns )   --->   "%store_ln33 = store i32 %tmp_9, i3 %fir_int_int_shift_reg_17_addr_9" [fir.cpp:33]   --->   Operation 1078 'store' 'store_ln33' <Predicate = (trunc_ln27 == 17 & icmp_ln31)> <Delay = 2.32> <CoreInst = "RAM">   --->   Core 81 'RAM' <Latency = 1> <II = 1> <Delay = 2.32> <Storage> <Opcode : 'load' 'store'> <Ports = 2> <Width = 32> <Depth = 7> <RAM>
ST_72 : Operation 1079 [1/1] (0.00ns)   --->   "%br_ln33 = br void %arrayidx.8.exit" [fir.cpp:33]   --->   Operation 1079 'br' 'br_ln33' <Predicate = (trunc_ln27 == 17 & icmp_ln31)> <Delay = 0.00>
ST_72 : Operation 1080 [1/1] ( I:2.32ns O:2.32ns )   --->   "%store_ln33 = store i32 %tmp_7, i3 %fir_int_int_shift_reg_18_addr_7" [fir.cpp:33]   --->   Operation 1080 'store' 'store_ln33' <Predicate = (trunc_ln27 == 16 & icmp_ln31)> <Delay = 2.32> <CoreInst = "RAM">   --->   Core 81 'RAM' <Latency = 1> <II = 1> <Delay = 2.32> <Storage> <Opcode : 'load' 'store'> <Ports = 2> <Width = 32> <Depth = 7> <RAM>
ST_72 : Operation 1081 [1/1] ( I:2.32ns O:2.32ns )   --->   "%store_ln33 = store i32 %tmp_8, i3 %fir_int_int_shift_reg_17_addr_8" [fir.cpp:33]   --->   Operation 1081 'store' 'store_ln33' <Predicate = (trunc_ln27 == 16 & icmp_ln31)> <Delay = 2.32> <CoreInst = "RAM">   --->   Core 81 'RAM' <Latency = 1> <II = 1> <Delay = 2.32> <Storage> <Opcode : 'load' 'store'> <Ports = 2> <Width = 32> <Depth = 7> <RAM>
ST_72 : Operation 1082 [1/1] ( I:2.32ns O:2.32ns )   --->   "%store_ln33 = store i32 %tmp_9, i3 %fir_int_int_shift_reg_16_addr_9" [fir.cpp:33]   --->   Operation 1082 'store' 'store_ln33' <Predicate = (trunc_ln27 == 16 & icmp_ln31)> <Delay = 2.32> <CoreInst = "RAM">   --->   Core 81 'RAM' <Latency = 1> <II = 1> <Delay = 2.32> <Storage> <Opcode : 'load' 'store'> <Ports = 2> <Width = 32> <Depth = 7> <RAM>
ST_72 : Operation 1083 [1/1] (0.00ns)   --->   "%br_ln33 = br void %arrayidx.8.exit" [fir.cpp:33]   --->   Operation 1083 'br' 'br_ln33' <Predicate = (trunc_ln27 == 16 & icmp_ln31)> <Delay = 0.00>
ST_72 : Operation 1084 [1/1] ( I:2.32ns O:2.32ns )   --->   "%store_ln33 = store i32 %tmp_7, i3 %fir_int_int_shift_reg_17_addr_7" [fir.cpp:33]   --->   Operation 1084 'store' 'store_ln33' <Predicate = (trunc_ln27 == 15 & icmp_ln31)> <Delay = 2.32> <CoreInst = "RAM">   --->   Core 81 'RAM' <Latency = 1> <II = 1> <Delay = 2.32> <Storage> <Opcode : 'load' 'store'> <Ports = 2> <Width = 32> <Depth = 7> <RAM>
ST_72 : Operation 1085 [1/1] ( I:2.32ns O:2.32ns )   --->   "%store_ln33 = store i32 %tmp_8, i3 %fir_int_int_shift_reg_16_addr_8" [fir.cpp:33]   --->   Operation 1085 'store' 'store_ln33' <Predicate = (trunc_ln27 == 15 & icmp_ln31)> <Delay = 2.32> <CoreInst = "RAM">   --->   Core 81 'RAM' <Latency = 1> <II = 1> <Delay = 2.32> <Storage> <Opcode : 'load' 'store'> <Ports = 2> <Width = 32> <Depth = 7> <RAM>
ST_72 : Operation 1086 [1/1] ( I:2.32ns O:2.32ns )   --->   "%store_ln33 = store i32 %tmp_9, i3 %fir_int_int_shift_reg_15_addr_9" [fir.cpp:33]   --->   Operation 1086 'store' 'store_ln33' <Predicate = (trunc_ln27 == 15 & icmp_ln31)> <Delay = 2.32> <CoreInst = "RAM">   --->   Core 81 'RAM' <Latency = 1> <II = 1> <Delay = 2.32> <Storage> <Opcode : 'load' 'store'> <Ports = 2> <Width = 32> <Depth = 7> <RAM>
ST_72 : Operation 1087 [1/1] (0.00ns)   --->   "%br_ln33 = br void %arrayidx.8.exit" [fir.cpp:33]   --->   Operation 1087 'br' 'br_ln33' <Predicate = (trunc_ln27 == 15 & icmp_ln31)> <Delay = 0.00>
ST_72 : Operation 1088 [1/1] ( I:2.32ns O:2.32ns )   --->   "%store_ln33 = store i32 %tmp_7, i3 %fir_int_int_shift_reg_16_addr_7" [fir.cpp:33]   --->   Operation 1088 'store' 'store_ln33' <Predicate = (trunc_ln27 == 14 & icmp_ln31)> <Delay = 2.32> <CoreInst = "RAM">   --->   Core 81 'RAM' <Latency = 1> <II = 1> <Delay = 2.32> <Storage> <Opcode : 'load' 'store'> <Ports = 2> <Width = 32> <Depth = 7> <RAM>
ST_72 : Operation 1089 [1/1] ( I:2.32ns O:2.32ns )   --->   "%store_ln33 = store i32 %tmp_8, i3 %fir_int_int_shift_reg_15_addr_8" [fir.cpp:33]   --->   Operation 1089 'store' 'store_ln33' <Predicate = (trunc_ln27 == 14 & icmp_ln31)> <Delay = 2.32> <CoreInst = "RAM">   --->   Core 81 'RAM' <Latency = 1> <II = 1> <Delay = 2.32> <Storage> <Opcode : 'load' 'store'> <Ports = 2> <Width = 32> <Depth = 7> <RAM>
ST_72 : Operation 1090 [1/1] ( I:2.32ns O:2.32ns )   --->   "%store_ln33 = store i32 %tmp_9, i3 %fir_int_int_shift_reg_14_addr_9" [fir.cpp:33]   --->   Operation 1090 'store' 'store_ln33' <Predicate = (trunc_ln27 == 14 & icmp_ln31)> <Delay = 2.32> <CoreInst = "RAM">   --->   Core 81 'RAM' <Latency = 1> <II = 1> <Delay = 2.32> <Storage> <Opcode : 'load' 'store'> <Ports = 2> <Width = 32> <Depth = 7> <RAM>
ST_72 : Operation 1091 [1/1] (0.00ns)   --->   "%br_ln33 = br void %arrayidx.8.exit" [fir.cpp:33]   --->   Operation 1091 'br' 'br_ln33' <Predicate = (trunc_ln27 == 14 & icmp_ln31)> <Delay = 0.00>
ST_72 : Operation 1092 [1/1] ( I:2.32ns O:2.32ns )   --->   "%store_ln33 = store i32 %tmp_7, i3 %fir_int_int_shift_reg_15_addr_7" [fir.cpp:33]   --->   Operation 1092 'store' 'store_ln33' <Predicate = (trunc_ln27 == 13 & icmp_ln31)> <Delay = 2.32> <CoreInst = "RAM">   --->   Core 81 'RAM' <Latency = 1> <II = 1> <Delay = 2.32> <Storage> <Opcode : 'load' 'store'> <Ports = 2> <Width = 32> <Depth = 7> <RAM>
ST_72 : Operation 1093 [1/1] ( I:2.32ns O:2.32ns )   --->   "%store_ln33 = store i32 %tmp_8, i3 %fir_int_int_shift_reg_14_addr_8" [fir.cpp:33]   --->   Operation 1093 'store' 'store_ln33' <Predicate = (trunc_ln27 == 13 & icmp_ln31)> <Delay = 2.32> <CoreInst = "RAM">   --->   Core 81 'RAM' <Latency = 1> <II = 1> <Delay = 2.32> <Storage> <Opcode : 'load' 'store'> <Ports = 2> <Width = 32> <Depth = 7> <RAM>
ST_72 : Operation 1094 [1/1] ( I:2.32ns O:2.32ns )   --->   "%store_ln33 = store i32 %tmp_9, i3 %fir_int_int_shift_reg_13_addr_9" [fir.cpp:33]   --->   Operation 1094 'store' 'store_ln33' <Predicate = (trunc_ln27 == 13 & icmp_ln31)> <Delay = 2.32> <CoreInst = "RAM">   --->   Core 81 'RAM' <Latency = 1> <II = 1> <Delay = 2.32> <Storage> <Opcode : 'load' 'store'> <Ports = 2> <Width = 32> <Depth = 7> <RAM>
ST_72 : Operation 1095 [1/1] (0.00ns)   --->   "%br_ln33 = br void %arrayidx.8.exit" [fir.cpp:33]   --->   Operation 1095 'br' 'br_ln33' <Predicate = (trunc_ln27 == 13 & icmp_ln31)> <Delay = 0.00>
ST_72 : Operation 1096 [1/1] ( I:2.32ns O:2.32ns )   --->   "%store_ln33 = store i32 %tmp_7, i3 %fir_int_int_shift_reg_14_addr_7" [fir.cpp:33]   --->   Operation 1096 'store' 'store_ln33' <Predicate = (trunc_ln27 == 12 & icmp_ln31)> <Delay = 2.32> <CoreInst = "RAM">   --->   Core 81 'RAM' <Latency = 1> <II = 1> <Delay = 2.32> <Storage> <Opcode : 'load' 'store'> <Ports = 2> <Width = 32> <Depth = 7> <RAM>
ST_72 : Operation 1097 [1/1] ( I:2.32ns O:2.32ns )   --->   "%store_ln33 = store i32 %tmp_8, i3 %fir_int_int_shift_reg_13_addr_8" [fir.cpp:33]   --->   Operation 1097 'store' 'store_ln33' <Predicate = (trunc_ln27 == 12 & icmp_ln31)> <Delay = 2.32> <CoreInst = "RAM">   --->   Core 81 'RAM' <Latency = 1> <II = 1> <Delay = 2.32> <Storage> <Opcode : 'load' 'store'> <Ports = 2> <Width = 32> <Depth = 7> <RAM>
ST_72 : Operation 1098 [1/1] ( I:2.32ns O:2.32ns )   --->   "%store_ln33 = store i32 %tmp_9, i3 %fir_int_int_shift_reg_12_addr_9" [fir.cpp:33]   --->   Operation 1098 'store' 'store_ln33' <Predicate = (trunc_ln27 == 12 & icmp_ln31)> <Delay = 2.32> <CoreInst = "RAM">   --->   Core 81 'RAM' <Latency = 1> <II = 1> <Delay = 2.32> <Storage> <Opcode : 'load' 'store'> <Ports = 2> <Width = 32> <Depth = 7> <RAM>
ST_72 : Operation 1099 [1/1] (0.00ns)   --->   "%br_ln33 = br void %arrayidx.8.exit" [fir.cpp:33]   --->   Operation 1099 'br' 'br_ln33' <Predicate = (trunc_ln27 == 12 & icmp_ln31)> <Delay = 0.00>
ST_72 : Operation 1100 [1/1] ( I:2.32ns O:2.32ns )   --->   "%store_ln33 = store i32 %tmp_7, i3 %fir_int_int_shift_reg_13_addr_7" [fir.cpp:33]   --->   Operation 1100 'store' 'store_ln33' <Predicate = (trunc_ln27 == 11 & icmp_ln31)> <Delay = 2.32> <CoreInst = "RAM">   --->   Core 81 'RAM' <Latency = 1> <II = 1> <Delay = 2.32> <Storage> <Opcode : 'load' 'store'> <Ports = 2> <Width = 32> <Depth = 7> <RAM>
ST_72 : Operation 1101 [1/1] ( I:2.32ns O:2.32ns )   --->   "%store_ln33 = store i32 %tmp_8, i3 %fir_int_int_shift_reg_12_addr_8" [fir.cpp:33]   --->   Operation 1101 'store' 'store_ln33' <Predicate = (trunc_ln27 == 11 & icmp_ln31)> <Delay = 2.32> <CoreInst = "RAM">   --->   Core 81 'RAM' <Latency = 1> <II = 1> <Delay = 2.32> <Storage> <Opcode : 'load' 'store'> <Ports = 2> <Width = 32> <Depth = 7> <RAM>
ST_72 : Operation 1102 [1/1] ( I:2.32ns O:2.32ns )   --->   "%store_ln33 = store i32 %tmp_9, i3 %fir_int_int_shift_reg_11_addr_9" [fir.cpp:33]   --->   Operation 1102 'store' 'store_ln33' <Predicate = (trunc_ln27 == 11 & icmp_ln31)> <Delay = 2.32> <CoreInst = "RAM">   --->   Core 81 'RAM' <Latency = 1> <II = 1> <Delay = 2.32> <Storage> <Opcode : 'load' 'store'> <Ports = 2> <Width = 32> <Depth = 7> <RAM>
ST_72 : Operation 1103 [1/1] (0.00ns)   --->   "%br_ln33 = br void %arrayidx.8.exit" [fir.cpp:33]   --->   Operation 1103 'br' 'br_ln33' <Predicate = (trunc_ln27 == 11 & icmp_ln31)> <Delay = 0.00>
ST_72 : Operation 1104 [1/1] ( I:2.32ns O:2.32ns )   --->   "%store_ln33 = store i32 %tmp_7, i3 %fir_int_int_shift_reg_12_addr_7" [fir.cpp:33]   --->   Operation 1104 'store' 'store_ln33' <Predicate = (trunc_ln27 == 10 & icmp_ln31)> <Delay = 2.32> <CoreInst = "RAM">   --->   Core 81 'RAM' <Latency = 1> <II = 1> <Delay = 2.32> <Storage> <Opcode : 'load' 'store'> <Ports = 2> <Width = 32> <Depth = 7> <RAM>
ST_72 : Operation 1105 [1/1] ( I:2.32ns O:2.32ns )   --->   "%store_ln33 = store i32 %tmp_8, i3 %fir_int_int_shift_reg_11_addr_8" [fir.cpp:33]   --->   Operation 1105 'store' 'store_ln33' <Predicate = (trunc_ln27 == 10 & icmp_ln31)> <Delay = 2.32> <CoreInst = "RAM">   --->   Core 81 'RAM' <Latency = 1> <II = 1> <Delay = 2.32> <Storage> <Opcode : 'load' 'store'> <Ports = 2> <Width = 32> <Depth = 7> <RAM>
ST_72 : Operation 1106 [1/1] ( I:2.32ns O:2.32ns )   --->   "%store_ln33 = store i32 %tmp_9, i3 %fir_int_int_shift_reg_10_addr_9" [fir.cpp:33]   --->   Operation 1106 'store' 'store_ln33' <Predicate = (trunc_ln27 == 10 & icmp_ln31)> <Delay = 2.32> <CoreInst = "RAM">   --->   Core 81 'RAM' <Latency = 1> <II = 1> <Delay = 2.32> <Storage> <Opcode : 'load' 'store'> <Ports = 2> <Width = 32> <Depth = 7> <RAM>
ST_72 : Operation 1107 [1/1] (0.00ns)   --->   "%br_ln33 = br void %arrayidx.8.exit" [fir.cpp:33]   --->   Operation 1107 'br' 'br_ln33' <Predicate = (trunc_ln27 == 10 & icmp_ln31)> <Delay = 0.00>
ST_72 : Operation 1108 [1/1] ( I:2.32ns O:2.32ns )   --->   "%store_ln33 = store i32 %tmp_7, i3 %fir_int_int_shift_reg_11_addr_7" [fir.cpp:33]   --->   Operation 1108 'store' 'store_ln33' <Predicate = (trunc_ln27 == 9 & icmp_ln31)> <Delay = 2.32> <CoreInst = "RAM">   --->   Core 81 'RAM' <Latency = 1> <II = 1> <Delay = 2.32> <Storage> <Opcode : 'load' 'store'> <Ports = 2> <Width = 32> <Depth = 7> <RAM>
ST_72 : Operation 1109 [1/1] ( I:2.32ns O:2.32ns )   --->   "%store_ln33 = store i32 %tmp_8, i3 %fir_int_int_shift_reg_10_addr_8" [fir.cpp:33]   --->   Operation 1109 'store' 'store_ln33' <Predicate = (trunc_ln27 == 9 & icmp_ln31)> <Delay = 2.32> <CoreInst = "RAM">   --->   Core 81 'RAM' <Latency = 1> <II = 1> <Delay = 2.32> <Storage> <Opcode : 'load' 'store'> <Ports = 2> <Width = 32> <Depth = 7> <RAM>
ST_72 : Operation 1110 [1/1] ( I:2.32ns O:2.32ns )   --->   "%store_ln33 = store i32 %tmp_9, i3 %fir_int_int_shift_reg_addr_9" [fir.cpp:33]   --->   Operation 1110 'store' 'store_ln33' <Predicate = (trunc_ln27 == 9 & icmp_ln31)> <Delay = 2.32> <CoreInst = "RAM">   --->   Core 81 'RAM' <Latency = 1> <II = 1> <Delay = 2.32> <Storage> <Opcode : 'load' 'store'> <Ports = 2> <Width = 32> <Depth = 7> <RAM>
ST_72 : Operation 1111 [1/1] (0.00ns)   --->   "%br_ln33 = br void %arrayidx.8.exit" [fir.cpp:33]   --->   Operation 1111 'br' 'br_ln33' <Predicate = (trunc_ln27 == 9 & icmp_ln31)> <Delay = 0.00>
ST_72 : Operation 1112 [1/1] ( I:2.32ns O:2.32ns )   --->   "%store_ln33 = store i32 %tmp_7, i3 %fir_int_int_shift_reg_10_addr_7" [fir.cpp:33]   --->   Operation 1112 'store' 'store_ln33' <Predicate = (trunc_ln27 == 8 & icmp_ln31)> <Delay = 2.32> <CoreInst = "RAM">   --->   Core 81 'RAM' <Latency = 1> <II = 1> <Delay = 2.32> <Storage> <Opcode : 'load' 'store'> <Ports = 2> <Width = 32> <Depth = 7> <RAM>
ST_72 : Operation 1113 [1/1] ( I:2.32ns O:2.32ns )   --->   "%store_ln33 = store i32 %tmp_8, i3 %fir_int_int_shift_reg_addr_8" [fir.cpp:33]   --->   Operation 1113 'store' 'store_ln33' <Predicate = (trunc_ln27 == 8 & icmp_ln31)> <Delay = 2.32> <CoreInst = "RAM">   --->   Core 81 'RAM' <Latency = 1> <II = 1> <Delay = 2.32> <Storage> <Opcode : 'load' 'store'> <Ports = 2> <Width = 32> <Depth = 7> <RAM>
ST_72 : Operation 1114 [1/1] ( I:2.32ns O:2.32ns )   --->   "%store_ln33 = store i32 %tmp_9, i3 %p_ZZ3firPiiE9shift_reg_19_addr_9" [fir.cpp:33]   --->   Operation 1114 'store' 'store_ln33' <Predicate = (trunc_ln27 == 8 & icmp_ln31)> <Delay = 2.32> <CoreInst = "RAM">   --->   Core 81 'RAM' <Latency = 1> <II = 1> <Delay = 2.32> <Storage> <Opcode : 'load' 'store'> <Ports = 2> <Width = 32> <Depth = 7> <RAM>
ST_72 : Operation 1115 [1/1] (0.00ns)   --->   "%br_ln33 = br void %arrayidx.8.exit" [fir.cpp:33]   --->   Operation 1115 'br' 'br_ln33' <Predicate = (trunc_ln27 == 8 & icmp_ln31)> <Delay = 0.00>
ST_72 : Operation 1116 [1/1] ( I:2.32ns O:2.32ns )   --->   "%store_ln33 = store i32 %tmp_7, i3 %fir_int_int_shift_reg_addr_7" [fir.cpp:33]   --->   Operation 1116 'store' 'store_ln33' <Predicate = (trunc_ln27 == 7 & icmp_ln31)> <Delay = 2.32> <CoreInst = "RAM">   --->   Core 81 'RAM' <Latency = 1> <II = 1> <Delay = 2.32> <Storage> <Opcode : 'load' 'store'> <Ports = 2> <Width = 32> <Depth = 7> <RAM>
ST_72 : Operation 1117 [1/1] ( I:2.32ns O:2.32ns )   --->   "%store_ln33 = store i32 %tmp_8, i3 %p_ZZ3firPiiE9shift_reg_19_addr_8" [fir.cpp:33]   --->   Operation 1117 'store' 'store_ln33' <Predicate = (trunc_ln27 == 7 & icmp_ln31)> <Delay = 2.32> <CoreInst = "RAM">   --->   Core 81 'RAM' <Latency = 1> <II = 1> <Delay = 2.32> <Storage> <Opcode : 'load' 'store'> <Ports = 2> <Width = 32> <Depth = 7> <RAM>
ST_72 : Operation 1118 [1/1] ( I:2.32ns O:2.32ns )   --->   "%store_ln33 = store i32 %tmp_9, i3 %p_ZZ3firPiiE9shift_reg_18_addr_9" [fir.cpp:33]   --->   Operation 1118 'store' 'store_ln33' <Predicate = (trunc_ln27 == 7 & icmp_ln31)> <Delay = 2.32> <CoreInst = "RAM">   --->   Core 81 'RAM' <Latency = 1> <II = 1> <Delay = 2.32> <Storage> <Opcode : 'load' 'store'> <Ports = 2> <Width = 32> <Depth = 7> <RAM>
ST_72 : Operation 1119 [1/1] (0.00ns)   --->   "%br_ln33 = br void %arrayidx.8.exit" [fir.cpp:33]   --->   Operation 1119 'br' 'br_ln33' <Predicate = (trunc_ln27 == 7 & icmp_ln31)> <Delay = 0.00>
ST_72 : Operation 1120 [1/1] ( I:2.32ns O:2.32ns )   --->   "%store_ln33 = store i32 %tmp_7, i3 %p_ZZ3firPiiE9shift_reg_12_addr_7" [fir.cpp:33]   --->   Operation 1120 'store' 'store_ln33' <Predicate = (trunc_ln27 != 0 & trunc_ln27 != 1 & trunc_ln27 != 2 & trunc_ln27 != 3 & trunc_ln27 != 4 & trunc_ln27 != 5 & trunc_ln27 != 6 & trunc_ln27 != 7 & trunc_ln27 != 8 & trunc_ln27 != 9 & trunc_ln27 != 10 & trunc_ln27 != 11 & trunc_ln27 != 12 & trunc_ln27 != 13 & trunc_ln27 != 14 & trunc_ln27 != 15 & trunc_ln27 != 16 & trunc_ln27 != 17 & trunc_ln27 != 18 & icmp_ln31)> <Delay = 2.32> <CoreInst = "RAM">   --->   Core 81 'RAM' <Latency = 1> <II = 1> <Delay = 2.32> <Storage> <Opcode : 'load' 'store'> <Ports = 2> <Width = 32> <Depth = 7> <RAM>
ST_72 : Operation 1121 [1/1] ( I:2.32ns O:2.32ns )   --->   "%store_ln33 = store i32 %tmp_8, i3 %p_ZZ3firPiiE9shift_reg_11_addr_8" [fir.cpp:33]   --->   Operation 1121 'store' 'store_ln33' <Predicate = (trunc_ln27 != 0 & trunc_ln27 != 1 & trunc_ln27 != 2 & trunc_ln27 != 3 & trunc_ln27 != 4 & trunc_ln27 != 5 & trunc_ln27 != 6 & trunc_ln27 != 7 & trunc_ln27 != 8 & trunc_ln27 != 9 & trunc_ln27 != 10 & trunc_ln27 != 11 & trunc_ln27 != 12 & trunc_ln27 != 13 & trunc_ln27 != 14 & trunc_ln27 != 15 & trunc_ln27 != 16 & trunc_ln27 != 17 & trunc_ln27 != 18 & icmp_ln31)> <Delay = 2.32> <CoreInst = "RAM">   --->   Core 81 'RAM' <Latency = 1> <II = 1> <Delay = 2.32> <Storage> <Opcode : 'load' 'store'> <Ports = 2> <Width = 32> <Depth = 7> <RAM>
ST_72 : Operation 1122 [1/1] ( I:2.32ns O:2.32ns )   --->   "%store_ln33 = store i32 %tmp_9, i3 %p_ZZ3firPiiE9shift_reg_10_addr_9" [fir.cpp:33]   --->   Operation 1122 'store' 'store_ln33' <Predicate = (trunc_ln27 != 0 & trunc_ln27 != 1 & trunc_ln27 != 2 & trunc_ln27 != 3 & trunc_ln27 != 4 & trunc_ln27 != 5 & trunc_ln27 != 6 & trunc_ln27 != 7 & trunc_ln27 != 8 & trunc_ln27 != 9 & trunc_ln27 != 10 & trunc_ln27 != 11 & trunc_ln27 != 12 & trunc_ln27 != 13 & trunc_ln27 != 14 & trunc_ln27 != 15 & trunc_ln27 != 16 & trunc_ln27 != 17 & trunc_ln27 != 18 & icmp_ln31)> <Delay = 2.32> <CoreInst = "RAM">   --->   Core 81 'RAM' <Latency = 1> <II = 1> <Delay = 2.32> <Storage> <Opcode : 'load' 'store'> <Ports = 2> <Width = 32> <Depth = 7> <RAM>
ST_72 : Operation 1123 [1/1] (0.00ns)   --->   "%br_ln33 = br void %arrayidx.8.exit" [fir.cpp:33]   --->   Operation 1123 'br' 'br_ln33' <Predicate = (trunc_ln27 != 0 & trunc_ln27 != 1 & trunc_ln27 != 2 & trunc_ln27 != 3 & trunc_ln27 != 4 & trunc_ln27 != 5 & trunc_ln27 != 6 & trunc_ln27 != 7 & trunc_ln27 != 8 & trunc_ln27 != 9 & trunc_ln27 != 10 & trunc_ln27 != 11 & trunc_ln27 != 12 & trunc_ln27 != 13 & trunc_ln27 != 14 & trunc_ln27 != 15 & trunc_ln27 != 16 & trunc_ln27 != 17 & trunc_ln27 != 18 & icmp_ln31)> <Delay = 0.00>
ST_72 : Operation 1124 [1/1] (1.58ns)   --->   "%ret_ln0 = ret"   --->   Operation 1124 'ret' 'ret_ln0' <Predicate = (!icmp_ln31)> <Delay = 1.58>


============================================================
+ Verbose Summary: Timing violations
============================================================
Target clock period: 10.000ns, clock uncertainty: 2.700ns.

 <State 1>: 1.588ns
The critical path consists of the following:
	'alloca' operation 64 bit ('i', fir.cpp:27) [21]  (0.000 ns)
	'store' operation 0 bit ('store_ln27', fir.cpp:27) of constant 127 on local variable 'i', fir.cpp:27 [22]  (1.588 ns)

 <State 2>: 5.272ns
The critical path consists of the following:
	'load' operation 64 bit ('i', fir.cpp:33) on local variable 'i', fir.cpp:27 [25]  (0.000 ns)
	'urem' operation 5 bit ('urem_ln27', fir.cpp:27) [33]  (5.272 ns)

 <State 3>: 5.272ns
The critical path consists of the following:
	'urem' operation 5 bit ('urem_ln27', fir.cpp:27) [33]  (5.272 ns)

 <State 4>: 5.272ns
The critical path consists of the following:
	'urem' operation 5 bit ('urem_ln27', fir.cpp:27) [33]  (5.272 ns)

 <State 5>: 5.272ns
The critical path consists of the following:
	'urem' operation 5 bit ('urem_ln27', fir.cpp:27) [33]  (5.272 ns)

 <State 6>: 5.272ns
The critical path consists of the following:
	'urem' operation 5 bit ('urem_ln27', fir.cpp:27) [33]  (5.272 ns)

 <State 7>: 5.272ns
The critical path consists of the following:
	'urem' operation 5 bit ('urem_ln27', fir.cpp:27) [33]  (5.272 ns)

 <State 8>: 5.272ns
The critical path consists of the following:
	'urem' operation 5 bit ('urem_ln27', fir.cpp:27) [33]  (5.272 ns)

 <State 9>: 5.272ns
The critical path consists of the following:
	'urem' operation 5 bit ('urem_ln27', fir.cpp:27) [33]  (5.272 ns)

 <State 10>: 5.272ns
The critical path consists of the following:
	'urem' operation 5 bit ('urem_ln27', fir.cpp:27) [33]  (5.272 ns)

 <State 11>: 5.272ns
The critical path consists of the following:
	'urem' operation 5 bit ('urem_ln27', fir.cpp:27) [33]  (5.272 ns)

 <State 12>: 5.272ns
The critical path consists of the following:
	'urem' operation 5 bit ('urem_ln27', fir.cpp:27) [33]  (5.272 ns)

 <State 13>: 5.272ns
The critical path consists of the following:
	'urem' operation 5 bit ('urem_ln27', fir.cpp:27) [33]  (5.272 ns)

 <State 14>: 5.272ns
The critical path consists of the following:
	'urem' operation 5 bit ('urem_ln27', fir.cpp:27) [33]  (5.272 ns)

 <State 15>: 5.272ns
The critical path consists of the following:
	'urem' operation 5 bit ('urem_ln27', fir.cpp:27) [33]  (5.272 ns)

 <State 16>: 5.272ns
The critical path consists of the following:
	'urem' operation 5 bit ('urem_ln27', fir.cpp:27) [33]  (5.272 ns)

 <State 17>: 5.272ns
The critical path consists of the following:
	'urem' operation 5 bit ('urem_ln27', fir.cpp:27) [33]  (5.272 ns)

 <State 18>: 5.272ns
The critical path consists of the following:
	'urem' operation 5 bit ('urem_ln27', fir.cpp:27) [33]  (5.272 ns)

 <State 19>: 5.272ns
The critical path consists of the following:
	'urem' operation 5 bit ('urem_ln27', fir.cpp:27) [33]  (5.272 ns)

 <State 20>: 5.272ns
The critical path consists of the following:
	'urem' operation 5 bit ('urem_ln27', fir.cpp:27) [33]  (5.272 ns)

 <State 21>: 5.272ns
The critical path consists of the following:
	'urem' operation 5 bit ('urem_ln27', fir.cpp:27) [33]  (5.272 ns)

 <State 22>: 5.272ns
The critical path consists of the following:
	'urem' operation 5 bit ('urem_ln27', fir.cpp:27) [33]  (5.272 ns)

 <State 23>: 5.272ns
The critical path consists of the following:
	'urem' operation 5 bit ('urem_ln27', fir.cpp:27) [33]  (5.272 ns)

 <State 24>: 5.272ns
The critical path consists of the following:
	'urem' operation 5 bit ('urem_ln27', fir.cpp:27) [33]  (5.272 ns)

 <State 25>: 5.272ns
The critical path consists of the following:
	'urem' operation 5 bit ('urem_ln27', fir.cpp:27) [33]  (5.272 ns)

 <State 26>: 5.272ns
The critical path consists of the following:
	'urem' operation 5 bit ('urem_ln27', fir.cpp:27) [33]  (5.272 ns)

 <State 27>: 5.272ns
The critical path consists of the following:
	'urem' operation 5 bit ('urem_ln27', fir.cpp:27) [33]  (5.272 ns)

 <State 28>: 5.272ns
The critical path consists of the following:
	'urem' operation 5 bit ('urem_ln27', fir.cpp:27) [33]  (5.272 ns)

 <State 29>: 5.272ns
The critical path consists of the following:
	'urem' operation 5 bit ('urem_ln27', fir.cpp:27) [33]  (5.272 ns)

 <State 30>: 5.272ns
The critical path consists of the following:
	'urem' operation 5 bit ('urem_ln27', fir.cpp:27) [33]  (5.272 ns)

 <State 31>: 5.272ns
The critical path consists of the following:
	'urem' operation 5 bit ('urem_ln27', fir.cpp:27) [33]  (5.272 ns)

 <State 32>: 5.272ns
The critical path consists of the following:
	'urem' operation 5 bit ('urem_ln27', fir.cpp:27) [33]  (5.272 ns)

 <State 33>: 5.272ns
The critical path consists of the following:
	'urem' operation 5 bit ('urem_ln27', fir.cpp:27) [33]  (5.272 ns)

 <State 34>: 5.272ns
The critical path consists of the following:
	'urem' operation 5 bit ('urem_ln27', fir.cpp:27) [33]  (5.272 ns)

 <State 35>: 5.272ns
The critical path consists of the following:
	'urem' operation 5 bit ('urem_ln27', fir.cpp:27) [33]  (5.272 ns)

 <State 36>: 5.272ns
The critical path consists of the following:
	'urem' operation 5 bit ('urem_ln27', fir.cpp:27) [33]  (5.272 ns)

 <State 37>: 5.272ns
The critical path consists of the following:
	'urem' operation 5 bit ('urem_ln27', fir.cpp:27) [33]  (5.272 ns)

 <State 38>: 5.272ns
The critical path consists of the following:
	'urem' operation 5 bit ('urem_ln27', fir.cpp:27) [33]  (5.272 ns)

 <State 39>: 5.272ns
The critical path consists of the following:
	'urem' operation 5 bit ('urem_ln27', fir.cpp:27) [33]  (5.272 ns)

 <State 40>: 5.272ns
The critical path consists of the following:
	'urem' operation 5 bit ('urem_ln27', fir.cpp:27) [33]  (5.272 ns)

 <State 41>: 5.272ns
The critical path consists of the following:
	'urem' operation 5 bit ('urem_ln27', fir.cpp:27) [33]  (5.272 ns)

 <State 42>: 5.272ns
The critical path consists of the following:
	'urem' operation 5 bit ('urem_ln27', fir.cpp:27) [33]  (5.272 ns)

 <State 43>: 5.272ns
The critical path consists of the following:
	'urem' operation 5 bit ('urem_ln27', fir.cpp:27) [33]  (5.272 ns)

 <State 44>: 5.272ns
The critical path consists of the following:
	'urem' operation 5 bit ('urem_ln27', fir.cpp:27) [33]  (5.272 ns)

 <State 45>: 5.272ns
The critical path consists of the following:
	'urem' operation 5 bit ('urem_ln27', fir.cpp:27) [33]  (5.272 ns)

 <State 46>: 5.272ns
The critical path consists of the following:
	'urem' operation 5 bit ('urem_ln27', fir.cpp:27) [33]  (5.272 ns)

 <State 47>: 5.272ns
The critical path consists of the following:
	'urem' operation 5 bit ('urem_ln27', fir.cpp:27) [33]  (5.272 ns)

 <State 48>: 5.272ns
The critical path consists of the following:
	'urem' operation 5 bit ('urem_ln27', fir.cpp:27) [33]  (5.272 ns)

 <State 49>: 5.272ns
The critical path consists of the following:
	'urem' operation 5 bit ('urem_ln27', fir.cpp:27) [33]  (5.272 ns)

 <State 50>: 5.272ns
The critical path consists of the following:
	'urem' operation 5 bit ('urem_ln27', fir.cpp:27) [33]  (5.272 ns)

 <State 51>: 5.272ns
The critical path consists of the following:
	'urem' operation 5 bit ('urem_ln27', fir.cpp:27) [33]  (5.272 ns)

 <State 52>: 5.272ns
The critical path consists of the following:
	'urem' operation 5 bit ('urem_ln27', fir.cpp:27) [33]  (5.272 ns)

 <State 53>: 5.272ns
The critical path consists of the following:
	'urem' operation 5 bit ('urem_ln27', fir.cpp:27) [33]  (5.272 ns)

 <State 54>: 5.272ns
The critical path consists of the following:
	'urem' operation 5 bit ('urem_ln27', fir.cpp:27) [33]  (5.272 ns)

 <State 55>: 5.272ns
The critical path consists of the following:
	'urem' operation 5 bit ('urem_ln27', fir.cpp:27) [33]  (5.272 ns)

 <State 56>: 5.272ns
The critical path consists of the following:
	'urem' operation 5 bit ('urem_ln27', fir.cpp:27) [33]  (5.272 ns)

 <State 57>: 5.272ns
The critical path consists of the following:
	'urem' operation 5 bit ('urem_ln27', fir.cpp:27) [33]  (5.272 ns)

 <State 58>: 5.272ns
The critical path consists of the following:
	'urem' operation 5 bit ('urem_ln27', fir.cpp:27) [33]  (5.272 ns)

 <State 59>: 5.272ns
The critical path consists of the following:
	'urem' operation 5 bit ('urem_ln27', fir.cpp:27) [33]  (5.272 ns)

 <State 60>: 5.272ns
The critical path consists of the following:
	'urem' operation 5 bit ('urem_ln27', fir.cpp:27) [33]  (5.272 ns)

 <State 61>: 5.272ns
The critical path consists of the following:
	'urem' operation 5 bit ('urem_ln27', fir.cpp:27) [33]  (5.272 ns)

 <State 62>: 5.272ns
The critical path consists of the following:
	'urem' operation 5 bit ('urem_ln27', fir.cpp:27) [33]  (5.272 ns)

 <State 63>: 5.272ns
The critical path consists of the following:
	'urem' operation 5 bit ('urem_ln27', fir.cpp:27) [33]  (5.272 ns)

 <State 64>: 6.978ns
The critical path consists of the following:
	'mul' operation 129 bit ('mul_ln33_7', fir.cpp:33) [564]  (6.978 ns)

 <State 65>: 6.978ns
The critical path consists of the following:
	'mul' operation 129 bit ('mul_ln33_7', fir.cpp:33) [564]  (6.978 ns)

 <State 66>: 6.978ns
The critical path consists of the following:
	'mul' operation 129 bit ('mul_ln33_7', fir.cpp:33) [564]  (6.978 ns)

 <State 67>: 6.978ns
The critical path consists of the following:
	'mul' operation 129 bit ('mul_ln33_7', fir.cpp:33) [564]  (6.978 ns)

 <State 68>: 6.978ns
The critical path consists of the following:
	'mul' operation 129 bit ('mul_ln33_7', fir.cpp:33) [564]  (6.978 ns)

 <State 69>: 7.052ns
The critical path consists of the following:
	'urem' operation 5 bit ('urem_ln27', fir.cpp:27) [33]  (5.272 ns)
	blocking operation 1.78 ns on control path)

 <State 70>: 6.978ns
The critical path consists of the following:
	'mul' operation 129 bit ('mul_ln27', fir.cpp:27) [30]  (6.978 ns)

 <State 71>: 5.342ns
The critical path consists of the following:
	'load' operation 32 bit ('fir_int_int_shift_reg_load_7', fir.cpp:33) on array 'fir_int_int_shift_reg' [587]  (2.322 ns)
	'sparsemux' operation 32 bit ('tmp_7', fir.cpp:33) [607]  (3.020 ns)

 <State 72>: 5.342ns
The critical path consists of the following:
	'sparsemux' operation 32 bit ('tmp_9', fir.cpp:33) [699]  (3.020 ns)
	'store' operation 0 bit ('store_ln33', fir.cpp:33) of variable 'tmp_9', fir.cpp:33 on array 'fir_int_int_shift_reg_18' [739]  (2.322 ns)


============================================================
+ Verbose Summary: Binding
============================================================
N/A
* FSMD analyzer results:
  - Output states:
 - Input state : 
  - Chain level:
	State 1
	State 2
	State 3
	State 4
	State 5
	State 6
	State 7
	State 8
	State 9
	State 10
	State 11
	State 12
	State 13
	State 14
	State 15
	State 16
	State 17
	State 18
	State 19
	State 20
	State 21
	State 22
	State 23
	State 24
	State 25
	State 26
	State 27
	State 28
	State 29
	State 30
	State 31
	State 32
	State 33
	State 34
	State 35
	State 36
	State 37
	State 38
	State 39
	State 40
	State 41
	State 42
	State 43
	State 44
	State 45
	State 46
	State 47
	State 48
	State 49
	State 50
	State 51
	State 52
	State 53
	State 54
	State 55
	State 56
	State 57
	State 58
	State 59
	State 60
	State 61
	State 62
	State 63
	State 64
	State 65
	State 66
	State 67
	State 68
	State 69
	State 70
	State 71
	State 72


============================================================
+ Verbose Summary: Datapath Resource usage 
============================================================
N/A
