

================================================================
== Vitis HLS Report for 'fir_Pipeline_MAC'
================================================================
* Date:           Sun Oct 12 20:24:32 2025

* Version:        2024.2 (Build 5238294 on Nov  8 2024)
* Project:        fir.comp
* Solution:       hls (Vivado IP Flow Target)
* Product family: zynq
* Target device:  xc7z020-clg400-1


================================================================
== Performance Estimates
================================================================
+ Timing: 
    * Summary: 
    +--------+----------+----------+------------+
    |  Clock |  Target  | Estimated| Uncertainty|
    +--------+----------+----------+------------+
    |ap_clk  |  10.00 ns|  7.234 ns|     2.70 ns|
    +--------+----------+----------+------------+

+ Latency: 
    * Summary: 
    +---------+---------+----------+----------+-----+-----+------------------------------------------------+
    |  Latency (cycles) |  Latency (absolute) |  Interval |                    Pipeline                    |
    |   min   |   max   |    min   |    max   | min | max |                      Type                      |
    +---------+---------+----------+----------+-----+-----+------------------------------------------------+
    |       27|       27|  0.270 us|  0.270 us|    8|    8|  loop auto-rewind stp (delay=0 clock cycles(s))|
    +---------+---------+----------+----------+-----+-----+------------------------------------------------+

    + Detail: 
        * Instance: 
        N/A

        * Loop: 
        +----------+---------+---------+----------+-----------+-----------+------+----------+
        |          |  Latency (cycles) | Iteration|  Initiation Interval  | Trip |          |
        | Loop Name|   min   |   max   |  Latency |  achieved |   target  | Count| Pipelined|
        +----------+---------+---------+----------+-----------+-----------+------+----------+
        |- MAC     |       25|       25|        21|          2|          1|     3|       yes|
        +----------+---------+---------+----------+-----------+-----------+------+----------+



================================================================
== Utilization Estimates
================================================================
* Summary: 
+-----------------+---------+-----+--------+-------+-----+
|       Name      | BRAM_18K| DSP |   FF   |  LUT  | URAM|
+-----------------+---------+-----+--------+-------+-----+
|DSP              |        -|    -|       -|      -|    -|
|Expression       |        -|    -|       0|   1917|    -|
|FIFO             |        -|    -|       -|      -|    -|
|Instance         |        -|   80|    6762|  12142|    -|
|Memory           |        0|    -|   12800|     80|    -|
|Multiplexer      |        -|    -|       0|   9908|    -|
|Register         |        -|    -|   61880|  26912|    -|
+-----------------+---------+-----+--------+-------+-----+
|Total            |        0|   80|   81442|  50959|    0|
+-----------------+---------+-----+--------+-------+-----+
|Available        |      280|  220|  106400|  53200|    0|
+-----------------+---------+-----+--------+-------+-----+
|Utilization (%)  |        0|   36|      76|     95|    0|
+-----------------+---------+-----+--------+-------+-----+

+ Detail: 
    * Instance: 
    +------------------------------+-------------------------+---------+----+-----+-----+-----+
    |           Instance           |          Module         | BRAM_18K| DSP|  FF | LUT | URAM|
    +------------------------------+-------------------------+---------+----+-----+-----+-----+
    |mul_5s_32s_32_2_1_U171        |mul_5s_32s_32_2_1        |        0|   2|  165|   50|    0|
    |mul_5s_32s_32_2_1_U172        |mul_5s_32s_32_2_1        |        0|   2|  165|   50|    0|
    |mul_5s_32s_32_2_1_U173        |mul_5s_32s_32_2_1        |        0|   2|  165|   50|    0|
    |mul_5s_32s_32_2_1_U174        |mul_5s_32s_32_2_1        |        0|   2|  165|   50|    0|
    |mul_5s_32s_32_2_1_U175        |mul_5s_32s_32_2_1        |        0|   2|  165|   50|    0|
    |mul_5s_32s_32_2_1_U176        |mul_5s_32s_32_2_1        |        0|   2|  165|   50|    0|
    |mul_5s_32s_32_2_1_U177        |mul_5s_32s_32_2_1        |        0|   2|  165|   50|    0|
    |mul_5s_32s_32_2_1_U178        |mul_5s_32s_32_2_1        |        0|   2|  165|   50|    0|
    |mul_5s_32s_32_2_1_U179        |mul_5s_32s_32_2_1        |        0|   2|  165|   50|    0|
    |mul_5s_32s_32_2_1_U180        |mul_5s_32s_32_2_1        |        0|   2|  165|   50|    0|
    |mul_5s_32s_32_2_1_U181        |mul_5s_32s_32_2_1        |        0|   2|  165|   50|    0|
    |mul_5s_32s_32_2_1_U182        |mul_5s_32s_32_2_1        |        0|   2|  165|   50|    0|
    |mul_5s_32s_32_2_1_U183        |mul_5s_32s_32_2_1        |        0|   2|  165|   50|    0|
    |mul_5s_32s_32_2_1_U184        |mul_5s_32s_32_2_1        |        0|   2|  165|   50|    0|
    |mul_5s_32s_32_2_1_U185        |mul_5s_32s_32_2_1        |        0|   2|  165|   50|    0|
    |mul_5s_32s_32_2_1_U186        |mul_5s_32s_32_2_1        |        0|   2|  165|   50|    0|
    |mul_5s_32s_32_2_1_U187        |mul_5s_32s_32_2_1        |        0|   2|  165|   50|    0|
    |mul_5s_32s_32_2_1_U188        |mul_5s_32s_32_2_1        |        0|   2|  165|   50|    0|
    |mul_5s_32s_32_2_1_U189        |mul_5s_32s_32_2_1        |        0|   2|  165|   50|    0|
    |mul_5s_32s_32_2_1_U190        |mul_5s_32s_32_2_1        |        0|   2|  165|   50|    0|
    |mul_5s_32s_32_2_1_U191        |mul_5s_32s_32_2_1        |        0|   2|  165|   50|    0|
    |mul_5s_32s_32_2_1_U192        |mul_5s_32s_32_2_1        |        0|   2|  165|   50|    0|
    |mul_5s_32s_32_2_1_U193        |mul_5s_32s_32_2_1        |        0|   2|  165|   50|    0|
    |mul_5s_32s_32_2_1_U194        |mul_5s_32s_32_2_1        |        0|   2|  165|   50|    0|
    |mul_5s_32s_32_2_1_U195        |mul_5s_32s_32_2_1        |        0|   2|  165|   50|    0|
    |mul_5s_32s_32_2_1_U196        |mul_5s_32s_32_2_1        |        0|   2|  165|   50|    0|
    |mul_5s_32s_32_2_1_U197        |mul_5s_32s_32_2_1        |        0|   2|  165|   50|    0|
    |mul_5s_32s_32_2_1_U198        |mul_5s_32s_32_2_1        |        0|   2|  165|   50|    0|
    |mul_5s_32s_32_2_1_U199        |mul_5s_32s_32_2_1        |        0|   2|  165|   50|    0|
    |mul_5s_32s_32_2_1_U200        |mul_5s_32s_32_2_1        |        0|   2|  165|   50|    0|
    |mul_5s_32s_32_2_1_U201        |mul_5s_32s_32_2_1        |        0|   2|  165|   50|    0|
    |mul_5s_32s_32_2_1_U202        |mul_5s_32s_32_2_1        |        0|   2|  165|   50|    0|
    |mul_5s_32s_32_2_1_U203        |mul_5s_32s_32_2_1        |        0|   2|  165|   50|    0|
    |mul_5s_32s_32_2_1_U204        |mul_5s_32s_32_2_1        |        0|   2|  165|   50|    0|
    |mul_5s_32s_32_2_1_U205        |mul_5s_32s_32_2_1        |        0|   2|  165|   50|    0|
    |mul_5s_32s_32_2_1_U206        |mul_5s_32s_32_2_1        |        0|   2|  165|   50|    0|
    |mul_5s_32s_32_2_1_U207        |mul_5s_32s_32_2_1        |        0|   2|  165|   50|    0|
    |mul_5s_32s_32_2_1_U208        |mul_5s_32s_32_2_1        |        0|   2|  165|   50|    0|
    |mul_5s_32s_32_2_1_U209        |mul_5s_32s_32_2_1        |        0|   2|  165|   50|    0|
    |mul_5s_32s_32_2_1_U210        |mul_5s_32s_32_2_1        |        0|   2|  165|   50|    0|
    |mul_7ns_9ns_15_1_1_U50        |mul_7ns_9ns_15_1_1       |        0|   0|    0|   51|    0|
    |mul_7ns_9ns_15_1_1_U52        |mul_7ns_9ns_15_1_1       |        0|   0|    0|   51|    0|
    |mul_7ns_9ns_15_1_1_U53        |mul_7ns_9ns_15_1_1       |        0|   0|    0|   51|    0|
    |mul_7ns_9ns_15_1_1_U54        |mul_7ns_9ns_15_1_1       |        0|   0|    0|   51|    0|
    |mul_7ns_9ns_15_1_1_U55        |mul_7ns_9ns_15_1_1       |        0|   0|    0|   51|    0|
    |mul_7ns_9ns_15_1_1_U56        |mul_7ns_9ns_15_1_1       |        0|   0|    0|   51|    0|
    |mul_7ns_9ns_15_1_1_U57        |mul_7ns_9ns_15_1_1       |        0|   0|    0|   51|    0|
    |mul_7ns_9ns_15_1_1_U58        |mul_7ns_9ns_15_1_1       |        0|   0|    0|   51|    0|
    |mul_7ns_9ns_15_1_1_U59        |mul_7ns_9ns_15_1_1       |        0|   0|    0|   51|    0|
    |mul_7ns_9ns_15_1_1_U60        |mul_7ns_9ns_15_1_1       |        0|   0|    0|   51|    0|
    |mul_7ns_9ns_15_1_1_U61        |mul_7ns_9ns_15_1_1       |        0|   0|    0|   51|    0|
    |mul_7ns_9ns_15_1_1_U62        |mul_7ns_9ns_15_1_1       |        0|   0|    0|   51|    0|
    |mul_7ns_9ns_15_1_1_U63        |mul_7ns_9ns_15_1_1       |        0|   0|    0|   51|    0|
    |mul_7ns_9ns_15_1_1_U64        |mul_7ns_9ns_15_1_1       |        0|   0|    0|   51|    0|
    |mul_7ns_9ns_15_1_1_U65        |mul_7ns_9ns_15_1_1       |        0|   0|    0|   51|    0|
    |mul_7ns_9ns_15_1_1_U66        |mul_7ns_9ns_15_1_1       |        0|   0|    0|   51|    0|
    |mul_7ns_9ns_15_1_1_U67        |mul_7ns_9ns_15_1_1       |        0|   0|    0|   51|    0|
    |mul_7ns_9ns_15_1_1_U68        |mul_7ns_9ns_15_1_1       |        0|   0|    0|   51|    0|
    |mul_7ns_9ns_15_1_1_U69        |mul_7ns_9ns_15_1_1       |        0|   0|    0|   51|    0|
    |mul_7ns_9ns_15_1_1_U70        |mul_7ns_9ns_15_1_1       |        0|   0|    0|   51|    0|
    |mul_7ns_9ns_15_1_1_U71        |mul_7ns_9ns_15_1_1       |        0|   0|    0|   51|    0|
    |mul_7ns_9ns_15_1_1_U72        |mul_7ns_9ns_15_1_1       |        0|   0|    0|   51|    0|
    |mul_7ns_9ns_15_1_1_U73        |mul_7ns_9ns_15_1_1       |        0|   0|    0|   51|    0|
    |mul_7ns_9ns_15_1_1_U74        |mul_7ns_9ns_15_1_1       |        0|   0|    0|   51|    0|
    |mul_7ns_9ns_15_1_1_U75        |mul_7ns_9ns_15_1_1       |        0|   0|    0|   51|    0|
    |mul_7ns_9ns_15_1_1_U76        |mul_7ns_9ns_15_1_1       |        0|   0|    0|   51|    0|
    |mul_7ns_9ns_15_1_1_U77        |mul_7ns_9ns_15_1_1       |        0|   0|    0|   51|    0|
    |mul_7ns_9ns_15_1_1_U78        |mul_7ns_9ns_15_1_1       |        0|   0|    0|   51|    0|
    |mul_7ns_9ns_15_1_1_U79        |mul_7ns_9ns_15_1_1       |        0|   0|    0|   51|    0|
    |mul_7ns_9ns_15_1_1_U80        |mul_7ns_9ns_15_1_1       |        0|   0|    0|   51|    0|
    |mul_7ns_9ns_15_1_1_U81        |mul_7ns_9ns_15_1_1       |        0|   0|    0|   51|    0|
    |mul_7ns_9ns_15_1_1_U82        |mul_7ns_9ns_15_1_1       |        0|   0|    0|   51|    0|
    |mul_7ns_9ns_15_1_1_U83        |mul_7ns_9ns_15_1_1       |        0|   0|    0|   51|    0|
    |mul_7ns_9ns_15_1_1_U84        |mul_7ns_9ns_15_1_1       |        0|   0|    0|   51|    0|
    |mul_7ns_9ns_15_1_1_U85        |mul_7ns_9ns_15_1_1       |        0|   0|    0|   51|    0|
    |mul_7ns_9ns_15_1_1_U86        |mul_7ns_9ns_15_1_1       |        0|   0|    0|   51|    0|
    |mul_7ns_9ns_15_1_1_U87        |mul_7ns_9ns_15_1_1       |        0|   0|    0|   51|    0|
    |mul_7ns_9ns_15_1_1_U88        |mul_7ns_9ns_15_1_1       |        0|   0|    0|   51|    0|
    |mul_7ns_9ns_15_1_1_U89        |mul_7ns_9ns_15_1_1       |        0|   0|    0|   51|    0|
    |mul_7ns_9ns_15_1_1_U90        |mul_7ns_9ns_15_1_1       |        0|   0|    0|   51|    0|
    |sparsemux_41_5_32_1_1_U132    |sparsemux_41_5_32_1_1    |        0|   0|    0|  100|    0|
    |sparsemux_41_5_32_1_1_U133    |sparsemux_41_5_32_1_1    |        0|   0|    0|  100|    0|
    |sparsemux_41_5_32_1_1_U134    |sparsemux_41_5_32_1_1    |        0|   0|    0|  100|    0|
    |sparsemux_41_5_32_1_1_U135    |sparsemux_41_5_32_1_1    |        0|   0|    0|  100|    0|
    |sparsemux_41_5_32_1_1_U136    |sparsemux_41_5_32_1_1    |        0|   0|    0|  100|    0|
    |sparsemux_41_5_32_1_1_U137    |sparsemux_41_5_32_1_1    |        0|   0|    0|  100|    0|
    |sparsemux_41_5_32_1_1_U138    |sparsemux_41_5_32_1_1    |        0|   0|    0|  100|    0|
    |sparsemux_41_5_32_1_1_U139    |sparsemux_41_5_32_1_1    |        0|   0|    0|  100|    0|
    |sparsemux_41_5_32_1_1_U140    |sparsemux_41_5_32_1_1    |        0|   0|    0|  100|    0|
    |sparsemux_41_5_32_1_1_U141    |sparsemux_41_5_32_1_1    |        0|   0|    0|  100|    0|
    |sparsemux_41_5_32_1_1_U152    |sparsemux_41_5_32_1_1    |        0|   0|    0|  100|    0|
    |sparsemux_41_5_32_1_1_U153    |sparsemux_41_5_32_1_1    |        0|   0|    0|  100|    0|
    |sparsemux_41_5_32_1_1_U154    |sparsemux_41_5_32_1_1    |        0|   0|    0|  100|    0|
    |sparsemux_41_5_32_1_1_U155    |sparsemux_41_5_32_1_1    |        0|   0|    0|  100|    0|
    |sparsemux_41_5_32_1_1_U156    |sparsemux_41_5_32_1_1    |        0|   0|    0|  100|    0|
    |sparsemux_41_5_32_1_1_U157    |sparsemux_41_5_32_1_1    |        0|   0|    0|  100|    0|
    |sparsemux_41_5_32_1_1_U158    |sparsemux_41_5_32_1_1    |        0|   0|    0|  100|    0|
    |sparsemux_41_5_32_1_1_U159    |sparsemux_41_5_32_1_1    |        0|   0|    0|  100|    0|
    |sparsemux_41_5_32_1_1_U160    |sparsemux_41_5_32_1_1    |        0|   0|    0|  100|    0|
    |sparsemux_41_5_32_1_1_U161    |sparsemux_41_5_32_1_1    |        0|   0|    0|  100|    0|
    |sparsemux_41_5_32_1_1_x_U131  |sparsemux_41_5_32_1_1_x  |        0|   0|    0|  100|    0|
    |sparsemux_41_5_32_1_1_x_U142  |sparsemux_41_5_32_1_1_x  |        0|   0|    0|  100|    0|
    |sparsemux_41_5_32_1_1_x_U143  |sparsemux_41_5_32_1_1_x  |        0|   0|    0|  100|    0|
    |sparsemux_41_5_32_1_1_x_U144  |sparsemux_41_5_32_1_1_x  |        0|   0|    0|  100|    0|
    |sparsemux_41_5_32_1_1_x_U145  |sparsemux_41_5_32_1_1_x  |        0|   0|    0|  100|    0|
    |sparsemux_41_5_32_1_1_x_U146  |sparsemux_41_5_32_1_1_x  |        0|   0|    0|  100|    0|
    |sparsemux_41_5_32_1_1_x_U147  |sparsemux_41_5_32_1_1_x  |        0|   0|    0|  100|    0|
    |sparsemux_41_5_32_1_1_x_U148  |sparsemux_41_5_32_1_1_x  |        0|   0|    0|  100|    0|
    |sparsemux_41_5_32_1_1_x_U149  |sparsemux_41_5_32_1_1_x  |        0|   0|    0|  100|    0|
    |sparsemux_41_5_32_1_1_x_U150  |sparsemux_41_5_32_1_1_x  |        0|   0|    0|  100|    0|
    |sparsemux_41_5_32_1_1_x_U151  |sparsemux_41_5_32_1_1_x  |        0|   0|    0|  100|    0|
    |sparsemux_41_5_32_1_1_x_U162  |sparsemux_41_5_32_1_1_x  |        0|   0|    0|  100|    0|
    |sparsemux_41_5_32_1_1_x_U163  |sparsemux_41_5_32_1_1_x  |        0|   0|    0|  100|    0|
    |sparsemux_41_5_32_1_1_x_U164  |sparsemux_41_5_32_1_1_x  |        0|   0|    0|  100|    0|
    |sparsemux_41_5_32_1_1_x_U165  |sparsemux_41_5_32_1_1_x  |        0|   0|    0|  100|    0|
    |sparsemux_41_5_32_1_1_x_U166  |sparsemux_41_5_32_1_1_x  |        0|   0|    0|  100|    0|
    |sparsemux_41_5_32_1_1_x_U167  |sparsemux_41_5_32_1_1_x  |        0|   0|    0|  100|    0|
    |sparsemux_41_5_32_1_1_x_U168  |sparsemux_41_5_32_1_1_x  |        0|   0|    0|  100|    0|
    |sparsemux_41_5_32_1_1_x_U169  |sparsemux_41_5_32_1_1_x  |        0|   0|    0|  100|    0|
    |sparsemux_41_5_32_1_1_x_U170  |sparsemux_41_5_32_1_1_x  |        0|   0|    0|  100|    0|
    |sparsemux_41_5_5_1_1_U91      |sparsemux_41_5_5_1_1     |        0|   0|    0|  100|    0|
    |sparsemux_41_5_5_1_1_U92      |sparsemux_41_5_5_1_1     |        0|   0|    0|  100|    0|
    |sparsemux_41_5_5_1_1_U93      |sparsemux_41_5_5_1_1     |        0|   0|    0|  100|    0|
    |sparsemux_41_5_5_1_1_U94      |sparsemux_41_5_5_1_1     |        0|   0|    0|  100|    0|
    |sparsemux_41_5_5_1_1_U95      |sparsemux_41_5_5_1_1     |        0|   0|    0|  100|    0|
    |sparsemux_41_5_5_1_1_U96      |sparsemux_41_5_5_1_1     |        0|   0|    0|  100|    0|
    |sparsemux_41_5_5_1_1_U97      |sparsemux_41_5_5_1_1     |        0|   0|    0|  100|    0|
    |sparsemux_41_5_5_1_1_U98      |sparsemux_41_5_5_1_1     |        0|   0|    0|  100|    0|
    |sparsemux_41_5_5_1_1_U99      |sparsemux_41_5_5_1_1     |        0|   0|    0|  100|    0|
    |sparsemux_41_5_5_1_1_U100     |sparsemux_41_5_5_1_1     |        0|   0|    0|  100|    0|
    |sparsemux_41_5_5_1_1_U101     |sparsemux_41_5_5_1_1     |        0|   0|    0|  100|    0|
    |sparsemux_41_5_5_1_1_U102     |sparsemux_41_5_5_1_1     |        0|   0|    0|  100|    0|
    |sparsemux_41_5_5_1_1_U103     |sparsemux_41_5_5_1_1     |        0|   0|    0|  100|    0|
    |sparsemux_41_5_5_1_1_U104     |sparsemux_41_5_5_1_1     |        0|   0|    0|  100|    0|
    |sparsemux_41_5_5_1_1_U105     |sparsemux_41_5_5_1_1     |        0|   0|    0|  100|    0|
    |sparsemux_41_5_5_1_1_U106     |sparsemux_41_5_5_1_1     |        0|   0|    0|  100|    0|
    |sparsemux_41_5_5_1_1_U107     |sparsemux_41_5_5_1_1     |        0|   0|    0|  100|    0|
    |sparsemux_41_5_5_1_1_U108     |sparsemux_41_5_5_1_1     |        0|   0|    0|  100|    0|
    |sparsemux_41_5_5_1_1_U109     |sparsemux_41_5_5_1_1     |        0|   0|    0|  100|    0|
    |sparsemux_41_5_5_1_1_U110     |sparsemux_41_5_5_1_1     |        0|   0|    0|  100|    0|
    |sparsemux_41_5_5_1_1_U111     |sparsemux_41_5_5_1_1     |        0|   0|    0|  100|    0|
    |sparsemux_41_5_5_1_1_U112     |sparsemux_41_5_5_1_1     |        0|   0|    0|  100|    0|
    |sparsemux_41_5_5_1_1_U113     |sparsemux_41_5_5_1_1     |        0|   0|    0|  100|    0|
    |sparsemux_41_5_5_1_1_U114     |sparsemux_41_5_5_1_1     |        0|   0|    0|  100|    0|
    |sparsemux_41_5_5_1_1_U115     |sparsemux_41_5_5_1_1     |        0|   0|    0|  100|    0|
    |sparsemux_41_5_5_1_1_U116     |sparsemux_41_5_5_1_1     |        0|   0|    0|  100|    0|
    |sparsemux_41_5_5_1_1_U117     |sparsemux_41_5_5_1_1     |        0|   0|    0|  100|    0|
    |sparsemux_41_5_5_1_1_U118     |sparsemux_41_5_5_1_1     |        0|   0|    0|  100|    0|
    |sparsemux_41_5_5_1_1_U119     |sparsemux_41_5_5_1_1     |        0|   0|    0|  100|    0|
    |sparsemux_41_5_5_1_1_U120     |sparsemux_41_5_5_1_1     |        0|   0|    0|  100|    0|
    |sparsemux_41_5_5_1_1_U121     |sparsemux_41_5_5_1_1     |        0|   0|    0|  100|    0|
    |sparsemux_41_5_5_1_1_U122     |sparsemux_41_5_5_1_1     |        0|   0|    0|  100|    0|
    |sparsemux_41_5_5_1_1_U123     |sparsemux_41_5_5_1_1     |        0|   0|    0|  100|    0|
    |sparsemux_41_5_5_1_1_U124     |sparsemux_41_5_5_1_1     |        0|   0|    0|  100|    0|
    |sparsemux_41_5_5_1_1_U125     |sparsemux_41_5_5_1_1     |        0|   0|    0|  100|    0|
    |sparsemux_41_5_5_1_1_U126     |sparsemux_41_5_5_1_1     |        0|   0|    0|  100|    0|
    |sparsemux_41_5_5_1_1_U127     |sparsemux_41_5_5_1_1     |        0|   0|    0|  100|    0|
    |sparsemux_41_5_5_1_1_U128     |sparsemux_41_5_5_1_1     |        0|   0|    0|  100|    0|
    |sparsemux_41_5_5_1_1_U129     |sparsemux_41_5_5_1_1     |        0|   0|    0|  100|    0|
    |sparsemux_41_5_5_1_1_U130     |sparsemux_41_5_5_1_1     |        0|   0|    0|  100|    0|
    |urem_7ns_6ns_5_11_1_U51       |urem_7ns_6ns_5_11_1      |        0|   0|  162|  102|    0|
    +------------------------------+-------------------------+---------+----+-----+-----+-----+
    |Total                         |                         |        0|  80| 6762|12142|    0|
    +------------------------------+-------------------------+---------+----+-----+-----+-----+

    * DSP: 
    N/A

    * Memory: 
    +---------------------+------------------------------------------------+---------+-----+----+-----+------+-----+------+-------------+
    |        Memory       |                     Module                     | BRAM_18K|  FF | LUT| URAM| Words| Bits| Banks| W*Bits*Banks|
    +---------------------+------------------------------------------------+---------+-----+----+-----+------+-----+------+-------------+
    |fir_int_int_c_1_U    |fir_Pipeline_MAC_fir_int_int_c_1_ROM_AUTO_1R    |        0|  640|   4|    0|     7|   32|     1|          224|
    |fir_int_int_c_2_U    |fir_Pipeline_MAC_fir_int_int_c_2_ROM_AUTO_1R    |        0|  640|   4|    0|     7|   32|     1|          224|
    |fir_int_int_c_3_U    |fir_Pipeline_MAC_fir_int_int_c_3_ROM_AUTO_1R    |        0|  640|   4|    0|     7|   32|     1|          224|
    |fir_int_int_c_4_U    |fir_Pipeline_MAC_fir_int_int_c_4_ROM_AUTO_1R    |        0|  640|   4|    0|     7|   32|     1|          224|
    |fir_int_int_c_5_U    |fir_Pipeline_MAC_fir_int_int_c_5_ROM_AUTO_1R    |        0|  640|   4|    0|     7|   32|     1|          224|
    |fir_int_int_c_6_U    |fir_Pipeline_MAC_fir_int_int_c_6_ROM_AUTO_1R    |        0|  640|   4|    0|     7|   32|     1|          224|
    |fir_int_int_c_7_U    |fir_Pipeline_MAC_fir_int_int_c_7_ROM_AUTO_1R    |        0|  640|   4|    0|     7|   32|     1|          224|
    |fir_int_int_c_8_U    |fir_Pipeline_MAC_fir_int_int_c_8_ROM_AUTO_1R    |        0|  640|   4|    0|     7|   32|     1|          224|
    |fir_int_int_c_9_U    |fir_Pipeline_MAC_fir_int_int_c_9_ROM_AUTO_1R    |        0|  640|   4|    0|     7|   32|     1|          224|
    |fir_int_int_c_U      |fir_Pipeline_MAC_fir_int_int_c_ROM_AUTO_1R      |        0|  640|   4|    0|     7|   32|     1|          224|
    |p_ZZ3firPiiE1c_10_U  |fir_Pipeline_MAC_p_ZZ3firPiiE1c_10_ROM_AUTO_1R  |        0|  640|   4|    0|     7|   32|     1|          224|
    |p_ZZ3firPiiE1c_11_U  |fir_Pipeline_MAC_p_ZZ3firPiiE1c_11_ROM_AUTO_1R  |        0|  640|   4|    0|     7|   32|     1|          224|
    |p_ZZ3firPiiE1c_12_U  |fir_Pipeline_MAC_p_ZZ3firPiiE1c_12_ROM_AUTO_1R  |        0|  640|   4|    0|     7|   32|     1|          224|
    |p_ZZ3firPiiE1c_13_U  |fir_Pipeline_MAC_p_ZZ3firPiiE1c_13_ROM_AUTO_1R  |        0|  640|   4|    0|     7|   32|     1|          224|
    |p_ZZ3firPiiE1c_14_U  |fir_Pipeline_MAC_p_ZZ3firPiiE1c_14_ROM_AUTO_1R  |        0|  640|   4|    0|     7|   32|     1|          224|
    |p_ZZ3firPiiE1c_15_U  |fir_Pipeline_MAC_p_ZZ3firPiiE1c_15_ROM_AUTO_1R  |        0|  640|   4|    0|     7|   32|     1|          224|
    |p_ZZ3firPiiE1c_16_U  |fir_Pipeline_MAC_p_ZZ3firPiiE1c_16_ROM_AUTO_1R  |        0|  640|   4|    0|     7|   32|     1|          224|
    |p_ZZ3firPiiE1c_17_U  |fir_Pipeline_MAC_p_ZZ3firPiiE1c_17_ROM_AUTO_1R  |        0|  640|   4|    0|     7|   32|     1|          224|
    |p_ZZ3firPiiE1c_18_U  |fir_Pipeline_MAC_p_ZZ3firPiiE1c_18_ROM_AUTO_1R  |        0|  640|   4|    0|     7|   32|     1|          224|
    |p_ZZ3firPiiE1c_19_U  |fir_Pipeline_MAC_p_ZZ3firPiiE1c_19_ROM_AUTO_1R  |        0|  640|   4|    0|     7|   32|     1|          224|
    +---------------------+------------------------------------------------+---------+-----+----+-----+------+-----+------+-------------+
    |Total                |                                                |        0|12800|  80|    0|   140|  640|    20|         4480|
    +---------------------+------------------------------------------------+---------+-----+----+-----+------+-----+------+-------------+

    * FIFO: 
    N/A

    * Expression: 
    +-------------------------+----------+----+---+----+------------+------------+
    |      Variable Name      | Operation| DSP| FF| LUT| Bitwidth P0| Bitwidth P1|
    +-------------------------+----------+----+---+----+------------+------------+
    |acc_1_out                |         +|   0|  0|  32|          32|          32|
    |acc_4_fu_26745_p2        |         +|   0|  0|  32|          32|          32|
    |add_ln40_10_fu_15483_p2  |         +|   0|  0|  14|           7|           5|
    |add_ln40_11_fu_15508_p2  |         +|   0|  0|  14|           7|           5|
    |add_ln40_12_fu_15533_p2  |         +|   0|  0|  14|           7|           5|
    |add_ln40_13_fu_15558_p2  |         +|   0|  0|  14|           7|           5|
    |add_ln40_14_fu_15583_p2  |         +|   0|  0|  14|           7|           5|
    |add_ln40_15_fu_15608_p2  |         +|   0|  0|  14|           7|           6|
    |add_ln40_16_fu_15633_p2  |         +|   0|  0|  14|           7|           6|
    |add_ln40_17_fu_15658_p2  |         +|   0|  0|  14|           7|           6|
    |add_ln40_18_fu_14972_p2  |         +|   0|  0|  14|           7|           6|
    |add_ln40_19_fu_14978_p2  |         +|   0|  0|  14|           7|           6|
    |add_ln40_1_fu_14910_p2   |         +|   0|  0|  14|           7|           3|
    |add_ln40_20_fu_14984_p2  |         +|   0|  0|  14|           7|           6|
    |add_ln40_21_fu_14990_p2  |         +|   0|  0|  14|           7|           6|
    |add_ln40_22_fu_15855_p2  |         +|   0|  0|  14|           7|           6|
    |add_ln40_23_fu_15880_p2  |         +|   0|  0|  14|           7|           6|
    |add_ln40_24_fu_15905_p2  |         +|   0|  0|  14|           7|           6|
    |add_ln40_25_fu_15930_p2  |         +|   0|  0|  14|           7|           6|
    |add_ln40_26_fu_15955_p2  |         +|   0|  0|  14|           7|           6|
    |add_ln40_27_fu_15980_p2  |         +|   0|  0|  14|           7|           6|
    |add_ln40_28_fu_16005_p2  |         +|   0|  0|  14|           7|           6|
    |add_ln40_29_fu_16030_p2  |         +|   0|  0|  14|           7|           6|
    |add_ln40_2_fu_14916_p2   |         +|   0|  0|  14|           7|           3|
    |add_ln40_30_fu_16055_p2  |         +|   0|  0|  14|           7|           6|
    |add_ln40_31_fu_16080_p2  |         +|   0|  0|  14|           7|           7|
    |add_ln40_32_fu_16105_p2  |         +|   0|  0|  14|           7|           7|
    |add_ln40_33_fu_16130_p2  |         +|   0|  0|  14|           7|           7|
    |add_ln40_34_fu_14996_p2  |         +|   0|  0|  14|           7|           7|
    |add_ln40_35_fu_15002_p2  |         +|   0|  0|  14|           7|           7|
    |add_ln40_36_fu_15008_p2  |         +|   0|  0|  14|           7|           7|
    |add_ln40_37_fu_15014_p2  |         +|   0|  0|  14|           7|           7|
    |add_ln40_38_fu_15020_p2  |         +|   0|  0|  14|           7|           7|
    |add_ln40_39_fu_16370_p2  |         +|   0|  0|  14|           7|           7|
    |add_ln40_3_fu_14922_p2   |         +|   0|  0|  14|           7|           4|
    |add_ln40_4_fu_14928_p2   |         +|   0|  0|  14|           7|           4|
    |add_ln40_5_fu_14934_p2   |         +|   0|  0|  14|           7|           4|
    |add_ln40_6_fu_14940_p2   |         +|   0|  0|  14|           7|           4|
    |add_ln40_7_fu_14946_p2   |         +|   0|  0|  15|           8|           5|
    |add_ln40_8_fu_14960_p2   |         +|   0|  0|  14|           7|           5|
    |add_ln40_9_fu_14966_p2   |         +|   0|  0|  14|           7|           5|
    |add_ln40_fu_14904_p2     |         +|   0|  0|  14|           7|           2|
    |add_ln42_10_fu_26700_p2  |         +|   0|  0|  32|          32|          32|
    |add_ln42_11_fu_26601_p2  |         +|   0|  0|  32|          32|          32|
    |add_ln42_12_fu_26605_p2  |         +|   0|  0|  39|          32|          32|
    |add_ln42_13_fu_26609_p2  |         +|   0|  0|  32|          32|          32|
    |add_ln42_14_fu_26704_p2  |         +|   0|  0|  32|          32|          32|
    |add_ln42_15_fu_26615_p2  |         +|   0|  0|  39|          32|          32|
    |add_ln42_16_fu_26619_p2  |         +|   0|  0|  39|          32|          32|
    |add_ln42_17_fu_26682_p2  |         +|   0|  0|  32|          32|          32|
    |add_ln42_18_fu_26623_p2  |         +|   0|  0|  32|          32|          32|
    |add_ln42_19_fu_26627_p2  |         +|   0|  0|  39|          32|          32|
    |add_ln42_1_fu_26568_p2   |         +|   0|  0|  39|          32|          32|
    |add_ln42_20_fu_26631_p2  |         +|   0|  0|  32|          32|          32|
    |add_ln42_21_fu_26686_p2  |         +|   0|  0|  32|          32|          32|
    |add_ln42_22_fu_26741_p2  |         +|   0|  0|  32|          32|          32|
    |add_ln42_23_fu_26637_p2  |         +|   0|  0|  32|          32|          32|
    |add_ln42_24_fu_26641_p2  |         +|   0|  0|  39|          32|          32|
    |add_ln42_25_fu_26645_p2  |         +|   0|  0|  32|          32|          32|
    |add_ln42_26_fu_26651_p2  |         +|   0|  0|  32|          32|          32|
    |add_ln42_27_fu_26655_p2  |         +|   0|  0|  39|          32|          32|
    |add_ln42_28_fu_26659_p2  |         +|   0|  0|  32|          32|          32|
    |add_ln42_29_fu_26732_p2  |         +|   0|  0|  32|          32|          32|
    |add_ln42_2_fu_26572_p2   |         +|   0|  0|  32|          32|          32|
    |add_ln42_30_fu_26665_p2  |         +|   0|  0|  39|          32|          32|
    |add_ln42_31_fu_26669_p2  |         +|   0|  0|  39|          32|          32|
    |add_ln42_32_fu_26709_p2  |         +|   0|  0|  32|          32|          32|
    |add_ln42_33_fu_26691_p2  |         +|   0|  0|  32|          32|          32|
    |add_ln42_34_fu_26673_p2  |         +|   0|  0|  32|          32|          32|
    |add_ln42_35_fu_26677_p2  |         +|   0|  0|  32|          32|          32|
    |add_ln42_36_fu_26695_p2  |         +|   0|  0|  32|          32|          32|
    |add_ln42_37_fu_26713_p2  |         +|   0|  0|  32|          32|          32|
    |add_ln42_38_fu_26736_p2  |         +|   0|  0|  32|          32|          32|
    |add_ln42_3_fu_26587_p2   |         +|   0|  0|  32|          32|          32|
    |add_ln42_4_fu_26578_p2   |         +|   0|  0|  39|          32|          32|
    |add_ln42_5_fu_26582_p2   |         +|   0|  0|  32|          32|          32|
    |add_ln42_6_fu_26721_p2   |         +|   0|  0|  32|          32|          32|
    |add_ln42_8_fu_26596_p2   |         +|   0|  0|  32|          32|          32|
    |add_ln42_9_fu_26592_p2   |         +|   0|  0|  32|          32|          32|
    |add_ln42_fu_26564_p2     |         +|   0|  0|  32|          32|          32|
    |ap_condition_10872       |       and|   0|  0|   2|           1|           1|
    |ap_condition_20752       |       and|   0|  0|   2|           1|           1|
    |ap_enable_pp0            |       xor|   0|  0|   2|           1|           2|
    +-------------------------+----------+----+---+----+------------+------------+
    |Total                    |          |   0|  0|1917|        1564|        1507|
    +-------------------------+----------+----+---+----+------------+------------+

    * Multiplexer: 
    +------------------------------------------+-----+-----------+-----+-----------+
    |                   Name                   | LUT | Input Size| Bits| Total Bits|
    +------------------------------------------+-----+-----------+-----+-----------+
    |acc_fu_246                                |    9|          2|   32|         64|
    |ap_NS_fsm                                 |   14|          3|    1|          3|
    |ap_done_int                               |    9|          2|    1|          2|
    |ap_enable_reg_pp0_iter0                   |    9|          2|    1|          2|
    |ap_enable_reg_pp0_iter10                  |    9|          2|    1|          2|
    |ap_sig_allocacmp_i                        |    9|          2|    7|         14|
    |fir_int_int_c_1_address0_local            |   14|          3|    3|          9|
    |fir_int_int_c_1_address10_local           |   14|          3|    3|          9|
    |fir_int_int_c_1_address11_local           |   14|          3|    3|          9|
    |fir_int_int_c_1_address12_local           |   14|          3|    3|          9|
    |fir_int_int_c_1_address13_local           |   14|          3|    3|          9|
    |fir_int_int_c_1_address14_local           |   14|          3|    3|          9|
    |fir_int_int_c_1_address15_local           |   14|          3|    3|          9|
    |fir_int_int_c_1_address16_local           |   14|          3|    3|          9|
    |fir_int_int_c_1_address17_local           |   14|          3|    3|          9|
    |fir_int_int_c_1_address18_local           |   14|          3|    3|          9|
    |fir_int_int_c_1_address19_local           |   14|          3|    3|          9|
    |fir_int_int_c_1_address1_local            |   14|          3|    3|          9|
    |fir_int_int_c_1_address2_local            |   14|          3|    3|          9|
    |fir_int_int_c_1_address3_local            |   14|          3|    3|          9|
    |fir_int_int_c_1_address4_local            |   14|          3|    3|          9|
    |fir_int_int_c_1_address5_local            |   14|          3|    3|          9|
    |fir_int_int_c_1_address6_local            |   14|          3|    3|          9|
    |fir_int_int_c_1_address7_local            |   14|          3|    3|          9|
    |fir_int_int_c_1_address8_local            |   14|          3|    3|          9|
    |fir_int_int_c_1_address9_local            |   14|          3|    3|          9|
    |fir_int_int_c_2_address0_local            |   14|          3|    3|          9|
    |fir_int_int_c_2_address10_local           |   14|          3|    3|          9|
    |fir_int_int_c_2_address11_local           |   14|          3|    3|          9|
    |fir_int_int_c_2_address12_local           |   14|          3|    3|          9|
    |fir_int_int_c_2_address13_local           |   14|          3|    3|          9|
    |fir_int_int_c_2_address14_local           |   14|          3|    3|          9|
    |fir_int_int_c_2_address15_local           |   14|          3|    3|          9|
    |fir_int_int_c_2_address16_local           |   14|          3|    3|          9|
    |fir_int_int_c_2_address17_local           |   14|          3|    3|          9|
    |fir_int_int_c_2_address18_local           |   14|          3|    3|          9|
    |fir_int_int_c_2_address19_local           |   14|          3|    3|          9|
    |fir_int_int_c_2_address1_local            |   14|          3|    3|          9|
    |fir_int_int_c_2_address2_local            |   14|          3|    3|          9|
    |fir_int_int_c_2_address3_local            |   14|          3|    3|          9|
    |fir_int_int_c_2_address4_local            |   14|          3|    3|          9|
    |fir_int_int_c_2_address5_local            |   14|          3|    3|          9|
    |fir_int_int_c_2_address6_local            |   14|          3|    3|          9|
    |fir_int_int_c_2_address7_local            |   14|          3|    3|          9|
    |fir_int_int_c_2_address8_local            |   14|          3|    3|          9|
    |fir_int_int_c_2_address9_local            |   14|          3|    3|          9|
    |fir_int_int_c_3_address0_local            |   14|          3|    3|          9|
    |fir_int_int_c_3_address10_local           |   14|          3|    3|          9|
    |fir_int_int_c_3_address11_local           |   14|          3|    3|          9|
    |fir_int_int_c_3_address12_local           |   14|          3|    3|          9|
    |fir_int_int_c_3_address13_local           |   14|          3|    3|          9|
    |fir_int_int_c_3_address14_local           |   14|          3|    3|          9|
    |fir_int_int_c_3_address15_local           |   14|          3|    3|          9|
    |fir_int_int_c_3_address16_local           |   14|          3|    3|          9|
    |fir_int_int_c_3_address17_local           |   14|          3|    3|          9|
    |fir_int_int_c_3_address18_local           |   14|          3|    3|          9|
    |fir_int_int_c_3_address19_local           |   14|          3|    3|          9|
    |fir_int_int_c_3_address1_local            |   14|          3|    3|          9|
    |fir_int_int_c_3_address2_local            |   14|          3|    3|          9|
    |fir_int_int_c_3_address3_local            |   14|          3|    3|          9|
    |fir_int_int_c_3_address4_local            |   14|          3|    3|          9|
    |fir_int_int_c_3_address5_local            |   14|          3|    3|          9|
    |fir_int_int_c_3_address6_local            |   14|          3|    3|          9|
    |fir_int_int_c_3_address7_local            |   14|          3|    3|          9|
    |fir_int_int_c_3_address8_local            |   14|          3|    3|          9|
    |fir_int_int_c_3_address9_local            |   14|          3|    3|          9|
    |fir_int_int_c_4_address0_local            |   14|          3|    3|          9|
    |fir_int_int_c_4_address10_local           |   14|          3|    3|          9|
    |fir_int_int_c_4_address11_local           |   14|          3|    3|          9|
    |fir_int_int_c_4_address12_local           |   14|          3|    3|          9|
    |fir_int_int_c_4_address13_local           |   14|          3|    3|          9|
    |fir_int_int_c_4_address14_local           |   14|          3|    3|          9|
    |fir_int_int_c_4_address15_local           |   14|          3|    3|          9|
    |fir_int_int_c_4_address16_local           |   14|          3|    3|          9|
    |fir_int_int_c_4_address17_local           |   14|          3|    3|          9|
    |fir_int_int_c_4_address18_local           |   14|          3|    3|          9|
    |fir_int_int_c_4_address19_local           |   14|          3|    3|          9|
    |fir_int_int_c_4_address1_local            |   14|          3|    3|          9|
    |fir_int_int_c_4_address2_local            |   14|          3|    3|          9|
    |fir_int_int_c_4_address3_local            |   14|          3|    3|          9|
    |fir_int_int_c_4_address4_local            |   14|          3|    3|          9|
    |fir_int_int_c_4_address5_local            |   14|          3|    3|          9|
    |fir_int_int_c_4_address6_local            |   14|          3|    3|          9|
    |fir_int_int_c_4_address7_local            |   14|          3|    3|          9|
    |fir_int_int_c_4_address8_local            |   14|          3|    3|          9|
    |fir_int_int_c_4_address9_local            |   14|          3|    3|          9|
    |fir_int_int_c_5_address0_local            |   14|          3|    3|          9|
    |fir_int_int_c_5_address10_local           |   14|          3|    3|          9|
    |fir_int_int_c_5_address11_local           |   14|          3|    3|          9|
    |fir_int_int_c_5_address12_local           |   14|          3|    3|          9|
    |fir_int_int_c_5_address13_local           |   14|          3|    3|          9|
    |fir_int_int_c_5_address14_local           |   14|          3|    3|          9|
    |fir_int_int_c_5_address15_local           |   14|          3|    3|          9|
    |fir_int_int_c_5_address16_local           |   14|          3|    3|          9|
    |fir_int_int_c_5_address17_local           |   14|          3|    3|          9|
    |fir_int_int_c_5_address18_local           |   14|          3|    3|          9|
    |fir_int_int_c_5_address19_local           |   14|          3|    3|          9|
    |fir_int_int_c_5_address1_local            |   14|          3|    3|          9|
    |fir_int_int_c_5_address2_local            |   14|          3|    3|          9|
    |fir_int_int_c_5_address3_local            |   14|          3|    3|          9|
    |fir_int_int_c_5_address4_local            |   14|          3|    3|          9|
    |fir_int_int_c_5_address5_local            |   14|          3|    3|          9|
    |fir_int_int_c_5_address6_local            |   14|          3|    3|          9|
    |fir_int_int_c_5_address7_local            |   14|          3|    3|          9|
    |fir_int_int_c_5_address8_local            |   14|          3|    3|          9|
    |fir_int_int_c_5_address9_local            |   14|          3|    3|          9|
    |fir_int_int_c_6_address0_local            |   14|          3|    3|          9|
    |fir_int_int_c_6_address10_local           |   14|          3|    3|          9|
    |fir_int_int_c_6_address11_local           |   14|          3|    3|          9|
    |fir_int_int_c_6_address12_local           |   14|          3|    3|          9|
    |fir_int_int_c_6_address13_local           |   14|          3|    3|          9|
    |fir_int_int_c_6_address14_local           |   14|          3|    3|          9|
    |fir_int_int_c_6_address15_local           |   14|          3|    3|          9|
    |fir_int_int_c_6_address16_local           |   14|          3|    3|          9|
    |fir_int_int_c_6_address17_local           |   14|          3|    3|          9|
    |fir_int_int_c_6_address18_local           |   14|          3|    3|          9|
    |fir_int_int_c_6_address19_local           |   14|          3|    3|          9|
    |fir_int_int_c_6_address1_local            |   14|          3|    3|          9|
    |fir_int_int_c_6_address2_local            |   14|          3|    3|          9|
    |fir_int_int_c_6_address3_local            |   14|          3|    3|          9|
    |fir_int_int_c_6_address4_local            |   14|          3|    3|          9|
    |fir_int_int_c_6_address5_local            |   14|          3|    3|          9|
    |fir_int_int_c_6_address6_local            |   14|          3|    3|          9|
    |fir_int_int_c_6_address7_local            |   14|          3|    3|          9|
    |fir_int_int_c_6_address8_local            |   14|          3|    3|          9|
    |fir_int_int_c_6_address9_local            |   14|          3|    3|          9|
    |fir_int_int_c_7_address0_local            |   14|          3|    3|          9|
    |fir_int_int_c_7_address10_local           |   14|          3|    3|          9|
    |fir_int_int_c_7_address11_local           |   14|          3|    3|          9|
    |fir_int_int_c_7_address12_local           |   14|          3|    3|          9|
    |fir_int_int_c_7_address13_local           |   14|          3|    3|          9|
    |fir_int_int_c_7_address14_local           |   14|          3|    3|          9|
    |fir_int_int_c_7_address15_local           |   14|          3|    3|          9|
    |fir_int_int_c_7_address16_local           |   14|          3|    3|          9|
    |fir_int_int_c_7_address17_local           |   14|          3|    3|          9|
    |fir_int_int_c_7_address18_local           |   14|          3|    3|          9|
    |fir_int_int_c_7_address19_local           |   14|          3|    3|          9|
    |fir_int_int_c_7_address1_local            |   14|          3|    3|          9|
    |fir_int_int_c_7_address2_local            |   14|          3|    3|          9|
    |fir_int_int_c_7_address3_local            |   14|          3|    3|          9|
    |fir_int_int_c_7_address4_local            |   14|          3|    3|          9|
    |fir_int_int_c_7_address5_local            |   14|          3|    3|          9|
    |fir_int_int_c_7_address6_local            |   14|          3|    3|          9|
    |fir_int_int_c_7_address7_local            |   14|          3|    3|          9|
    |fir_int_int_c_7_address8_local            |   14|          3|    3|          9|
    |fir_int_int_c_7_address9_local            |   14|          3|    3|          9|
    |fir_int_int_c_8_address0_local            |   14|          3|    3|          9|
    |fir_int_int_c_8_address10_local           |   14|          3|    3|          9|
    |fir_int_int_c_8_address11_local           |   14|          3|    3|          9|
    |fir_int_int_c_8_address12_local           |   14|          3|    3|          9|
    |fir_int_int_c_8_address13_local           |   14|          3|    3|          9|
    |fir_int_int_c_8_address14_local           |   14|          3|    3|          9|
    |fir_int_int_c_8_address15_local           |   14|          3|    3|          9|
    |fir_int_int_c_8_address16_local           |   14|          3|    3|          9|
    |fir_int_int_c_8_address17_local           |   14|          3|    3|          9|
    |fir_int_int_c_8_address18_local           |   14|          3|    3|          9|
    |fir_int_int_c_8_address19_local           |   14|          3|    3|          9|
    |fir_int_int_c_8_address1_local            |   14|          3|    3|          9|
    |fir_int_int_c_8_address2_local            |   14|          3|    3|          9|
    |fir_int_int_c_8_address3_local            |   14|          3|    3|          9|
    |fir_int_int_c_8_address4_local            |   14|          3|    3|          9|
    |fir_int_int_c_8_address5_local            |   14|          3|    3|          9|
    |fir_int_int_c_8_address6_local            |   14|          3|    3|          9|
    |fir_int_int_c_8_address7_local            |   14|          3|    3|          9|
    |fir_int_int_c_8_address8_local            |   14|          3|    3|          9|
    |fir_int_int_c_8_address9_local            |   14|          3|    3|          9|
    |fir_int_int_c_9_address0_local            |   14|          3|    3|          9|
    |fir_int_int_c_9_address10_local           |   14|          3|    3|          9|
    |fir_int_int_c_9_address11_local           |   14|          3|    3|          9|
    |fir_int_int_c_9_address12_local           |   14|          3|    3|          9|
    |fir_int_int_c_9_address13_local           |   14|          3|    3|          9|
    |fir_int_int_c_9_address14_local           |   14|          3|    3|          9|
    |fir_int_int_c_9_address15_local           |   14|          3|    3|          9|
    |fir_int_int_c_9_address16_local           |   14|          3|    3|          9|
    |fir_int_int_c_9_address17_local           |   14|          3|    3|          9|
    |fir_int_int_c_9_address18_local           |   14|          3|    3|          9|
    |fir_int_int_c_9_address19_local           |   14|          3|    3|          9|
    |fir_int_int_c_9_address1_local            |   14|          3|    3|          9|
    |fir_int_int_c_9_address2_local            |   14|          3|    3|          9|
    |fir_int_int_c_9_address3_local            |   14|          3|    3|          9|
    |fir_int_int_c_9_address4_local            |   14|          3|    3|          9|
    |fir_int_int_c_9_address5_local            |   14|          3|    3|          9|
    |fir_int_int_c_9_address6_local            |   14|          3|    3|          9|
    |fir_int_int_c_9_address7_local            |   14|          3|    3|          9|
    |fir_int_int_c_9_address8_local            |   14|          3|    3|          9|
    |fir_int_int_c_9_address9_local            |   14|          3|    3|          9|
    |fir_int_int_c_address0_local              |   14|          3|    3|          9|
    |fir_int_int_c_address10_local             |   14|          3|    3|          9|
    |fir_int_int_c_address11_local             |   14|          3|    3|          9|
    |fir_int_int_c_address12_local             |   14|          3|    3|          9|
    |fir_int_int_c_address13_local             |   14|          3|    3|          9|
    |fir_int_int_c_address14_local             |   14|          3|    3|          9|
    |fir_int_int_c_address15_local             |   14|          3|    3|          9|
    |fir_int_int_c_address16_local             |   14|          3|    3|          9|
    |fir_int_int_c_address17_local             |   14|          3|    3|          9|
    |fir_int_int_c_address18_local             |   14|          3|    3|          9|
    |fir_int_int_c_address19_local             |   14|          3|    3|          9|
    |fir_int_int_c_address1_local              |   14|          3|    3|          9|
    |fir_int_int_c_address2_local              |   14|          3|    3|          9|
    |fir_int_int_c_address3_local              |   14|          3|    3|          9|
    |fir_int_int_c_address4_local              |   14|          3|    3|          9|
    |fir_int_int_c_address5_local              |   14|          3|    3|          9|
    |fir_int_int_c_address6_local              |   14|          3|    3|          9|
    |fir_int_int_c_address7_local              |   14|          3|    3|          9|
    |fir_int_int_c_address8_local              |   14|          3|    3|          9|
    |fir_int_int_c_address9_local              |   14|          3|    3|          9|
    |fir_int_int_shift_reg_10_address0_local   |  106|         21|    3|         63|
    |fir_int_int_shift_reg_10_address1_local   |  106|         21|    3|         63|
    |fir_int_int_shift_reg_11_address0_local   |  106|         21|    3|         63|
    |fir_int_int_shift_reg_11_address1_local   |  106|         21|    3|         63|
    |fir_int_int_shift_reg_12_address0_local   |  106|         21|    3|         63|
    |fir_int_int_shift_reg_12_address1_local   |  106|         21|    3|         63|
    |fir_int_int_shift_reg_13_address0_local   |  106|         21|    3|         63|
    |fir_int_int_shift_reg_13_address1_local   |  106|         21|    3|         63|
    |fir_int_int_shift_reg_14_address0_local   |  106|         21|    3|         63|
    |fir_int_int_shift_reg_14_address1_local   |  106|         21|    3|         63|
    |fir_int_int_shift_reg_15_address0_local   |  106|         21|    3|         63|
    |fir_int_int_shift_reg_15_address1_local   |  106|         21|    3|         63|
    |fir_int_int_shift_reg_16_address0_local   |  106|         21|    3|         63|
    |fir_int_int_shift_reg_16_address1_local   |  106|         21|    3|         63|
    |fir_int_int_shift_reg_17_address0_local   |  106|         21|    3|         63|
    |fir_int_int_shift_reg_17_address1_local   |  106|         21|    3|         63|
    |fir_int_int_shift_reg_18_address0_local   |  106|         21|    3|         63|
    |fir_int_int_shift_reg_18_address1_local   |  106|         21|    3|         63|
    |fir_int_int_shift_reg_address0_local      |  106|         21|    3|         63|
    |fir_int_int_shift_reg_address1_local      |  106|         21|    3|         63|
    |i_1_fu_250                                |    9|          2|    7|         14|
    |p_ZZ3firPiiE1c_10_address0_local          |   14|          3|    3|          9|
    |p_ZZ3firPiiE1c_10_address10_local         |   14|          3|    3|          9|
    |p_ZZ3firPiiE1c_10_address11_local         |   14|          3|    3|          9|
    |p_ZZ3firPiiE1c_10_address12_local         |   14|          3|    3|          9|
    |p_ZZ3firPiiE1c_10_address13_local         |   14|          3|    3|          9|
    |p_ZZ3firPiiE1c_10_address14_local         |   14|          3|    3|          9|
    |p_ZZ3firPiiE1c_10_address15_local         |   14|          3|    3|          9|
    |p_ZZ3firPiiE1c_10_address16_local         |   14|          3|    3|          9|
    |p_ZZ3firPiiE1c_10_address17_local         |   14|          3|    3|          9|
    |p_ZZ3firPiiE1c_10_address18_local         |   14|          3|    3|          9|
    |p_ZZ3firPiiE1c_10_address19_local         |   14|          3|    3|          9|
    |p_ZZ3firPiiE1c_10_address1_local          |   14|          3|    3|          9|
    |p_ZZ3firPiiE1c_10_address2_local          |   14|          3|    3|          9|
    |p_ZZ3firPiiE1c_10_address3_local          |   14|          3|    3|          9|
    |p_ZZ3firPiiE1c_10_address4_local          |   14|          3|    3|          9|
    |p_ZZ3firPiiE1c_10_address5_local          |   14|          3|    3|          9|
    |p_ZZ3firPiiE1c_10_address6_local          |   14|          3|    3|          9|
    |p_ZZ3firPiiE1c_10_address7_local          |   14|          3|    3|          9|
    |p_ZZ3firPiiE1c_10_address8_local          |   14|          3|    3|          9|
    |p_ZZ3firPiiE1c_10_address9_local          |   14|          3|    3|          9|
    |p_ZZ3firPiiE1c_11_address0_local          |   14|          3|    3|          9|
    |p_ZZ3firPiiE1c_11_address10_local         |   14|          3|    3|          9|
    |p_ZZ3firPiiE1c_11_address11_local         |   14|          3|    3|          9|
    |p_ZZ3firPiiE1c_11_address12_local         |   14|          3|    3|          9|
    |p_ZZ3firPiiE1c_11_address13_local         |   14|          3|    3|          9|
    |p_ZZ3firPiiE1c_11_address14_local         |   14|          3|    3|          9|
    |p_ZZ3firPiiE1c_11_address15_local         |   14|          3|    3|          9|
    |p_ZZ3firPiiE1c_11_address16_local         |   14|          3|    3|          9|
    |p_ZZ3firPiiE1c_11_address17_local         |   14|          3|    3|          9|
    |p_ZZ3firPiiE1c_11_address18_local         |   14|          3|    3|          9|
    |p_ZZ3firPiiE1c_11_address19_local         |   14|          3|    3|          9|
    |p_ZZ3firPiiE1c_11_address1_local          |   14|          3|    3|          9|
    |p_ZZ3firPiiE1c_11_address2_local          |   14|          3|    3|          9|
    |p_ZZ3firPiiE1c_11_address3_local          |   14|          3|    3|          9|
    |p_ZZ3firPiiE1c_11_address4_local          |   14|          3|    3|          9|
    |p_ZZ3firPiiE1c_11_address5_local          |   14|          3|    3|          9|
    |p_ZZ3firPiiE1c_11_address6_local          |   14|          3|    3|          9|
    |p_ZZ3firPiiE1c_11_address7_local          |   14|          3|    3|          9|
    |p_ZZ3firPiiE1c_11_address8_local          |   14|          3|    3|          9|
    |p_ZZ3firPiiE1c_11_address9_local          |   14|          3|    3|          9|
    |p_ZZ3firPiiE1c_12_address0_local          |   14|          3|    3|          9|
    |p_ZZ3firPiiE1c_12_address10_local         |   14|          3|    3|          9|
    |p_ZZ3firPiiE1c_12_address11_local         |   14|          3|    3|          9|
    |p_ZZ3firPiiE1c_12_address12_local         |   14|          3|    3|          9|
    |p_ZZ3firPiiE1c_12_address13_local         |   14|          3|    3|          9|
    |p_ZZ3firPiiE1c_12_address14_local         |   14|          3|    3|          9|
    |p_ZZ3firPiiE1c_12_address15_local         |   14|          3|    3|          9|
    |p_ZZ3firPiiE1c_12_address16_local         |   14|          3|    3|          9|
    |p_ZZ3firPiiE1c_12_address17_local         |   14|          3|    3|          9|
    |p_ZZ3firPiiE1c_12_address18_local         |   14|          3|    3|          9|
    |p_ZZ3firPiiE1c_12_address19_local         |   14|          3|    3|          9|
    |p_ZZ3firPiiE1c_12_address1_local          |   14|          3|    3|          9|
    |p_ZZ3firPiiE1c_12_address2_local          |   14|          3|    3|          9|
    |p_ZZ3firPiiE1c_12_address3_local          |   14|          3|    3|          9|
    |p_ZZ3firPiiE1c_12_address4_local          |   14|          3|    3|          9|
    |p_ZZ3firPiiE1c_12_address5_local          |   14|          3|    3|          9|
    |p_ZZ3firPiiE1c_12_address6_local          |   14|          3|    3|          9|
    |p_ZZ3firPiiE1c_12_address7_local          |   14|          3|    3|          9|
    |p_ZZ3firPiiE1c_12_address8_local          |   14|          3|    3|          9|
    |p_ZZ3firPiiE1c_12_address9_local          |   14|          3|    3|          9|
    |p_ZZ3firPiiE1c_13_address0_local          |   14|          3|    3|          9|
    |p_ZZ3firPiiE1c_13_address10_local         |   14|          3|    3|          9|
    |p_ZZ3firPiiE1c_13_address11_local         |   14|          3|    3|          9|
    |p_ZZ3firPiiE1c_13_address12_local         |   14|          3|    3|          9|
    |p_ZZ3firPiiE1c_13_address13_local         |   14|          3|    3|          9|
    |p_ZZ3firPiiE1c_13_address14_local         |   14|          3|    3|          9|
    |p_ZZ3firPiiE1c_13_address15_local         |   14|          3|    3|          9|
    |p_ZZ3firPiiE1c_13_address16_local         |   14|          3|    3|          9|
    |p_ZZ3firPiiE1c_13_address17_local         |   14|          3|    3|          9|
    |p_ZZ3firPiiE1c_13_address18_local         |   14|          3|    3|          9|
    |p_ZZ3firPiiE1c_13_address19_local         |   14|          3|    3|          9|
    |p_ZZ3firPiiE1c_13_address1_local          |   14|          3|    3|          9|
    |p_ZZ3firPiiE1c_13_address2_local          |   14|          3|    3|          9|
    |p_ZZ3firPiiE1c_13_address3_local          |   14|          3|    3|          9|
    |p_ZZ3firPiiE1c_13_address4_local          |   14|          3|    3|          9|
    |p_ZZ3firPiiE1c_13_address5_local          |   14|          3|    3|          9|
    |p_ZZ3firPiiE1c_13_address6_local          |   14|          3|    3|          9|
    |p_ZZ3firPiiE1c_13_address7_local          |   14|          3|    3|          9|
    |p_ZZ3firPiiE1c_13_address8_local          |   14|          3|    3|          9|
    |p_ZZ3firPiiE1c_13_address9_local          |   14|          3|    3|          9|
    |p_ZZ3firPiiE1c_14_address0_local          |   14|          3|    3|          9|
    |p_ZZ3firPiiE1c_14_address10_local         |   14|          3|    3|          9|
    |p_ZZ3firPiiE1c_14_address11_local         |   14|          3|    3|          9|
    |p_ZZ3firPiiE1c_14_address12_local         |   14|          3|    3|          9|
    |p_ZZ3firPiiE1c_14_address13_local         |   14|          3|    3|          9|
    |p_ZZ3firPiiE1c_14_address14_local         |   14|          3|    3|          9|
    |p_ZZ3firPiiE1c_14_address15_local         |   14|          3|    3|          9|
    |p_ZZ3firPiiE1c_14_address16_local         |   14|          3|    3|          9|
    |p_ZZ3firPiiE1c_14_address17_local         |   14|          3|    3|          9|
    |p_ZZ3firPiiE1c_14_address18_local         |   14|          3|    3|          9|
    |p_ZZ3firPiiE1c_14_address19_local         |   14|          3|    3|          9|
    |p_ZZ3firPiiE1c_14_address1_local          |   14|          3|    3|          9|
    |p_ZZ3firPiiE1c_14_address2_local          |   14|          3|    3|          9|
    |p_ZZ3firPiiE1c_14_address3_local          |   14|          3|    3|          9|
    |p_ZZ3firPiiE1c_14_address4_local          |   14|          3|    3|          9|
    |p_ZZ3firPiiE1c_14_address5_local          |   14|          3|    3|          9|
    |p_ZZ3firPiiE1c_14_address6_local          |   14|          3|    3|          9|
    |p_ZZ3firPiiE1c_14_address7_local          |   14|          3|    3|          9|
    |p_ZZ3firPiiE1c_14_address8_local          |   14|          3|    3|          9|
    |p_ZZ3firPiiE1c_14_address9_local          |   14|          3|    3|          9|
    |p_ZZ3firPiiE1c_15_address0_local          |   14|          3|    3|          9|
    |p_ZZ3firPiiE1c_15_address10_local         |   14|          3|    3|          9|
    |p_ZZ3firPiiE1c_15_address11_local         |   14|          3|    3|          9|
    |p_ZZ3firPiiE1c_15_address12_local         |   14|          3|    3|          9|
    |p_ZZ3firPiiE1c_15_address13_local         |   14|          3|    3|          9|
    |p_ZZ3firPiiE1c_15_address14_local         |   14|          3|    3|          9|
    |p_ZZ3firPiiE1c_15_address15_local         |   14|          3|    3|          9|
    |p_ZZ3firPiiE1c_15_address16_local         |   14|          3|    3|          9|
    |p_ZZ3firPiiE1c_15_address17_local         |   14|          3|    3|          9|
    |p_ZZ3firPiiE1c_15_address18_local         |   14|          3|    3|          9|
    |p_ZZ3firPiiE1c_15_address19_local         |   14|          3|    3|          9|
    |p_ZZ3firPiiE1c_15_address1_local          |   14|          3|    3|          9|
    |p_ZZ3firPiiE1c_15_address2_local          |   14|          3|    3|          9|
    |p_ZZ3firPiiE1c_15_address3_local          |   14|          3|    3|          9|
    |p_ZZ3firPiiE1c_15_address4_local          |   14|          3|    3|          9|
    |p_ZZ3firPiiE1c_15_address5_local          |   14|          3|    3|          9|
    |p_ZZ3firPiiE1c_15_address6_local          |   14|          3|    3|          9|
    |p_ZZ3firPiiE1c_15_address7_local          |   14|          3|    3|          9|
    |p_ZZ3firPiiE1c_15_address8_local          |   14|          3|    3|          9|
    |p_ZZ3firPiiE1c_15_address9_local          |   14|          3|    3|          9|
    |p_ZZ3firPiiE1c_16_address0_local          |   14|          3|    3|          9|
    |p_ZZ3firPiiE1c_16_address10_local         |   14|          3|    3|          9|
    |p_ZZ3firPiiE1c_16_address11_local         |   14|          3|    3|          9|
    |p_ZZ3firPiiE1c_16_address12_local         |   14|          3|    3|          9|
    |p_ZZ3firPiiE1c_16_address13_local         |   14|          3|    3|          9|
    |p_ZZ3firPiiE1c_16_address14_local         |   14|          3|    3|          9|
    |p_ZZ3firPiiE1c_16_address15_local         |   14|          3|    3|          9|
    |p_ZZ3firPiiE1c_16_address16_local         |   14|          3|    3|          9|
    |p_ZZ3firPiiE1c_16_address17_local         |   14|          3|    3|          9|
    |p_ZZ3firPiiE1c_16_address18_local         |   14|          3|    3|          9|
    |p_ZZ3firPiiE1c_16_address19_local         |   14|          3|    3|          9|
    |p_ZZ3firPiiE1c_16_address1_local          |   14|          3|    3|          9|
    |p_ZZ3firPiiE1c_16_address2_local          |   14|          3|    3|          9|
    |p_ZZ3firPiiE1c_16_address3_local          |   14|          3|    3|          9|
    |p_ZZ3firPiiE1c_16_address4_local          |   14|          3|    3|          9|
    |p_ZZ3firPiiE1c_16_address5_local          |   14|          3|    3|          9|
    |p_ZZ3firPiiE1c_16_address6_local          |   14|          3|    3|          9|
    |p_ZZ3firPiiE1c_16_address7_local          |   14|          3|    3|          9|
    |p_ZZ3firPiiE1c_16_address8_local          |   14|          3|    3|          9|
    |p_ZZ3firPiiE1c_16_address9_local          |   14|          3|    3|          9|
    |p_ZZ3firPiiE1c_17_address0_local          |   14|          3|    3|          9|
    |p_ZZ3firPiiE1c_17_address10_local         |   14|          3|    3|          9|
    |p_ZZ3firPiiE1c_17_address11_local         |   14|          3|    3|          9|
    |p_ZZ3firPiiE1c_17_address12_local         |   14|          3|    3|          9|
    |p_ZZ3firPiiE1c_17_address13_local         |   14|          3|    3|          9|
    |p_ZZ3firPiiE1c_17_address14_local         |   14|          3|    3|          9|
    |p_ZZ3firPiiE1c_17_address15_local         |   14|          3|    3|          9|
    |p_ZZ3firPiiE1c_17_address16_local         |   14|          3|    3|          9|
    |p_ZZ3firPiiE1c_17_address17_local         |   14|          3|    3|          9|
    |p_ZZ3firPiiE1c_17_address18_local         |   14|          3|    3|          9|
    |p_ZZ3firPiiE1c_17_address19_local         |   14|          3|    3|          9|
    |p_ZZ3firPiiE1c_17_address1_local          |   14|          3|    3|          9|
    |p_ZZ3firPiiE1c_17_address2_local          |   14|          3|    3|          9|
    |p_ZZ3firPiiE1c_17_address3_local          |   14|          3|    3|          9|
    |p_ZZ3firPiiE1c_17_address4_local          |   14|          3|    3|          9|
    |p_ZZ3firPiiE1c_17_address5_local          |   14|          3|    3|          9|
    |p_ZZ3firPiiE1c_17_address6_local          |   14|          3|    3|          9|
    |p_ZZ3firPiiE1c_17_address7_local          |   14|          3|    3|          9|
    |p_ZZ3firPiiE1c_17_address8_local          |   14|          3|    3|          9|
    |p_ZZ3firPiiE1c_17_address9_local          |   14|          3|    3|          9|
    |p_ZZ3firPiiE1c_18_address0_local          |   14|          3|    3|          9|
    |p_ZZ3firPiiE1c_18_address10_local         |   14|          3|    3|          9|
    |p_ZZ3firPiiE1c_18_address11_local         |   14|          3|    3|          9|
    |p_ZZ3firPiiE1c_18_address12_local         |   14|          3|    3|          9|
    |p_ZZ3firPiiE1c_18_address13_local         |   14|          3|    3|          9|
    |p_ZZ3firPiiE1c_18_address14_local         |   14|          3|    3|          9|
    |p_ZZ3firPiiE1c_18_address15_local         |   14|          3|    3|          9|
    |p_ZZ3firPiiE1c_18_address16_local         |   14|          3|    3|          9|
    |p_ZZ3firPiiE1c_18_address17_local         |   14|          3|    3|          9|
    |p_ZZ3firPiiE1c_18_address18_local         |   14|          3|    3|          9|
    |p_ZZ3firPiiE1c_18_address19_local         |   14|          3|    3|          9|
    |p_ZZ3firPiiE1c_18_address1_local          |   14|          3|    3|          9|
    |p_ZZ3firPiiE1c_18_address2_local          |   14|          3|    3|          9|
    |p_ZZ3firPiiE1c_18_address3_local          |   14|          3|    3|          9|
    |p_ZZ3firPiiE1c_18_address4_local          |   14|          3|    3|          9|
    |p_ZZ3firPiiE1c_18_address5_local          |   14|          3|    3|          9|
    |p_ZZ3firPiiE1c_18_address6_local          |   14|          3|    3|          9|
    |p_ZZ3firPiiE1c_18_address7_local          |   14|          3|    3|          9|
    |p_ZZ3firPiiE1c_18_address8_local          |   14|          3|    3|          9|
    |p_ZZ3firPiiE1c_18_address9_local          |   14|          3|    3|          9|
    |p_ZZ3firPiiE1c_19_address0_local          |   14|          3|    3|          9|
    |p_ZZ3firPiiE1c_19_address10_local         |   14|          3|    3|          9|
    |p_ZZ3firPiiE1c_19_address11_local         |   14|          3|    3|          9|
    |p_ZZ3firPiiE1c_19_address12_local         |   14|          3|    3|          9|
    |p_ZZ3firPiiE1c_19_address13_local         |   14|          3|    3|          9|
    |p_ZZ3firPiiE1c_19_address14_local         |   14|          3|    3|          9|
    |p_ZZ3firPiiE1c_19_address15_local         |   14|          3|    3|          9|
    |p_ZZ3firPiiE1c_19_address16_local         |   14|          3|    3|          9|
    |p_ZZ3firPiiE1c_19_address17_local         |   14|          3|    3|          9|
    |p_ZZ3firPiiE1c_19_address18_local         |   14|          3|    3|          9|
    |p_ZZ3firPiiE1c_19_address19_local         |   14|          3|    3|          9|
    |p_ZZ3firPiiE1c_19_address1_local          |   14|          3|    3|          9|
    |p_ZZ3firPiiE1c_19_address2_local          |   14|          3|    3|          9|
    |p_ZZ3firPiiE1c_19_address3_local          |   14|          3|    3|          9|
    |p_ZZ3firPiiE1c_19_address4_local          |   14|          3|    3|          9|
    |p_ZZ3firPiiE1c_19_address5_local          |   14|          3|    3|          9|
    |p_ZZ3firPiiE1c_19_address6_local          |   14|          3|    3|          9|
    |p_ZZ3firPiiE1c_19_address7_local          |   14|          3|    3|          9|
    |p_ZZ3firPiiE1c_19_address8_local          |   14|          3|    3|          9|
    |p_ZZ3firPiiE1c_19_address9_local          |   14|          3|    3|          9|
    |p_ZZ3firPiiE9shift_reg_10_address0_local  |  106|         21|    3|         63|
    |p_ZZ3firPiiE9shift_reg_10_address1_local  |  106|         21|    3|         63|
    |p_ZZ3firPiiE9shift_reg_11_address0_local  |  106|         21|    3|         63|
    |p_ZZ3firPiiE9shift_reg_11_address1_local  |  106|         21|    3|         63|
    |p_ZZ3firPiiE9shift_reg_12_address0_local  |  106|         21|    3|         63|
    |p_ZZ3firPiiE9shift_reg_12_address1_local  |  106|         21|    3|         63|
    |p_ZZ3firPiiE9shift_reg_13_address0_local  |  106|         21|    3|         63|
    |p_ZZ3firPiiE9shift_reg_13_address1_local  |  106|         21|    3|         63|
    |p_ZZ3firPiiE9shift_reg_14_address0_local  |  106|         21|    3|         63|
    |p_ZZ3firPiiE9shift_reg_14_address1_local  |  106|         21|    3|         63|
    |p_ZZ3firPiiE9shift_reg_15_address0_local  |  106|         21|    3|         63|
    |p_ZZ3firPiiE9shift_reg_15_address1_local  |  106|         21|    3|         63|
    |p_ZZ3firPiiE9shift_reg_16_address0_local  |  106|         21|    3|         63|
    |p_ZZ3firPiiE9shift_reg_16_address1_local  |  106|         21|    3|         63|
    |p_ZZ3firPiiE9shift_reg_17_address0_local  |  106|         21|    3|         63|
    |p_ZZ3firPiiE9shift_reg_17_address1_local  |  106|         21|    3|         63|
    |p_ZZ3firPiiE9shift_reg_18_address0_local  |  106|         21|    3|         63|
    |p_ZZ3firPiiE9shift_reg_18_address1_local  |  106|         21|    3|         63|
    |p_ZZ3firPiiE9shift_reg_19_address0_local  |  106|         21|    3|         63|
    |p_ZZ3firPiiE9shift_reg_19_address1_local  |  106|         21|    3|         63|
    +------------------------------------------+-----+-----------+-----+-----------+
    |Total                                     | 9908|       2055| 1370|       6221|
    +------------------------------------------+-----+-----------+-----+-----------+

    * Register: 
    +-------------------------------------+-----+-----+-----+-----------+
    |                 Name                |  FF | LUT | Bits| Const Bits|
    +-------------------------------------+-----+-----+-----+-----------+
    |acc_3_reg_40883                      |   32|    0|   32|          0|
    |acc_fu_246                           |   32|    0|   32|          0|
    |add_ln40_18_reg_26854                |    7|    0|    7|          0|
    |add_ln40_19_reg_26859                |    7|    0|    7|          0|
    |add_ln40_1_reg_26805                 |    7|    0|    7|          0|
    |add_ln40_20_reg_26864                |    7|    0|    7|          0|
    |add_ln40_21_reg_26869                |    7|    0|    7|          0|
    |add_ln40_2_reg_26810                 |    7|    0|    7|          0|
    |add_ln40_34_reg_26874                |    7|    0|    7|          0|
    |add_ln40_35_reg_26879                |    7|    0|    7|          0|
    |add_ln40_36_reg_26884                |    7|    0|    7|          0|
    |add_ln40_37_reg_26889                |    7|    0|    7|          0|
    |add_ln40_38_reg_26894                |    7|    0|    7|          0|
    |add_ln40_3_reg_26815                 |    7|    0|    7|          0|
    |add_ln40_4_reg_26820                 |    7|    0|    7|          0|
    |add_ln40_5_reg_26825                 |    7|    0|    7|          0|
    |add_ln40_6_reg_26830                 |    7|    0|    7|          0|
    |add_ln40_7_reg_26835                 |    8|    0|    8|          0|
    |add_ln40_8_reg_26844                 |    7|    0|    7|          0|
    |add_ln40_9_reg_26849                 |    7|    0|    7|          0|
    |add_ln40_reg_26800                   |    7|    0|    7|          0|
    |add_ln42_13_reg_40818                |   32|    0|   32|          0|
    |add_ln42_14_reg_40873                |   32|    0|   32|          0|
    |add_ln42_15_reg_40823                |   32|    0|   32|          0|
    |add_ln42_16_reg_40828                |   32|    0|   32|          0|
    |add_ln42_20_reg_40833                |   32|    0|   32|          0|
    |add_ln42_21_reg_40863                |   32|    0|   32|          0|
    |add_ln42_25_reg_40838                |   32|    0|   32|          0|
    |add_ln42_25_reg_40838_pp0_iter9_reg  |   32|    0|   32|          0|
    |add_ln42_28_reg_40843                |   32|    0|   32|          0|
    |add_ln42_28_reg_40843_pp0_iter9_reg  |   32|    0|   32|          0|
    |add_ln42_2_reg_40803                 |   32|    0|   32|          0|
    |add_ln42_2_reg_40803_pp0_iter9_reg   |   32|    0|   32|          0|
    |add_ln42_30_reg_40848                |   32|    0|   32|          0|
    |add_ln42_31_reg_40853                |   32|    0|   32|          0|
    |add_ln42_35_reg_40858                |   32|    0|   32|          0|
    |add_ln42_36_reg_40868                |   32|    0|   32|          0|
    |add_ln42_37_reg_40878                |   32|    0|   32|          0|
    |add_ln42_38_reg_40888                |   32|    0|   32|          0|
    |add_ln42_3_reg_40808                 |   32|    0|   32|          0|
    |add_ln42_3_reg_40808_pp0_iter9_reg   |   32|    0|   32|          0|
    |add_ln42_8_reg_40813                 |   32|    0|   32|          0|
    |ap_CS_fsm                            |    2|    0|    2|          0|
    |ap_done_reg                          |    1|    0|    1|          0|
    |ap_enable_reg_pp0_iter0_reg          |    1|    0|    1|          0|
    |ap_enable_reg_pp0_iter1              |    1|    0|    1|          0|
    |ap_enable_reg_pp0_iter10             |    1|    0|    1|          0|
    |ap_enable_reg_pp0_iter2              |    1|    0|    1|          0|
    |ap_enable_reg_pp0_iter3              |    1|    0|    1|          0|
    |ap_enable_reg_pp0_iter4              |    1|    0|    1|          0|
    |ap_enable_reg_pp0_iter5              |    1|    0|    1|          0|
    |ap_enable_reg_pp0_iter6              |    1|    0|    1|          0|
    |ap_enable_reg_pp0_iter7              |    1|    0|    1|          0|
    |ap_enable_reg_pp0_iter8              |    1|    0|    1|          0|
    |ap_enable_reg_pp0_iter9              |    1|    0|    1|          0|
    |ap_loop_exit_ready_pp0_iter1_reg     |    1|    0|    1|          0|
    |ap_loop_exit_ready_pp0_iter2_reg     |    1|    0|    1|          0|
    |ap_loop_exit_ready_pp0_iter3_reg     |    1|    0|    1|          0|
    |ap_loop_exit_ready_pp0_iter4_reg     |    1|    0|    1|          0|
    |ap_loop_exit_ready_pp0_iter5_reg     |    1|    0|    1|          0|
    |ap_loop_exit_ready_pp0_iter6_reg     |    1|    0|    1|          0|
    |ap_loop_exit_ready_pp0_iter7_reg     |    1|    0|    1|          0|
    |ap_loop_exit_ready_pp0_iter8_reg     |    1|    0|    1|          0|
    |ap_loop_exit_ready_pp0_iter9_reg     |    1|    0|    1|          0|
    |i_1_fu_250                           |    7|    0|    7|          0|
    |i_reg_26769                          |    7|    0|    7|          0|
    |mul_ln42_10_reg_40603                |   32|    0|   32|          0|
    |mul_ln42_11_reg_40658                |   32|    0|   32|          0|
    |mul_ln42_12_reg_40663                |   32|    0|   32|          0|
    |mul_ln42_13_reg_40668                |   32|    0|   32|          0|
    |mul_ln42_14_reg_40673                |   32|    0|   32|          0|
    |mul_ln42_15_reg_40678                |   32|    0|   32|          0|
    |mul_ln42_16_reg_40683                |   32|    0|   32|          0|
    |mul_ln42_17_reg_40688                |   32|    0|   32|          0|
    |mul_ln42_18_reg_40693                |   32|    0|   32|          0|
    |mul_ln42_19_reg_40698                |   32|    0|   32|          0|
    |mul_ln42_1_reg_40613                 |   32|    0|   32|          0|
    |mul_ln42_20_reg_40703                |   32|    0|   32|          0|
    |mul_ln42_21_reg_40708                |   32|    0|   32|          0|
    |mul_ln42_22_reg_40713                |   32|    0|   32|          0|
    |mul_ln42_23_reg_40718                |   32|    0|   32|          0|
    |mul_ln42_24_reg_40723                |   32|    0|   32|          0|
    |mul_ln42_25_reg_40728                |   32|    0|   32|          0|
    |mul_ln42_26_reg_40733                |   32|    0|   32|          0|
    |mul_ln42_27_reg_40738                |   32|    0|   32|          0|
    |mul_ln42_28_reg_40743                |   32|    0|   32|          0|
    |mul_ln42_29_reg_40748                |   32|    0|   32|          0|
    |mul_ln42_2_reg_40618                 |   32|    0|   32|          0|
    |mul_ln42_30_reg_40753                |   32|    0|   32|          0|
    |mul_ln42_31_reg_40758                |   32|    0|   32|          0|
    |mul_ln42_32_reg_40763                |   32|    0|   32|          0|
    |mul_ln42_33_reg_40768                |   32|    0|   32|          0|
    |mul_ln42_34_reg_40773                |   32|    0|   32|          0|
    |mul_ln42_35_reg_40778                |   32|    0|   32|          0|
    |mul_ln42_36_reg_40783                |   32|    0|   32|          0|
    |mul_ln42_37_reg_40788                |   32|    0|   32|          0|
    |mul_ln42_38_reg_40793                |   32|    0|   32|          0|
    |mul_ln42_39_reg_40798                |   32|    0|   32|          0|
    |mul_ln42_3_reg_40623                 |   32|    0|   32|          0|
    |mul_ln42_4_reg_40628                 |   32|    0|   32|          0|
    |mul_ln42_5_reg_40633                 |   32|    0|   32|          0|
    |mul_ln42_6_reg_40638                 |   32|    0|   32|          0|
    |mul_ln42_7_reg_40643                 |   32|    0|   32|          0|
    |mul_ln42_8_reg_40648                 |   32|    0|   32|          0|
    |mul_ln42_9_reg_40653                 |   32|    0|   32|          0|
    |mul_ln42_reg_40608                   |   32|    0|   32|          0|
    |tmp_100_reg_28263                    |    3|    0|    3|          0|
    |tmp_101_reg_28268                    |    3|    0|    3|          0|
    |tmp_102_reg_28273                    |    3|    0|    3|          0|
    |tmp_103_reg_28278                    |    3|    0|    3|          0|
    |tmp_104_reg_28283                    |    3|    0|    3|          0|
    |tmp_105_reg_28288                    |    3|    0|    3|          0|
    |tmp_106_reg_28293                    |    3|    0|    3|          0|
    |tmp_107_reg_28298                    |    3|    0|    3|          0|
    |tmp_10_reg_40228                     |   32|    0|   32|          0|
    |tmp_112_reg_28799                    |    3|    0|    3|          0|
    |tmp_113_reg_28804                    |    3|    0|    3|          0|
    |tmp_114_reg_28809                    |    3|    0|    3|          0|
    |tmp_115_reg_28814                    |    3|    0|    3|          0|
    |tmp_116_reg_28819                    |    3|    0|    3|          0|
    |tmp_117_reg_28824                    |    3|    0|    3|          0|
    |tmp_118_reg_28829                    |    3|    0|    3|          0|
    |tmp_119_reg_28834                    |    3|    0|    3|          0|
    |tmp_11_reg_36028                     |    5|    0|    5|          0|
    |tmp_11_reg_36028_pp0_iter6_reg       |    5|    0|    5|          0|
    |tmp_120_reg_28839                    |    3|    0|    3|          0|
    |tmp_121_reg_28844                    |    3|    0|    3|          0|
    |tmp_122_reg_28849                    |    3|    0|    3|          0|
    |tmp_123_reg_28854                    |    3|    0|    3|          0|
    |tmp_12_reg_40233                     |   32|    0|   32|          0|
    |tmp_13_reg_36033                     |    5|    0|    5|          0|
    |tmp_13_reg_36033_pp0_iter6_reg       |    5|    0|    5|          0|
    |tmp_14_reg_40238                     |   32|    0|   32|          0|
    |tmp_15_reg_36038                     |    5|    0|    5|          0|
    |tmp_15_reg_36038_pp0_iter6_reg       |    5|    0|    5|          0|
    |tmp_16_reg_40243                     |   32|    0|   32|          0|
    |tmp_17_reg_36043                     |    5|    0|    5|          0|
    |tmp_17_reg_36043_pp0_iter6_reg       |    5|    0|    5|          0|
    |tmp_18_reg_40248                     |   32|    0|   32|          0|
    |tmp_19_reg_36048                     |    5|    0|    5|          0|
    |tmp_19_reg_36048_pp0_iter6_reg       |    5|    0|    5|          0|
    |tmp_1_reg_36003                      |    5|    0|    5|          0|
    |tmp_1_reg_36003_pp0_iter6_reg        |    5|    0|    5|          0|
    |tmp_20_reg_40253                     |   32|    0|   32|          0|
    |tmp_21_reg_36053                     |    5|    0|    5|          0|
    |tmp_21_reg_36053_pp0_iter6_reg       |    5|    0|    5|          0|
    |tmp_22_reg_40258                     |   32|    0|   32|          0|
    |tmp_23_reg_36058                     |    5|    0|    5|          0|
    |tmp_23_reg_36058_pp0_iter6_reg       |    5|    0|    5|          0|
    |tmp_24_reg_40263                     |   32|    0|   32|          0|
    |tmp_25_reg_36063                     |    5|    0|    5|          0|
    |tmp_25_reg_36063_pp0_iter6_reg       |    5|    0|    5|          0|
    |tmp_26_reg_40268                     |   32|    0|   32|          0|
    |tmp_27_reg_36068                     |    5|    0|    5|          0|
    |tmp_27_reg_36068_pp0_iter6_reg       |    5|    0|    5|          0|
    |tmp_28_reg_40273                     |   32|    0|   32|          0|
    |tmp_29_reg_36073                     |    5|    0|    5|          0|
    |tmp_29_reg_36073_pp0_iter6_reg       |    5|    0|    5|          0|
    |tmp_2_reg_40208                      |   32|    0|   32|          0|
    |tmp_30_reg_40278                     |   32|    0|   32|          0|
    |tmp_31_reg_36078                     |    5|    0|    5|          0|
    |tmp_31_reg_36078_pp0_iter6_reg       |    5|    0|    5|          0|
    |tmp_32_reg_40283                     |   32|    0|   32|          0|
    |tmp_33_reg_36083                     |    5|    0|    5|          0|
    |tmp_33_reg_36083_pp0_iter6_reg       |    5|    0|    5|          0|
    |tmp_34_reg_40288                     |   32|    0|   32|          0|
    |tmp_35_reg_36088                     |    5|    0|    5|          0|
    |tmp_35_reg_36088_pp0_iter6_reg       |    5|    0|    5|          0|
    |tmp_36_reg_40293                     |   32|    0|   32|          0|
    |tmp_37_reg_36093                     |    5|    0|    5|          0|
    |tmp_37_reg_36093_pp0_iter6_reg       |    5|    0|    5|          0|
    |tmp_38_reg_40298                     |   32|    0|   32|          0|
    |tmp_39_reg_36098                     |    5|    0|    5|          0|
    |tmp_39_reg_36098_pp0_iter6_reg       |    5|    0|    5|          0|
    |tmp_3_reg_36008                      |    5|    0|    5|          0|
    |tmp_3_reg_36008_pp0_iter6_reg        |    5|    0|    5|          0|
    |tmp_40_reg_40303                     |   32|    0|   32|          0|
    |tmp_41_reg_36103                     |    5|    0|    5|          0|
    |tmp_41_reg_36103_pp0_iter6_reg       |    5|    0|    5|          0|
    |tmp_42_reg_40308                     |   32|    0|   32|          0|
    |tmp_43_reg_36108                     |    5|    0|    5|          0|
    |tmp_43_reg_36108_pp0_iter6_reg       |    5|    0|    5|          0|
    |tmp_44_reg_40313                     |   32|    0|   32|          0|
    |tmp_45_reg_36113                     |    5|    0|    5|          0|
    |tmp_45_reg_36113_pp0_iter6_reg       |    5|    0|    5|          0|
    |tmp_46_reg_40318                     |   32|    0|   32|          0|
    |tmp_47_reg_36118                     |    5|    0|    5|          0|
    |tmp_47_reg_36118_pp0_iter6_reg       |    5|    0|    5|          0|
    |tmp_48_reg_40323                     |   32|    0|   32|          0|
    |tmp_49_reg_36123                     |    5|    0|    5|          0|
    |tmp_49_reg_36123_pp0_iter6_reg       |    5|    0|    5|          0|
    |tmp_4_reg_40213                      |   32|    0|   32|          0|
    |tmp_50_reg_40328                     |   32|    0|   32|          0|
    |tmp_51_reg_36128                     |    5|    0|    5|          0|
    |tmp_51_reg_36128_pp0_iter6_reg       |    5|    0|    5|          0|
    |tmp_52_reg_40333                     |   32|    0|   32|          0|
    |tmp_53_reg_36133                     |    5|    0|    5|          0|
    |tmp_53_reg_36133_pp0_iter6_reg       |    5|    0|    5|          0|
    |tmp_54_reg_40338                     |   32|    0|   32|          0|
    |tmp_55_reg_36138                     |    5|    0|    5|          0|
    |tmp_55_reg_36138_pp0_iter6_reg       |    5|    0|    5|          0|
    |tmp_56_reg_40343                     |   32|    0|   32|          0|
    |tmp_57_reg_36143                     |    5|    0|    5|          0|
    |tmp_57_reg_36143_pp0_iter6_reg       |    5|    0|    5|          0|
    |tmp_58_reg_40348                     |   32|    0|   32|          0|
    |tmp_59_reg_36148                     |    5|    0|    5|          0|
    |tmp_59_reg_36148_pp0_iter6_reg       |    5|    0|    5|          0|
    |tmp_5_reg_36013                      |    5|    0|    5|          0|
    |tmp_5_reg_36013_pp0_iter6_reg        |    5|    0|    5|          0|
    |tmp_60_reg_40353                     |   32|    0|   32|          0|
    |tmp_61_reg_36153                     |    5|    0|    5|          0|
    |tmp_61_reg_36153_pp0_iter6_reg       |    5|    0|    5|          0|
    |tmp_62_reg_40358                     |   32|    0|   32|          0|
    |tmp_63_reg_36158                     |    5|    0|    5|          0|
    |tmp_63_reg_36158_pp0_iter6_reg       |    5|    0|    5|          0|
    |tmp_64_reg_40363                     |   32|    0|   32|          0|
    |tmp_65_reg_36163                     |    5|    0|    5|          0|
    |tmp_65_reg_36163_pp0_iter6_reg       |    5|    0|    5|          0|
    |tmp_66_reg_40368                     |   32|    0|   32|          0|
    |tmp_67_reg_36168                     |    5|    0|    5|          0|
    |tmp_67_reg_36168_pp0_iter6_reg       |    5|    0|    5|          0|
    |tmp_68_reg_40373                     |   32|    0|   32|          0|
    |tmp_69_reg_36173                     |    5|    0|    5|          0|
    |tmp_69_reg_36173_pp0_iter6_reg       |    5|    0|    5|          0|
    |tmp_6_reg_40218                      |   32|    0|   32|          0|
    |tmp_70_reg_40378                     |   32|    0|   32|          0|
    |tmp_71_reg_36178                     |    5|    0|    5|          0|
    |tmp_71_reg_36178_pp0_iter6_reg       |    5|    0|    5|          0|
    |tmp_72_reg_40383                     |   32|    0|   32|          0|
    |tmp_73_reg_36183                     |    5|    0|    5|          0|
    |tmp_73_reg_36183_pp0_iter6_reg       |    5|    0|    5|          0|
    |tmp_74_reg_40388                     |   32|    0|   32|          0|
    |tmp_75_reg_36188                     |    5|    0|    5|          0|
    |tmp_75_reg_36188_pp0_iter6_reg       |    5|    0|    5|          0|
    |tmp_76_reg_40393                     |   32|    0|   32|          0|
    |tmp_77_reg_36193                     |    5|    0|    5|          0|
    |tmp_77_reg_36193_pp0_iter6_reg       |    5|    0|    5|          0|
    |tmp_78_reg_40398                     |   32|    0|   32|          0|
    |tmp_79_reg_36198                     |    5|    0|    5|          0|
    |tmp_79_reg_36198_pp0_iter6_reg       |    5|    0|    5|          0|
    |tmp_7_reg_36018                      |    5|    0|    5|          0|
    |tmp_7_reg_36018_pp0_iter6_reg        |    5|    0|    5|          0|
    |tmp_8_reg_40223                      |   32|    0|   32|          0|
    |tmp_96_reg_26840                     |    1|    0|    1|          0|
    |tmp_9_reg_36023                      |    5|    0|    5|          0|
    |tmp_9_reg_36023_pp0_iter6_reg        |    5|    0|    5|          0|
    |tmp_reg_26795                        |    3|    0|    3|          0|
    |tmp_s_reg_40203                      |   32|    0|   32|          0|
    |trunc_ln26_reg_35959                 |    5|    0|    5|          0|
    |trunc_ln42_100_reg_29979             |    5|    0|    5|          0|
    |trunc_ln42_101_reg_29984             |    5|    0|    5|          0|
    |trunc_ln42_102_reg_29989             |    5|    0|    5|          0|
    |trunc_ln42_103_reg_29994             |    5|    0|    5|          0|
    |trunc_ln42_104_reg_29999             |    5|    0|    5|          0|
    |trunc_ln42_105_reg_30004             |    5|    0|    5|          0|
    |trunc_ln42_106_reg_30009             |    5|    0|    5|          0|
    |trunc_ln42_107_reg_30014             |    5|    0|    5|          0|
    |trunc_ln42_108_reg_30019             |    5|    0|    5|          0|
    |trunc_ln42_109_reg_30024             |    5|    0|    5|          0|
    |trunc_ln42_10_reg_29529              |    5|    0|    5|          0|
    |trunc_ln42_110_reg_30029             |    5|    0|    5|          0|
    |trunc_ln42_111_reg_30034             |    5|    0|    5|          0|
    |trunc_ln42_112_reg_30039             |    5|    0|    5|          0|
    |trunc_ln42_113_reg_30044             |    5|    0|    5|          0|
    |trunc_ln42_114_reg_30049             |    5|    0|    5|          0|
    |trunc_ln42_115_reg_30054             |    5|    0|    5|          0|
    |trunc_ln42_116_reg_30059             |    5|    0|    5|          0|
    |trunc_ln42_117_reg_30064             |    5|    0|    5|          0|
    |trunc_ln42_118_reg_30069             |    5|    0|    5|          0|
    |trunc_ln42_119_reg_30074             |    5|    0|    5|          0|
    |trunc_ln42_11_reg_29534              |    5|    0|    5|          0|
    |trunc_ln42_120_reg_30079             |    5|    0|    5|          0|
    |trunc_ln42_121_reg_30084             |    5|    0|    5|          0|
    |trunc_ln42_122_reg_30089             |    5|    0|    5|          0|
    |trunc_ln42_123_reg_30094             |    5|    0|    5|          0|
    |trunc_ln42_124_reg_30099             |    5|    0|    5|          0|
    |trunc_ln42_125_reg_30104             |    5|    0|    5|          0|
    |trunc_ln42_126_reg_30109             |    5|    0|    5|          0|
    |trunc_ln42_127_reg_30114             |    5|    0|    5|          0|
    |trunc_ln42_128_reg_30119             |    5|    0|    5|          0|
    |trunc_ln42_129_reg_30124             |    5|    0|    5|          0|
    |trunc_ln42_12_reg_29539              |    5|    0|    5|          0|
    |trunc_ln42_130_reg_30129             |    5|    0|    5|          0|
    |trunc_ln42_131_reg_30134             |    5|    0|    5|          0|
    |trunc_ln42_132_reg_30139             |    5|    0|    5|          0|
    |trunc_ln42_133_reg_30144             |    5|    0|    5|          0|
    |trunc_ln42_134_reg_30149             |    5|    0|    5|          0|
    |trunc_ln42_135_reg_30154             |    5|    0|    5|          0|
    |trunc_ln42_136_reg_30159             |    5|    0|    5|          0|
    |trunc_ln42_137_reg_30164             |    5|    0|    5|          0|
    |trunc_ln42_138_reg_30169             |    5|    0|    5|          0|
    |trunc_ln42_139_reg_30174             |    5|    0|    5|          0|
    |trunc_ln42_13_reg_29544              |    5|    0|    5|          0|
    |trunc_ln42_140_reg_30179             |    5|    0|    5|          0|
    |trunc_ln42_141_reg_30184             |    5|    0|    5|          0|
    |trunc_ln42_142_reg_30189             |    5|    0|    5|          0|
    |trunc_ln42_143_reg_30194             |    5|    0|    5|          0|
    |trunc_ln42_144_reg_30199             |    5|    0|    5|          0|
    |trunc_ln42_145_reg_30204             |    5|    0|    5|          0|
    |trunc_ln42_146_reg_30209             |    5|    0|    5|          0|
    |trunc_ln42_147_reg_30214             |    5|    0|    5|          0|
    |trunc_ln42_148_reg_30219             |    5|    0|    5|          0|
    |trunc_ln42_149_reg_30224             |    5|    0|    5|          0|
    |trunc_ln42_14_reg_29549              |    5|    0|    5|          0|
    |trunc_ln42_150_reg_30229             |    5|    0|    5|          0|
    |trunc_ln42_151_reg_30234             |    5|    0|    5|          0|
    |trunc_ln42_152_reg_30239             |    5|    0|    5|          0|
    |trunc_ln42_153_reg_30244             |    5|    0|    5|          0|
    |trunc_ln42_154_reg_30249             |    5|    0|    5|          0|
    |trunc_ln42_155_reg_30254             |    5|    0|    5|          0|
    |trunc_ln42_156_reg_30259             |    5|    0|    5|          0|
    |trunc_ln42_157_reg_30264             |    5|    0|    5|          0|
    |trunc_ln42_158_reg_30269             |    5|    0|    5|          0|
    |trunc_ln42_159_reg_30274             |    5|    0|    5|          0|
    |trunc_ln42_15_reg_29554              |    5|    0|    5|          0|
    |trunc_ln42_160_reg_30279             |    5|    0|    5|          0|
    |trunc_ln42_161_reg_30284             |    5|    0|    5|          0|
    |trunc_ln42_162_reg_30289             |    5|    0|    5|          0|
    |trunc_ln42_163_reg_30294             |    5|    0|    5|          0|
    |trunc_ln42_164_reg_30299             |    5|    0|    5|          0|
    |trunc_ln42_165_reg_30304             |    5|    0|    5|          0|
    |trunc_ln42_166_reg_30309             |    5|    0|    5|          0|
    |trunc_ln42_167_reg_30314             |    5|    0|    5|          0|
    |trunc_ln42_168_reg_30319             |    5|    0|    5|          0|
    |trunc_ln42_169_reg_30324             |    5|    0|    5|          0|
    |trunc_ln42_16_reg_29559              |    5|    0|    5|          0|
    |trunc_ln42_170_reg_30329             |    5|    0|    5|          0|
    |trunc_ln42_171_reg_30334             |    5|    0|    5|          0|
    |trunc_ln42_172_reg_30339             |    5|    0|    5|          0|
    |trunc_ln42_173_reg_30344             |    5|    0|    5|          0|
    |trunc_ln42_174_reg_30349             |    5|    0|    5|          0|
    |trunc_ln42_175_reg_30354             |    5|    0|    5|          0|
    |trunc_ln42_176_reg_30359             |    5|    0|    5|          0|
    |trunc_ln42_177_reg_30364             |    5|    0|    5|          0|
    |trunc_ln42_178_reg_30369             |    5|    0|    5|          0|
    |trunc_ln42_179_reg_30374             |    5|    0|    5|          0|
    |trunc_ln42_17_reg_29564              |    5|    0|    5|          0|
    |trunc_ln42_180_reg_30379             |    5|    0|    5|          0|
    |trunc_ln42_181_reg_30384             |    5|    0|    5|          0|
    |trunc_ln42_182_reg_30389             |    5|    0|    5|          0|
    |trunc_ln42_183_reg_30394             |    5|    0|    5|          0|
    |trunc_ln42_184_reg_30399             |    5|    0|    5|          0|
    |trunc_ln42_185_reg_30404             |    5|    0|    5|          0|
    |trunc_ln42_186_reg_30409             |    5|    0|    5|          0|
    |trunc_ln42_187_reg_30414             |    5|    0|    5|          0|
    |trunc_ln42_188_reg_30419             |    5|    0|    5|          0|
    |trunc_ln42_189_reg_30424             |    5|    0|    5|          0|
    |trunc_ln42_18_reg_29569              |    5|    0|    5|          0|
    |trunc_ln42_190_reg_30429             |    5|    0|    5|          0|
    |trunc_ln42_191_reg_30434             |    5|    0|    5|          0|
    |trunc_ln42_192_reg_30439             |    5|    0|    5|          0|
    |trunc_ln42_193_reg_30444             |    5|    0|    5|          0|
    |trunc_ln42_194_reg_30449             |    5|    0|    5|          0|
    |trunc_ln42_195_reg_30454             |    5|    0|    5|          0|
    |trunc_ln42_196_reg_30459             |    5|    0|    5|          0|
    |trunc_ln42_197_reg_30464             |    5|    0|    5|          0|
    |trunc_ln42_198_reg_30469             |    5|    0|    5|          0|
    |trunc_ln42_199_reg_30474             |    5|    0|    5|          0|
    |trunc_ln42_19_reg_29574              |    5|    0|    5|          0|
    |trunc_ln42_1_reg_29484               |    5|    0|    5|          0|
    |trunc_ln42_200_reg_30479             |    5|    0|    5|          0|
    |trunc_ln42_201_reg_30484             |    5|    0|    5|          0|
    |trunc_ln42_202_reg_30489             |    5|    0|    5|          0|
    |trunc_ln42_203_reg_30494             |    5|    0|    5|          0|
    |trunc_ln42_204_reg_30499             |    5|    0|    5|          0|
    |trunc_ln42_205_reg_30504             |    5|    0|    5|          0|
    |trunc_ln42_206_reg_30509             |    5|    0|    5|          0|
    |trunc_ln42_207_reg_30514             |    5|    0|    5|          0|
    |trunc_ln42_208_reg_30519             |    5|    0|    5|          0|
    |trunc_ln42_209_reg_30524             |    5|    0|    5|          0|
    |trunc_ln42_20_reg_29579              |    5|    0|    5|          0|
    |trunc_ln42_210_reg_30529             |    5|    0|    5|          0|
    |trunc_ln42_211_reg_30534             |    5|    0|    5|          0|
    |trunc_ln42_212_reg_30539             |    5|    0|    5|          0|
    |trunc_ln42_213_reg_30544             |    5|    0|    5|          0|
    |trunc_ln42_214_reg_30549             |    5|    0|    5|          0|
    |trunc_ln42_215_reg_30554             |    5|    0|    5|          0|
    |trunc_ln42_216_reg_30559             |    5|    0|    5|          0|
    |trunc_ln42_217_reg_30564             |    5|    0|    5|          0|
    |trunc_ln42_218_reg_30569             |    5|    0|    5|          0|
    |trunc_ln42_219_reg_30574             |    5|    0|    5|          0|
    |trunc_ln42_21_reg_29584              |    5|    0|    5|          0|
    |trunc_ln42_220_reg_33959             |    5|    0|    5|          0|
    |trunc_ln42_221_reg_33964             |    5|    0|    5|          0|
    |trunc_ln42_222_reg_33969             |    5|    0|    5|          0|
    |trunc_ln42_223_reg_33974             |    5|    0|    5|          0|
    |trunc_ln42_224_reg_33979             |    5|    0|    5|          0|
    |trunc_ln42_225_reg_33984             |    5|    0|    5|          0|
    |trunc_ln42_226_reg_33989             |    5|    0|    5|          0|
    |trunc_ln42_227_reg_33994             |    5|    0|    5|          0|
    |trunc_ln42_228_reg_33999             |    5|    0|    5|          0|
    |trunc_ln42_229_reg_34004             |    5|    0|    5|          0|
    |trunc_ln42_22_reg_29589              |    5|    0|    5|          0|
    |trunc_ln42_230_reg_34009             |    5|    0|    5|          0|
    |trunc_ln42_231_reg_34014             |    5|    0|    5|          0|
    |trunc_ln42_232_reg_34019             |    5|    0|    5|          0|
    |trunc_ln42_233_reg_34024             |    5|    0|    5|          0|
    |trunc_ln42_234_reg_34029             |    5|    0|    5|          0|
    |trunc_ln42_235_reg_34034             |    5|    0|    5|          0|
    |trunc_ln42_236_reg_34039             |    5|    0|    5|          0|
    |trunc_ln42_237_reg_34044             |    5|    0|    5|          0|
    |trunc_ln42_238_reg_34049             |    5|    0|    5|          0|
    |trunc_ln42_239_reg_34054             |    5|    0|    5|          0|
    |trunc_ln42_23_reg_29594              |    5|    0|    5|          0|
    |trunc_ln42_240_reg_34059             |    5|    0|    5|          0|
    |trunc_ln42_241_reg_34064             |    5|    0|    5|          0|
    |trunc_ln42_242_reg_34069             |    5|    0|    5|          0|
    |trunc_ln42_243_reg_34074             |    5|    0|    5|          0|
    |trunc_ln42_244_reg_34079             |    5|    0|    5|          0|
    |trunc_ln42_245_reg_34084             |    5|    0|    5|          0|
    |trunc_ln42_246_reg_34089             |    5|    0|    5|          0|
    |trunc_ln42_247_reg_34094             |    5|    0|    5|          0|
    |trunc_ln42_248_reg_34099             |    5|    0|    5|          0|
    |trunc_ln42_249_reg_34104             |    5|    0|    5|          0|
    |trunc_ln42_24_reg_29599              |    5|    0|    5|          0|
    |trunc_ln42_250_reg_34109             |    5|    0|    5|          0|
    |trunc_ln42_251_reg_34114             |    5|    0|    5|          0|
    |trunc_ln42_252_reg_34119             |    5|    0|    5|          0|
    |trunc_ln42_253_reg_34124             |    5|    0|    5|          0|
    |trunc_ln42_254_reg_34129             |    5|    0|    5|          0|
    |trunc_ln42_255_reg_34134             |    5|    0|    5|          0|
    |trunc_ln42_256_reg_34139             |    5|    0|    5|          0|
    |trunc_ln42_257_reg_34144             |    5|    0|    5|          0|
    |trunc_ln42_258_reg_34149             |    5|    0|    5|          0|
    |trunc_ln42_259_reg_34154             |    5|    0|    5|          0|
    |trunc_ln42_25_reg_29604              |    5|    0|    5|          0|
    |trunc_ln42_260_reg_34159             |    5|    0|    5|          0|
    |trunc_ln42_261_reg_34164             |    5|    0|    5|          0|
    |trunc_ln42_262_reg_34169             |    5|    0|    5|          0|
    |trunc_ln42_263_reg_34174             |    5|    0|    5|          0|
    |trunc_ln42_264_reg_34179             |    5|    0|    5|          0|
    |trunc_ln42_265_reg_34184             |    5|    0|    5|          0|
    |trunc_ln42_266_reg_34189             |    5|    0|    5|          0|
    |trunc_ln42_267_reg_34194             |    5|    0|    5|          0|
    |trunc_ln42_268_reg_34199             |    5|    0|    5|          0|
    |trunc_ln42_269_reg_34204             |    5|    0|    5|          0|
    |trunc_ln42_26_reg_29609              |    5|    0|    5|          0|
    |trunc_ln42_270_reg_34209             |    5|    0|    5|          0|
    |trunc_ln42_271_reg_34214             |    5|    0|    5|          0|
    |trunc_ln42_272_reg_34219             |    5|    0|    5|          0|
    |trunc_ln42_273_reg_34224             |    5|    0|    5|          0|
    |trunc_ln42_274_reg_34229             |    5|    0|    5|          0|
    |trunc_ln42_275_reg_34234             |    5|    0|    5|          0|
    |trunc_ln42_276_reg_34239             |    5|    0|    5|          0|
    |trunc_ln42_277_reg_34244             |    5|    0|    5|          0|
    |trunc_ln42_278_reg_34249             |    5|    0|    5|          0|
    |trunc_ln42_279_reg_34254             |    5|    0|    5|          0|
    |trunc_ln42_27_reg_29614              |    5|    0|    5|          0|
    |trunc_ln42_280_reg_34259             |    5|    0|    5|          0|
    |trunc_ln42_281_reg_34264             |    5|    0|    5|          0|
    |trunc_ln42_282_reg_34269             |    5|    0|    5|          0|
    |trunc_ln42_283_reg_34274             |    5|    0|    5|          0|
    |trunc_ln42_284_reg_34279             |    5|    0|    5|          0|
    |trunc_ln42_285_reg_34284             |    5|    0|    5|          0|
    |trunc_ln42_286_reg_34289             |    5|    0|    5|          0|
    |trunc_ln42_287_reg_34294             |    5|    0|    5|          0|
    |trunc_ln42_288_reg_34299             |    5|    0|    5|          0|
    |trunc_ln42_289_reg_34304             |    5|    0|    5|          0|
    |trunc_ln42_28_reg_29619              |    5|    0|    5|          0|
    |trunc_ln42_290_reg_34309             |    5|    0|    5|          0|
    |trunc_ln42_291_reg_34314             |    5|    0|    5|          0|
    |trunc_ln42_292_reg_34319             |    5|    0|    5|          0|
    |trunc_ln42_293_reg_34324             |    5|    0|    5|          0|
    |trunc_ln42_294_reg_34329             |    5|    0|    5|          0|
    |trunc_ln42_295_reg_34334             |    5|    0|    5|          0|
    |trunc_ln42_296_reg_34339             |    5|    0|    5|          0|
    |trunc_ln42_297_reg_34344             |    5|    0|    5|          0|
    |trunc_ln42_298_reg_34349             |    5|    0|    5|          0|
    |trunc_ln42_299_reg_34354             |    5|    0|    5|          0|
    |trunc_ln42_29_reg_29624              |    5|    0|    5|          0|
    |trunc_ln42_2_reg_29489               |    5|    0|    5|          0|
    |trunc_ln42_300_reg_34359             |    5|    0|    5|          0|
    |trunc_ln42_301_reg_34364             |    5|    0|    5|          0|
    |trunc_ln42_302_reg_34369             |    5|    0|    5|          0|
    |trunc_ln42_303_reg_34374             |    5|    0|    5|          0|
    |trunc_ln42_304_reg_34379             |    5|    0|    5|          0|
    |trunc_ln42_305_reg_34384             |    5|    0|    5|          0|
    |trunc_ln42_306_reg_34389             |    5|    0|    5|          0|
    |trunc_ln42_307_reg_34394             |    5|    0|    5|          0|
    |trunc_ln42_308_reg_34399             |    5|    0|    5|          0|
    |trunc_ln42_309_reg_34404             |    5|    0|    5|          0|
    |trunc_ln42_30_reg_29629              |    5|    0|    5|          0|
    |trunc_ln42_310_reg_34409             |    5|    0|    5|          0|
    |trunc_ln42_311_reg_34414             |    5|    0|    5|          0|
    |trunc_ln42_312_reg_34419             |    5|    0|    5|          0|
    |trunc_ln42_313_reg_34424             |    5|    0|    5|          0|
    |trunc_ln42_314_reg_34429             |    5|    0|    5|          0|
    |trunc_ln42_315_reg_34434             |    5|    0|    5|          0|
    |trunc_ln42_316_reg_34439             |    5|    0|    5|          0|
    |trunc_ln42_317_reg_34444             |    5|    0|    5|          0|
    |trunc_ln42_318_reg_34449             |    5|    0|    5|          0|
    |trunc_ln42_319_reg_34454             |    5|    0|    5|          0|
    |trunc_ln42_31_reg_29634              |    5|    0|    5|          0|
    |trunc_ln42_320_reg_34459             |    5|    0|    5|          0|
    |trunc_ln42_321_reg_34464             |    5|    0|    5|          0|
    |trunc_ln42_322_reg_34469             |    5|    0|    5|          0|
    |trunc_ln42_323_reg_34474             |    5|    0|    5|          0|
    |trunc_ln42_324_reg_34479             |    5|    0|    5|          0|
    |trunc_ln42_325_reg_34484             |    5|    0|    5|          0|
    |trunc_ln42_326_reg_34489             |    5|    0|    5|          0|
    |trunc_ln42_327_reg_34494             |    5|    0|    5|          0|
    |trunc_ln42_328_reg_34499             |    5|    0|    5|          0|
    |trunc_ln42_329_reg_34504             |    5|    0|    5|          0|
    |trunc_ln42_32_reg_29639              |    5|    0|    5|          0|
    |trunc_ln42_330_reg_34509             |    5|    0|    5|          0|
    |trunc_ln42_331_reg_34514             |    5|    0|    5|          0|
    |trunc_ln42_332_reg_34519             |    5|    0|    5|          0|
    |trunc_ln42_333_reg_34524             |    5|    0|    5|          0|
    |trunc_ln42_334_reg_34529             |    5|    0|    5|          0|
    |trunc_ln42_335_reg_34534             |    5|    0|    5|          0|
    |trunc_ln42_336_reg_34539             |    5|    0|    5|          0|
    |trunc_ln42_337_reg_34544             |    5|    0|    5|          0|
    |trunc_ln42_338_reg_34549             |    5|    0|    5|          0|
    |trunc_ln42_339_reg_34554             |    5|    0|    5|          0|
    |trunc_ln42_33_reg_29644              |    5|    0|    5|          0|
    |trunc_ln42_340_reg_34559             |    5|    0|    5|          0|
    |trunc_ln42_341_reg_34564             |    5|    0|    5|          0|
    |trunc_ln42_342_reg_34569             |    5|    0|    5|          0|
    |trunc_ln42_343_reg_34574             |    5|    0|    5|          0|
    |trunc_ln42_344_reg_34579             |    5|    0|    5|          0|
    |trunc_ln42_345_reg_34584             |    5|    0|    5|          0|
    |trunc_ln42_346_reg_34589             |    5|    0|    5|          0|
    |trunc_ln42_347_reg_34594             |    5|    0|    5|          0|
    |trunc_ln42_348_reg_34599             |    5|    0|    5|          0|
    |trunc_ln42_349_reg_34604             |    5|    0|    5|          0|
    |trunc_ln42_34_reg_29649              |    5|    0|    5|          0|
    |trunc_ln42_350_reg_34609             |    5|    0|    5|          0|
    |trunc_ln42_351_reg_34614             |    5|    0|    5|          0|
    |trunc_ln42_352_reg_34619             |    5|    0|    5|          0|
    |trunc_ln42_353_reg_34624             |    5|    0|    5|          0|
    |trunc_ln42_354_reg_34629             |    5|    0|    5|          0|
    |trunc_ln42_355_reg_34634             |    5|    0|    5|          0|
    |trunc_ln42_356_reg_34639             |    5|    0|    5|          0|
    |trunc_ln42_357_reg_34644             |    5|    0|    5|          0|
    |trunc_ln42_358_reg_34649             |    5|    0|    5|          0|
    |trunc_ln42_359_reg_34654             |    5|    0|    5|          0|
    |trunc_ln42_35_reg_29654              |    5|    0|    5|          0|
    |trunc_ln42_360_reg_34659             |    5|    0|    5|          0|
    |trunc_ln42_361_reg_34664             |    5|    0|    5|          0|
    |trunc_ln42_362_reg_34669             |    5|    0|    5|          0|
    |trunc_ln42_363_reg_34674             |    5|    0|    5|          0|
    |trunc_ln42_364_reg_34679             |    5|    0|    5|          0|
    |trunc_ln42_365_reg_34684             |    5|    0|    5|          0|
    |trunc_ln42_366_reg_34689             |    5|    0|    5|          0|
    |trunc_ln42_367_reg_34694             |    5|    0|    5|          0|
    |trunc_ln42_368_reg_34699             |    5|    0|    5|          0|
    |trunc_ln42_369_reg_34704             |    5|    0|    5|          0|
    |trunc_ln42_36_reg_29659              |    5|    0|    5|          0|
    |trunc_ln42_370_reg_34709             |    5|    0|    5|          0|
    |trunc_ln42_371_reg_34714             |    5|    0|    5|          0|
    |trunc_ln42_372_reg_34719             |    5|    0|    5|          0|
    |trunc_ln42_373_reg_34724             |    5|    0|    5|          0|
    |trunc_ln42_374_reg_34729             |    5|    0|    5|          0|
    |trunc_ln42_375_reg_34734             |    5|    0|    5|          0|
    |trunc_ln42_376_reg_34739             |    5|    0|    5|          0|
    |trunc_ln42_377_reg_34744             |    5|    0|    5|          0|
    |trunc_ln42_378_reg_34749             |    5|    0|    5|          0|
    |trunc_ln42_379_reg_34754             |    5|    0|    5|          0|
    |trunc_ln42_37_reg_29664              |    5|    0|    5|          0|
    |trunc_ln42_380_reg_31571             |    5|    0|    5|          0|
    |trunc_ln42_381_reg_31576             |    5|    0|    5|          0|
    |trunc_ln42_382_reg_31581             |    5|    0|    5|          0|
    |trunc_ln42_383_reg_31586             |    5|    0|    5|          0|
    |trunc_ln42_384_reg_31591             |    5|    0|    5|          0|
    |trunc_ln42_385_reg_31596             |    5|    0|    5|          0|
    |trunc_ln42_386_reg_31601             |    5|    0|    5|          0|
    |trunc_ln42_387_reg_31606             |    5|    0|    5|          0|
    |trunc_ln42_388_reg_31611             |    5|    0|    5|          0|
    |trunc_ln42_389_reg_31616             |    5|    0|    5|          0|
    |trunc_ln42_38_reg_29669              |    5|    0|    5|          0|
    |trunc_ln42_390_reg_31621             |    5|    0|    5|          0|
    |trunc_ln42_391_reg_31626             |    5|    0|    5|          0|
    |trunc_ln42_392_reg_31631             |    5|    0|    5|          0|
    |trunc_ln42_393_reg_31636             |    5|    0|    5|          0|
    |trunc_ln42_394_reg_31641             |    5|    0|    5|          0|
    |trunc_ln42_395_reg_31646             |    5|    0|    5|          0|
    |trunc_ln42_396_reg_31651             |    5|    0|    5|          0|
    |trunc_ln42_397_reg_31656             |    5|    0|    5|          0|
    |trunc_ln42_398_reg_31661             |    5|    0|    5|          0|
    |trunc_ln42_399_reg_31666             |    5|    0|    5|          0|
    |trunc_ln42_39_reg_29674              |    5|    0|    5|          0|
    |trunc_ln42_3_reg_29494               |    5|    0|    5|          0|
    |trunc_ln42_400_reg_31671             |    5|    0|    5|          0|
    |trunc_ln42_401_reg_31676             |    5|    0|    5|          0|
    |trunc_ln42_402_reg_31681             |    5|    0|    5|          0|
    |trunc_ln42_403_reg_31686             |    5|    0|    5|          0|
    |trunc_ln42_404_reg_31691             |    5|    0|    5|          0|
    |trunc_ln42_405_reg_31696             |    5|    0|    5|          0|
    |trunc_ln42_406_reg_31701             |    5|    0|    5|          0|
    |trunc_ln42_407_reg_31706             |    5|    0|    5|          0|
    |trunc_ln42_408_reg_31711             |    5|    0|    5|          0|
    |trunc_ln42_409_reg_31716             |    5|    0|    5|          0|
    |trunc_ln42_40_reg_29679              |    5|    0|    5|          0|
    |trunc_ln42_410_reg_31721             |    5|    0|    5|          0|
    |trunc_ln42_411_reg_31726             |    5|    0|    5|          0|
    |trunc_ln42_412_reg_31731             |    5|    0|    5|          0|
    |trunc_ln42_413_reg_31736             |    5|    0|    5|          0|
    |trunc_ln42_414_reg_31741             |    5|    0|    5|          0|
    |trunc_ln42_415_reg_31746             |    5|    0|    5|          0|
    |trunc_ln42_416_reg_31751             |    5|    0|    5|          0|
    |trunc_ln42_417_reg_31756             |    5|    0|    5|          0|
    |trunc_ln42_418_reg_31761             |    5|    0|    5|          0|
    |trunc_ln42_419_reg_31766             |    5|    0|    5|          0|
    |trunc_ln42_41_reg_29684              |    5|    0|    5|          0|
    |trunc_ln42_420_reg_31771             |    5|    0|    5|          0|
    |trunc_ln42_421_reg_31776             |    5|    0|    5|          0|
    |trunc_ln42_422_reg_31781             |    5|    0|    5|          0|
    |trunc_ln42_423_reg_31786             |    5|    0|    5|          0|
    |trunc_ln42_424_reg_31791             |    5|    0|    5|          0|
    |trunc_ln42_425_reg_31796             |    5|    0|    5|          0|
    |trunc_ln42_426_reg_31801             |    5|    0|    5|          0|
    |trunc_ln42_427_reg_31806             |    5|    0|    5|          0|
    |trunc_ln42_428_reg_31811             |    5|    0|    5|          0|
    |trunc_ln42_429_reg_31816             |    5|    0|    5|          0|
    |trunc_ln42_42_reg_29689              |    5|    0|    5|          0|
    |trunc_ln42_430_reg_31821             |    5|    0|    5|          0|
    |trunc_ln42_431_reg_31826             |    5|    0|    5|          0|
    |trunc_ln42_432_reg_31831             |    5|    0|    5|          0|
    |trunc_ln42_433_reg_31836             |    5|    0|    5|          0|
    |trunc_ln42_434_reg_31841             |    5|    0|    5|          0|
    |trunc_ln42_435_reg_31846             |    5|    0|    5|          0|
    |trunc_ln42_436_reg_31851             |    5|    0|    5|          0|
    |trunc_ln42_437_reg_31856             |    5|    0|    5|          0|
    |trunc_ln42_438_reg_31861             |    5|    0|    5|          0|
    |trunc_ln42_439_reg_31866             |    5|    0|    5|          0|
    |trunc_ln42_43_reg_29694              |    5|    0|    5|          0|
    |trunc_ln42_440_reg_31871             |    5|    0|    5|          0|
    |trunc_ln42_441_reg_31876             |    5|    0|    5|          0|
    |trunc_ln42_442_reg_31881             |    5|    0|    5|          0|
    |trunc_ln42_443_reg_31886             |    5|    0|    5|          0|
    |trunc_ln42_444_reg_31891             |    5|    0|    5|          0|
    |trunc_ln42_445_reg_31896             |    5|    0|    5|          0|
    |trunc_ln42_446_reg_31901             |    5|    0|    5|          0|
    |trunc_ln42_447_reg_31906             |    5|    0|    5|          0|
    |trunc_ln42_448_reg_31911             |    5|    0|    5|          0|
    |trunc_ln42_449_reg_31916             |    5|    0|    5|          0|
    |trunc_ln42_44_reg_29699              |    5|    0|    5|          0|
    |trunc_ln42_450_reg_31921             |    5|    0|    5|          0|
    |trunc_ln42_451_reg_31926             |    5|    0|    5|          0|
    |trunc_ln42_452_reg_31931             |    5|    0|    5|          0|
    |trunc_ln42_453_reg_31936             |    5|    0|    5|          0|
    |trunc_ln42_454_reg_31941             |    5|    0|    5|          0|
    |trunc_ln42_455_reg_31946             |    5|    0|    5|          0|
    |trunc_ln42_456_reg_31951             |    5|    0|    5|          0|
    |trunc_ln42_457_reg_31956             |    5|    0|    5|          0|
    |trunc_ln42_458_reg_31961             |    5|    0|    5|          0|
    |trunc_ln42_459_reg_31966             |    5|    0|    5|          0|
    |trunc_ln42_45_reg_29704              |    5|    0|    5|          0|
    |trunc_ln42_460_reg_34759             |    5|    0|    5|          0|
    |trunc_ln42_461_reg_34764             |    5|    0|    5|          0|
    |trunc_ln42_462_reg_34769             |    5|    0|    5|          0|
    |trunc_ln42_463_reg_34774             |    5|    0|    5|          0|
    |trunc_ln42_464_reg_34779             |    5|    0|    5|          0|
    |trunc_ln42_465_reg_34784             |    5|    0|    5|          0|
    |trunc_ln42_466_reg_34789             |    5|    0|    5|          0|
    |trunc_ln42_467_reg_34794             |    5|    0|    5|          0|
    |trunc_ln42_468_reg_34799             |    5|    0|    5|          0|
    |trunc_ln42_469_reg_34804             |    5|    0|    5|          0|
    |trunc_ln42_46_reg_29709              |    5|    0|    5|          0|
    |trunc_ln42_470_reg_34809             |    5|    0|    5|          0|
    |trunc_ln42_471_reg_34814             |    5|    0|    5|          0|
    |trunc_ln42_472_reg_34819             |    5|    0|    5|          0|
    |trunc_ln42_473_reg_34824             |    5|    0|    5|          0|
    |trunc_ln42_474_reg_34829             |    5|    0|    5|          0|
    |trunc_ln42_475_reg_34834             |    5|    0|    5|          0|
    |trunc_ln42_476_reg_34839             |    5|    0|    5|          0|
    |trunc_ln42_477_reg_34844             |    5|    0|    5|          0|
    |trunc_ln42_478_reg_34849             |    5|    0|    5|          0|
    |trunc_ln42_479_reg_34854             |    5|    0|    5|          0|
    |trunc_ln42_47_reg_29714              |    5|    0|    5|          0|
    |trunc_ln42_480_reg_34859             |    5|    0|    5|          0|
    |trunc_ln42_481_reg_34864             |    5|    0|    5|          0|
    |trunc_ln42_482_reg_34869             |    5|    0|    5|          0|
    |trunc_ln42_483_reg_34874             |    5|    0|    5|          0|
    |trunc_ln42_484_reg_34879             |    5|    0|    5|          0|
    |trunc_ln42_485_reg_34884             |    5|    0|    5|          0|
    |trunc_ln42_486_reg_34889             |    5|    0|    5|          0|
    |trunc_ln42_487_reg_34894             |    5|    0|    5|          0|
    |trunc_ln42_488_reg_34899             |    5|    0|    5|          0|
    |trunc_ln42_489_reg_34904             |    5|    0|    5|          0|
    |trunc_ln42_48_reg_29719              |    5|    0|    5|          0|
    |trunc_ln42_490_reg_34909             |    5|    0|    5|          0|
    |trunc_ln42_491_reg_34914             |    5|    0|    5|          0|
    |trunc_ln42_492_reg_34919             |    5|    0|    5|          0|
    |trunc_ln42_493_reg_34924             |    5|    0|    5|          0|
    |trunc_ln42_494_reg_34929             |    5|    0|    5|          0|
    |trunc_ln42_495_reg_34934             |    5|    0|    5|          0|
    |trunc_ln42_496_reg_34939             |    5|    0|    5|          0|
    |trunc_ln42_497_reg_34944             |    5|    0|    5|          0|
    |trunc_ln42_498_reg_34949             |    5|    0|    5|          0|
    |trunc_ln42_499_reg_34954             |    5|    0|    5|          0|
    |trunc_ln42_49_reg_29724              |    5|    0|    5|          0|
    |trunc_ln42_4_reg_29499               |    5|    0|    5|          0|
    |trunc_ln42_500_reg_34959             |    5|    0|    5|          0|
    |trunc_ln42_501_reg_34964             |    5|    0|    5|          0|
    |trunc_ln42_502_reg_34969             |    5|    0|    5|          0|
    |trunc_ln42_503_reg_34974             |    5|    0|    5|          0|
    |trunc_ln42_504_reg_34979             |    5|    0|    5|          0|
    |trunc_ln42_505_reg_34984             |    5|    0|    5|          0|
    |trunc_ln42_506_reg_34989             |    5|    0|    5|          0|
    |trunc_ln42_507_reg_34994             |    5|    0|    5|          0|
    |trunc_ln42_508_reg_34999             |    5|    0|    5|          0|
    |trunc_ln42_509_reg_35004             |    5|    0|    5|          0|
    |trunc_ln42_50_reg_29729              |    5|    0|    5|          0|
    |trunc_ln42_510_reg_35009             |    5|    0|    5|          0|
    |trunc_ln42_511_reg_35014             |    5|    0|    5|          0|
    |trunc_ln42_512_reg_35019             |    5|    0|    5|          0|
    |trunc_ln42_513_reg_35024             |    5|    0|    5|          0|
    |trunc_ln42_514_reg_35029             |    5|    0|    5|          0|
    |trunc_ln42_515_reg_35034             |    5|    0|    5|          0|
    |trunc_ln42_516_reg_35039             |    5|    0|    5|          0|
    |trunc_ln42_517_reg_35044             |    5|    0|    5|          0|
    |trunc_ln42_518_reg_35049             |    5|    0|    5|          0|
    |trunc_ln42_519_reg_35054             |    5|    0|    5|          0|
    |trunc_ln42_51_reg_29734              |    5|    0|    5|          0|
    |trunc_ln42_520_reg_35059             |    5|    0|    5|          0|
    |trunc_ln42_521_reg_35064             |    5|    0|    5|          0|
    |trunc_ln42_522_reg_35069             |    5|    0|    5|          0|
    |trunc_ln42_523_reg_35074             |    5|    0|    5|          0|
    |trunc_ln42_524_reg_35079             |    5|    0|    5|          0|
    |trunc_ln42_525_reg_35084             |    5|    0|    5|          0|
    |trunc_ln42_526_reg_35089             |    5|    0|    5|          0|
    |trunc_ln42_527_reg_35094             |    5|    0|    5|          0|
    |trunc_ln42_528_reg_35099             |    5|    0|    5|          0|
    |trunc_ln42_529_reg_35104             |    5|    0|    5|          0|
    |trunc_ln42_52_reg_29739              |    5|    0|    5|          0|
    |trunc_ln42_530_reg_35109             |    5|    0|    5|          0|
    |trunc_ln42_531_reg_35114             |    5|    0|    5|          0|
    |trunc_ln42_532_reg_35119             |    5|    0|    5|          0|
    |trunc_ln42_533_reg_35124             |    5|    0|    5|          0|
    |trunc_ln42_534_reg_35129             |    5|    0|    5|          0|
    |trunc_ln42_535_reg_35134             |    5|    0|    5|          0|
    |trunc_ln42_536_reg_35139             |    5|    0|    5|          0|
    |trunc_ln42_537_reg_35144             |    5|    0|    5|          0|
    |trunc_ln42_538_reg_35149             |    5|    0|    5|          0|
    |trunc_ln42_539_reg_35154             |    5|    0|    5|          0|
    |trunc_ln42_53_reg_29744              |    5|    0|    5|          0|
    |trunc_ln42_540_reg_35159             |    5|    0|    5|          0|
    |trunc_ln42_541_reg_35164             |    5|    0|    5|          0|
    |trunc_ln42_542_reg_35169             |    5|    0|    5|          0|
    |trunc_ln42_543_reg_35174             |    5|    0|    5|          0|
    |trunc_ln42_544_reg_35179             |    5|    0|    5|          0|
    |trunc_ln42_545_reg_35184             |    5|    0|    5|          0|
    |trunc_ln42_546_reg_35189             |    5|    0|    5|          0|
    |trunc_ln42_547_reg_35194             |    5|    0|    5|          0|
    |trunc_ln42_548_reg_35199             |    5|    0|    5|          0|
    |trunc_ln42_549_reg_35204             |    5|    0|    5|          0|
    |trunc_ln42_54_reg_29749              |    5|    0|    5|          0|
    |trunc_ln42_550_reg_35209             |    5|    0|    5|          0|
    |trunc_ln42_551_reg_35214             |    5|    0|    5|          0|
    |trunc_ln42_552_reg_35219             |    5|    0|    5|          0|
    |trunc_ln42_553_reg_35224             |    5|    0|    5|          0|
    |trunc_ln42_554_reg_35229             |    5|    0|    5|          0|
    |trunc_ln42_555_reg_35234             |    5|    0|    5|          0|
    |trunc_ln42_556_reg_35239             |    5|    0|    5|          0|
    |trunc_ln42_557_reg_35244             |    5|    0|    5|          0|
    |trunc_ln42_558_reg_35249             |    5|    0|    5|          0|
    |trunc_ln42_559_reg_35254             |    5|    0|    5|          0|
    |trunc_ln42_55_reg_29754              |    5|    0|    5|          0|
    |trunc_ln42_560_reg_35259             |    5|    0|    5|          0|
    |trunc_ln42_561_reg_35264             |    5|    0|    5|          0|
    |trunc_ln42_562_reg_35269             |    5|    0|    5|          0|
    |trunc_ln42_563_reg_35274             |    5|    0|    5|          0|
    |trunc_ln42_564_reg_35279             |    5|    0|    5|          0|
    |trunc_ln42_565_reg_35284             |    5|    0|    5|          0|
    |trunc_ln42_566_reg_35289             |    5|    0|    5|          0|
    |trunc_ln42_567_reg_35294             |    5|    0|    5|          0|
    |trunc_ln42_568_reg_35299             |    5|    0|    5|          0|
    |trunc_ln42_569_reg_35304             |    5|    0|    5|          0|
    |trunc_ln42_56_reg_29759              |    5|    0|    5|          0|
    |trunc_ln42_570_reg_35309             |    5|    0|    5|          0|
    |trunc_ln42_571_reg_35314             |    5|    0|    5|          0|
    |trunc_ln42_572_reg_35319             |    5|    0|    5|          0|
    |trunc_ln42_573_reg_35324             |    5|    0|    5|          0|
    |trunc_ln42_574_reg_35329             |    5|    0|    5|          0|
    |trunc_ln42_575_reg_35334             |    5|    0|    5|          0|
    |trunc_ln42_576_reg_35339             |    5|    0|    5|          0|
    |trunc_ln42_577_reg_35344             |    5|    0|    5|          0|
    |trunc_ln42_578_reg_35349             |    5|    0|    5|          0|
    |trunc_ln42_579_reg_35354             |    5|    0|    5|          0|
    |trunc_ln42_57_reg_29764              |    5|    0|    5|          0|
    |trunc_ln42_580_reg_35359             |    5|    0|    5|          0|
    |trunc_ln42_581_reg_35364             |    5|    0|    5|          0|
    |trunc_ln42_582_reg_35369             |    5|    0|    5|          0|
    |trunc_ln42_583_reg_35374             |    5|    0|    5|          0|
    |trunc_ln42_584_reg_35379             |    5|    0|    5|          0|
    |trunc_ln42_585_reg_35384             |    5|    0|    5|          0|
    |trunc_ln42_586_reg_35389             |    5|    0|    5|          0|
    |trunc_ln42_587_reg_35394             |    5|    0|    5|          0|
    |trunc_ln42_588_reg_35399             |    5|    0|    5|          0|
    |trunc_ln42_589_reg_35404             |    5|    0|    5|          0|
    |trunc_ln42_58_reg_29769              |    5|    0|    5|          0|
    |trunc_ln42_590_reg_35409             |    5|    0|    5|          0|
    |trunc_ln42_591_reg_35414             |    5|    0|    5|          0|
    |trunc_ln42_592_reg_35419             |    5|    0|    5|          0|
    |trunc_ln42_593_reg_35424             |    5|    0|    5|          0|
    |trunc_ln42_594_reg_35429             |    5|    0|    5|          0|
    |trunc_ln42_595_reg_35434             |    5|    0|    5|          0|
    |trunc_ln42_596_reg_35439             |    5|    0|    5|          0|
    |trunc_ln42_597_reg_35444             |    5|    0|    5|          0|
    |trunc_ln42_598_reg_35449             |    5|    0|    5|          0|
    |trunc_ln42_599_reg_35454             |    5|    0|    5|          0|
    |trunc_ln42_59_reg_29774              |    5|    0|    5|          0|
    |trunc_ln42_5_reg_29504               |    5|    0|    5|          0|
    |trunc_ln42_600_reg_35459             |    5|    0|    5|          0|
    |trunc_ln42_601_reg_35464             |    5|    0|    5|          0|
    |trunc_ln42_602_reg_35469             |    5|    0|    5|          0|
    |trunc_ln42_603_reg_35474             |    5|    0|    5|          0|
    |trunc_ln42_604_reg_35479             |    5|    0|    5|          0|
    |trunc_ln42_605_reg_35484             |    5|    0|    5|          0|
    |trunc_ln42_606_reg_35489             |    5|    0|    5|          0|
    |trunc_ln42_607_reg_35494             |    5|    0|    5|          0|
    |trunc_ln42_608_reg_35499             |    5|    0|    5|          0|
    |trunc_ln42_609_reg_35504             |    5|    0|    5|          0|
    |trunc_ln42_60_reg_29779              |    5|    0|    5|          0|
    |trunc_ln42_610_reg_35509             |    5|    0|    5|          0|
    |trunc_ln42_611_reg_35514             |    5|    0|    5|          0|
    |trunc_ln42_612_reg_35519             |    5|    0|    5|          0|
    |trunc_ln42_613_reg_35524             |    5|    0|    5|          0|
    |trunc_ln42_614_reg_35529             |    5|    0|    5|          0|
    |trunc_ln42_615_reg_35534             |    5|    0|    5|          0|
    |trunc_ln42_616_reg_35539             |    5|    0|    5|          0|
    |trunc_ln42_617_reg_35544             |    5|    0|    5|          0|
    |trunc_ln42_618_reg_35549             |    5|    0|    5|          0|
    |trunc_ln42_619_reg_35554             |    5|    0|    5|          0|
    |trunc_ln42_61_reg_29784              |    5|    0|    5|          0|
    |trunc_ln42_620_reg_35559             |    5|    0|    5|          0|
    |trunc_ln42_621_reg_35564             |    5|    0|    5|          0|
    |trunc_ln42_622_reg_35569             |    5|    0|    5|          0|
    |trunc_ln42_623_reg_35574             |    5|    0|    5|          0|
    |trunc_ln42_624_reg_35579             |    5|    0|    5|          0|
    |trunc_ln42_625_reg_35584             |    5|    0|    5|          0|
    |trunc_ln42_626_reg_35589             |    5|    0|    5|          0|
    |trunc_ln42_627_reg_35594             |    5|    0|    5|          0|
    |trunc_ln42_628_reg_35599             |    5|    0|    5|          0|
    |trunc_ln42_629_reg_35604             |    5|    0|    5|          0|
    |trunc_ln42_62_reg_29789              |    5|    0|    5|          0|
    |trunc_ln42_630_reg_35609             |    5|    0|    5|          0|
    |trunc_ln42_631_reg_35614             |    5|    0|    5|          0|
    |trunc_ln42_632_reg_35619             |    5|    0|    5|          0|
    |trunc_ln42_633_reg_35624             |    5|    0|    5|          0|
    |trunc_ln42_634_reg_35629             |    5|    0|    5|          0|
    |trunc_ln42_635_reg_35634             |    5|    0|    5|          0|
    |trunc_ln42_636_reg_35639             |    5|    0|    5|          0|
    |trunc_ln42_637_reg_35644             |    5|    0|    5|          0|
    |trunc_ln42_638_reg_35649             |    5|    0|    5|          0|
    |trunc_ln42_639_reg_35654             |    5|    0|    5|          0|
    |trunc_ln42_63_reg_29794              |    5|    0|    5|          0|
    |trunc_ln42_640_reg_35659             |    5|    0|    5|          0|
    |trunc_ln42_641_reg_35664             |    5|    0|    5|          0|
    |trunc_ln42_642_reg_35669             |    5|    0|    5|          0|
    |trunc_ln42_643_reg_35674             |    5|    0|    5|          0|
    |trunc_ln42_644_reg_35679             |    5|    0|    5|          0|
    |trunc_ln42_645_reg_35684             |    5|    0|    5|          0|
    |trunc_ln42_646_reg_35689             |    5|    0|    5|          0|
    |trunc_ln42_647_reg_35694             |    5|    0|    5|          0|
    |trunc_ln42_648_reg_35699             |    5|    0|    5|          0|
    |trunc_ln42_649_reg_35704             |    5|    0|    5|          0|
    |trunc_ln42_64_reg_29799              |    5|    0|    5|          0|
    |trunc_ln42_650_reg_35709             |    5|    0|    5|          0|
    |trunc_ln42_651_reg_35714             |    5|    0|    5|          0|
    |trunc_ln42_652_reg_35719             |    5|    0|    5|          0|
    |trunc_ln42_653_reg_35724             |    5|    0|    5|          0|
    |trunc_ln42_654_reg_35729             |    5|    0|    5|          0|
    |trunc_ln42_655_reg_35734             |    5|    0|    5|          0|
    |trunc_ln42_656_reg_35739             |    5|    0|    5|          0|
    |trunc_ln42_657_reg_35744             |    5|    0|    5|          0|
    |trunc_ln42_658_reg_35749             |    5|    0|    5|          0|
    |trunc_ln42_659_reg_35754             |    5|    0|    5|          0|
    |trunc_ln42_65_reg_29804              |    5|    0|    5|          0|
    |trunc_ln42_660_reg_35759             |    5|    0|    5|          0|
    |trunc_ln42_661_reg_35764             |    5|    0|    5|          0|
    |trunc_ln42_662_reg_35769             |    5|    0|    5|          0|
    |trunc_ln42_663_reg_35774             |    5|    0|    5|          0|
    |trunc_ln42_664_reg_35779             |    5|    0|    5|          0|
    |trunc_ln42_665_reg_35784             |    5|    0|    5|          0|
    |trunc_ln42_666_reg_35789             |    5|    0|    5|          0|
    |trunc_ln42_667_reg_35794             |    5|    0|    5|          0|
    |trunc_ln42_668_reg_35799             |    5|    0|    5|          0|
    |trunc_ln42_669_reg_35804             |    5|    0|    5|          0|
    |trunc_ln42_66_reg_29809              |    5|    0|    5|          0|
    |trunc_ln42_670_reg_35809             |    5|    0|    5|          0|
    |trunc_ln42_671_reg_35814             |    5|    0|    5|          0|
    |trunc_ln42_672_reg_35819             |    5|    0|    5|          0|
    |trunc_ln42_673_reg_35824             |    5|    0|    5|          0|
    |trunc_ln42_674_reg_35829             |    5|    0|    5|          0|
    |trunc_ln42_675_reg_35834             |    5|    0|    5|          0|
    |trunc_ln42_676_reg_35839             |    5|    0|    5|          0|
    |trunc_ln42_677_reg_35844             |    5|    0|    5|          0|
    |trunc_ln42_678_reg_35849             |    5|    0|    5|          0|
    |trunc_ln42_679_reg_35854             |    5|    0|    5|          0|
    |trunc_ln42_67_reg_29814              |    5|    0|    5|          0|
    |trunc_ln42_680_reg_35859             |    5|    0|    5|          0|
    |trunc_ln42_681_reg_35864             |    5|    0|    5|          0|
    |trunc_ln42_682_reg_35869             |    5|    0|    5|          0|
    |trunc_ln42_683_reg_35874             |    5|    0|    5|          0|
    |trunc_ln42_684_reg_35879             |    5|    0|    5|          0|
    |trunc_ln42_685_reg_35884             |    5|    0|    5|          0|
    |trunc_ln42_686_reg_35889             |    5|    0|    5|          0|
    |trunc_ln42_687_reg_35894             |    5|    0|    5|          0|
    |trunc_ln42_688_reg_35899             |    5|    0|    5|          0|
    |trunc_ln42_689_reg_35904             |    5|    0|    5|          0|
    |trunc_ln42_68_reg_29819              |    5|    0|    5|          0|
    |trunc_ln42_690_reg_35909             |    5|    0|    5|          0|
    |trunc_ln42_691_reg_35914             |    5|    0|    5|          0|
    |trunc_ln42_692_reg_35919             |    5|    0|    5|          0|
    |trunc_ln42_693_reg_35924             |    5|    0|    5|          0|
    |trunc_ln42_694_reg_35929             |    5|    0|    5|          0|
    |trunc_ln42_695_reg_35934             |    5|    0|    5|          0|
    |trunc_ln42_696_reg_35939             |    5|    0|    5|          0|
    |trunc_ln42_697_reg_35944             |    5|    0|    5|          0|
    |trunc_ln42_698_reg_35949             |    5|    0|    5|          0|
    |trunc_ln42_699_reg_35954             |    5|    0|    5|          0|
    |trunc_ln42_69_reg_29824              |    5|    0|    5|          0|
    |trunc_ln42_6_reg_29509               |    5|    0|    5|          0|
    |trunc_ln42_700_reg_33459             |    5|    0|    5|          0|
    |trunc_ln42_701_reg_33464             |    5|    0|    5|          0|
    |trunc_ln42_702_reg_33469             |    5|    0|    5|          0|
    |trunc_ln42_703_reg_33474             |    5|    0|    5|          0|
    |trunc_ln42_704_reg_33479             |    5|    0|    5|          0|
    |trunc_ln42_705_reg_33484             |    5|    0|    5|          0|
    |trunc_ln42_706_reg_33489             |    5|    0|    5|          0|
    |trunc_ln42_707_reg_33494             |    5|    0|    5|          0|
    |trunc_ln42_708_reg_33499             |    5|    0|    5|          0|
    |trunc_ln42_709_reg_33504             |    5|    0|    5|          0|
    |trunc_ln42_70_reg_29829              |    5|    0|    5|          0|
    |trunc_ln42_710_reg_33509             |    5|    0|    5|          0|
    |trunc_ln42_711_reg_33514             |    5|    0|    5|          0|
    |trunc_ln42_712_reg_33519             |    5|    0|    5|          0|
    |trunc_ln42_713_reg_33524             |    5|    0|    5|          0|
    |trunc_ln42_714_reg_33529             |    5|    0|    5|          0|
    |trunc_ln42_715_reg_33534             |    5|    0|    5|          0|
    |trunc_ln42_716_reg_33539             |    5|    0|    5|          0|
    |trunc_ln42_717_reg_33544             |    5|    0|    5|          0|
    |trunc_ln42_718_reg_33549             |    5|    0|    5|          0|
    |trunc_ln42_719_reg_33554             |    5|    0|    5|          0|
    |trunc_ln42_71_reg_29834              |    5|    0|    5|          0|
    |trunc_ln42_720_reg_33559             |    5|    0|    5|          0|
    |trunc_ln42_721_reg_33564             |    5|    0|    5|          0|
    |trunc_ln42_722_reg_33569             |    5|    0|    5|          0|
    |trunc_ln42_723_reg_33574             |    5|    0|    5|          0|
    |trunc_ln42_724_reg_33579             |    5|    0|    5|          0|
    |trunc_ln42_725_reg_33584             |    5|    0|    5|          0|
    |trunc_ln42_726_reg_33589             |    5|    0|    5|          0|
    |trunc_ln42_727_reg_33594             |    5|    0|    5|          0|
    |trunc_ln42_728_reg_33599             |    5|    0|    5|          0|
    |trunc_ln42_729_reg_33604             |    5|    0|    5|          0|
    |trunc_ln42_72_reg_29839              |    5|    0|    5|          0|
    |trunc_ln42_730_reg_33609             |    5|    0|    5|          0|
    |trunc_ln42_731_reg_33614             |    5|    0|    5|          0|
    |trunc_ln42_732_reg_33619             |    5|    0|    5|          0|
    |trunc_ln42_733_reg_33624             |    5|    0|    5|          0|
    |trunc_ln42_734_reg_33629             |    5|    0|    5|          0|
    |trunc_ln42_735_reg_33634             |    5|    0|    5|          0|
    |trunc_ln42_736_reg_33639             |    5|    0|    5|          0|
    |trunc_ln42_737_reg_33644             |    5|    0|    5|          0|
    |trunc_ln42_738_reg_33649             |    5|    0|    5|          0|
    |trunc_ln42_739_reg_33654             |    5|    0|    5|          0|
    |trunc_ln42_73_reg_29844              |    5|    0|    5|          0|
    |trunc_ln42_740_reg_33659             |    5|    0|    5|          0|
    |trunc_ln42_741_reg_33664             |    5|    0|    5|          0|
    |trunc_ln42_742_reg_33669             |    5|    0|    5|          0|
    |trunc_ln42_743_reg_33674             |    5|    0|    5|          0|
    |trunc_ln42_744_reg_33679             |    5|    0|    5|          0|
    |trunc_ln42_745_reg_33684             |    5|    0|    5|          0|
    |trunc_ln42_746_reg_33689             |    5|    0|    5|          0|
    |trunc_ln42_747_reg_33694             |    5|    0|    5|          0|
    |trunc_ln42_748_reg_33699             |    5|    0|    5|          0|
    |trunc_ln42_749_reg_33704             |    5|    0|    5|          0|
    |trunc_ln42_74_reg_29849              |    5|    0|    5|          0|
    |trunc_ln42_750_reg_33709             |    5|    0|    5|          0|
    |trunc_ln42_751_reg_33714             |    5|    0|    5|          0|
    |trunc_ln42_752_reg_33719             |    5|    0|    5|          0|
    |trunc_ln42_753_reg_33724             |    5|    0|    5|          0|
    |trunc_ln42_754_reg_33729             |    5|    0|    5|          0|
    |trunc_ln42_755_reg_33734             |    5|    0|    5|          0|
    |trunc_ln42_756_reg_33739             |    5|    0|    5|          0|
    |trunc_ln42_757_reg_33744             |    5|    0|    5|          0|
    |trunc_ln42_758_reg_33749             |    5|    0|    5|          0|
    |trunc_ln42_759_reg_33754             |    5|    0|    5|          0|
    |trunc_ln42_75_reg_29854              |    5|    0|    5|          0|
    |trunc_ln42_760_reg_33759             |    5|    0|    5|          0|
    |trunc_ln42_761_reg_33764             |    5|    0|    5|          0|
    |trunc_ln42_762_reg_33769             |    5|    0|    5|          0|
    |trunc_ln42_763_reg_33774             |    5|    0|    5|          0|
    |trunc_ln42_764_reg_33779             |    5|    0|    5|          0|
    |trunc_ln42_765_reg_33784             |    5|    0|    5|          0|
    |trunc_ln42_766_reg_33789             |    5|    0|    5|          0|
    |trunc_ln42_767_reg_33794             |    5|    0|    5|          0|
    |trunc_ln42_768_reg_33799             |    5|    0|    5|          0|
    |trunc_ln42_769_reg_33804             |    5|    0|    5|          0|
    |trunc_ln42_76_reg_29859              |    5|    0|    5|          0|
    |trunc_ln42_770_reg_33809             |    5|    0|    5|          0|
    |trunc_ln42_771_reg_33814             |    5|    0|    5|          0|
    |trunc_ln42_772_reg_33819             |    5|    0|    5|          0|
    |trunc_ln42_773_reg_33824             |    5|    0|    5|          0|
    |trunc_ln42_774_reg_33829             |    5|    0|    5|          0|
    |trunc_ln42_775_reg_33834             |    5|    0|    5|          0|
    |trunc_ln42_776_reg_33839             |    5|    0|    5|          0|
    |trunc_ln42_777_reg_33844             |    5|    0|    5|          0|
    |trunc_ln42_778_reg_33849             |    5|    0|    5|          0|
    |trunc_ln42_779_reg_33854             |    5|    0|    5|          0|
    |trunc_ln42_77_reg_29864              |    5|    0|    5|          0|
    |trunc_ln42_780_reg_33859             |    5|    0|    5|          0|
    |trunc_ln42_781_reg_33864             |    5|    0|    5|          0|
    |trunc_ln42_782_reg_33869             |    5|    0|    5|          0|
    |trunc_ln42_783_reg_33874             |    5|    0|    5|          0|
    |trunc_ln42_784_reg_33879             |    5|    0|    5|          0|
    |trunc_ln42_785_reg_33884             |    5|    0|    5|          0|
    |trunc_ln42_786_reg_33889             |    5|    0|    5|          0|
    |trunc_ln42_787_reg_33894             |    5|    0|    5|          0|
    |trunc_ln42_788_reg_33899             |    5|    0|    5|          0|
    |trunc_ln42_789_reg_33904             |    5|    0|    5|          0|
    |trunc_ln42_78_reg_29869              |    5|    0|    5|          0|
    |trunc_ln42_790_reg_33909             |    5|    0|    5|          0|
    |trunc_ln42_791_reg_33914             |    5|    0|    5|          0|
    |trunc_ln42_792_reg_33919             |    5|    0|    5|          0|
    |trunc_ln42_793_reg_33924             |    5|    0|    5|          0|
    |trunc_ln42_794_reg_33929             |    5|    0|    5|          0|
    |trunc_ln42_795_reg_33934             |    5|    0|    5|          0|
    |trunc_ln42_796_reg_33939             |    5|    0|    5|          0|
    |trunc_ln42_797_reg_33944             |    5|    0|    5|          0|
    |trunc_ln42_798_reg_33949             |    5|    0|    5|          0|
    |trunc_ln42_799_reg_33954             |    5|    0|    5|          0|
    |trunc_ln42_79_reg_29874              |    5|    0|    5|          0|
    |trunc_ln42_7_reg_29514               |    5|    0|    5|          0|
    |trunc_ln42_80_reg_29879              |    5|    0|    5|          0|
    |trunc_ln42_81_reg_29884              |    5|    0|    5|          0|
    |trunc_ln42_82_reg_29889              |    5|    0|    5|          0|
    |trunc_ln42_83_reg_29894              |    5|    0|    5|          0|
    |trunc_ln42_84_reg_29899              |    5|    0|    5|          0|
    |trunc_ln42_85_reg_29904              |    5|    0|    5|          0|
    |trunc_ln42_86_reg_29909              |    5|    0|    5|          0|
    |trunc_ln42_87_reg_29914              |    5|    0|    5|          0|
    |trunc_ln42_88_reg_29919              |    5|    0|    5|          0|
    |trunc_ln42_89_reg_29924              |    5|    0|    5|          0|
    |trunc_ln42_8_reg_29519               |    5|    0|    5|          0|
    |trunc_ln42_90_reg_29929              |    5|    0|    5|          0|
    |trunc_ln42_91_reg_29934              |    5|    0|    5|          0|
    |trunc_ln42_92_reg_29939              |    5|    0|    5|          0|
    |trunc_ln42_93_reg_29944              |    5|    0|    5|          0|
    |trunc_ln42_94_reg_29949              |    5|    0|    5|          0|
    |trunc_ln42_95_reg_29954              |    5|    0|    5|          0|
    |trunc_ln42_96_reg_29959              |    5|    0|    5|          0|
    |trunc_ln42_97_reg_29964              |    5|    0|    5|          0|
    |trunc_ln42_98_reg_29969              |    5|    0|    5|          0|
    |trunc_ln42_99_reg_29974              |    5|    0|    5|          0|
    |trunc_ln42_9_reg_29524               |    5|    0|    5|          0|
    |trunc_ln42_reg_29479                 |    5|    0|    5|          0|
    |zext_ln26_1_reg_26899                |    3|    0|   64|         61|
    |zext_ln26_4_reg_27891                |    3|    0|   64|         61|
    |zext_ln42_10_reg_30703               |    3|    0|   64|         61|
    |zext_ln42_11_reg_30827               |    3|    0|   64|         61|
    |zext_ln42_12_reg_30951               |    3|    0|   64|         61|
    |zext_ln42_13_reg_31075               |    3|    0|   64|         61|
    |zext_ln42_14_reg_31199               |    3|    0|   64|         61|
    |zext_ln42_15_reg_31323               |    3|    0|   64|         61|
    |zext_ln42_16_reg_31447               |    3|    0|   64|         61|
    |zext_ln42_17_reg_28303               |    3|    0|   64|         61|
    |zext_ln42_18_reg_28427               |    3|    0|   64|         61|
    |zext_ln42_19_reg_28551               |    3|    0|   64|         61|
    |zext_ln42_1_reg_27147                |    3|    0|   64|         61|
    |zext_ln42_20_reg_28675               |    3|    0|   64|         61|
    |zext_ln42_21_reg_31971               |    3|    0|   64|         61|
    |zext_ln42_22_reg_32095               |    3|    0|   64|         61|
    |zext_ln42_23_reg_32219               |    3|    0|   64|         61|
    |zext_ln42_24_reg_32343               |    3|    0|   64|         61|
    |zext_ln42_25_reg_32467               |    3|    0|   64|         61|
    |zext_ln42_26_reg_32591               |    3|    0|   64|         61|
    |zext_ln42_27_reg_32715               |    3|    0|   64|         61|
    |zext_ln42_28_reg_32839               |    3|    0|   64|         61|
    |zext_ln42_29_reg_32963               |    3|    0|   64|         61|
    |zext_ln42_2_reg_27271                |    3|    0|   64|         61|
    |zext_ln42_30_reg_33087               |    3|    0|   64|         61|
    |zext_ln42_31_reg_33211               |    3|    0|   64|         61|
    |zext_ln42_32_reg_33335               |    3|    0|   64|         61|
    |zext_ln42_33_reg_28859               |    3|    0|   64|         61|
    |zext_ln42_34_reg_28983               |    3|    0|   64|         61|
    |zext_ln42_35_reg_29107               |    3|    0|   64|         61|
    |zext_ln42_36_reg_29231               |    3|    0|   64|         61|
    |zext_ln42_37_reg_29355               |    3|    0|   64|         61|
    |zext_ln42_3_reg_27395                |    3|    0|   64|         61|
    |zext_ln42_4_reg_27519                |    3|    0|   64|         61|
    |zext_ln42_5_reg_27643                |    3|    0|   64|         61|
    |zext_ln42_6_reg_27767                |    3|    0|   64|         61|
    |zext_ln42_7_reg_28015                |    3|    0|   64|         61|
    |zext_ln42_8_reg_28139                |    3|    0|   64|         61|
    |zext_ln42_9_reg_30579                |    3|    0|   64|         61|
    |zext_ln42_reg_27023                  |    3|    0|   64|         61|
    |tmp_96_reg_26840                     |   64|   32|    1|          0|
    |trunc_ln42_100_reg_29979             |   64|   32|    5|          0|
    |trunc_ln42_101_reg_29984             |   64|   32|    5|          0|
    |trunc_ln42_102_reg_29989             |   64|   32|    5|          0|
    |trunc_ln42_103_reg_29994             |   64|   32|    5|          0|
    |trunc_ln42_104_reg_29999             |   64|   32|    5|          0|
    |trunc_ln42_105_reg_30004             |   64|   32|    5|          0|
    |trunc_ln42_106_reg_30009             |   64|   32|    5|          0|
    |trunc_ln42_107_reg_30014             |   64|   32|    5|          0|
    |trunc_ln42_108_reg_30019             |   64|   32|    5|          0|
    |trunc_ln42_109_reg_30024             |   64|   32|    5|          0|
    |trunc_ln42_10_reg_29529              |   64|   32|    5|          0|
    |trunc_ln42_110_reg_30029             |   64|   32|    5|          0|
    |trunc_ln42_111_reg_30034             |   64|   32|    5|          0|
    |trunc_ln42_112_reg_30039             |   64|   32|    5|          0|
    |trunc_ln42_113_reg_30044             |   64|   32|    5|          0|
    |trunc_ln42_114_reg_30049             |   64|   32|    5|          0|
    |trunc_ln42_115_reg_30054             |   64|   32|    5|          0|
    |trunc_ln42_116_reg_30059             |   64|   32|    5|          0|
    |trunc_ln42_117_reg_30064             |   64|   32|    5|          0|
    |trunc_ln42_118_reg_30069             |   64|   32|    5|          0|
    |trunc_ln42_119_reg_30074             |   64|   32|    5|          0|
    |trunc_ln42_11_reg_29534              |   64|   32|    5|          0|
    |trunc_ln42_120_reg_30079             |   64|   32|    5|          0|
    |trunc_ln42_121_reg_30084             |   64|   32|    5|          0|
    |trunc_ln42_122_reg_30089             |   64|   32|    5|          0|
    |trunc_ln42_123_reg_30094             |   64|   32|    5|          0|
    |trunc_ln42_124_reg_30099             |   64|   32|    5|          0|
    |trunc_ln42_125_reg_30104             |   64|   32|    5|          0|
    |trunc_ln42_126_reg_30109             |   64|   32|    5|          0|
    |trunc_ln42_127_reg_30114             |   64|   32|    5|          0|
    |trunc_ln42_128_reg_30119             |   64|   32|    5|          0|
    |trunc_ln42_129_reg_30124             |   64|   32|    5|          0|
    |trunc_ln42_12_reg_29539              |   64|   32|    5|          0|
    |trunc_ln42_130_reg_30129             |   64|   32|    5|          0|
    |trunc_ln42_131_reg_30134             |   64|   32|    5|          0|
    |trunc_ln42_132_reg_30139             |   64|   32|    5|          0|
    |trunc_ln42_133_reg_30144             |   64|   32|    5|          0|
    |trunc_ln42_134_reg_30149             |   64|   32|    5|          0|
    |trunc_ln42_135_reg_30154             |   64|   32|    5|          0|
    |trunc_ln42_136_reg_30159             |   64|   32|    5|          0|
    |trunc_ln42_137_reg_30164             |   64|   32|    5|          0|
    |trunc_ln42_138_reg_30169             |   64|   32|    5|          0|
    |trunc_ln42_139_reg_30174             |   64|   32|    5|          0|
    |trunc_ln42_13_reg_29544              |   64|   32|    5|          0|
    |trunc_ln42_140_reg_30179             |   64|   32|    5|          0|
    |trunc_ln42_141_reg_30184             |   64|   32|    5|          0|
    |trunc_ln42_142_reg_30189             |   64|   32|    5|          0|
    |trunc_ln42_143_reg_30194             |   64|   32|    5|          0|
    |trunc_ln42_144_reg_30199             |   64|   32|    5|          0|
    |trunc_ln42_145_reg_30204             |   64|   32|    5|          0|
    |trunc_ln42_146_reg_30209             |   64|   32|    5|          0|
    |trunc_ln42_147_reg_30214             |   64|   32|    5|          0|
    |trunc_ln42_148_reg_30219             |   64|   32|    5|          0|
    |trunc_ln42_149_reg_30224             |   64|   32|    5|          0|
    |trunc_ln42_14_reg_29549              |   64|   32|    5|          0|
    |trunc_ln42_150_reg_30229             |   64|   32|    5|          0|
    |trunc_ln42_151_reg_30234             |   64|   32|    5|          0|
    |trunc_ln42_152_reg_30239             |   64|   32|    5|          0|
    |trunc_ln42_153_reg_30244             |   64|   32|    5|          0|
    |trunc_ln42_154_reg_30249             |   64|   32|    5|          0|
    |trunc_ln42_155_reg_30254             |   64|   32|    5|          0|
    |trunc_ln42_156_reg_30259             |   64|   32|    5|          0|
    |trunc_ln42_157_reg_30264             |   64|   32|    5|          0|
    |trunc_ln42_158_reg_30269             |   64|   32|    5|          0|
    |trunc_ln42_159_reg_30274             |   64|   32|    5|          0|
    |trunc_ln42_15_reg_29554              |   64|   32|    5|          0|
    |trunc_ln42_160_reg_30279             |   64|   32|    5|          0|
    |trunc_ln42_161_reg_30284             |   64|   32|    5|          0|
    |trunc_ln42_162_reg_30289             |   64|   32|    5|          0|
    |trunc_ln42_163_reg_30294             |   64|   32|    5|          0|
    |trunc_ln42_164_reg_30299             |   64|   32|    5|          0|
    |trunc_ln42_165_reg_30304             |   64|   32|    5|          0|
    |trunc_ln42_166_reg_30309             |   64|   32|    5|          0|
    |trunc_ln42_167_reg_30314             |   64|   32|    5|          0|
    |trunc_ln42_168_reg_30319             |   64|   32|    5|          0|
    |trunc_ln42_169_reg_30324             |   64|   32|    5|          0|
    |trunc_ln42_16_reg_29559              |   64|   32|    5|          0|
    |trunc_ln42_170_reg_30329             |   64|   32|    5|          0|
    |trunc_ln42_171_reg_30334             |   64|   32|    5|          0|
    |trunc_ln42_172_reg_30339             |   64|   32|    5|          0|
    |trunc_ln42_173_reg_30344             |   64|   32|    5|          0|
    |trunc_ln42_174_reg_30349             |   64|   32|    5|          0|
    |trunc_ln42_175_reg_30354             |   64|   32|    5|          0|
    |trunc_ln42_176_reg_30359             |   64|   32|    5|          0|
    |trunc_ln42_177_reg_30364             |   64|   32|    5|          0|
    |trunc_ln42_178_reg_30369             |   64|   32|    5|          0|
    |trunc_ln42_179_reg_30374             |   64|   32|    5|          0|
    |trunc_ln42_17_reg_29564              |   64|   32|    5|          0|
    |trunc_ln42_180_reg_30379             |   64|   32|    5|          0|
    |trunc_ln42_181_reg_30384             |   64|   32|    5|          0|
    |trunc_ln42_182_reg_30389             |   64|   32|    5|          0|
    |trunc_ln42_183_reg_30394             |   64|   32|    5|          0|
    |trunc_ln42_184_reg_30399             |   64|   32|    5|          0|
    |trunc_ln42_185_reg_30404             |   64|   32|    5|          0|
    |trunc_ln42_186_reg_30409             |   64|   32|    5|          0|
    |trunc_ln42_187_reg_30414             |   64|   32|    5|          0|
    |trunc_ln42_188_reg_30419             |   64|   32|    5|          0|
    |trunc_ln42_189_reg_30424             |   64|   32|    5|          0|
    |trunc_ln42_18_reg_29569              |   64|   32|    5|          0|
    |trunc_ln42_190_reg_30429             |   64|   32|    5|          0|
    |trunc_ln42_191_reg_30434             |   64|   32|    5|          0|
    |trunc_ln42_192_reg_30439             |   64|   32|    5|          0|
    |trunc_ln42_193_reg_30444             |   64|   32|    5|          0|
    |trunc_ln42_194_reg_30449             |   64|   32|    5|          0|
    |trunc_ln42_195_reg_30454             |   64|   32|    5|          0|
    |trunc_ln42_196_reg_30459             |   64|   32|    5|          0|
    |trunc_ln42_197_reg_30464             |   64|   32|    5|          0|
    |trunc_ln42_198_reg_30469             |   64|   32|    5|          0|
    |trunc_ln42_199_reg_30474             |   64|   32|    5|          0|
    |trunc_ln42_19_reg_29574              |   64|   32|    5|          0|
    |trunc_ln42_1_reg_29484               |   64|   32|    5|          0|
    |trunc_ln42_200_reg_30479             |   64|   32|    5|          0|
    |trunc_ln42_201_reg_30484             |   64|   32|    5|          0|
    |trunc_ln42_202_reg_30489             |   64|   32|    5|          0|
    |trunc_ln42_203_reg_30494             |   64|   32|    5|          0|
    |trunc_ln42_204_reg_30499             |   64|   32|    5|          0|
    |trunc_ln42_205_reg_30504             |   64|   32|    5|          0|
    |trunc_ln42_206_reg_30509             |   64|   32|    5|          0|
    |trunc_ln42_207_reg_30514             |   64|   32|    5|          0|
    |trunc_ln42_208_reg_30519             |   64|   32|    5|          0|
    |trunc_ln42_209_reg_30524             |   64|   32|    5|          0|
    |trunc_ln42_20_reg_29579              |   64|   32|    5|          0|
    |trunc_ln42_210_reg_30529             |   64|   32|    5|          0|
    |trunc_ln42_211_reg_30534             |   64|   32|    5|          0|
    |trunc_ln42_212_reg_30539             |   64|   32|    5|          0|
    |trunc_ln42_213_reg_30544             |   64|   32|    5|          0|
    |trunc_ln42_214_reg_30549             |   64|   32|    5|          0|
    |trunc_ln42_215_reg_30554             |   64|   32|    5|          0|
    |trunc_ln42_216_reg_30559             |   64|   32|    5|          0|
    |trunc_ln42_217_reg_30564             |   64|   32|    5|          0|
    |trunc_ln42_218_reg_30569             |   64|   32|    5|          0|
    |trunc_ln42_219_reg_30574             |   64|   32|    5|          0|
    |trunc_ln42_21_reg_29584              |   64|   32|    5|          0|
    |trunc_ln42_220_reg_33959             |   64|   32|    5|          0|
    |trunc_ln42_221_reg_33964             |   64|   32|    5|          0|
    |trunc_ln42_222_reg_33969             |   64|   32|    5|          0|
    |trunc_ln42_223_reg_33974             |   64|   32|    5|          0|
    |trunc_ln42_224_reg_33979             |   64|   32|    5|          0|
    |trunc_ln42_225_reg_33984             |   64|   32|    5|          0|
    |trunc_ln42_226_reg_33989             |   64|   32|    5|          0|
    |trunc_ln42_227_reg_33994             |   64|   32|    5|          0|
    |trunc_ln42_228_reg_33999             |   64|   32|    5|          0|
    |trunc_ln42_229_reg_34004             |   64|   32|    5|          0|
    |trunc_ln42_22_reg_29589              |   64|   32|    5|          0|
    |trunc_ln42_230_reg_34009             |   64|   32|    5|          0|
    |trunc_ln42_231_reg_34014             |   64|   32|    5|          0|
    |trunc_ln42_232_reg_34019             |   64|   32|    5|          0|
    |trunc_ln42_233_reg_34024             |   64|   32|    5|          0|
    |trunc_ln42_234_reg_34029             |   64|   32|    5|          0|
    |trunc_ln42_235_reg_34034             |   64|   32|    5|          0|
    |trunc_ln42_236_reg_34039             |   64|   32|    5|          0|
    |trunc_ln42_237_reg_34044             |   64|   32|    5|          0|
    |trunc_ln42_238_reg_34049             |   64|   32|    5|          0|
    |trunc_ln42_239_reg_34054             |   64|   32|    5|          0|
    |trunc_ln42_23_reg_29594              |   64|   32|    5|          0|
    |trunc_ln42_240_reg_34059             |   64|   32|    5|          0|
    |trunc_ln42_241_reg_34064             |   64|   32|    5|          0|
    |trunc_ln42_242_reg_34069             |   64|   32|    5|          0|
    |trunc_ln42_243_reg_34074             |   64|   32|    5|          0|
    |trunc_ln42_244_reg_34079             |   64|   32|    5|          0|
    |trunc_ln42_245_reg_34084             |   64|   32|    5|          0|
    |trunc_ln42_246_reg_34089             |   64|   32|    5|          0|
    |trunc_ln42_247_reg_34094             |   64|   32|    5|          0|
    |trunc_ln42_248_reg_34099             |   64|   32|    5|          0|
    |trunc_ln42_249_reg_34104             |   64|   32|    5|          0|
    |trunc_ln42_24_reg_29599              |   64|   32|    5|          0|
    |trunc_ln42_250_reg_34109             |   64|   32|    5|          0|
    |trunc_ln42_251_reg_34114             |   64|   32|    5|          0|
    |trunc_ln42_252_reg_34119             |   64|   32|    5|          0|
    |trunc_ln42_253_reg_34124             |   64|   32|    5|          0|
    |trunc_ln42_254_reg_34129             |   64|   32|    5|          0|
    |trunc_ln42_255_reg_34134             |   64|   32|    5|          0|
    |trunc_ln42_256_reg_34139             |   64|   32|    5|          0|
    |trunc_ln42_257_reg_34144             |   64|   32|    5|          0|
    |trunc_ln42_258_reg_34149             |   64|   32|    5|          0|
    |trunc_ln42_259_reg_34154             |   64|   32|    5|          0|
    |trunc_ln42_25_reg_29604              |   64|   32|    5|          0|
    |trunc_ln42_260_reg_34159             |   64|   32|    5|          0|
    |trunc_ln42_261_reg_34164             |   64|   32|    5|          0|
    |trunc_ln42_262_reg_34169             |   64|   32|    5|          0|
    |trunc_ln42_263_reg_34174             |   64|   32|    5|          0|
    |trunc_ln42_264_reg_34179             |   64|   32|    5|          0|
    |trunc_ln42_265_reg_34184             |   64|   32|    5|          0|
    |trunc_ln42_266_reg_34189             |   64|   32|    5|          0|
    |trunc_ln42_267_reg_34194             |   64|   32|    5|          0|
    |trunc_ln42_268_reg_34199             |   64|   32|    5|          0|
    |trunc_ln42_269_reg_34204             |   64|   32|    5|          0|
    |trunc_ln42_26_reg_29609              |   64|   32|    5|          0|
    |trunc_ln42_270_reg_34209             |   64|   32|    5|          0|
    |trunc_ln42_271_reg_34214             |   64|   32|    5|          0|
    |trunc_ln42_272_reg_34219             |   64|   32|    5|          0|
    |trunc_ln42_273_reg_34224             |   64|   32|    5|          0|
    |trunc_ln42_274_reg_34229             |   64|   32|    5|          0|
    |trunc_ln42_275_reg_34234             |   64|   32|    5|          0|
    |trunc_ln42_276_reg_34239             |   64|   32|    5|          0|
    |trunc_ln42_277_reg_34244             |   64|   32|    5|          0|
    |trunc_ln42_278_reg_34249             |   64|   32|    5|          0|
    |trunc_ln42_279_reg_34254             |   64|   32|    5|          0|
    |trunc_ln42_27_reg_29614              |   64|   32|    5|          0|
    |trunc_ln42_280_reg_34259             |   64|   32|    5|          0|
    |trunc_ln42_281_reg_34264             |   64|   32|    5|          0|
    |trunc_ln42_282_reg_34269             |   64|   32|    5|          0|
    |trunc_ln42_283_reg_34274             |   64|   32|    5|          0|
    |trunc_ln42_284_reg_34279             |   64|   32|    5|          0|
    |trunc_ln42_285_reg_34284             |   64|   32|    5|          0|
    |trunc_ln42_286_reg_34289             |   64|   32|    5|          0|
    |trunc_ln42_287_reg_34294             |   64|   32|    5|          0|
    |trunc_ln42_288_reg_34299             |   64|   32|    5|          0|
    |trunc_ln42_289_reg_34304             |   64|   32|    5|          0|
    |trunc_ln42_28_reg_29619              |   64|   32|    5|          0|
    |trunc_ln42_290_reg_34309             |   64|   32|    5|          0|
    |trunc_ln42_291_reg_34314             |   64|   32|    5|          0|
    |trunc_ln42_292_reg_34319             |   64|   32|    5|          0|
    |trunc_ln42_293_reg_34324             |   64|   32|    5|          0|
    |trunc_ln42_294_reg_34329             |   64|   32|    5|          0|
    |trunc_ln42_295_reg_34334             |   64|   32|    5|          0|
    |trunc_ln42_296_reg_34339             |   64|   32|    5|          0|
    |trunc_ln42_297_reg_34344             |   64|   32|    5|          0|
    |trunc_ln42_298_reg_34349             |   64|   32|    5|          0|
    |trunc_ln42_299_reg_34354             |   64|   32|    5|          0|
    |trunc_ln42_29_reg_29624              |   64|   32|    5|          0|
    |trunc_ln42_2_reg_29489               |   64|   32|    5|          0|
    |trunc_ln42_300_reg_34359             |   64|   32|    5|          0|
    |trunc_ln42_301_reg_34364             |   64|   32|    5|          0|
    |trunc_ln42_302_reg_34369             |   64|   32|    5|          0|
    |trunc_ln42_303_reg_34374             |   64|   32|    5|          0|
    |trunc_ln42_304_reg_34379             |   64|   32|    5|          0|
    |trunc_ln42_305_reg_34384             |   64|   32|    5|          0|
    |trunc_ln42_306_reg_34389             |   64|   32|    5|          0|
    |trunc_ln42_307_reg_34394             |   64|   32|    5|          0|
    |trunc_ln42_308_reg_34399             |   64|   32|    5|          0|
    |trunc_ln42_309_reg_34404             |   64|   32|    5|          0|
    |trunc_ln42_30_reg_29629              |   64|   32|    5|          0|
    |trunc_ln42_310_reg_34409             |   64|   32|    5|          0|
    |trunc_ln42_311_reg_34414             |   64|   32|    5|          0|
    |trunc_ln42_312_reg_34419             |   64|   32|    5|          0|
    |trunc_ln42_313_reg_34424             |   64|   32|    5|          0|
    |trunc_ln42_314_reg_34429             |   64|   32|    5|          0|
    |trunc_ln42_315_reg_34434             |   64|   32|    5|          0|
    |trunc_ln42_316_reg_34439             |   64|   32|    5|          0|
    |trunc_ln42_317_reg_34444             |   64|   32|    5|          0|
    |trunc_ln42_318_reg_34449             |   64|   32|    5|          0|
    |trunc_ln42_319_reg_34454             |   64|   32|    5|          0|
    |trunc_ln42_31_reg_29634              |   64|   32|    5|          0|
    |trunc_ln42_320_reg_34459             |   64|   32|    5|          0|
    |trunc_ln42_321_reg_34464             |   64|   32|    5|          0|
    |trunc_ln42_322_reg_34469             |   64|   32|    5|          0|
    |trunc_ln42_323_reg_34474             |   64|   32|    5|          0|
    |trunc_ln42_324_reg_34479             |   64|   32|    5|          0|
    |trunc_ln42_325_reg_34484             |   64|   32|    5|          0|
    |trunc_ln42_326_reg_34489             |   64|   32|    5|          0|
    |trunc_ln42_327_reg_34494             |   64|   32|    5|          0|
    |trunc_ln42_328_reg_34499             |   64|   32|    5|          0|
    |trunc_ln42_329_reg_34504             |   64|   32|    5|          0|
    |trunc_ln42_32_reg_29639              |   64|   32|    5|          0|
    |trunc_ln42_330_reg_34509             |   64|   32|    5|          0|
    |trunc_ln42_331_reg_34514             |   64|   32|    5|          0|
    |trunc_ln42_332_reg_34519             |   64|   32|    5|          0|
    |trunc_ln42_333_reg_34524             |   64|   32|    5|          0|
    |trunc_ln42_334_reg_34529             |   64|   32|    5|          0|
    |trunc_ln42_335_reg_34534             |   64|   32|    5|          0|
    |trunc_ln42_336_reg_34539             |   64|   32|    5|          0|
    |trunc_ln42_337_reg_34544             |   64|   32|    5|          0|
    |trunc_ln42_338_reg_34549             |   64|   32|    5|          0|
    |trunc_ln42_339_reg_34554             |   64|   32|    5|          0|
    |trunc_ln42_33_reg_29644              |   64|   32|    5|          0|
    |trunc_ln42_340_reg_34559             |   64|   32|    5|          0|
    |trunc_ln42_341_reg_34564             |   64|   32|    5|          0|
    |trunc_ln42_342_reg_34569             |   64|   32|    5|          0|
    |trunc_ln42_343_reg_34574             |   64|   32|    5|          0|
    |trunc_ln42_344_reg_34579             |   64|   32|    5|          0|
    |trunc_ln42_345_reg_34584             |   64|   32|    5|          0|
    |trunc_ln42_346_reg_34589             |   64|   32|    5|          0|
    |trunc_ln42_347_reg_34594             |   64|   32|    5|          0|
    |trunc_ln42_348_reg_34599             |   64|   32|    5|          0|
    |trunc_ln42_349_reg_34604             |   64|   32|    5|          0|
    |trunc_ln42_34_reg_29649              |   64|   32|    5|          0|
    |trunc_ln42_350_reg_34609             |   64|   32|    5|          0|
    |trunc_ln42_351_reg_34614             |   64|   32|    5|          0|
    |trunc_ln42_352_reg_34619             |   64|   32|    5|          0|
    |trunc_ln42_353_reg_34624             |   64|   32|    5|          0|
    |trunc_ln42_354_reg_34629             |   64|   32|    5|          0|
    |trunc_ln42_355_reg_34634             |   64|   32|    5|          0|
    |trunc_ln42_356_reg_34639             |   64|   32|    5|          0|
    |trunc_ln42_357_reg_34644             |   64|   32|    5|          0|
    |trunc_ln42_358_reg_34649             |   64|   32|    5|          0|
    |trunc_ln42_359_reg_34654             |   64|   32|    5|          0|
    |trunc_ln42_35_reg_29654              |   64|   32|    5|          0|
    |trunc_ln42_360_reg_34659             |   64|   32|    5|          0|
    |trunc_ln42_361_reg_34664             |   64|   32|    5|          0|
    |trunc_ln42_362_reg_34669             |   64|   32|    5|          0|
    |trunc_ln42_363_reg_34674             |   64|   32|    5|          0|
    |trunc_ln42_364_reg_34679             |   64|   32|    5|          0|
    |trunc_ln42_365_reg_34684             |   64|   32|    5|          0|
    |trunc_ln42_366_reg_34689             |   64|   32|    5|          0|
    |trunc_ln42_367_reg_34694             |   64|   32|    5|          0|
    |trunc_ln42_368_reg_34699             |   64|   32|    5|          0|
    |trunc_ln42_369_reg_34704             |   64|   32|    5|          0|
    |trunc_ln42_36_reg_29659              |   64|   32|    5|          0|
    |trunc_ln42_370_reg_34709             |   64|   32|    5|          0|
    |trunc_ln42_371_reg_34714             |   64|   32|    5|          0|
    |trunc_ln42_372_reg_34719             |   64|   32|    5|          0|
    |trunc_ln42_373_reg_34724             |   64|   32|    5|          0|
    |trunc_ln42_374_reg_34729             |   64|   32|    5|          0|
    |trunc_ln42_375_reg_34734             |   64|   32|    5|          0|
    |trunc_ln42_376_reg_34739             |   64|   32|    5|          0|
    |trunc_ln42_377_reg_34744             |   64|   32|    5|          0|
    |trunc_ln42_378_reg_34749             |   64|   32|    5|          0|
    |trunc_ln42_379_reg_34754             |   64|   32|    5|          0|
    |trunc_ln42_37_reg_29664              |   64|   32|    5|          0|
    |trunc_ln42_380_reg_31571             |   64|   32|    5|          0|
    |trunc_ln42_381_reg_31576             |   64|   32|    5|          0|
    |trunc_ln42_382_reg_31581             |   64|   32|    5|          0|
    |trunc_ln42_383_reg_31586             |   64|   32|    5|          0|
    |trunc_ln42_384_reg_31591             |   64|   32|    5|          0|
    |trunc_ln42_385_reg_31596             |   64|   32|    5|          0|
    |trunc_ln42_386_reg_31601             |   64|   32|    5|          0|
    |trunc_ln42_387_reg_31606             |   64|   32|    5|          0|
    |trunc_ln42_388_reg_31611             |   64|   32|    5|          0|
    |trunc_ln42_389_reg_31616             |   64|   32|    5|          0|
    |trunc_ln42_38_reg_29669              |   64|   32|    5|          0|
    |trunc_ln42_390_reg_31621             |   64|   32|    5|          0|
    |trunc_ln42_391_reg_31626             |   64|   32|    5|          0|
    |trunc_ln42_392_reg_31631             |   64|   32|    5|          0|
    |trunc_ln42_393_reg_31636             |   64|   32|    5|          0|
    |trunc_ln42_394_reg_31641             |   64|   32|    5|          0|
    |trunc_ln42_395_reg_31646             |   64|   32|    5|          0|
    |trunc_ln42_396_reg_31651             |   64|   32|    5|          0|
    |trunc_ln42_397_reg_31656             |   64|   32|    5|          0|
    |trunc_ln42_398_reg_31661             |   64|   32|    5|          0|
    |trunc_ln42_399_reg_31666             |   64|   32|    5|          0|
    |trunc_ln42_39_reg_29674              |   64|   32|    5|          0|
    |trunc_ln42_3_reg_29494               |   64|   32|    5|          0|
    |trunc_ln42_400_reg_31671             |   64|   32|    5|          0|
    |trunc_ln42_401_reg_31676             |   64|   32|    5|          0|
    |trunc_ln42_402_reg_31681             |   64|   32|    5|          0|
    |trunc_ln42_403_reg_31686             |   64|   32|    5|          0|
    |trunc_ln42_404_reg_31691             |   64|   32|    5|          0|
    |trunc_ln42_405_reg_31696             |   64|   32|    5|          0|
    |trunc_ln42_406_reg_31701             |   64|   32|    5|          0|
    |trunc_ln42_407_reg_31706             |   64|   32|    5|          0|
    |trunc_ln42_408_reg_31711             |   64|   32|    5|          0|
    |trunc_ln42_409_reg_31716             |   64|   32|    5|          0|
    |trunc_ln42_40_reg_29679              |   64|   32|    5|          0|
    |trunc_ln42_410_reg_31721             |   64|   32|    5|          0|
    |trunc_ln42_411_reg_31726             |   64|   32|    5|          0|
    |trunc_ln42_412_reg_31731             |   64|   32|    5|          0|
    |trunc_ln42_413_reg_31736             |   64|   32|    5|          0|
    |trunc_ln42_414_reg_31741             |   64|   32|    5|          0|
    |trunc_ln42_415_reg_31746             |   64|   32|    5|          0|
    |trunc_ln42_416_reg_31751             |   64|   32|    5|          0|
    |trunc_ln42_417_reg_31756             |   64|   32|    5|          0|
    |trunc_ln42_418_reg_31761             |   64|   32|    5|          0|
    |trunc_ln42_419_reg_31766             |   64|   32|    5|          0|
    |trunc_ln42_41_reg_29684              |   64|   32|    5|          0|
    |trunc_ln42_420_reg_31771             |   64|   32|    5|          0|
    |trunc_ln42_421_reg_31776             |   64|   32|    5|          0|
    |trunc_ln42_422_reg_31781             |   64|   32|    5|          0|
    |trunc_ln42_423_reg_31786             |   64|   32|    5|          0|
    |trunc_ln42_424_reg_31791             |   64|   32|    5|          0|
    |trunc_ln42_425_reg_31796             |   64|   32|    5|          0|
    |trunc_ln42_426_reg_31801             |   64|   32|    5|          0|
    |trunc_ln42_427_reg_31806             |   64|   32|    5|          0|
    |trunc_ln42_428_reg_31811             |   64|   32|    5|          0|
    |trunc_ln42_429_reg_31816             |   64|   32|    5|          0|
    |trunc_ln42_42_reg_29689              |   64|   32|    5|          0|
    |trunc_ln42_430_reg_31821             |   64|   32|    5|          0|
    |trunc_ln42_431_reg_31826             |   64|   32|    5|          0|
    |trunc_ln42_432_reg_31831             |   64|   32|    5|          0|
    |trunc_ln42_433_reg_31836             |   64|   32|    5|          0|
    |trunc_ln42_434_reg_31841             |   64|   32|    5|          0|
    |trunc_ln42_435_reg_31846             |   64|   32|    5|          0|
    |trunc_ln42_436_reg_31851             |   64|   32|    5|          0|
    |trunc_ln42_437_reg_31856             |   64|   32|    5|          0|
    |trunc_ln42_438_reg_31861             |   64|   32|    5|          0|
    |trunc_ln42_439_reg_31866             |   64|   32|    5|          0|
    |trunc_ln42_43_reg_29694              |   64|   32|    5|          0|
    |trunc_ln42_440_reg_31871             |   64|   32|    5|          0|
    |trunc_ln42_441_reg_31876             |   64|   32|    5|          0|
    |trunc_ln42_442_reg_31881             |   64|   32|    5|          0|
    |trunc_ln42_443_reg_31886             |   64|   32|    5|          0|
    |trunc_ln42_444_reg_31891             |   64|   32|    5|          0|
    |trunc_ln42_445_reg_31896             |   64|   32|    5|          0|
    |trunc_ln42_446_reg_31901             |   64|   32|    5|          0|
    |trunc_ln42_447_reg_31906             |   64|   32|    5|          0|
    |trunc_ln42_448_reg_31911             |   64|   32|    5|          0|
    |trunc_ln42_449_reg_31916             |   64|   32|    5|          0|
    |trunc_ln42_44_reg_29699              |   64|   32|    5|          0|
    |trunc_ln42_450_reg_31921             |   64|   32|    5|          0|
    |trunc_ln42_451_reg_31926             |   64|   32|    5|          0|
    |trunc_ln42_452_reg_31931             |   64|   32|    5|          0|
    |trunc_ln42_453_reg_31936             |   64|   32|    5|          0|
    |trunc_ln42_454_reg_31941             |   64|   32|    5|          0|
    |trunc_ln42_455_reg_31946             |   64|   32|    5|          0|
    |trunc_ln42_456_reg_31951             |   64|   32|    5|          0|
    |trunc_ln42_457_reg_31956             |   64|   32|    5|          0|
    |trunc_ln42_458_reg_31961             |   64|   32|    5|          0|
    |trunc_ln42_459_reg_31966             |   64|   32|    5|          0|
    |trunc_ln42_45_reg_29704              |   64|   32|    5|          0|
    |trunc_ln42_460_reg_34759             |   64|   32|    5|          0|
    |trunc_ln42_461_reg_34764             |   64|   32|    5|          0|
    |trunc_ln42_462_reg_34769             |   64|   32|    5|          0|
    |trunc_ln42_463_reg_34774             |   64|   32|    5|          0|
    |trunc_ln42_464_reg_34779             |   64|   32|    5|          0|
    |trunc_ln42_465_reg_34784             |   64|   32|    5|          0|
    |trunc_ln42_466_reg_34789             |   64|   32|    5|          0|
    |trunc_ln42_467_reg_34794             |   64|   32|    5|          0|
    |trunc_ln42_468_reg_34799             |   64|   32|    5|          0|
    |trunc_ln42_469_reg_34804             |   64|   32|    5|          0|
    |trunc_ln42_46_reg_29709              |   64|   32|    5|          0|
    |trunc_ln42_470_reg_34809             |   64|   32|    5|          0|
    |trunc_ln42_471_reg_34814             |   64|   32|    5|          0|
    |trunc_ln42_472_reg_34819             |   64|   32|    5|          0|
    |trunc_ln42_473_reg_34824             |   64|   32|    5|          0|
    |trunc_ln42_474_reg_34829             |   64|   32|    5|          0|
    |trunc_ln42_475_reg_34834             |   64|   32|    5|          0|
    |trunc_ln42_476_reg_34839             |   64|   32|    5|          0|
    |trunc_ln42_477_reg_34844             |   64|   32|    5|          0|
    |trunc_ln42_478_reg_34849             |   64|   32|    5|          0|
    |trunc_ln42_479_reg_34854             |   64|   32|    5|          0|
    |trunc_ln42_47_reg_29714              |   64|   32|    5|          0|
    |trunc_ln42_480_reg_34859             |   64|   32|    5|          0|
    |trunc_ln42_481_reg_34864             |   64|   32|    5|          0|
    |trunc_ln42_482_reg_34869             |   64|   32|    5|          0|
    |trunc_ln42_483_reg_34874             |   64|   32|    5|          0|
    |trunc_ln42_484_reg_34879             |   64|   32|    5|          0|
    |trunc_ln42_485_reg_34884             |   64|   32|    5|          0|
    |trunc_ln42_486_reg_34889             |   64|   32|    5|          0|
    |trunc_ln42_487_reg_34894             |   64|   32|    5|          0|
    |trunc_ln42_488_reg_34899             |   64|   32|    5|          0|
    |trunc_ln42_489_reg_34904             |   64|   32|    5|          0|
    |trunc_ln42_48_reg_29719              |   64|   32|    5|          0|
    |trunc_ln42_490_reg_34909             |   64|   32|    5|          0|
    |trunc_ln42_491_reg_34914             |   64|   32|    5|          0|
    |trunc_ln42_492_reg_34919             |   64|   32|    5|          0|
    |trunc_ln42_493_reg_34924             |   64|   32|    5|          0|
    |trunc_ln42_494_reg_34929             |   64|   32|    5|          0|
    |trunc_ln42_495_reg_34934             |   64|   32|    5|          0|
    |trunc_ln42_496_reg_34939             |   64|   32|    5|          0|
    |trunc_ln42_497_reg_34944             |   64|   32|    5|          0|
    |trunc_ln42_498_reg_34949             |   64|   32|    5|          0|
    |trunc_ln42_499_reg_34954             |   64|   32|    5|          0|
    |trunc_ln42_49_reg_29724              |   64|   32|    5|          0|
    |trunc_ln42_4_reg_29499               |   64|   32|    5|          0|
    |trunc_ln42_500_reg_34959             |   64|   32|    5|          0|
    |trunc_ln42_501_reg_34964             |   64|   32|    5|          0|
    |trunc_ln42_502_reg_34969             |   64|   32|    5|          0|
    |trunc_ln42_503_reg_34974             |   64|   32|    5|          0|
    |trunc_ln42_504_reg_34979             |   64|   32|    5|          0|
    |trunc_ln42_505_reg_34984             |   64|   32|    5|          0|
    |trunc_ln42_506_reg_34989             |   64|   32|    5|          0|
    |trunc_ln42_507_reg_34994             |   64|   32|    5|          0|
    |trunc_ln42_508_reg_34999             |   64|   32|    5|          0|
    |trunc_ln42_509_reg_35004             |   64|   32|    5|          0|
    |trunc_ln42_50_reg_29729              |   64|   32|    5|          0|
    |trunc_ln42_510_reg_35009             |   64|   32|    5|          0|
    |trunc_ln42_511_reg_35014             |   64|   32|    5|          0|
    |trunc_ln42_512_reg_35019             |   64|   32|    5|          0|
    |trunc_ln42_513_reg_35024             |   64|   32|    5|          0|
    |trunc_ln42_514_reg_35029             |   64|   32|    5|          0|
    |trunc_ln42_515_reg_35034             |   64|   32|    5|          0|
    |trunc_ln42_516_reg_35039             |   64|   32|    5|          0|
    |trunc_ln42_517_reg_35044             |   64|   32|    5|          0|
    |trunc_ln42_518_reg_35049             |   64|   32|    5|          0|
    |trunc_ln42_519_reg_35054             |   64|   32|    5|          0|
    |trunc_ln42_51_reg_29734              |   64|   32|    5|          0|
    |trunc_ln42_520_reg_35059             |   64|   32|    5|          0|
    |trunc_ln42_521_reg_35064             |   64|   32|    5|          0|
    |trunc_ln42_522_reg_35069             |   64|   32|    5|          0|
    |trunc_ln42_523_reg_35074             |   64|   32|    5|          0|
    |trunc_ln42_524_reg_35079             |   64|   32|    5|          0|
    |trunc_ln42_525_reg_35084             |   64|   32|    5|          0|
    |trunc_ln42_526_reg_35089             |   64|   32|    5|          0|
    |trunc_ln42_527_reg_35094             |   64|   32|    5|          0|
    |trunc_ln42_528_reg_35099             |   64|   32|    5|          0|
    |trunc_ln42_529_reg_35104             |   64|   32|    5|          0|
    |trunc_ln42_52_reg_29739              |   64|   32|    5|          0|
    |trunc_ln42_530_reg_35109             |   64|   32|    5|          0|
    |trunc_ln42_531_reg_35114             |   64|   32|    5|          0|
    |trunc_ln42_532_reg_35119             |   64|   32|    5|          0|
    |trunc_ln42_533_reg_35124             |   64|   32|    5|          0|
    |trunc_ln42_534_reg_35129             |   64|   32|    5|          0|
    |trunc_ln42_535_reg_35134             |   64|   32|    5|          0|
    |trunc_ln42_536_reg_35139             |   64|   32|    5|          0|
    |trunc_ln42_537_reg_35144             |   64|   32|    5|          0|
    |trunc_ln42_538_reg_35149             |   64|   32|    5|          0|
    |trunc_ln42_539_reg_35154             |   64|   32|    5|          0|
    |trunc_ln42_53_reg_29744              |   64|   32|    5|          0|
    |trunc_ln42_540_reg_35159             |   64|   32|    5|          0|
    |trunc_ln42_541_reg_35164             |   64|   32|    5|          0|
    |trunc_ln42_542_reg_35169             |   64|   32|    5|          0|
    |trunc_ln42_543_reg_35174             |   64|   32|    5|          0|
    |trunc_ln42_544_reg_35179             |   64|   32|    5|          0|
    |trunc_ln42_545_reg_35184             |   64|   32|    5|          0|
    |trunc_ln42_546_reg_35189             |   64|   32|    5|          0|
    |trunc_ln42_547_reg_35194             |   64|   32|    5|          0|
    |trunc_ln42_548_reg_35199             |   64|   32|    5|          0|
    |trunc_ln42_549_reg_35204             |   64|   32|    5|          0|
    |trunc_ln42_54_reg_29749              |   64|   32|    5|          0|
    |trunc_ln42_550_reg_35209             |   64|   32|    5|          0|
    |trunc_ln42_551_reg_35214             |   64|   32|    5|          0|
    |trunc_ln42_552_reg_35219             |   64|   32|    5|          0|
    |trunc_ln42_553_reg_35224             |   64|   32|    5|          0|
    |trunc_ln42_554_reg_35229             |   64|   32|    5|          0|
    |trunc_ln42_555_reg_35234             |   64|   32|    5|          0|
    |trunc_ln42_556_reg_35239             |   64|   32|    5|          0|
    |trunc_ln42_557_reg_35244             |   64|   32|    5|          0|
    |trunc_ln42_558_reg_35249             |   64|   32|    5|          0|
    |trunc_ln42_559_reg_35254             |   64|   32|    5|          0|
    |trunc_ln42_55_reg_29754              |   64|   32|    5|          0|
    |trunc_ln42_560_reg_35259             |   64|   32|    5|          0|
    |trunc_ln42_561_reg_35264             |   64|   32|    5|          0|
    |trunc_ln42_562_reg_35269             |   64|   32|    5|          0|
    |trunc_ln42_563_reg_35274             |   64|   32|    5|          0|
    |trunc_ln42_564_reg_35279             |   64|   32|    5|          0|
    |trunc_ln42_565_reg_35284             |   64|   32|    5|          0|
    |trunc_ln42_566_reg_35289             |   64|   32|    5|          0|
    |trunc_ln42_567_reg_35294             |   64|   32|    5|          0|
    |trunc_ln42_568_reg_35299             |   64|   32|    5|          0|
    |trunc_ln42_569_reg_35304             |   64|   32|    5|          0|
    |trunc_ln42_56_reg_29759              |   64|   32|    5|          0|
    |trunc_ln42_570_reg_35309             |   64|   32|    5|          0|
    |trunc_ln42_571_reg_35314             |   64|   32|    5|          0|
    |trunc_ln42_572_reg_35319             |   64|   32|    5|          0|
    |trunc_ln42_573_reg_35324             |   64|   32|    5|          0|
    |trunc_ln42_574_reg_35329             |   64|   32|    5|          0|
    |trunc_ln42_575_reg_35334             |   64|   32|    5|          0|
    |trunc_ln42_576_reg_35339             |   64|   32|    5|          0|
    |trunc_ln42_577_reg_35344             |   64|   32|    5|          0|
    |trunc_ln42_578_reg_35349             |   64|   32|    5|          0|
    |trunc_ln42_579_reg_35354             |   64|   32|    5|          0|
    |trunc_ln42_57_reg_29764              |   64|   32|    5|          0|
    |trunc_ln42_580_reg_35359             |   64|   32|    5|          0|
    |trunc_ln42_581_reg_35364             |   64|   32|    5|          0|
    |trunc_ln42_582_reg_35369             |   64|   32|    5|          0|
    |trunc_ln42_583_reg_35374             |   64|   32|    5|          0|
    |trunc_ln42_584_reg_35379             |   64|   32|    5|          0|
    |trunc_ln42_585_reg_35384             |   64|   32|    5|          0|
    |trunc_ln42_586_reg_35389             |   64|   32|    5|          0|
    |trunc_ln42_587_reg_35394             |   64|   32|    5|          0|
    |trunc_ln42_588_reg_35399             |   64|   32|    5|          0|
    |trunc_ln42_589_reg_35404             |   64|   32|    5|          0|
    |trunc_ln42_58_reg_29769              |   64|   32|    5|          0|
    |trunc_ln42_590_reg_35409             |   64|   32|    5|          0|
    |trunc_ln42_591_reg_35414             |   64|   32|    5|          0|
    |trunc_ln42_592_reg_35419             |   64|   32|    5|          0|
    |trunc_ln42_593_reg_35424             |   64|   32|    5|          0|
    |trunc_ln42_594_reg_35429             |   64|   32|    5|          0|
    |trunc_ln42_595_reg_35434             |   64|   32|    5|          0|
    |trunc_ln42_596_reg_35439             |   64|   32|    5|          0|
    |trunc_ln42_597_reg_35444             |   64|   32|    5|          0|
    |trunc_ln42_598_reg_35449             |   64|   32|    5|          0|
    |trunc_ln42_599_reg_35454             |   64|   32|    5|          0|
    |trunc_ln42_59_reg_29774              |   64|   32|    5|          0|
    |trunc_ln42_5_reg_29504               |   64|   32|    5|          0|
    |trunc_ln42_600_reg_35459             |   64|   32|    5|          0|
    |trunc_ln42_601_reg_35464             |   64|   32|    5|          0|
    |trunc_ln42_602_reg_35469             |   64|   32|    5|          0|
    |trunc_ln42_603_reg_35474             |   64|   32|    5|          0|
    |trunc_ln42_604_reg_35479             |   64|   32|    5|          0|
    |trunc_ln42_605_reg_35484             |   64|   32|    5|          0|
    |trunc_ln42_606_reg_35489             |   64|   32|    5|          0|
    |trunc_ln42_607_reg_35494             |   64|   32|    5|          0|
    |trunc_ln42_608_reg_35499             |   64|   32|    5|          0|
    |trunc_ln42_609_reg_35504             |   64|   32|    5|          0|
    |trunc_ln42_60_reg_29779              |   64|   32|    5|          0|
    |trunc_ln42_610_reg_35509             |   64|   32|    5|          0|
    |trunc_ln42_611_reg_35514             |   64|   32|    5|          0|
    |trunc_ln42_612_reg_35519             |   64|   32|    5|          0|
    |trunc_ln42_613_reg_35524             |   64|   32|    5|          0|
    |trunc_ln42_614_reg_35529             |   64|   32|    5|          0|
    |trunc_ln42_615_reg_35534             |   64|   32|    5|          0|
    |trunc_ln42_616_reg_35539             |   64|   32|    5|          0|
    |trunc_ln42_617_reg_35544             |   64|   32|    5|          0|
    |trunc_ln42_618_reg_35549             |   64|   32|    5|          0|
    |trunc_ln42_619_reg_35554             |   64|   32|    5|          0|
    |trunc_ln42_61_reg_29784              |   64|   32|    5|          0|
    |trunc_ln42_620_reg_35559             |   64|   32|    5|          0|
    |trunc_ln42_621_reg_35564             |   64|   32|    5|          0|
    |trunc_ln42_622_reg_35569             |   64|   32|    5|          0|
    |trunc_ln42_623_reg_35574             |   64|   32|    5|          0|
    |trunc_ln42_624_reg_35579             |   64|   32|    5|          0|
    |trunc_ln42_625_reg_35584             |   64|   32|    5|          0|
    |trunc_ln42_626_reg_35589             |   64|   32|    5|          0|
    |trunc_ln42_627_reg_35594             |   64|   32|    5|          0|
    |trunc_ln42_628_reg_35599             |   64|   32|    5|          0|
    |trunc_ln42_629_reg_35604             |   64|   32|    5|          0|
    |trunc_ln42_62_reg_29789              |   64|   32|    5|          0|
    |trunc_ln42_630_reg_35609             |   64|   32|    5|          0|
    |trunc_ln42_631_reg_35614             |   64|   32|    5|          0|
    |trunc_ln42_632_reg_35619             |   64|   32|    5|          0|
    |trunc_ln42_633_reg_35624             |   64|   32|    5|          0|
    |trunc_ln42_634_reg_35629             |   64|   32|    5|          0|
    |trunc_ln42_635_reg_35634             |   64|   32|    5|          0|
    |trunc_ln42_636_reg_35639             |   64|   32|    5|          0|
    |trunc_ln42_637_reg_35644             |   64|   32|    5|          0|
    |trunc_ln42_638_reg_35649             |   64|   32|    5|          0|
    |trunc_ln42_639_reg_35654             |   64|   32|    5|          0|
    |trunc_ln42_63_reg_29794              |   64|   32|    5|          0|
    |trunc_ln42_640_reg_35659             |   64|   32|    5|          0|
    |trunc_ln42_641_reg_35664             |   64|   32|    5|          0|
    |trunc_ln42_642_reg_35669             |   64|   32|    5|          0|
    |trunc_ln42_643_reg_35674             |   64|   32|    5|          0|
    |trunc_ln42_644_reg_35679             |   64|   32|    5|          0|
    |trunc_ln42_645_reg_35684             |   64|   32|    5|          0|
    |trunc_ln42_646_reg_35689             |   64|   32|    5|          0|
    |trunc_ln42_647_reg_35694             |   64|   32|    5|          0|
    |trunc_ln42_648_reg_35699             |   64|   32|    5|          0|
    |trunc_ln42_649_reg_35704             |   64|   32|    5|          0|
    |trunc_ln42_64_reg_29799              |   64|   32|    5|          0|
    |trunc_ln42_650_reg_35709             |   64|   32|    5|          0|
    |trunc_ln42_651_reg_35714             |   64|   32|    5|          0|
    |trunc_ln42_652_reg_35719             |   64|   32|    5|          0|
    |trunc_ln42_653_reg_35724             |   64|   32|    5|          0|
    |trunc_ln42_654_reg_35729             |   64|   32|    5|          0|
    |trunc_ln42_655_reg_35734             |   64|   32|    5|          0|
    |trunc_ln42_656_reg_35739             |   64|   32|    5|          0|
    |trunc_ln42_657_reg_35744             |   64|   32|    5|          0|
    |trunc_ln42_658_reg_35749             |   64|   32|    5|          0|
    |trunc_ln42_659_reg_35754             |   64|   32|    5|          0|
    |trunc_ln42_65_reg_29804              |   64|   32|    5|          0|
    |trunc_ln42_660_reg_35759             |   64|   32|    5|          0|
    |trunc_ln42_661_reg_35764             |   64|   32|    5|          0|
    |trunc_ln42_662_reg_35769             |   64|   32|    5|          0|
    |trunc_ln42_663_reg_35774             |   64|   32|    5|          0|
    |trunc_ln42_664_reg_35779             |   64|   32|    5|          0|
    |trunc_ln42_665_reg_35784             |   64|   32|    5|          0|
    |trunc_ln42_666_reg_35789             |   64|   32|    5|          0|
    |trunc_ln42_667_reg_35794             |   64|   32|    5|          0|
    |trunc_ln42_668_reg_35799             |   64|   32|    5|          0|
    |trunc_ln42_669_reg_35804             |   64|   32|    5|          0|
    |trunc_ln42_66_reg_29809              |   64|   32|    5|          0|
    |trunc_ln42_670_reg_35809             |   64|   32|    5|          0|
    |trunc_ln42_671_reg_35814             |   64|   32|    5|          0|
    |trunc_ln42_672_reg_35819             |   64|   32|    5|          0|
    |trunc_ln42_673_reg_35824             |   64|   32|    5|          0|
    |trunc_ln42_674_reg_35829             |   64|   32|    5|          0|
    |trunc_ln42_675_reg_35834             |   64|   32|    5|          0|
    |trunc_ln42_676_reg_35839             |   64|   32|    5|          0|
    |trunc_ln42_677_reg_35844             |   64|   32|    5|          0|
    |trunc_ln42_678_reg_35849             |   64|   32|    5|          0|
    |trunc_ln42_679_reg_35854             |   64|   32|    5|          0|
    |trunc_ln42_67_reg_29814              |   64|   32|    5|          0|
    |trunc_ln42_680_reg_35859             |   64|   32|    5|          0|
    |trunc_ln42_681_reg_35864             |   64|   32|    5|          0|
    |trunc_ln42_682_reg_35869             |   64|   32|    5|          0|
    |trunc_ln42_683_reg_35874             |   64|   32|    5|          0|
    |trunc_ln42_684_reg_35879             |   64|   32|    5|          0|
    |trunc_ln42_685_reg_35884             |   64|   32|    5|          0|
    |trunc_ln42_686_reg_35889             |   64|   32|    5|          0|
    |trunc_ln42_687_reg_35894             |   64|   32|    5|          0|
    |trunc_ln42_688_reg_35899             |   64|   32|    5|          0|
    |trunc_ln42_689_reg_35904             |   64|   32|    5|          0|
    |trunc_ln42_68_reg_29819              |   64|   32|    5|          0|
    |trunc_ln42_690_reg_35909             |   64|   32|    5|          0|
    |trunc_ln42_691_reg_35914             |   64|   32|    5|          0|
    |trunc_ln42_692_reg_35919             |   64|   32|    5|          0|
    |trunc_ln42_693_reg_35924             |   64|   32|    5|          0|
    |trunc_ln42_694_reg_35929             |   64|   32|    5|          0|
    |trunc_ln42_695_reg_35934             |   64|   32|    5|          0|
    |trunc_ln42_696_reg_35939             |   64|   32|    5|          0|
    |trunc_ln42_697_reg_35944             |   64|   32|    5|          0|
    |trunc_ln42_698_reg_35949             |   64|   32|    5|          0|
    |trunc_ln42_699_reg_35954             |   64|   32|    5|          0|
    |trunc_ln42_69_reg_29824              |   64|   32|    5|          0|
    |trunc_ln42_6_reg_29509               |   64|   32|    5|          0|
    |trunc_ln42_700_reg_33459             |   64|   32|    5|          0|
    |trunc_ln42_701_reg_33464             |   64|   32|    5|          0|
    |trunc_ln42_702_reg_33469             |   64|   32|    5|          0|
    |trunc_ln42_703_reg_33474             |   64|   32|    5|          0|
    |trunc_ln42_704_reg_33479             |   64|   32|    5|          0|
    |trunc_ln42_705_reg_33484             |   64|   32|    5|          0|
    |trunc_ln42_706_reg_33489             |   64|   32|    5|          0|
    |trunc_ln42_707_reg_33494             |   64|   32|    5|          0|
    |trunc_ln42_708_reg_33499             |   64|   32|    5|          0|
    |trunc_ln42_709_reg_33504             |   64|   32|    5|          0|
    |trunc_ln42_70_reg_29829              |   64|   32|    5|          0|
    |trunc_ln42_710_reg_33509             |   64|   32|    5|          0|
    |trunc_ln42_711_reg_33514             |   64|   32|    5|          0|
    |trunc_ln42_712_reg_33519             |   64|   32|    5|          0|
    |trunc_ln42_713_reg_33524             |   64|   32|    5|          0|
    |trunc_ln42_714_reg_33529             |   64|   32|    5|          0|
    |trunc_ln42_715_reg_33534             |   64|   32|    5|          0|
    |trunc_ln42_716_reg_33539             |   64|   32|    5|          0|
    |trunc_ln42_717_reg_33544             |   64|   32|    5|          0|
    |trunc_ln42_718_reg_33549             |   64|   32|    5|          0|
    |trunc_ln42_719_reg_33554             |   64|   32|    5|          0|
    |trunc_ln42_71_reg_29834              |   64|   32|    5|          0|
    |trunc_ln42_720_reg_33559             |   64|   32|    5|          0|
    |trunc_ln42_721_reg_33564             |   64|   32|    5|          0|
    |trunc_ln42_722_reg_33569             |   64|   32|    5|          0|
    |trunc_ln42_723_reg_33574             |   64|   32|    5|          0|
    |trunc_ln42_724_reg_33579             |   64|   32|    5|          0|
    |trunc_ln42_725_reg_33584             |   64|   32|    5|          0|
    |trunc_ln42_726_reg_33589             |   64|   32|    5|          0|
    |trunc_ln42_727_reg_33594             |   64|   32|    5|          0|
    |trunc_ln42_728_reg_33599             |   64|   32|    5|          0|
    |trunc_ln42_729_reg_33604             |   64|   32|    5|          0|
    |trunc_ln42_72_reg_29839              |   64|   32|    5|          0|
    |trunc_ln42_730_reg_33609             |   64|   32|    5|          0|
    |trunc_ln42_731_reg_33614             |   64|   32|    5|          0|
    |trunc_ln42_732_reg_33619             |   64|   32|    5|          0|
    |trunc_ln42_733_reg_33624             |   64|   32|    5|          0|
    |trunc_ln42_734_reg_33629             |   64|   32|    5|          0|
    |trunc_ln42_735_reg_33634             |   64|   32|    5|          0|
    |trunc_ln42_736_reg_33639             |   64|   32|    5|          0|
    |trunc_ln42_737_reg_33644             |   64|   32|    5|          0|
    |trunc_ln42_738_reg_33649             |   64|   32|    5|          0|
    |trunc_ln42_739_reg_33654             |   64|   32|    5|          0|
    |trunc_ln42_73_reg_29844              |   64|   32|    5|          0|
    |trunc_ln42_740_reg_33659             |   64|   32|    5|          0|
    |trunc_ln42_741_reg_33664             |   64|   32|    5|          0|
    |trunc_ln42_742_reg_33669             |   64|   32|    5|          0|
    |trunc_ln42_743_reg_33674             |   64|   32|    5|          0|
    |trunc_ln42_744_reg_33679             |   64|   32|    5|          0|
    |trunc_ln42_745_reg_33684             |   64|   32|    5|          0|
    |trunc_ln42_746_reg_33689             |   64|   32|    5|          0|
    |trunc_ln42_747_reg_33694             |   64|   32|    5|          0|
    |trunc_ln42_748_reg_33699             |   64|   32|    5|          0|
    |trunc_ln42_749_reg_33704             |   64|   32|    5|          0|
    |trunc_ln42_74_reg_29849              |   64|   32|    5|          0|
    |trunc_ln42_750_reg_33709             |   64|   32|    5|          0|
    |trunc_ln42_751_reg_33714             |   64|   32|    5|          0|
    |trunc_ln42_752_reg_33719             |   64|   32|    5|          0|
    |trunc_ln42_753_reg_33724             |   64|   32|    5|          0|
    |trunc_ln42_754_reg_33729             |   64|   32|    5|          0|
    |trunc_ln42_755_reg_33734             |   64|   32|    5|          0|
    |trunc_ln42_756_reg_33739             |   64|   32|    5|          0|
    |trunc_ln42_757_reg_33744             |   64|   32|    5|          0|
    |trunc_ln42_758_reg_33749             |   64|   32|    5|          0|
    |trunc_ln42_759_reg_33754             |   64|   32|    5|          0|
    |trunc_ln42_75_reg_29854              |   64|   32|    5|          0|
    |trunc_ln42_760_reg_33759             |   64|   32|    5|          0|
    |trunc_ln42_761_reg_33764             |   64|   32|    5|          0|
    |trunc_ln42_762_reg_33769             |   64|   32|    5|          0|
    |trunc_ln42_763_reg_33774             |   64|   32|    5|          0|
    |trunc_ln42_764_reg_33779             |   64|   32|    5|          0|
    |trunc_ln42_765_reg_33784             |   64|   32|    5|          0|
    |trunc_ln42_766_reg_33789             |   64|   32|    5|          0|
    |trunc_ln42_767_reg_33794             |   64|   32|    5|          0|
    |trunc_ln42_768_reg_33799             |   64|   32|    5|          0|
    |trunc_ln42_769_reg_33804             |   64|   32|    5|          0|
    |trunc_ln42_76_reg_29859              |   64|   32|    5|          0|
    |trunc_ln42_770_reg_33809             |   64|   32|    5|          0|
    |trunc_ln42_771_reg_33814             |   64|   32|    5|          0|
    |trunc_ln42_772_reg_33819             |   64|   32|    5|          0|
    |trunc_ln42_773_reg_33824             |   64|   32|    5|          0|
    |trunc_ln42_774_reg_33829             |   64|   32|    5|          0|
    |trunc_ln42_775_reg_33834             |   64|   32|    5|          0|
    |trunc_ln42_776_reg_33839             |   64|   32|    5|          0|
    |trunc_ln42_777_reg_33844             |   64|   32|    5|          0|
    |trunc_ln42_778_reg_33849             |   64|   32|    5|          0|
    |trunc_ln42_779_reg_33854             |   64|   32|    5|          0|
    |trunc_ln42_77_reg_29864              |   64|   32|    5|          0|
    |trunc_ln42_780_reg_33859             |   64|   32|    5|          0|
    |trunc_ln42_781_reg_33864             |   64|   32|    5|          0|
    |trunc_ln42_782_reg_33869             |   64|   32|    5|          0|
    |trunc_ln42_783_reg_33874             |   64|   32|    5|          0|
    |trunc_ln42_784_reg_33879             |   64|   32|    5|          0|
    |trunc_ln42_785_reg_33884             |   64|   32|    5|          0|
    |trunc_ln42_786_reg_33889             |   64|   32|    5|          0|
    |trunc_ln42_787_reg_33894             |   64|   32|    5|          0|
    |trunc_ln42_788_reg_33899             |   64|   32|    5|          0|
    |trunc_ln42_789_reg_33904             |   64|   32|    5|          0|
    |trunc_ln42_78_reg_29869              |   64|   32|    5|          0|
    |trunc_ln42_790_reg_33909             |   64|   32|    5|          0|
    |trunc_ln42_791_reg_33914             |   64|   32|    5|          0|
    |trunc_ln42_792_reg_33919             |   64|   32|    5|          0|
    |trunc_ln42_793_reg_33924             |   64|   32|    5|          0|
    |trunc_ln42_794_reg_33929             |   64|   32|    5|          0|
    |trunc_ln42_795_reg_33934             |   64|   32|    5|          0|
    |trunc_ln42_796_reg_33939             |   64|   32|    5|          0|
    |trunc_ln42_797_reg_33944             |   64|   32|    5|          0|
    |trunc_ln42_798_reg_33949             |   64|   32|    5|          0|
    |trunc_ln42_799_reg_33954             |   64|   32|    5|          0|
    |trunc_ln42_79_reg_29874              |   64|   32|    5|          0|
    |trunc_ln42_7_reg_29514               |   64|   32|    5|          0|
    |trunc_ln42_80_reg_29879              |   64|   32|    5|          0|
    |trunc_ln42_81_reg_29884              |   64|   32|    5|          0|
    |trunc_ln42_82_reg_29889              |   64|   32|    5|          0|
    |trunc_ln42_83_reg_29894              |   64|   32|    5|          0|
    |trunc_ln42_84_reg_29899              |   64|   32|    5|          0|
    |trunc_ln42_85_reg_29904              |   64|   32|    5|          0|
    |trunc_ln42_86_reg_29909              |   64|   32|    5|          0|
    |trunc_ln42_87_reg_29914              |   64|   32|    5|          0|
    |trunc_ln42_88_reg_29919              |   64|   32|    5|          0|
    |trunc_ln42_89_reg_29924              |   64|   32|    5|          0|
    |trunc_ln42_8_reg_29519               |   64|   32|    5|          0|
    |trunc_ln42_90_reg_29929              |   64|   32|    5|          0|
    |trunc_ln42_91_reg_29934              |   64|   32|    5|          0|
    |trunc_ln42_92_reg_29939              |   64|   32|    5|          0|
    |trunc_ln42_93_reg_29944              |   64|   32|    5|          0|
    |trunc_ln42_94_reg_29949              |   64|   32|    5|          0|
    |trunc_ln42_95_reg_29954              |   64|   32|    5|          0|
    |trunc_ln42_96_reg_29959              |   64|   32|    5|          0|
    |trunc_ln42_97_reg_29964              |   64|   32|    5|          0|
    |trunc_ln42_98_reg_29969              |   64|   32|    5|          0|
    |trunc_ln42_99_reg_29974              |   64|   32|    5|          0|
    |trunc_ln42_9_reg_29524               |   64|   32|    5|          0|
    |trunc_ln42_reg_29479                 |   64|   32|    5|          0|
    |zext_ln26_1_reg_26899                |   64|   32|   64|         61|
    |zext_ln26_4_reg_27891                |   64|   32|   64|         61|
    |zext_ln42_10_reg_30703               |   64|   32|   64|         61|
    |zext_ln42_11_reg_30827               |   64|   32|   64|         61|
    |zext_ln42_12_reg_30951               |   64|   32|   64|         61|
    |zext_ln42_13_reg_31075               |   64|   32|   64|         61|
    |zext_ln42_14_reg_31199               |   64|   32|   64|         61|
    |zext_ln42_15_reg_31323               |   64|   32|   64|         61|
    |zext_ln42_16_reg_31447               |   64|   32|   64|         61|
    |zext_ln42_17_reg_28303               |   64|   32|   64|         61|
    |zext_ln42_18_reg_28427               |   64|   32|   64|         61|
    |zext_ln42_19_reg_28551               |   64|   32|   64|         61|
    |zext_ln42_1_reg_27147                |   64|   32|   64|         61|
    |zext_ln42_20_reg_28675               |   64|   32|   64|         61|
    |zext_ln42_21_reg_31971               |   64|   32|   64|         61|
    |zext_ln42_22_reg_32095               |   64|   32|   64|         61|
    |zext_ln42_23_reg_32219               |   64|   32|   64|         61|
    |zext_ln42_24_reg_32343               |   64|   32|   64|         61|
    |zext_ln42_25_reg_32467               |   64|   32|   64|         61|
    |zext_ln42_26_reg_32591               |   64|   32|   64|         61|
    |zext_ln42_27_reg_32715               |   64|   32|   64|         61|
    |zext_ln42_28_reg_32839               |   64|   32|   64|         61|
    |zext_ln42_29_reg_32963               |   64|   32|   64|         61|
    |zext_ln42_2_reg_27271                |   64|   32|   64|         61|
    |zext_ln42_30_reg_33087               |   64|   32|   64|         61|
    |zext_ln42_31_reg_33211               |   64|   32|   64|         61|
    |zext_ln42_32_reg_33335               |   64|   32|   64|         61|
    |zext_ln42_33_reg_28859               |   64|   32|   64|         61|
    |zext_ln42_34_reg_28983               |   64|   32|   64|         61|
    |zext_ln42_35_reg_29107               |   64|   32|   64|         61|
    |zext_ln42_36_reg_29231               |   64|   32|   64|         61|
    |zext_ln42_37_reg_29355               |   64|   32|   64|         61|
    |zext_ln42_3_reg_27395                |   64|   32|   64|         61|
    |zext_ln42_4_reg_27519                |   64|   32|   64|         61|
    |zext_ln42_5_reg_27643                |   64|   32|   64|         61|
    |zext_ln42_6_reg_27767                |   64|   32|   64|         61|
    |zext_ln42_7_reg_28015                |   64|   32|   64|         61|
    |zext_ln42_8_reg_28139                |   64|   32|   64|         61|
    |zext_ln42_9_reg_30579                |   64|   32|   64|         61|
    |zext_ln42_reg_27023                  |   64|   32|   64|         61|
    +-------------------------------------+-----+-----+-----+-----------+
    |Total                                |61880|26912|17057|       4880|
    +-------------------------------------+-----+-----+-----+-----------+



================================================================
== Interface
================================================================
* Summary: 
+------------------------------------+-----+-----+------------+---------------------------+--------------+
|              RTL Ports             | Dir | Bits|  Protocol  |       Source Object       |    C Type    |
+------------------------------------+-----+-----+------------+---------------------------+--------------+
|ap_clk                              |   in|    1|  ap_ctrl_hs|           fir_Pipeline_MAC|  return value|
|ap_rst                              |   in|    1|  ap_ctrl_hs|           fir_Pipeline_MAC|  return value|
|ap_start                            |   in|    1|  ap_ctrl_hs|           fir_Pipeline_MAC|  return value|
|ap_done                             |  out|    1|  ap_ctrl_hs|           fir_Pipeline_MAC|  return value|
|ap_idle                             |  out|    1|  ap_ctrl_hs|           fir_Pipeline_MAC|  return value|
|ap_ready                            |  out|    1|  ap_ctrl_hs|           fir_Pipeline_MAC|  return value|
|acc_1_out                           |  out|   32|      ap_vld|                  acc_1_out|       pointer|
|acc_1_out_ap_vld                    |  out|    1|      ap_vld|                  acc_1_out|       pointer|
|fir_int_int_shift_reg_address0      |  out|    3|   ap_memory|      fir_int_int_shift_reg|         array|
|fir_int_int_shift_reg_ce0           |  out|    1|   ap_memory|      fir_int_int_shift_reg|         array|
|fir_int_int_shift_reg_q0            |   in|   32|   ap_memory|      fir_int_int_shift_reg|         array|
|fir_int_int_shift_reg_address1      |  out|    3|   ap_memory|      fir_int_int_shift_reg|         array|
|fir_int_int_shift_reg_ce1           |  out|    1|   ap_memory|      fir_int_int_shift_reg|         array|
|fir_int_int_shift_reg_q1            |   in|   32|   ap_memory|      fir_int_int_shift_reg|         array|
|fir_int_int_shift_reg_10_address0   |  out|    3|   ap_memory|   fir_int_int_shift_reg_10|         array|
|fir_int_int_shift_reg_10_ce0        |  out|    1|   ap_memory|   fir_int_int_shift_reg_10|         array|
|fir_int_int_shift_reg_10_q0         |   in|   32|   ap_memory|   fir_int_int_shift_reg_10|         array|
|fir_int_int_shift_reg_10_address1   |  out|    3|   ap_memory|   fir_int_int_shift_reg_10|         array|
|fir_int_int_shift_reg_10_ce1        |  out|    1|   ap_memory|   fir_int_int_shift_reg_10|         array|
|fir_int_int_shift_reg_10_q1         |   in|   32|   ap_memory|   fir_int_int_shift_reg_10|         array|
|fir_int_int_shift_reg_11_address0   |  out|    3|   ap_memory|   fir_int_int_shift_reg_11|         array|
|fir_int_int_shift_reg_11_ce0        |  out|    1|   ap_memory|   fir_int_int_shift_reg_11|         array|
|fir_int_int_shift_reg_11_q0         |   in|   32|   ap_memory|   fir_int_int_shift_reg_11|         array|
|fir_int_int_shift_reg_11_address1   |  out|    3|   ap_memory|   fir_int_int_shift_reg_11|         array|
|fir_int_int_shift_reg_11_ce1        |  out|    1|   ap_memory|   fir_int_int_shift_reg_11|         array|
|fir_int_int_shift_reg_11_q1         |   in|   32|   ap_memory|   fir_int_int_shift_reg_11|         array|
|fir_int_int_shift_reg_12_address0   |  out|    3|   ap_memory|   fir_int_int_shift_reg_12|         array|
|fir_int_int_shift_reg_12_ce0        |  out|    1|   ap_memory|   fir_int_int_shift_reg_12|         array|
|fir_int_int_shift_reg_12_q0         |   in|   32|   ap_memory|   fir_int_int_shift_reg_12|         array|
|fir_int_int_shift_reg_12_address1   |  out|    3|   ap_memory|   fir_int_int_shift_reg_12|         array|
|fir_int_int_shift_reg_12_ce1        |  out|    1|   ap_memory|   fir_int_int_shift_reg_12|         array|
|fir_int_int_shift_reg_12_q1         |   in|   32|   ap_memory|   fir_int_int_shift_reg_12|         array|
|fir_int_int_shift_reg_13_address0   |  out|    3|   ap_memory|   fir_int_int_shift_reg_13|         array|
|fir_int_int_shift_reg_13_ce0        |  out|    1|   ap_memory|   fir_int_int_shift_reg_13|         array|
|fir_int_int_shift_reg_13_q0         |   in|   32|   ap_memory|   fir_int_int_shift_reg_13|         array|
|fir_int_int_shift_reg_13_address1   |  out|    3|   ap_memory|   fir_int_int_shift_reg_13|         array|
|fir_int_int_shift_reg_13_ce1        |  out|    1|   ap_memory|   fir_int_int_shift_reg_13|         array|
|fir_int_int_shift_reg_13_q1         |   in|   32|   ap_memory|   fir_int_int_shift_reg_13|         array|
|fir_int_int_shift_reg_14_address0   |  out|    3|   ap_memory|   fir_int_int_shift_reg_14|         array|
|fir_int_int_shift_reg_14_ce0        |  out|    1|   ap_memory|   fir_int_int_shift_reg_14|         array|
|fir_int_int_shift_reg_14_q0         |   in|   32|   ap_memory|   fir_int_int_shift_reg_14|         array|
|fir_int_int_shift_reg_14_address1   |  out|    3|   ap_memory|   fir_int_int_shift_reg_14|         array|
|fir_int_int_shift_reg_14_ce1        |  out|    1|   ap_memory|   fir_int_int_shift_reg_14|         array|
|fir_int_int_shift_reg_14_q1         |   in|   32|   ap_memory|   fir_int_int_shift_reg_14|         array|
|fir_int_int_shift_reg_15_address0   |  out|    3|   ap_memory|   fir_int_int_shift_reg_15|         array|
|fir_int_int_shift_reg_15_ce0        |  out|    1|   ap_memory|   fir_int_int_shift_reg_15|         array|
|fir_int_int_shift_reg_15_q0         |   in|   32|   ap_memory|   fir_int_int_shift_reg_15|         array|
|fir_int_int_shift_reg_15_address1   |  out|    3|   ap_memory|   fir_int_int_shift_reg_15|         array|
|fir_int_int_shift_reg_15_ce1        |  out|    1|   ap_memory|   fir_int_int_shift_reg_15|         array|
|fir_int_int_shift_reg_15_q1         |   in|   32|   ap_memory|   fir_int_int_shift_reg_15|         array|
|fir_int_int_shift_reg_16_address0   |  out|    3|   ap_memory|   fir_int_int_shift_reg_16|         array|
|fir_int_int_shift_reg_16_ce0        |  out|    1|   ap_memory|   fir_int_int_shift_reg_16|         array|
|fir_int_int_shift_reg_16_q0         |   in|   32|   ap_memory|   fir_int_int_shift_reg_16|         array|
|fir_int_int_shift_reg_16_address1   |  out|    3|   ap_memory|   fir_int_int_shift_reg_16|         array|
|fir_int_int_shift_reg_16_ce1        |  out|    1|   ap_memory|   fir_int_int_shift_reg_16|         array|
|fir_int_int_shift_reg_16_q1         |   in|   32|   ap_memory|   fir_int_int_shift_reg_16|         array|
|fir_int_int_shift_reg_17_address0   |  out|    3|   ap_memory|   fir_int_int_shift_reg_17|         array|
|fir_int_int_shift_reg_17_ce0        |  out|    1|   ap_memory|   fir_int_int_shift_reg_17|         array|
|fir_int_int_shift_reg_17_q0         |   in|   32|   ap_memory|   fir_int_int_shift_reg_17|         array|
|fir_int_int_shift_reg_17_address1   |  out|    3|   ap_memory|   fir_int_int_shift_reg_17|         array|
|fir_int_int_shift_reg_17_ce1        |  out|    1|   ap_memory|   fir_int_int_shift_reg_17|         array|
|fir_int_int_shift_reg_17_q1         |   in|   32|   ap_memory|   fir_int_int_shift_reg_17|         array|
|fir_int_int_shift_reg_18_address0   |  out|    3|   ap_memory|   fir_int_int_shift_reg_18|         array|
|fir_int_int_shift_reg_18_ce0        |  out|    1|   ap_memory|   fir_int_int_shift_reg_18|         array|
|fir_int_int_shift_reg_18_q0         |   in|   32|   ap_memory|   fir_int_int_shift_reg_18|         array|
|fir_int_int_shift_reg_18_address1   |  out|    3|   ap_memory|   fir_int_int_shift_reg_18|         array|
|fir_int_int_shift_reg_18_ce1        |  out|    1|   ap_memory|   fir_int_int_shift_reg_18|         array|
|fir_int_int_shift_reg_18_q1         |   in|   32|   ap_memory|   fir_int_int_shift_reg_18|         array|
|p_ZZ3firPiiE9shift_reg_10_address0  |  out|    3|   ap_memory|  p_ZZ3firPiiE9shift_reg_10|         array|
|p_ZZ3firPiiE9shift_reg_10_ce0       |  out|    1|   ap_memory|  p_ZZ3firPiiE9shift_reg_10|         array|
|p_ZZ3firPiiE9shift_reg_10_q0        |   in|   32|   ap_memory|  p_ZZ3firPiiE9shift_reg_10|         array|
|p_ZZ3firPiiE9shift_reg_10_address1  |  out|    3|   ap_memory|  p_ZZ3firPiiE9shift_reg_10|         array|
|p_ZZ3firPiiE9shift_reg_10_ce1       |  out|    1|   ap_memory|  p_ZZ3firPiiE9shift_reg_10|         array|
|p_ZZ3firPiiE9shift_reg_10_q1        |   in|   32|   ap_memory|  p_ZZ3firPiiE9shift_reg_10|         array|
|p_ZZ3firPiiE9shift_reg_11_address0  |  out|    3|   ap_memory|  p_ZZ3firPiiE9shift_reg_11|         array|
|p_ZZ3firPiiE9shift_reg_11_ce0       |  out|    1|   ap_memory|  p_ZZ3firPiiE9shift_reg_11|         array|
|p_ZZ3firPiiE9shift_reg_11_q0        |   in|   32|   ap_memory|  p_ZZ3firPiiE9shift_reg_11|         array|
|p_ZZ3firPiiE9shift_reg_11_address1  |  out|    3|   ap_memory|  p_ZZ3firPiiE9shift_reg_11|         array|
|p_ZZ3firPiiE9shift_reg_11_ce1       |  out|    1|   ap_memory|  p_ZZ3firPiiE9shift_reg_11|         array|
|p_ZZ3firPiiE9shift_reg_11_q1        |   in|   32|   ap_memory|  p_ZZ3firPiiE9shift_reg_11|         array|
|p_ZZ3firPiiE9shift_reg_12_address0  |  out|    3|   ap_memory|  p_ZZ3firPiiE9shift_reg_12|         array|
|p_ZZ3firPiiE9shift_reg_12_ce0       |  out|    1|   ap_memory|  p_ZZ3firPiiE9shift_reg_12|         array|
|p_ZZ3firPiiE9shift_reg_12_q0        |   in|   32|   ap_memory|  p_ZZ3firPiiE9shift_reg_12|         array|
|p_ZZ3firPiiE9shift_reg_12_address1  |  out|    3|   ap_memory|  p_ZZ3firPiiE9shift_reg_12|         array|
|p_ZZ3firPiiE9shift_reg_12_ce1       |  out|    1|   ap_memory|  p_ZZ3firPiiE9shift_reg_12|         array|
|p_ZZ3firPiiE9shift_reg_12_q1        |   in|   32|   ap_memory|  p_ZZ3firPiiE9shift_reg_12|         array|
|p_ZZ3firPiiE9shift_reg_13_address0  |  out|    3|   ap_memory|  p_ZZ3firPiiE9shift_reg_13|         array|
|p_ZZ3firPiiE9shift_reg_13_ce0       |  out|    1|   ap_memory|  p_ZZ3firPiiE9shift_reg_13|         array|
|p_ZZ3firPiiE9shift_reg_13_q0        |   in|   32|   ap_memory|  p_ZZ3firPiiE9shift_reg_13|         array|
|p_ZZ3firPiiE9shift_reg_13_address1  |  out|    3|   ap_memory|  p_ZZ3firPiiE9shift_reg_13|         array|
|p_ZZ3firPiiE9shift_reg_13_ce1       |  out|    1|   ap_memory|  p_ZZ3firPiiE9shift_reg_13|         array|
|p_ZZ3firPiiE9shift_reg_13_q1        |   in|   32|   ap_memory|  p_ZZ3firPiiE9shift_reg_13|         array|
|p_ZZ3firPiiE9shift_reg_14_address0  |  out|    3|   ap_memory|  p_ZZ3firPiiE9shift_reg_14|         array|
|p_ZZ3firPiiE9shift_reg_14_ce0       |  out|    1|   ap_memory|  p_ZZ3firPiiE9shift_reg_14|         array|
|p_ZZ3firPiiE9shift_reg_14_q0        |   in|   32|   ap_memory|  p_ZZ3firPiiE9shift_reg_14|         array|
|p_ZZ3firPiiE9shift_reg_14_address1  |  out|    3|   ap_memory|  p_ZZ3firPiiE9shift_reg_14|         array|
|p_ZZ3firPiiE9shift_reg_14_ce1       |  out|    1|   ap_memory|  p_ZZ3firPiiE9shift_reg_14|         array|
|p_ZZ3firPiiE9shift_reg_14_q1        |   in|   32|   ap_memory|  p_ZZ3firPiiE9shift_reg_14|         array|
|p_ZZ3firPiiE9shift_reg_15_address0  |  out|    3|   ap_memory|  p_ZZ3firPiiE9shift_reg_15|         array|
|p_ZZ3firPiiE9shift_reg_15_ce0       |  out|    1|   ap_memory|  p_ZZ3firPiiE9shift_reg_15|         array|
|p_ZZ3firPiiE9shift_reg_15_q0        |   in|   32|   ap_memory|  p_ZZ3firPiiE9shift_reg_15|         array|
|p_ZZ3firPiiE9shift_reg_15_address1  |  out|    3|   ap_memory|  p_ZZ3firPiiE9shift_reg_15|         array|
|p_ZZ3firPiiE9shift_reg_15_ce1       |  out|    1|   ap_memory|  p_ZZ3firPiiE9shift_reg_15|         array|
|p_ZZ3firPiiE9shift_reg_15_q1        |   in|   32|   ap_memory|  p_ZZ3firPiiE9shift_reg_15|         array|
|p_ZZ3firPiiE9shift_reg_16_address0  |  out|    3|   ap_memory|  p_ZZ3firPiiE9shift_reg_16|         array|
|p_ZZ3firPiiE9shift_reg_16_ce0       |  out|    1|   ap_memory|  p_ZZ3firPiiE9shift_reg_16|         array|
|p_ZZ3firPiiE9shift_reg_16_q0        |   in|   32|   ap_memory|  p_ZZ3firPiiE9shift_reg_16|         array|
|p_ZZ3firPiiE9shift_reg_16_address1  |  out|    3|   ap_memory|  p_ZZ3firPiiE9shift_reg_16|         array|
|p_ZZ3firPiiE9shift_reg_16_ce1       |  out|    1|   ap_memory|  p_ZZ3firPiiE9shift_reg_16|         array|
|p_ZZ3firPiiE9shift_reg_16_q1        |   in|   32|   ap_memory|  p_ZZ3firPiiE9shift_reg_16|         array|
|p_ZZ3firPiiE9shift_reg_17_address0  |  out|    3|   ap_memory|  p_ZZ3firPiiE9shift_reg_17|         array|
|p_ZZ3firPiiE9shift_reg_17_ce0       |  out|    1|   ap_memory|  p_ZZ3firPiiE9shift_reg_17|         array|
|p_ZZ3firPiiE9shift_reg_17_q0        |   in|   32|   ap_memory|  p_ZZ3firPiiE9shift_reg_17|         array|
|p_ZZ3firPiiE9shift_reg_17_address1  |  out|    3|   ap_memory|  p_ZZ3firPiiE9shift_reg_17|         array|
|p_ZZ3firPiiE9shift_reg_17_ce1       |  out|    1|   ap_memory|  p_ZZ3firPiiE9shift_reg_17|         array|
|p_ZZ3firPiiE9shift_reg_17_q1        |   in|   32|   ap_memory|  p_ZZ3firPiiE9shift_reg_17|         array|
|p_ZZ3firPiiE9shift_reg_18_address0  |  out|    3|   ap_memory|  p_ZZ3firPiiE9shift_reg_18|         array|
|p_ZZ3firPiiE9shift_reg_18_ce0       |  out|    1|   ap_memory|  p_ZZ3firPiiE9shift_reg_18|         array|
|p_ZZ3firPiiE9shift_reg_18_q0        |   in|   32|   ap_memory|  p_ZZ3firPiiE9shift_reg_18|         array|
|p_ZZ3firPiiE9shift_reg_18_address1  |  out|    3|   ap_memory|  p_ZZ3firPiiE9shift_reg_18|         array|
|p_ZZ3firPiiE9shift_reg_18_ce1       |  out|    1|   ap_memory|  p_ZZ3firPiiE9shift_reg_18|         array|
|p_ZZ3firPiiE9shift_reg_18_q1        |   in|   32|   ap_memory|  p_ZZ3firPiiE9shift_reg_18|         array|
|p_ZZ3firPiiE9shift_reg_19_address0  |  out|    3|   ap_memory|  p_ZZ3firPiiE9shift_reg_19|         array|
|p_ZZ3firPiiE9shift_reg_19_ce0       |  out|    1|   ap_memory|  p_ZZ3firPiiE9shift_reg_19|         array|
|p_ZZ3firPiiE9shift_reg_19_q0        |   in|   32|   ap_memory|  p_ZZ3firPiiE9shift_reg_19|         array|
|p_ZZ3firPiiE9shift_reg_19_address1  |  out|    3|   ap_memory|  p_ZZ3firPiiE9shift_reg_19|         array|
|p_ZZ3firPiiE9shift_reg_19_ce1       |  out|    1|   ap_memory|  p_ZZ3firPiiE9shift_reg_19|         array|
|p_ZZ3firPiiE9shift_reg_19_q1        |   in|   32|   ap_memory|  p_ZZ3firPiiE9shift_reg_19|         array|
+------------------------------------+-----+-----+------------+---------------------------+--------------+

